{"Time":"2026-10-05T08:44:43.971108596Z","Action":"start","Package":"github.com/Hubujiu/WeaveOS/services/bff/internal/flowcommands"}
{"Time":"2026-10-05T08:44:43.979444364Z","Action":"run","Package":"github.com/Hubujiu/WeaveOS/services/bff/internal/flowcommands","Test":"TestRootLedgerConcurrentIdenticalAcceptance"}
{"Time":"2026-10-05T08:44:43.979517885Z","Action":"output","Package":"github.com/Hubujiu/WeaveOS/services/bff/internal/flowcommands","Test":"TestRootLedgerConcurrentIdenticalAcceptance","Output":"=== RUN   TestRootLedgerConcurrentIdenticalAcceptance\n","OutputType":"frame"}
{"Time":"2026-10-05T08:44:44.076181616Z","Action":"output","Package":"github.com/Hubujiu/WeaveOS/services/bff/internal/flowcommands","Test":"TestRootLedgerConcurrentIdenticalAcceptance","Output":"--- PASS: TestRootLedgerConcurrentIdenticalAcceptance (0.09s)\n","OutputType":"frame"}
{"Time":"2026-10-05T08:44:44.076235998Z","Action":"pass","Package":"github.com/Hubujiu/WeaveOS/services/bff/internal/flowcommands","Test":"TestRootLedgerConcurrentIdenticalAcceptance","Elapsed":0.09}
{"Time":"2026-10-05T08:44:44.076259083Z","Action":"run","Package":"github.com/Hubujiu/WeaveOS/services/bff/internal/flowcommands","Test":"TestRootLedgerConcurrentConflictingPayloadHasOneWinner"}
{"Time":"2026-10-05T08:44:44.076260936Z","Action":"output","Package":"github.com/Hubujiu/WeaveOS/services/bff/internal/flowcommands","Test":"TestRootLedgerConcurrentConflictingPayloadHasOneWinner","Output":"=== RUN   TestRootLedgerConcurrentConflictingPayloadHasOneWinner\n","OutputType":"frame"}
{"Time":"2026-10-05T08:44:44.160730358Z","Action":"output","Package":"github.com/Hubujiu/WeaveOS/services/bff/internal/flowcommands","Test":"TestRootLedgerConcurrentConflictingPayloadHasOneWinner","Output":"--- PASS: TestRootLedgerConcurrentConflictingPayloadHasOneWinner (0.09s)\n","OutputType":"frame"}
{"Time":"2026-10-05T08:44:44.160769557Z","Action":"pass","Package":"github.com/Hubujiu/WeaveOS/services/bff/internal/flowcommands","Test":"TestRootLedgerConcurrentConflictingPayloadHasOneWinner","Elapsed":0.09}
{"Time":"2026-10-05T08:44:44.160785111Z","Action":"run","Package":"github.com/Hubujiu/WeaveOS/services/bff/internal/flowcommands","Test":"TestRootLedgerConcurrentResultAppliesExactlyOnce"}
{"Time":"2026-10-05T08:44:44.160787825Z","Action":"output","Package":"github.com/Hubujiu/WeaveOS/services/bff/internal/flowcommands","Test":"TestRootLedgerConcurrentResultAppliesExactlyOnce","Output":"=== RUN   TestRootLedgerConcurrentResultAppliesExactlyOnce\n","OutputType":"frame"}
{"Time":"2026-10-05T08:44:44.257956333Z","Action":"output","Package":"github.com/Hubujiu/WeaveOS/services/bff/internal/flowcommands","Test":"TestRootLedgerConcurrentResultAppliesExactlyOnce","Output":"--- PASS: TestRootLedgerConcurrentResultAppliesExactlyOnce (0.10s)\n","OutputType":"frame"}
{"Time":"2026-10-05T08:44:44.25798795Z","Action":"pass","Package":"github.com/Hubujiu/WeaveOS/services/bff/internal/flowcommands","Test":"TestRootLedgerConcurrentResultAppliesExactlyOnce","Elapsed":0.1}
{"Time":"2026-10-05T08:44:44.257997344Z","Action":"run","Package":"github.com/Hubujiu/WeaveOS/services/bff/internal/flowcommands","Test":"TestRootLedgerLostAcceptCommitAckRetainsOriginalPending"}
{"Time":"2026-10-05T08:44:44.257999197Z","Action":"output","Package":"github.com/Hubujiu/WeaveOS/services/bff/internal/flowcommands","Test":"TestRootLedgerLostAcceptCommitAckRetainsOriginalPending","Output":"=== RUN   TestRootLedgerLostAcceptCommitAckRetainsOriginalPending\n","OutputType":"frame"}
{"Time":"2026-10-05T08:44:44.301032124Z","Action":"output","Package":"github.com/Hubujiu/WeaveOS/services/bff/internal/flowcommands","Test":"TestRootLedgerLostAcceptCommitAckRetainsOriginalPending","Output":"--- PASS: TestRootLedgerLostAcceptCommitAckRetainsOriginalPending (0.04s)\n","OutputType":"frame"}
{"Time":"2026-10-05T08:44:44.301069611Z","Action":"pass","Package":"github.com/Hubujiu/WeaveOS/services/bff/internal/flowcommands","Test":"TestRootLedgerLostAcceptCommitAckRetainsOriginalPending","Elapsed":0.04}
{"Time":"2026-10-05T08:44:44.30107603Z","Action":"run","Package":"github.com/Hubujiu/WeaveOS/services/bff/internal/flowcommands","Test":"TestRootLedgerLostApplyCommitAckRecoversSuccessWithoutReplayEffects"}
{"Time":"2026-10-05T08:44:44.301078124Z","Action":"output","Package":"github.com/Hubujiu/WeaveOS/services/bff/internal/flowcommands","Test":"TestRootLedgerLostApplyCommitAckRecoversSuccessWithoutReplayEffects","Output":"=== RUN   TestRootLedgerLostApplyCommitAckRecoversSuccessWithoutReplayEffects\n","OutputType":"frame"}
{"Time":"2026-10-05T08:44:44.347264725Z","Action":"output","Package":"github.com/Hubujiu/WeaveOS/services/bff/internal/flowcommands","Test":"TestRootLedgerLostApplyCommitAckRecoversSuccessWithoutReplayEffects","Output":"--- PASS: TestRootLedgerLostApplyCommitAckRecoversSuccessWithoutReplayEffects (0.05s)\n","OutputType":"frame"}
{"Time":"2026-10-05T08:44:44.347312196Z","Action":"pass","Package":"github.com/Hubujiu/WeaveOS/services/bff/internal/flowcommands","Test":"TestRootLedgerLostApplyCommitAckRecoversSuccessWithoutReplayEffects","Elapsed":0.05}
{"Time":"2026-10-05T08:44:44.347320909Z","Action":"run","Package":"github.com/Hubujiu/WeaveOS/services/bff/internal/flowcommands","Test":"TestRootLedgerAcceptAndExactReplay"}
{"Time":"2026-10-05T08:44:44.347323613Z","Action":"output","Package":"github.com/Hubujiu/WeaveOS/services/bff/internal/flowcommands","Test":"TestRootLedgerAcceptAndExactReplay","Output":"=== RUN   TestRootLedgerAcceptAndExactReplay\n","OutputType":"frame"}
{"Time":"2026-10-05T08:44:44.371156334Z","Action":"output","Package":"github.com/Hubujiu/WeaveOS/services/bff/internal/flowcommands","Test":"TestRootLedgerAcceptAndExactReplay","Output":"--- PASS: TestRootLedgerAcceptAndExactReplay (0.02s)\n","OutputType":"frame"}
{"Time":"2026-10-05T08:44:44.371195143Z","Action":"pass","Package":"github.com/Hubujiu/WeaveOS/services/bff/internal/flowcommands","Test":"TestRootLedgerAcceptAndExactReplay","Elapsed":0.02}
{"Time":"2026-10-05T08:44:44.371201823Z","Action":"run","Package":"github.com/Hubujiu/WeaveOS/services/bff/internal/flowcommands","Test":"TestRootLedgerConflictDoesNotOverwrite"}
{"Time":"2026-10-05T08:44:44.371203575Z","Action":"output","Package":"github.com/Hubujiu/WeaveOS/services/bff/internal/flowcommands","Test":"TestRootLedgerConflictDoesNotOverwrite","Output":"=== RUN   TestRootLedgerConflictDoesNotOverwrite\n","OutputType":"frame"}
{"Time":"2026-10-05T08:44:44.392119789Z","Action":"output","Package":"github.com/Hubujiu/WeaveOS/services/bff/internal/flowcommands","Test":"TestRootLedgerConflictDoesNotOverwrite","Output":"--- PASS: TestRootLedgerConflictDoesNotOverwrite (0.02s)\n","OutputType":"frame"}
{"Time":"2026-10-05T08:44:44.392169324Z","Action":"pass","Package":"github.com/Hubujiu/WeaveOS/services/bff/internal/flowcommands","Test":"TestRootLedgerConflictDoesNotOverwrite","Elapsed":0.02}
{"Time":"2026-10-05T08:44:44.392177817Z","Action":"run","Package":"github.com/Hubujiu/WeaveOS/services/bff/internal/flowcommands","Test":"TestRootLedgerCallerRollbackRemovesCommandAndDispatch"}
{"Time":"2026-10-05T08:44:44.392180491Z","Action":"output","Package":"github.com/Hubujiu/WeaveOS/services/bff/internal/flowcommands","Test":"TestRootLedgerCallerRollbackRemovesCommandAndDispatch","Output":"=== RUN   TestRootLedgerCallerRollbackRemovesCommandAndDispatch\n","OutputType":"frame"}
{"Time":"2026-10-05T08:44:44.415423722Z","Action":"output","Package":"github.com/Hubujiu/WeaveOS/services/bff/internal/flowcommands","Test":"TestRootLedgerCallerRollbackRemovesCommandAndDispatch","Output":"--- PASS: TestRootLedgerCallerRollbackRemovesCommandAndDispatch (0.02s)\n","OutputType":"frame"}
{"Time":"2026-10-05T08:44:44.415477834Z","Action":"pass","Package":"github.com/Hubujiu/WeaveOS/services/bff/internal/flowcommands","Test":"TestRootLedgerCallerRollbackRemovesCommandAndDispatch","Elapsed":0.02}
{"Time":"2026-10-05T08:44:44.415485926Z","Action":"run","Package":"github.com/Hubujiu/WeaveOS/services/bff/internal/flowcommands","Test":"TestRootLedgerDispatchFailureCannotCommitPartialAcceptance"}
{"Time":"2026-10-05T08:44:44.415488009Z","Action":"output","Package":"github.com/Hubujiu/WeaveOS/services/bff/internal/flowcommands","Test":"TestRootLedgerDispatchFailureCannotCommitPartialAcceptance","Output":"=== RUN   TestRootLedgerDispatchFailureCannotCommitPartialAcceptance\n","OutputType":"frame"}
{"Time":"2026-10-05T08:44:44.44836784Z","Action":"output","Package":"github.com/Hubujiu/WeaveOS/services/bff/internal/flowcommands","Test":"TestRootLedgerDispatchFailureCannotCommitPartialAcceptance","Output":"--- PASS: TestRootLedgerDispatchFailureCannotCommitPartialAcceptance (0.03s)\n","OutputType":"frame"}
{"Time":"2026-10-05T08:44:44.448415452Z","Action":"pass","Package":"github.com/Hubujiu/WeaveOS/services/bff/internal/flowcommands","Test":"TestRootLedgerDispatchFailureCannotCommitPartialAcceptance","Elapsed":0.03}
{"Time":"2026-10-05T08:44:44.448425327Z","Action":"run","Package":"github.com/Hubujiu/WeaveOS/services/bff/internal/flowcommands","Test":"TestRootLedgerApplyAndDuplicateAreAtomic"}
{"Time":"2026-10-05T08:44:44.448428762Z","Action":"output","Package":"github.com/Hubujiu/WeaveOS/services/bff/internal/flowcommands","Test":"TestRootLedgerApplyAndDuplicateAreAtomic","Output":"=== RUN   TestRootLedgerApplyAndDuplicateAreAtomic\n","OutputType":"frame"}
{"Time":"2026-10-05T08:44:44.473086817Z","Action":"output","Package":"github.com/Hubujiu/WeaveOS/services/bff/internal/flowcommands","Test":"TestRootLedgerApplyAndDuplicateAreAtomic","Output":"--- PASS: TestRootLedgerApplyAndDuplicateAreAtomic (0.02s)\n","OutputType":"frame"}
{"Time":"2026-10-05T08:44:44.473160508Z","Action":"pass","Package":"github.com/Hubujiu/WeaveOS/services/bff/internal/flowcommands","Test":"TestRootLedgerApplyAndDuplicateAreAtomic","Elapsed":0.02}
{"Time":"2026-10-05T08:44:44.473171084Z","Action":"run","Package":"github.com/Hubujiu/WeaveOS/services/bff/internal/flowcommands","Test":"TestRootLedgerOuterRollbackPreservesFenceAndPending"}
{"Time":"2026-10-05T08:44:44.473173998Z","Action":"output","Package":"github.com/Hubujiu/WeaveOS/services/bff/internal/flowcommands","Test":"TestRootLedgerOuterRollbackPreservesFenceAndPending","Output":"=== RUN   TestRootLedgerOuterRollbackPreservesFenceAndPending\n","OutputType":"frame"}
{"Time":"2026-10-05T08:44:44.497445049Z","Action":"output","Package":"github.com/Hubujiu/WeaveOS/services/bff/internal/flowcommands","Test":"TestRootLedgerOuterRollbackPreservesFenceAndPending","Output":"--- PASS: TestRootLedgerOuterRollbackPreservesFenceAndPending (0.02s)\n","OutputType":"frame"}
{"Time":"2026-10-05T08:44:44.497514003Z","Action":"pass","Package":"github.com/Hubujiu/WeaveOS/services/bff/internal/flowcommands","Test":"TestRootLedgerOuterRollbackPreservesFenceAndPending","Elapsed":0.02}
{"Time":"2026-10-05T08:44:44.497521895Z","Action":"run","Package":"github.com/Hubujiu/WeaveOS/services/bff/internal/flowcommands","Test":"TestRootLedgerProjectionFailureCannotFinalize"}
{"Time":"2026-10-05T08:44:44.497524749Z","Action":"output","Package":"github.com/Hubujiu/WeaveOS/services/bff/internal/flowcommands","Test":"TestRootLedgerProjectionFailureCannotFinalize","Output":"=== RUN   TestRootLedgerProjectionFailureCannotFinalize\n","OutputType":"frame"}
{"Time":"2026-10-05T08:44:44.522409376Z","Action":"output","Package":"github.com/Hubujiu/WeaveOS/services/bff/internal/flowcommands","Test":"TestRootLedgerProjectionFailureCannotFinalize","Output":"--- PASS: TestRootLedgerProjectionFailureCannotFinalize (0.02s)\n","OutputType":"frame"}
{"Time":"2026-10-05T08:44:44.522448575Z","Action":"pass","Package":"github.com/Hubujiu/WeaveOS/services/bff/internal/flowcommands","Test":"TestRootLedgerProjectionFailureCannotFinalize","Elapsed":0.02}
{"Time":"2026-10-05T08:44:44.522455906Z","Action":"run","Package":"github.com/Hubujiu/WeaveOS/services/bff/internal/flowcommands","Test":"TestRootLedgerUnknownWrongAndOutOfOrderNeverProduceEffects"}
{"Time":"2026-10-05T08:44:44.522457629Z","Action":"output","Package":"github.com/Hubujiu/WeaveOS/services/bff/internal/flowcommands","Test":"TestRootLedgerUnknownWrongAndOutOfOrderNeverProduceEffects","Output":"=== RUN   TestRootLedgerUnknownWrongAndOutOfOrderNeverProduceEffects\n","OutputType":"frame"}
{"Time":"2026-10-05T08:44:44.546616742Z","Action":"output","Package":"github.com/Hubujiu/WeaveOS/services/bff/internal/flowcommands","Test":"TestRootLedgerUnknownWrongAndOutOfOrderNeverProduceEffects","Output":"--- PASS: TestRootLedgerUnknownWrongAndOutOfOrderNeverProduceEffects (0.02s)\n","OutputType":"frame"}
{"Time":"2026-10-05T08:44:44.546653307Z","Action":"pass","Package":"github.com/Hubujiu/WeaveOS/services/bff/internal/flowcommands","Test":"TestRootLedgerUnknownWrongAndOutOfOrderNeverProduceEffects","Elapsed":0.02}
{"Time":"2026-10-05T08:44:44.546672105Z","Action":"run","Package":"github.com/Hubujiu/WeaveOS/services/bff/internal/flowcommands","Test":"TestRootLedgerDurableNoEffectOnly"}
{"Time":"2026-10-05T08:44:44.54667544Z","Action":"output","Package":"github.com/Hubujiu/WeaveOS/services/bff/internal/flowcommands","Test":"TestRootLedgerDurableNoEffectOnly","Output":"=== RUN   TestRootLedgerDurableNoEffectOnly\n","OutputType":"frame"}
{"Time":"2026-10-05T08:44:44.569564623Z","Action":"output","Package":"github.com/Hubujiu/WeaveOS/services/bff/internal/flowcommands","Test":"TestRootLedgerDurableNoEffectOnly","Output":"--- PASS: TestRootLedgerDurableNoEffectOnly (0.02s)\n","OutputType":"frame"}
{"Time":"2026-10-05T08:44:44.569620417Z","Action":"pass","Package":"github.com/Hubujiu/WeaveOS/services/bff/internal/flowcommands","Test":"TestRootLedgerDurableNoEffectOnly","Elapsed":0.02}
{"Time":"2026-10-05T08:44:44.569629782Z","Action":"run","Package":"github.com/Hubujiu/WeaveOS/services/bff/internal/flowcommands","Test":"TestRootLedgerMissingIsNotNoEffect"}
{"Time":"2026-10-05T08:44:44.569632295Z","Action":"output","Package":"github.com/Hubujiu/WeaveOS/services/bff/internal/flowcommands","Test":"TestRootLedgerMissingIsNotNoEffect","Output":"=== RUN   TestRootLedgerMissingIsNotNoEffect\n","OutputType":"frame"}
{"Time":"2026-10-05T08:44:44.588338307Z","Action":"output","Package":"github.com/Hubujiu/WeaveOS/services/bff/internal/flowcommands","Test":"TestRootLedgerMissingIsNotNoEffect","Output":"--- PASS: TestRootLedgerMissingIsNotNoEffect (0.02s)\n","OutputType":"frame"}
{"Time":"2026-10-05T08:44:44.588371277Z","Action":"pass","Package":"github.com/Hubujiu/WeaveOS/services/bff/internal/flowcommands","Test":"TestRootLedgerMissingIsNotNoEffect","Elapsed":0.02}
{"Time":"2026-10-05T08:44:44.588379389Z","Action":"run","Package":"github.com/Hubujiu/WeaveOS/services/bff/internal/flowcommands","Test":"TestRootLedgerInvalidEnvelopeHasNoWrites"}
{"Time":"2026-10-05T08:44:44.588381472Z","Action":"output","Package":"github.com/Hubujiu/WeaveOS/services/bff/internal/flowcommands","Test":"TestRootLedgerInvalidEnvelopeHasNoWrites","Output":"=== RUN   TestRootLedgerInvalidEnvelopeHasNoWrites\n","OutputType":"frame"}
{"Time":"2026-10-05T08:44:44.614813746Z","Action":"output","Package":"github.com/Hubujiu/WeaveOS/services/bff/internal/flowcommands","Test":"TestRootLedgerInvalidEnvelopeHasNoWrites","Output":"--- PASS: TestRootLedgerInvalidEnvelopeHasNoWrites (0.03s)\n","OutputType":"frame"}
{"Time":"2026-10-05T08:44:44.614852535Z","Action":"pass","Package":"github.com/Hubujiu/WeaveOS/services/bff/internal/flowcommands","Test":"TestRootLedgerInvalidEnvelopeHasNoWrites","Elapsed":0.03}
{"Time":"2026-10-05T08:44:44.614862019Z","Action":"run","Package":"github.com/Hubujiu/WeaveOS/services/bff/internal/flowcommands","Test":"TestRootLedgerMissingEffectCannotFinalize"}
{"Time":"2026-10-05T08:44:44.614864963Z","Action":"output","Package":"github.com/Hubujiu/WeaveOS/services/bff/internal/flowcommands","Test":"TestRootLedgerMissingEffectCannotFinalize","Output":"=== RUN   TestRootLedgerMissingEffectCannotFinalize\n","OutputType":"frame"}
{"Time":"2026-10-05T08:44:44.638423236Z","Action":"output","Package":"github.com/Hubujiu/WeaveOS/services/bff/internal/flowcommands","Test":"TestRootLedgerMissingEffectCannotFinalize","Output":"--- PASS: TestRootLedgerMissingEffectCannotFinalize (0.02s)\n","OutputType":"frame"}
{"Time":"2026-10-05T08:44:44.638507533Z","Action":"pass","Package":"github.com/Hubujiu/WeaveOS/services/bff/internal/flowcommands","Test":"TestRootLedgerMissingEffectCannotFinalize","Elapsed":0.02}
{"Time":"2026-10-05T08:44:44.638543617Z","Action":"run","Package":"github.com/Hubujiu/WeaveOS/services/bff/internal/flowcommands","Test":"TestRootLedgerReconnectReadsOriginalDurableResult"}
{"Time":"2026-10-05T08:44:44.63855246Z","Action":"output","Package":"github.com/Hubujiu/WeaveOS/services/bff/internal/flowcommands","Test":"TestRootLedgerReconnectReadsOriginalDurableResult","Output":"=== RUN   TestRootLedgerReconnectReadsOriginalDurableResult\n","OutputType":"frame"}
{"Time":"2026-10-05T08:44:44.677100917Z","Action":"output","Package":"github.com/Hubujiu/WeaveOS/services/bff/internal/flowcommands","Test":"TestRootLedgerReconnectReadsOriginalDurableResult","Output":"--- PASS: TestRootLedgerReconnectReadsOriginalDurableResult (0.04s)\n","OutputType":"frame"}
{"Time":"2026-10-05T08:44:44.677138293Z","Action":"pass","Package":"github.com/Hubujiu/WeaveOS/services/bff/internal/flowcommands","Test":"TestRootLedgerReconnectReadsOriginalDurableResult","Elapsed":0.04}
{"Time":"2026-10-05T08:44:44.677146505Z","Action":"run","Package":"github.com/Hubujiu/WeaveOS/services/bff/internal/flowcommands","Test":"TestRootLedgerInvalidPortsFailBeforeWrites"}
{"Time":"2026-10-05T08:44:44.677148969Z","Action":"output","Package":"github.com/Hubujiu/WeaveOS/services/bff/internal/flowcommands","Test":"TestRootLedgerInvalidPortsFailBeforeWrites","Output":"=== RUN   TestRootLedgerInvalidPortsFailBeforeWrites\n","OutputType":"frame"}
{"Time":"2026-10-05T08:44:44.695220133Z","Action":"output","Package":"github.com/Hubujiu/WeaveOS/services/bff/internal/flowcommands","Test":"TestRootLedgerInvalidPortsFailBeforeWrites","Output":"--- PASS: TestRootLedgerInvalidPortsFailBeforeWrites (0.02s)\n","OutputType":"frame"}
{"Time":"2026-10-05T08:44:44.695257069Z","Action":"pass","Package":"github.com/Hubujiu/WeaveOS/services/bff/internal/flowcommands","Test":"TestRootLedgerInvalidPortsFailBeforeWrites","Elapsed":0.02}
{"Time":"2026-10-05T08:44:44.695265862Z","Action":"run","Package":"github.com/Hubujiu/WeaveOS/services/bff/internal/flowcommands","Test":"TestRootLedgerCorruptStoredCommandFailsClosed"}
{"Time":"2026-10-05T08:44:44.695268446Z","Action":"output","Package":"github.com/Hubujiu/WeaveOS/services/bff/internal/flowcommands","Test":"TestRootLedgerCorruptStoredCommandFailsClosed","Output":"=== RUN   TestRootLedgerCorruptStoredCommandFailsClosed\n","OutputType":"frame"}
{"Time":"2026-10-05T08:44:44.716046361Z","Action":"output","Package":"github.com/Hubujiu/WeaveOS/services/bff/internal/flowcommands","Test":"TestRootLedgerCorruptStoredCommandFailsClosed","Output":"--- PASS: TestRootLedgerCorruptStoredCommandFailsClosed (0.02s)\n","OutputType":"frame"}
{"Time":"2026-10-05T08:44:44.716145781Z","Action":"pass","Package":"github.com/Hubujiu/WeaveOS/services/bff/internal/flowcommands","Test":"TestRootLedgerCorruptStoredCommandFailsClosed","Elapsed":0.02}
{"Time":"2026-10-05T08:44:44.716190829Z","Action":"run","Package":"github.com/Hubujiu/WeaveOS/services/bff/internal/flowcommands","Test":"TestRootFingerprintGoldenAndDeterministic"}
{"Time":"2026-10-05T08:44:44.716203739Z","Action":"output","Package":"github.com/Hubujiu/WeaveOS/services/bff/internal/flowcommands","Test":"TestRootFingerprintGoldenAndDeterministic","Output":"=== RUN   TestRootFingerprintGoldenAndDeterministic\n","OutputType":"frame"}
{"Time":"2026-10-05T08:44:44.716446164Z","Action":"output","Package":"github.com/Hubujiu/WeaveOS/services/bff/internal/flowcommands","Test":"TestRootFingerprintGoldenAndDeterministic","Output":"--- PASS: TestRootFingerprintGoldenAndDeterministic (0.00s)\n","OutputType":"frame"}
{"Time":"2026-10-05T08:44:44.71652296Z","Action":"pass","Package":"github.com/Hubujiu/WeaveOS/services/bff/internal/flowcommands","Test":"TestRootFingerprintGoldenAndDeterministic","Elapsed":0}
{"Time":"2026-10-05T08:44:44.716558203Z","Action":"run","Package":"github.com/Hubujiu/WeaveOS/services/bff/internal/flowcommands","Test":"TestRootEverySemanticCommandFieldIsBound"}
{"Time":"2026-10-05T08:44:44.716568168Z","Action":"output","Package":"github.com/Hubujiu/WeaveOS/services/bff/internal/flowcommands","Test":"TestRootEverySemanticCommandFieldIsBound","Output":"=== RUN   TestRootEverySemanticCommandFieldIsBound\n","OutputType":"frame"}
{"Time":"2026-10-05T08:44:44.716678545Z","Action":"run","Package":"github.com/Hubujiu/WeaveOS/services/bff/internal/flowcommands","Test":"TestRootEverySemanticCommandFieldIsBound/0"}
{"Time":"2026-10-05T08:44:44.716692225Z","Action":"output","Package":"github.com/Hubujiu/WeaveOS/services/bff/internal/flowcommands","Test":"TestRootEverySemanticCommandFieldIsBound/0","Output":"=== RUN   TestRootEverySemanticCommandFieldIsBound/0\n","OutputType":"frame"}
{"Time":"2026-10-05T08:44:44.716821039Z","Action":"output","Package":"github.com/Hubujiu/WeaveOS/services/bff/internal/flowcommands","Test":"TestRootEverySemanticCommandFieldIsBound/0","Output":"--- PASS: TestRootEverySemanticCommandFieldIsBound/0 (0.00s)\n","OutputType":"frame"}
{"Time":"2026-10-05T08:44:44.716878316Z","Action":"pass","Package":"github.com/Hubujiu/WeaveOS/services/bff/internal/flowcommands","Test":"TestRootEverySemanticCommandFieldIsBound/0","Elapsed":0}
{"Time":"2026-10-05T08:44:44.716912467Z","Action":"run","Package":"github.com/Hubujiu/WeaveOS/services/bff/internal/flowcommands","Test":"TestRootEverySemanticCommandFieldIsBound/1"}
{"Time":"2026-10-05T08:44:44.716922623Z","Action":"output","Package":"github.com/Hubujiu/WeaveOS/services/bff/internal/flowcommands","Test":"TestRootEverySemanticCommandFieldIsBound/1","Output":"=== RUN   TestRootEverySemanticCommandFieldIsBound/1\n","OutputType":"frame"}
{"Time":"2026-10-05T08:44:44.717067611Z","Action":"output","Package":"github.com/Hubujiu/WeaveOS/services/bff/internal/flowcommands","Test":"TestRootEverySemanticCommandFieldIsBound/1","Output":"--- PASS: TestRootEverySemanticCommandFieldIsBound/1 (0.00s)\n","OutputType":"frame"}
{"Time":"2026-10-05T08:44:44.717107812Z","Action":"pass","Package":"github.com/Hubujiu/WeaveOS/services/bff/internal/flowcommands","Test":"TestRootEverySemanticCommandFieldIsBound/1","Elapsed":0}
{"Time":"2026-10-05T08:44:44.7171532Z","Action":"run","Package":"github.com/Hubujiu/WeaveOS/services/bff/internal/flowcommands","Test":"TestRootEverySemanticCommandFieldIsBound/2"}
{"Time":"2026-10-05T08:44:44.717161342Z","Action":"output","Package":"github.com/Hubujiu/WeaveOS/services/bff/internal/flowcommands","Test":"TestRootEverySemanticCommandFieldIsBound/2","Output":"=== RUN   TestRootEverySemanticCommandFieldIsBound/2\n","OutputType":"frame"}
{"Time":"2026-10-05T08:44:44.71728576Z","Action":"output","Package":"github.com/Hubujiu/WeaveOS/services/bff/internal/flowcommands","Test":"TestRootEverySemanticCommandFieldIsBound/2","Output":"--- PASS: TestRootEverySemanticCommandFieldIsBound/2 (0.00s)\n","OutputType":"frame"}
{"Time":"2026-10-05T08:44:44.717332971Z","Action":"pass","Package":"github.com/Hubujiu/WeaveOS/services/bff/internal/flowcommands","Test":"TestRootEverySemanticCommandFieldIsBound/2","Elapsed":0}
{"Time":"2026-10-05T08:44:44.717367093Z","Action":"run","Package":"github.com/Hubujiu/WeaveOS/services/bff/internal/flowcommands","Test":"TestRootEverySemanticCommandFieldIsBound/3"}
{"Time":"2026-10-05T08:44:44.717376557Z","Action":"output","Package":"github.com/Hubujiu/WeaveOS/services/bff/internal/flowcommands","Test":"TestRootEverySemanticCommandFieldIsBound/3","Output":"=== RUN   TestRootEverySemanticCommandFieldIsBound/3\n","OutputType":"frame"}
{"Time":"2026-10-05T08:44:44.717522277Z","Action":"output","Package":"github.com/Hubujiu/WeaveOS/services/bff/internal/flowcommands","Test":"TestRootEverySemanticCommandFieldIsBound/3","Output":"--- PASS: TestRootEverySemanticCommandFieldIsBound/3 (0.00s)\n","OutputType":"frame"}
{"Time":"2026-10-05T08:44:44.71756421Z","Action":"pass","Package":"github.com/Hubujiu/WeaveOS/services/bff/internal/flowcommands","Test":"TestRootEverySemanticCommandFieldIsBound/3","Elapsed":0}
{"Time":"2026-10-05T08:44:44.717601176Z","Action":"run","Package":"github.com/Hubujiu/WeaveOS/services/bff/internal/flowcommands","Test":"TestRootEverySemanticCommandFieldIsBound/4"}
{"Time":"2026-10-05T08:44:44.717610139Z","Action":"output","Package":"github.com/Hubujiu/WeaveOS/services/bff/internal/flowcommands","Test":"TestRootEverySemanticCommandFieldIsBound/4","Output":"=== RUN   TestRootEverySemanticCommandFieldIsBound/4\n","OutputType":"frame"}
{"Time":"2026-10-05T08:44:44.717717331Z","Action":"output","Package":"github.com/Hubujiu/WeaveOS/services/bff/internal/flowcommands","Test":"TestRootEverySemanticCommandFieldIsBound/4","Output":"--- PASS: TestRootEverySemanticCommandFieldIsBound/4 (0.00s)\n","OutputType":"frame"}
{"Time":"2026-10-05T08:44:44.717755188Z","Action":"pass","Package":"github.com/Hubujiu/WeaveOS/services/bff/internal/flowcommands","Test":"TestRootEverySemanticCommandFieldIsBound/4","Elapsed":0}
{"Time":"2026-10-05T08:44:44.717800696Z","Action":"run","Package":"github.com/Hubujiu/WeaveOS/services/bff/internal/flowcommands","Test":"TestRootEverySemanticCommandFieldIsBound/5"}
{"Time":"2026-10-05T08:44:44.717810211Z","Action":"output","Package":"github.com/Hubujiu/WeaveOS/services/bff/internal/flowcommands","Test":"TestRootEverySemanticCommandFieldIsBound/5","Output":"=== RUN   TestRootEverySemanticCommandFieldIsBound/5\n","OutputType":"frame"}
{"Time":"2026-10-05T08:44:44.717920577Z","Action":"output","Package":"github.com/Hubujiu/WeaveOS/services/bff/internal/flowcommands","Test":"TestRootEverySemanticCommandFieldIsBound/5","Output":"--- PASS: TestRootEverySemanticCommandFieldIsBound/5 (0.00s)\n","OutputType":"frame"}
{"Time":"2026-10-05T08:44:44.717960968Z","Action":"pass","Package":"github.com/Hubujiu/WeaveOS/services/bff/internal/flowcommands","Test":"TestRootEverySemanticCommandFieldIsBound/5","Elapsed":0}
{"Time":"2026-10-05T08:44:44.717998284Z","Action":"run","Package":"github.com/Hubujiu/WeaveOS/services/bff/internal/flowcommands","Test":"TestRootEverySemanticCommandFieldIsBound/6"}
{"Time":"2026-10-05T08:44:44.718025736Z","Action":"output","Package":"github.com/Hubujiu/WeaveOS/services/bff/internal/flowcommands","Test":"TestRootEverySemanticCommandFieldIsBound/6","Output":"=== RUN   TestRootEverySemanticCommandFieldIsBound/6\n","OutputType":"frame"}
{"Time":"2026-10-05T08:44:44.718145626Z","Action":"output","Package":"github.com/Hubujiu/WeaveOS/services/bff/internal/flowcommands","Test":"TestRootEverySemanticCommandFieldIsBound/6","Output":"--- PASS: TestRootEverySemanticCommandFieldIsBound/6 (0.00s)\n","OutputType":"frame"}
{"Time":"2026-10-05T08:44:44.718192898Z","Action":"pass","Package":"github.com/Hubujiu/WeaveOS/services/bff/internal/flowcommands","Test":"TestRootEverySemanticCommandFieldIsBound/6","Elapsed":0}
{"Time":"2026-10-05T08:44:44.718223624Z","Action":"run","Package":"github.com/Hubujiu/WeaveOS/services/bff/internal/flowcommands","Test":"TestRootEverySemanticCommandFieldIsBound/7"}
{"Time":"2026-10-05T08:44:44.718231436Z","Action":"output","Package":"github.com/Hubujiu/WeaveOS/services/bff/internal/flowcommands","Test":"TestRootEverySemanticCommandFieldIsBound/7","Output":"=== RUN   TestRootEverySemanticCommandFieldIsBound/7\n","OutputType":"frame"}
{"Time":"2026-10-05T08:44:44.718357366Z","Action":"output","Package":"github.com/Hubujiu/WeaveOS/services/bff/internal/flowcommands","Test":"TestRootEverySemanticCommandFieldIsBound/7","Output":"--- PASS: TestRootEverySemanticCommandFieldIsBound/7 (0.00s)\n","OutputType":"frame"}
{"Time":"2026-10-05T08:44:44.718406109Z","Action":"pass","Package":"github.com/Hubujiu/WeaveOS/services/bff/internal/flowcommands","Test":"TestRootEverySemanticCommandFieldIsBound/7","Elapsed":0}
{"Time":"2026-10-05T08:44:44.718441352Z","Action":"run","Package":"github.com/Hubujiu/WeaveOS/services/bff/internal/flowcommands","Test":"TestRootEverySemanticCommandFieldIsBound/8"}
{"Time":"2026-10-05T08:44:44.718451718Z","Action":"output","Package":"github.com/Hubujiu/WeaveOS/services/bff/internal/flowcommands","Test":"TestRootEverySemanticCommandFieldIsBound/8","Output":"=== RUN   TestRootEverySemanticCommandFieldIsBound/8\n","OutputType":"frame"}
{"Time":"2026-10-05T08:44:44.718564608Z","Action":"output","Package":"github.com/Hubujiu/WeaveOS/services/bff/internal/flowcommands","Test":"TestRootEverySemanticCommandFieldIsBound/8","Output":"--- PASS: TestRootEverySemanticCommandFieldIsBound/8 (0.00s)\n","OutputType":"frame"}
{"Time":"2026-10-05T08:44:44.718613892Z","Action":"pass","Package":"github.com/Hubujiu/WeaveOS/services/bff/internal/flowcommands","Test":"TestRootEverySemanticCommandFieldIsBound/8","Elapsed":0}
{"Time":"2026-10-05T08:44:44.718650297Z","Action":"run","Package":"github.com/Hubujiu/WeaveOS/services/bff/internal/flowcommands","Test":"TestRootEverySemanticCommandFieldIsBound/9"}
{"Time":"2026-10-05T08:44:44.718661965Z","Action":"output","Package":"github.com/Hubujiu/WeaveOS/services/bff/internal/flowcommands","Test":"TestRootEverySemanticCommandFieldIsBound/9","Output":"=== RUN   TestRootEverySemanticCommandFieldIsBound/9\n","OutputType":"frame"}
{"Time":"2026-10-05T08:44:44.718783027Z","Action":"output","Package":"github.com/Hubujiu/WeaveOS/services/bff/internal/flowcommands","Test":"TestRootEverySemanticCommandFieldIsBound/9","Output":"--- PASS: TestRootEverySemanticCommandFieldIsBound/9 (0.00s)\n","OutputType":"frame"}
{"Time":"2026-10-05T08:44:44.718825431Z","Action":"pass","Package":"github.com/Hubujiu/WeaveOS/services/bff/internal/flowcommands","Test":"TestRootEverySemanticCommandFieldIsBound/9","Elapsed":0}
{"Time":"2026-10-05T08:44:44.718871801Z","Action":"run","Package":"github.com/Hubujiu/WeaveOS/services/bff/internal/flowcommands","Test":"TestRootEverySemanticCommandFieldIsBound/10"}
{"Time":"2026-10-05T08:44:44.718880104Z","Action":"output","Package":"github.com/Hubujiu/WeaveOS/services/bff/internal/flowcommands","Test":"TestRootEverySemanticCommandFieldIsBound/10","Output":"=== RUN   TestRootEverySemanticCommandFieldIsBound/10\n","OutputType":"frame"}
{"Time":"2026-10-05T08:44:44.718991902Z","Action":"output","Package":"github.com/Hubujiu/WeaveOS/services/bff/internal/flowcommands","Test":"TestRootEverySemanticCommandFieldIsBound/10","Output":"--- PASS: TestRootEverySemanticCommandFieldIsBound/10 (0.00s)\n","OutputType":"frame"}
{"Time":"2026-10-05T08:44:44.719058172Z","Action":"pass","Package":"github.com/Hubujiu/WeaveOS/services/bff/internal/flowcommands","Test":"TestRootEverySemanticCommandFieldIsBound/10","Elapsed":0}
{"Time":"2026-10-05T08:44:44.719098483Z","Action":"run","Package":"github.com/Hubujiu/WeaveOS/services/bff/internal/flowcommands","Test":"TestRootEverySemanticCommandFieldIsBound/11"}
{"Time":"2026-10-05T08:44:44.719107356Z","Action":"output","Package":"github.com/Hubujiu/WeaveOS/services/bff/internal/flowcommands","Test":"TestRootEverySemanticCommandFieldIsBound/11","Output":"=== RUN   TestRootEverySemanticCommandFieldIsBound/11\n","OutputType":"frame"}
{"Time":"2026-10-05T08:44:44.719232655Z","Action":"output","Package":"github.com/Hubujiu/WeaveOS/services/bff/internal/flowcommands","Test":"TestRootEverySemanticCommandFieldIsBound/11","Output":"--- PASS: TestRootEverySemanticCommandFieldIsBound/11 (0.00s)\n","OutputType":"frame"}
{"Time":"2026-10-05T08:44:44.719272375Z","Action":"pass","Package":"github.com/Hubujiu/WeaveOS/services/bff/internal/flowcommands","Test":"TestRootEverySemanticCommandFieldIsBound/11","Elapsed":0}
{"Time":"2026-10-05T08:44:44.719320047Z","Action":"run","Package":"github.com/Hubujiu/WeaveOS/services/bff/internal/flowcommands","Test":"TestRootEverySemanticCommandFieldIsBound/12"}
{"Time":"2026-10-05T08:44:44.719328159Z","Action":"output","Package":"github.com/Hubujiu/WeaveOS/services/bff/internal/flowcommands","Test":"TestRootEverySemanticCommandFieldIsBound/12","Output":"=== RUN   TestRootEverySemanticCommandFieldIsBound/12\n","OutputType":"frame"}
{"Time":"2026-10-05T08:44:44.719438946Z","Action":"output","Package":"github.com/Hubujiu/WeaveOS/services/bff/internal/flowcommands","Test":"TestRootEverySemanticCommandFieldIsBound/12","Output":"--- PASS: TestRootEverySemanticCommandFieldIsBound/12 (0.00s)\n","OutputType":"frame"}
{"Time":"2026-10-05T08:44:44.719483924Z","Action":"pass","Package":"github.com/Hubujiu/WeaveOS/services/bff/internal/flowcommands","Test":"TestRootEverySemanticCommandFieldIsBound/12","Elapsed":0}
{"Time":"2026-10-05T08:44:44.71952755Z","Action":"output","Package":"github.com/Hubujiu/WeaveOS/services/bff/internal/flowcommands","Test":"TestRootEverySemanticCommandFieldIsBound","Output":"--- PASS: TestRootEverySemanticCommandFieldIsBound (0.00s)\n","OutputType":"frame"}
{"Time":"2026-10-05T08:44:44.719571446Z","Action":"pass","Package":"github.com/Hubujiu/WeaveOS/services/bff/internal/flowcommands","Test":"TestRootEverySemanticCommandFieldIsBound","Elapsed":0}
{"Time":"2026-10-05T08:44:44.719605838Z","Action":"run","Package":"github.com/Hubujiu/WeaveOS/services/bff/internal/flowcommands","Test":"TestRootInvalidCommandsFailClosed"}
{"Time":"2026-10-05T08:44:44.71961422Z","Action":"output","Package":"github.com/Hubujiu/WeaveOS/services/bff/internal/flowcommands","Test":"TestRootInvalidCommandsFailClosed","Output":"=== RUN   TestRootInvalidCommandsFailClosed\n","OutputType":"frame"}
{"Time":"2026-10-05T08:44:44.719654321Z","Action":"run","Package":"github.com/Hubujiu/WeaveOS/services/bff/internal/flowcommands","Test":"TestRootInvalidCommandsFailClosed/0"}
{"Time":"2026-10-05T08:44:44.719663625Z","Action":"output","Package":"github.com/Hubujiu/WeaveOS/services/bff/internal/flowcommands","Test":"TestRootInvalidCommandsFailClosed/0","Output":"=== RUN   TestRootInvalidCommandsFailClosed/0\n","OutputType":"frame"}
{"Time":"2026-10-05T08:44:44.719758598Z","Action":"output","Package":"github.com/Hubujiu/WeaveOS/services/bff/internal/flowcommands","Test":"TestRootInvalidCommandsFailClosed/0","Output":"--- PASS: TestRootInvalidCommandsFailClosed/0 (0.00s)\n","OutputType":"frame"}
{"Time":"2026-10-05T08:44:44.7197998Z","Action":"pass","Package":"github.com/Hubujiu/WeaveOS/services/bff/internal/flowcommands","Test":"TestRootInvalidCommandsFailClosed/0","Elapsed":0}
{"Time":"2026-10-05T08:44:44.719830456Z","Action":"run","Package":"github.com/Hubujiu/WeaveOS/services/bff/internal/flowcommands","Test":"TestRootInvalidCommandsFailClosed/1"}
{"Time":"2026-10-05T08:44:44.719838909Z","Action":"output","Package":"github.com/Hubujiu/WeaveOS/services/bff/internal/flowcommands","Test":"TestRootInvalidCommandsFailClosed/1","Output":"=== RUN   TestRootInvalidCommandsFailClosed/1\n","OutputType":"frame"}
{"Time":"2026-10-05T08:44:44.719900422Z","Action":"output","Package":"github.com/Hubujiu/WeaveOS/services/bff/internal/flowcommands","Test":"TestRootInvalidCommandsFailClosed/1","Output":"--- PASS: TestRootInvalidCommandsFailClosed/1 (0.00s)\n","OutputType":"frame"}
{"Time":"2026-10-05T08:44:44.719936236Z","Action":"pass","Package":"github.com/Hubujiu/WeaveOS/services/bff/internal/flowcommands","Test":"TestRootInvalidCommandsFailClosed/1","Elapsed":0}
{"Time":"2026-10-05T08:44:44.719976917Z","Action":"run","Package":"github.com/Hubujiu/WeaveOS/services/bff/internal/flowcommands","Test":"TestRootInvalidCommandsFailClosed/2"}
{"Time":"2026-10-05T08:44:44.71998565Z","Action":"output","Package":"github.com/Hubujiu/WeaveOS/services/bff/internal/flowcommands","Test":"TestRootInvalidCommandsFailClosed/2","Output":"=== RUN   TestRootInvalidCommandsFailClosed/2\n","OutputType":"frame"}
{"Time":"2026-10-05T08:44:44.720084009Z","Action":"output","Package":"github.com/Hubujiu/WeaveOS/services/bff/internal/flowcommands","Test":"TestRootInvalidCommandsFailClosed/2","Output":"--- PASS: TestRootInvalidCommandsFailClosed/2 (0.00s)\n","OutputType":"frame"}
{"Time":"2026-10-05T08:44:44.721502197Z","Action":"pass","Package":"github.com/Hubujiu/WeaveOS/services/bff/internal/flowcommands","Test":"TestRootInvalidCommandsFailClosed/2","Elapsed":0}
{"Time":"2026-10-05T08:44:44.721516578Z","Action":"run","Package":"github.com/Hubujiu/WeaveOS/services/bff/internal/flowcommands","Test":"TestRootInvalidCommandsFailClosed/3"}
{"Time":"2026-10-05T08:44:44.721519413Z","Action":"output","Package":"github.com/Hubujiu/WeaveOS/services/bff/internal/flowcommands","Test":"TestRootInvalidCommandsFailClosed/3","Output":"=== RUN   TestRootInvalidCommandsFailClosed/3\n","OutputType":"frame"}
{"Time":"2026-10-05T08:44:44.7215244Z","Action":"output","Package":"github.com/Hubujiu/WeaveOS/services/bff/internal/flowcommands","Test":"TestRootInvalidCommandsFailClosed/3","Output":"--- PASS: TestRootInvalidCommandsFailClosed/3 (0.00s)\n","OutputType":"frame"}
{"Time":"2026-10-05T08:44:44.721527274Z","Action":"pass","Package":"github.com/Hubujiu/WeaveOS/services/bff/internal/flowcommands","Test":"TestRootInvalidCommandsFailClosed/3","Elapsed":0}
{"Time":"2026-10-05T08:44:44.721529918Z","Action":"run","Package":"github.com/Hubujiu/WeaveOS/services/bff/internal/flowcommands","Test":"TestRootInvalidCommandsFailClosed/4"}
{"Time":"2026-10-05T08:44:44.721536959Z","Action":"output","Package":"github.com/Hubujiu/WeaveOS/services/bff/internal/flowcommands","Test":"TestRootInvalidCommandsFailClosed/4","Output":"=== RUN   TestRootInvalidCommandsFailClosed/4\n","OutputType":"frame"}
{"Time":"2026-10-05T08:44:44.721540204Z","Action":"output","Package":"github.com/Hubujiu/WeaveOS/services/bff/internal/flowcommands","Test":"TestRootInvalidCommandsFailClosed/4","Output":"--- PASS: TestRootInvalidCommandsFailClosed/4 (0.00s)\n","OutputType":"frame"}
{"Time":"2026-10-05T08:44:44.721547234Z","Action":"pass","Package":"github.com/Hubujiu/WeaveOS/services/bff/internal/flowcommands","Test":"TestRootInvalidCommandsFailClosed/4","Elapsed":0}
{"Time":"2026-10-05T08:44:44.721549568Z","Action":"run","Package":"github.com/Hubujiu/WeaveOS/services/bff/internal/flowcommands","Test":"TestRootInvalidCommandsFailClosed/5"}
{"Time":"2026-10-05T08:44:44.721556128Z","Action":"output","Package":"github.com/Hubujiu/WeaveOS/services/bff/internal/flowcommands","Test":"TestRootInvalidCommandsFailClosed/5","Output":"=== RUN   TestRootInvalidCommandsFailClosed/5\n","OutputType":"frame"}
{"Time":"2026-10-05T08:44:44.721559112Z","Action":"output","Package":"github.com/Hubujiu/WeaveOS/services/bff/internal/flowcommands","Test":"TestRootInvalidCommandsFailClosed/5","Output":"--- PASS: TestRootInvalidCommandsFailClosed/5 (0.00s)\n","OutputType":"frame"}
{"Time":"2026-10-05T08:44:44.721566343Z","Action":"pass","Package":"github.com/Hubujiu/WeaveOS/services/bff/internal/flowcommands","Test":"TestRootInvalidCommandsFailClosed/5","Elapsed":0}
{"Time":"2026-10-05T08:44:44.721568477Z","Action":"run","Package":"github.com/Hubujiu/WeaveOS/services/bff/internal/flowcommands","Test":"TestRootInvalidCommandsFailClosed/6"}
{"Time":"2026-10-05T08:44:44.721576018Z","Action":"output","Package":"github.com/Hubujiu/WeaveOS/services/bff/internal/flowcommands","Test":"TestRootInvalidCommandsFailClosed/6","Output":"=== RUN   TestRootInvalidCommandsFailClosed/6\n","OutputType":"frame"}
{"Time":"2026-10-05T08:44:44.721580725Z","Action":"output","Package":"github.com/Hubujiu/WeaveOS/services/bff/internal/flowcommands","Test":"TestRootInvalidCommandsFailClosed/6","Output":"--- PASS: TestRootInvalidCommandsFailClosed/6 (0.00s)\n","OutputType":"frame"}
{"Time":"2026-10-05T08:44:44.721589889Z","Action":"pass","Package":"github.com/Hubujiu/WeaveOS/services/bff/internal/flowcommands","Test":"TestRootInvalidCommandsFailClosed/6","Elapsed":0}
{"Time":"2026-10-05T08:44:44.72159724Z","Action":"run","Package":"github.com/Hubujiu/WeaveOS/services/bff/internal/flowcommands","Test":"TestRootInvalidCommandsFailClosed/7"}
{"Time":"2026-10-05T08:44:44.721598712Z","Action":"output","Package":"github.com/Hubujiu/WeaveOS/services/bff/internal/flowcommands","Test":"TestRootInvalidCommandsFailClosed/7","Output":"=== RUN   TestRootInvalidCommandsFailClosed/7\n","OutputType":"frame"}
{"Time":"2026-10-05T08:44:44.721600545Z","Action":"output","Package":"github.com/Hubujiu/WeaveOS/services/bff/internal/flowcommands","Test":"TestRootInvalidCommandsFailClosed/7","Output":"--- PASS: TestRootInvalidCommandsFailClosed/7 (0.00s)\n","OutputType":"frame"}
{"Time":"2026-10-05T08:44:44.721606033Z","Action":"pass","Package":"github.com/Hubujiu/WeaveOS/services/bff/internal/flowcommands","Test":"TestRootInvalidCommandsFailClosed/7","Elapsed":0}
{"Time":"2026-10-05T08:44:44.721607315Z","Action":"run","Package":"github.com/Hubujiu/WeaveOS/services/bff/internal/flowcommands","Test":"TestRootInvalidCommandsFailClosed/8"}
{"Time":"2026-10-05T08:44:44.721608567Z","Action":"output","Package":"github.com/Hubujiu/WeaveOS/services/bff/internal/flowcommands","Test":"TestRootInvalidCommandsFailClosed/8","Output":"=== RUN   TestRootInvalidCommandsFailClosed/8\n","OutputType":"frame"}
{"Time":"2026-10-05T08:44:44.72161041Z","Action":"output","Package":"github.com/Hubujiu/WeaveOS/services/bff/internal/flowcommands","Test":"TestRootInvalidCommandsFailClosed/8","Output":"--- PASS: TestRootInvalidCommandsFailClosed/8 (0.00s)\n","OutputType":"frame"}
{"Time":"2026-10-05T08:44:44.72161735Z","Action":"pass","Package":"github.com/Hubujiu/WeaveOS/services/bff/internal/flowcommands","Test":"TestRootInvalidCommandsFailClosed/8","Elapsed":0}
{"Time":"2026-10-05T08:44:44.721618842Z","Action":"run","Package":"github.com/Hubujiu/WeaveOS/services/bff/internal/flowcommands","Test":"TestRootInvalidCommandsFailClosed/9"}
{"Time":"2026-10-05T08:44:44.721619984Z","Action":"output","Package":"github.com/Hubujiu/WeaveOS/services/bff/internal/flowcommands","Test":"TestRootInvalidCommandsFailClosed/9","Output":"=== RUN   TestRootInvalidCommandsFailClosed/9\n","OutputType":"frame"}
{"Time":"2026-10-05T08:44:44.721622057Z","Action":"output","Package":"github.com/Hubujiu/WeaveOS/services/bff/internal/flowcommands","Test":"TestRootInvalidCommandsFailClosed/9","Output":"--- PASS: TestRootInvalidCommandsFailClosed/9 (0.00s)\n","OutputType":"frame"}
{"Time":"2026-10-05T08:44:44.721628667Z","Action":"pass","Package":"github.com/Hubujiu/WeaveOS/services/bff/internal/flowcommands","Test":"TestRootInvalidCommandsFailClosed/9","Elapsed":0}
{"Time":"2026-10-05T08:44:44.721630099Z","Action":"run","Package":"github.com/Hubujiu/WeaveOS/services/bff/internal/flowcommands","Test":"TestRootInvalidCommandsFailClosed/10"}
{"Time":"2026-10-05T08:44:44.721631852Z","Action":"output","Package":"github.com/Hubujiu/WeaveOS/services/bff/internal/flowcommands","Test":"TestRootInvalidCommandsFailClosed/10","Output":"=== RUN   TestRootInvalidCommandsFailClosed/10\n","OutputType":"frame"}
{"Time":"2026-10-05T08:44:44.721640195Z","Action":"output","Package":"github.com/Hubujiu/WeaveOS/services/bff/internal/flowcommands","Test":"TestRootInvalidCommandsFailClosed/10","Output":"--- PASS: TestRootInvalidCommandsFailClosed/10 (0.00s)\n","OutputType":"frame"}
{"Time":"2026-10-05T08:44:44.721641847Z","Action":"pass","Package":"github.com/Hubujiu/WeaveOS/services/bff/internal/flowcommands","Test":"TestRootInvalidCommandsFailClosed/10","Elapsed":0}
{"Time":"2026-10-05T08:44:44.721648477Z","Action":"run","Package":"github.com/Hubujiu/WeaveOS/services/bff/internal/flowcommands","Test":"TestRootInvalidCommandsFailClosed/11"}
{"Time":"2026-10-05T08:44:44.72165014Z","Action":"output","Package":"github.com/Hubujiu/WeaveOS/services/bff/internal/flowcommands","Test":"TestRootInvalidCommandsFailClosed/11","Output":"=== RUN   TestRootInvalidCommandsFailClosed/11\n","OutputType":"frame"}
{"Time":"2026-10-05T08:44:44.721652103Z","Action":"output","Package":"github.com/Hubujiu/WeaveOS/services/bff/internal/flowcommands","Test":"TestRootInvalidCommandsFailClosed/11","Output":"--- PASS: TestRootInvalidCommandsFailClosed/11 (0.00s)\n","OutputType":"frame"}
{"Time":"2026-10-05T08:44:44.721657691Z","Action":"pass","Package":"github.com/Hubujiu/WeaveOS/services/bff/internal/flowcommands","Test":"TestRootInvalidCommandsFailClosed/11","Elapsed":0}
{"Time":"2026-10-05T08:44:44.721659063Z","Action":"run","Package":"github.com/Hubujiu/WeaveOS/services/bff/internal/flowcommands","Test":"TestRootInvalidCommandsFailClosed/12"}
{"Time":"2026-10-05T08:44:44.721660385Z","Action":"output","Package":"github.com/Hubujiu/WeaveOS/services/bff/internal/flowcommands","Test":"TestRootInvalidCommandsFailClosed/12","Output":"=== RUN   TestRootInvalidCommandsFailClosed/12\n","OutputType":"frame"}
{"Time":"2026-10-05T08:44:44.721662268Z","Action":"output","Package":"github.com/Hubujiu/WeaveOS/services/bff/internal/flowcommands","Test":"TestRootInvalidCommandsFailClosed/12","Output":"--- PASS: TestRootInvalidCommandsFailClosed/12 (0.00s)\n","OutputType":"frame"}
{"Time":"2026-10-05T08:44:44.721668918Z","Action":"pass","Package":"github.com/Hubujiu/WeaveOS/services/bff/internal/flowcommands","Test":"TestRootInvalidCommandsFailClosed/12","Elapsed":0}
{"Time":"2026-10-05T08:44:44.721678963Z","Action":"run","Package":"github.com/Hubujiu/WeaveOS/services/bff/internal/flowcommands","Test":"TestRootInvalidCommandsFailClosed/13"}
{"Time":"2026-10-05T08:44:44.721680265Z","Action":"output","Package":"github.com/Hubujiu/WeaveOS/services/bff/internal/flowcommands","Test":"TestRootInvalidCommandsFailClosed/13","Output":"=== RUN   TestRootInvalidCommandsFailClosed/13\n","OutputType":"frame"}
{"Time":"2026-10-05T08:44:44.721682028Z","Action":"output","Package":"github.com/Hubujiu/WeaveOS/services/bff/internal/flowcommands","Test":"TestRootInvalidCommandsFailClosed/13","Output":"--- PASS: TestRootInvalidCommandsFailClosed/13 (0.00s)\n","OutputType":"frame"}
{"Time":"2026-10-05T08:44:44.721687496Z","Action":"pass","Package":"github.com/Hubujiu/WeaveOS/services/bff/internal/flowcommands","Test":"TestRootInvalidCommandsFailClosed/13","Elapsed":0}
{"Time":"2026-10-05T08:44:44.721688898Z","Action":"run","Package":"github.com/Hubujiu/WeaveOS/services/bff/internal/flowcommands","Test":"TestRootInvalidCommandsFailClosed/14"}
{"Time":"2026-10-05T08:44:44.72169026Z","Action":"output","Package":"github.com/Hubujiu/WeaveOS/services/bff/internal/flowcommands","Test":"TestRootInvalidCommandsFailClosed/14","Output":"=== RUN   TestRootInvalidCommandsFailClosed/14\n","OutputType":"frame"}
{"Time":"2026-10-05T08:44:44.721692393Z","Action":"output","Package":"github.com/Hubujiu/WeaveOS/services/bff/internal/flowcommands","Test":"TestRootInvalidCommandsFailClosed/14","Output":"--- PASS: TestRootInvalidCommandsFailClosed/14 (0.00s)\n","OutputType":"frame"}
{"Time":"2026-10-05T08:44:44.721694116Z","Action":"pass","Package":"github.com/Hubujiu/WeaveOS/services/bff/internal/flowcommands","Test":"TestRootInvalidCommandsFailClosed/14","Elapsed":0}
{"Time":"2026-10-05T08:44:44.721700075Z","Action":"run","Package":"github.com/Hubujiu/WeaveOS/services/bff/internal/flowcommands","Test":"TestRootInvalidCommandsFailClosed/15"}
{"Time":"2026-10-05T08:44:44.721701547Z","Action":"output","Package":"github.com/Hubujiu/WeaveOS/services/bff/internal/flowcommands","Test":"TestRootInvalidCommandsFailClosed/15","Output":"=== RUN   TestRootInvalidCommandsFailClosed/15\n","OutputType":"frame"}
{"Time":"2026-10-05T08:44:44.721704171Z","Action":"output","Package":"github.com/Hubujiu/WeaveOS/services/bff/internal/flowcommands","Test":"TestRootInvalidCommandsFailClosed/15","Output":"--- PASS: TestRootInvalidCommandsFailClosed/15 (0.00s)\n","OutputType":"frame"}
{"Time":"2026-10-05T08:44:44.721705733Z","Action":"pass","Package":"github.com/Hubujiu/WeaveOS/services/bff/internal/flowcommands","Test":"TestRootInvalidCommandsFailClosed/15","Elapsed":0}
{"Time":"2026-10-05T08:44:44.721707146Z","Action":"run","Package":"github.com/Hubujiu/WeaveOS/services/bff/internal/flowcommands","Test":"TestRootInvalidCommandsFailClosed/16"}
{"Time":"2026-10-05T08:44:44.721713655Z","Action":"output","Package":"github.com/Hubujiu/WeaveOS/services/bff/internal/flowcommands","Test":"TestRootInvalidCommandsFailClosed/16","Output":"=== RUN   TestRootInvalidCommandsFailClosed/16\n","OutputType":"frame"}
{"Time":"2026-10-05T08:44:44.721715588Z","Action":"output","Package":"github.com/Hubujiu/WeaveOS/services/bff/internal/flowcommands","Test":"TestRootInvalidCommandsFailClosed/16","Output":"--- PASS: TestRootInvalidCommandsFailClosed/16 (0.00s)\n","OutputType":"frame"}
{"Time":"2026-10-05T08:44:44.721717211Z","Action":"pass","Package":"github.com/Hubujiu/WeaveOS/services/bff/internal/flowcommands","Test":"TestRootInvalidCommandsFailClosed/16","Elapsed":0}
{"Time":"2026-10-05T08:44:44.72172345Z","Action":"run","Package":"github.com/Hubujiu/WeaveOS/services/bff/internal/flowcommands","Test":"TestRootInvalidCommandsFailClosed/17"}
{"Time":"2026-10-05T08:44:44.721724762Z","Action":"output","Package":"github.com/Hubujiu/WeaveOS/services/bff/internal/flowcommands","Test":"TestRootInvalidCommandsFailClosed/17","Output":"=== RUN   TestRootInvalidCommandsFailClosed/17\n","OutputType":"frame"}
{"Time":"2026-10-05T08:44:44.721726695Z","Action":"output","Package":"github.com/Hubujiu/WeaveOS/services/bff/internal/flowcommands","Test":"TestRootInvalidCommandsFailClosed/17","Output":"--- PASS: TestRootInvalidCommandsFailClosed/17 (0.00s)\n","OutputType":"frame"}
{"Time":"2026-10-05T08:44:44.721733215Z","Action":"pass","Package":"github.com/Hubujiu/WeaveOS/services/bff/internal/flowcommands","Test":"TestRootInvalidCommandsFailClosed/17","Elapsed":0}
{"Time":"2026-10-05T08:44:44.721735138Z","Action":"run","Package":"github.com/Hubujiu/WeaveOS/services/bff/internal/flowcommands","Test":"TestRootInvalidCommandsFailClosed/18"}
{"Time":"2026-10-05T08:44:44.721737531Z","Action":"output","Package":"github.com/Hubujiu/WeaveOS/services/bff/internal/flowcommands","Test":"TestRootInvalidCommandsFailClosed/18","Output":"=== RUN   TestRootInvalidCommandsFailClosed/18\n","OutputType":"frame"}
{"Time":"2026-10-05T08:44:44.721743741Z","Action":"output","Package":"github.com/Hubujiu/WeaveOS/services/bff/internal/flowcommands","Test":"TestRootInvalidCommandsFailClosed/18","Output":"--- PASS: TestRootInvalidCommandsFailClosed/18 (0.00s)\n","OutputType":"frame"}
{"Time":"2026-10-05T08:44:44.721745453Z","Action":"pass","Package":"github.com/Hubujiu/WeaveOS/services/bff/internal/flowcommands","Test":"TestRootInvalidCommandsFailClosed/18","Elapsed":0}
{"Time":"2026-10-05T08:44:44.721746926Z","Action":"run","Package":"github.com/Hubujiu/WeaveOS/services/bff/internal/flowcommands","Test":"TestRootInvalidCommandsFailClosed/19"}
{"Time":"2026-10-05T08:44:44.721748167Z","Action":"output","Package":"github.com/Hubujiu/WeaveOS/services/bff/internal/flowcommands","Test":"TestRootInvalidCommandsFailClosed/19","Output":"=== RUN   TestRootInvalidCommandsFailClosed/19\n","OutputType":"frame"}
{"Time":"2026-10-05T08:44:44.721754757Z","Action":"output","Package":"github.com/Hubujiu/WeaveOS/services/bff/internal/flowcommands","Test":"TestRootInvalidCommandsFailClosed/19","Output":"--- PASS: TestRootInvalidCommandsFailClosed/19 (0.00s)\n","OutputType":"frame"}
{"Time":"2026-10-05T08:44:44.72175643Z","Action":"pass","Package":"github.com/Hubujiu/WeaveOS/services/bff/internal/flowcommands","Test":"TestRootInvalidCommandsFailClosed/19","Elapsed":0}
{"Time":"2026-10-05T08:44:44.721758213Z","Action":"output","Package":"github.com/Hubujiu/WeaveOS/services/bff/internal/flowcommands","Test":"TestRootInvalidCommandsFailClosed","Output":"--- PASS: TestRootInvalidCommandsFailClosed (0.00s)\n","OutputType":"frame"}
{"Time":"2026-10-05T08:44:44.721760216Z","Action":"pass","Package":"github.com/Hubujiu/WeaveOS/services/bff/internal/flowcommands","Test":"TestRootInvalidCommandsFailClosed","Elapsed":0}
{"Time":"2026-10-05T08:44:44.721766755Z","Action":"run","Package":"github.com/Hubujiu/WeaveOS/services/bff/internal/flowcommands","Test":"TestRootSupportedActionsAndStartIdentity"}
{"Time":"2026-10-05T08:44:44.721768308Z","Action":"output","Package":"github.com/Hubujiu/WeaveOS/services/bff/internal/flowcommands","Test":"TestRootSupportedActionsAndStartIdentity","Output":"=== RUN   TestRootSupportedActionsAndStartIdentity\n","OutputType":"frame"}
{"Time":"2026-10-05T08:44:44.72176986Z","Action":"run","Package":"github.com/Hubujiu/WeaveOS/services/bff/internal/flowcommands","Test":"TestRootSupportedActionsAndStartIdentity/start"}
{"Time":"2026-10-05T08:44:44.721771122Z","Action":"output","Package":"github.com/Hubujiu/WeaveOS/services/bff/internal/flowcommands","Test":"TestRootSupportedActionsAndStartIdentity/start","Output":"=== RUN   TestRootSupportedActionsAndStartIdentity/start\n","OutputType":"frame"}
{"Time":"2026-10-05T08:44:44.721777552Z","Action":"output","Package":"github.com/Hubujiu/WeaveOS/services/bff/internal/flowcommands","Test":"TestRootSupportedActionsAndStartIdentity/start","Output":"--- PASS: TestRootSupportedActionsAndStartIdentity/start (0.00s)\n","OutputType":"frame"}
{"Time":"2026-10-05T08:44:44.721779525Z","Action":"pass","Package":"github.com/Hubujiu/WeaveOS/services/bff/internal/flowcommands","Test":"TestRootSupportedActionsAndStartIdentity/start","Elapsed":0}
{"Time":"2026-10-05T08:44:44.72180963Z","Action":"run","Package":"github.com/Hubujiu/WeaveOS/services/bff/internal/flowcommands","Test":"TestRootSupportedActionsAndStartIdentity/agree"}
{"Time":"2026-10-05T08:44:44.721815829Z","Action":"output","Package":"github.com/Hubujiu/WeaveOS/services/bff/internal/flowcommands","Test":"TestRootSupportedActionsAndStartIdentity/agree","Output":"=== RUN   TestRootSupportedActionsAndStartIdentity/agree\n","OutputType":"frame"}
{"Time":"2026-10-05T08:44:44.721936411Z","Action":"output","Package":"github.com/Hubujiu/WeaveOS/services/bff/internal/flowcommands","Test":"TestRootSupportedActionsAndStartIdentity/agree","Output":"--- PASS: TestRootSupportedActionsAndStartIdentity/agree (0.00s)\n","OutputType":"frame"}
{"Time":"2026-10-05T08:44:44.721984373Z","Action":"pass","Package":"github.com/Hubujiu/WeaveOS/services/bff/internal/flowcommands","Test":"TestRootSupportedActionsAndStartIdentity/agree","Elapsed":0}
{"Time":"2026-10-05T08:44:44.722044134Z","Action":"run","Package":"github.com/Hubujiu/WeaveOS/services/bff/internal/flowcommands","Test":"TestRootSupportedActionsAndStartIdentity/reject"}
{"Time":"2026-10-05T08:44:44.722052426Z","Action":"output","Package":"github.com/Hubujiu/WeaveOS/services/bff/internal/flowcommands","Test":"TestRootSupportedActionsAndStartIdentity/reject","Output":"=== RUN   TestRootSupportedActionsAndStartIdentity/reject\n","OutputType":"frame"}
{"Time":"2026-10-05T08:44:44.722158336Z","Action":"output","Package":"github.com/Hubujiu/WeaveOS/services/bff/internal/flowcommands","Test":"TestRootSupportedActionsAndStartIdentity/reject","Output":"--- PASS: TestRootSupportedActionsAndStartIdentity/reject (0.00s)\n","OutputType":"frame"}
{"Time":"2026-10-05T08:44:44.722204776Z","Action":"pass","Package":"github.com/Hubujiu/WeaveOS/services/bff/internal/flowcommands","Test":"TestRootSupportedActionsAndStartIdentity/reject","Elapsed":0}
{"Time":"2026-10-05T08:44:44.722248091Z","Action":"run","Package":"github.com/Hubujiu/WeaveOS/services/bff/internal/flowcommands","Test":"TestRootSupportedActionsAndStartIdentity/withdraw"}
{"Time":"2026-10-05T08:44:44.722256053Z","Action":"output","Package":"github.com/Hubujiu/WeaveOS/services/bff/internal/flowcommands","Test":"TestRootSupportedActionsAndStartIdentity/withdraw","Output":"=== RUN   TestRootSupportedActionsAndStartIdentity/withdraw\n","OutputType":"frame"}
{"Time":"2026-10-05T08:44:44.722365979Z","Action":"output","Package":"github.com/Hubujiu/WeaveOS/services/bff/internal/flowcommands","Test":"TestRootSupportedActionsAndStartIdentity/withdraw","Output":"--- PASS: TestRootSupportedActionsAndStartIdentity/withdraw (0.00s)\n","OutputType":"frame"}
{"Time":"2026-10-05T08:44:44.722404467Z","Action":"pass","Package":"github.com/Hubujiu/WeaveOS/services/bff/internal/flowcommands","Test":"TestRootSupportedActionsAndStartIdentity/withdraw","Elapsed":0}
{"Time":"2026-10-05T08:44:44.722457567Z","Action":"output","Package":"github.com/Hubujiu/WeaveOS/services/bff/internal/flowcommands","Test":"TestRootSupportedActionsAndStartIdentity","Output":"--- PASS: TestRootSupportedActionsAndStartIdentity (0.00s)\n","OutputType":"frame"}
{"Time":"2026-10-05T08:44:44.722487412Z","Action":"pass","Package":"github.com/Hubujiu/WeaveOS/services/bff/internal/flowcommands","Test":"TestRootSupportedActionsAndStartIdentity","Elapsed":0}
{"Time":"2026-10-05T08:44:44.722518258Z","Action":"run","Package":"github.com/Hubujiu/WeaveOS/services/bff/internal/flowcommands","Test":"TestRootSuccessAndNoEffectPlans"}
{"Time":"2026-10-05T08:44:44.722525519Z","Action":"output","Package":"github.com/Hubujiu/WeaveOS/services/bff/internal/flowcommands","Test":"TestRootSuccessAndNoEffectPlans","Output":"=== RUN   TestRootSuccessAndNoEffectPlans\n","OutputType":"frame"}
{"Time":"2026-10-05T08:44:44.722730008Z","Action":"output","Package":"github.com/Hubujiu/WeaveOS/services/bff/internal/flowcommands","Test":"TestRootSuccessAndNoEffectPlans","Output":"--- PASS: TestRootSuccessAndNoEffectPlans (0.00s)\n","OutputType":"frame"}
{"Time":"2026-10-05T08:44:44.722776778Z","Action":"pass","Package":"github.com/Hubujiu/WeaveOS/services/bff/internal/flowcommands","Test":"TestRootSuccessAndNoEffectPlans","Elapsed":0}
{"Time":"2026-10-05T08:44:44.722808115Z","Action":"run","Package":"github.com/Hubujiu/WeaveOS/services/bff/internal/flowcommands","Test":"TestRootResultIdentityAndPayloadMustMatch"}
{"Time":"2026-10-05T08:44:44.72281814Z","Action":"output","Package":"github.com/Hubujiu/WeaveOS/services/bff/internal/flowcommands","Test":"TestRootResultIdentityAndPayloadMustMatch","Output":"=== RUN   TestRootResultIdentityAndPayloadMustMatch\n","OutputType":"frame"}
{"Time":"2026-10-05T08:44:44.723079174Z","Action":"output","Package":"github.com/Hubujiu/WeaveOS/services/bff/internal/flowcommands","Test":"TestRootResultIdentityAndPayloadMustMatch","Output":"--- PASS: TestRootResultIdentityAndPayloadMustMatch (0.00s)\n","OutputType":"frame"}
{"Time":"2026-10-05T08:44:44.72330215Z","Action":"pass","Package":"github.com/Hubujiu/WeaveOS/services/bff/internal/flowcommands","Test":"TestRootResultIdentityAndPayloadMustMatch","Elapsed":0}
{"Time":"2026-10-05T08:44:44.723353037Z","Action":"run","Package":"github.com/Hubujiu/WeaveOS/services/bff/internal/flowcommands","Test":"TestRootUnknownIsNeverAResult"}
{"Time":"2026-10-05T08:44:44.723361149Z","Action":"output","Package":"github.com/Hubujiu/WeaveOS/services/bff/internal/flowcommands","Test":"TestRootUnknownIsNeverAResult","Output":"=== RUN   TestRootUnknownIsNeverAResult\n","OutputType":"frame"}
{"Time":"2026-10-05T08:44:44.723904398Z","Action":"output","Package":"github.com/Hubujiu/WeaveOS/services/bff/internal/flowcommands","Test":"TestRootUnknownIsNeverAResult","Output":"--- PASS: TestRootUnknownIsNeverAResult (0.00s)\n","OutputType":"frame"}
{"Time":"2026-10-05T08:44:44.723944939Z","Action":"pass","Package":"github.com/Hubujiu/WeaveOS/services/bff/internal/flowcommands","Test":"TestRootUnknownIsNeverAResult","Elapsed":0}
{"Time":"2026-10-05T08:44:44.723969937Z","Action":"run","Package":"github.com/Hubujiu/WeaveOS/services/bff/internal/flowcommands","Test":"TestRootProofAndResultHashRequired"}
{"Time":"2026-10-05T08:44:44.723975956Z","Action":"output","Package":"github.com/Hubujiu/WeaveOS/services/bff/internal/flowcommands","Test":"TestRootProofAndResultHashRequired","Output":"=== RUN   TestRootProofAndResultHashRequired\n","OutputType":"frame"}
{"Time":"2026-10-05T08:44:44.724249949Z","Action":"output","Package":"github.com/Hubujiu/WeaveOS/services/bff/internal/flowcommands","Test":"TestRootProofAndResultHashRequired","Output":"--- PASS: TestRootProofAndResultHashRequired (0.00s)\n","OutputType":"frame"}
{"Time":"2026-10-05T08:44:44.724288227Z","Action":"pass","Package":"github.com/Hubujiu/WeaveOS/services/bff/internal/flowcommands","Test":"TestRootProofAndResultHashRequired","Elapsed":0}
{"Time":"2026-10-05T08:44:44.724313124Z","Action":"run","Package":"github.com/Hubujiu/WeaveOS/services/bff/internal/flowcommands","Test":"TestRootSequenceCannotSkipOrRewind"}
{"Time":"2026-10-05T08:44:44.724319294Z","Action":"output","Package":"github.com/Hubujiu/WeaveOS/services/bff/internal/flowcommands","Test":"TestRootSequenceCannotSkipOrRewind","Output":"=== RUN   TestRootSequenceCannotSkipOrRewind\n","OutputType":"frame"}
{"Time":"2026-10-05T08:44:44.724718495Z","Action":"output","Package":"github.com/Hubujiu/WeaveOS/services/bff/internal/flowcommands","Test":"TestRootSequenceCannotSkipOrRewind","Output":"--- PASS: TestRootSequenceCannotSkipOrRewind (0.00s)\n","OutputType":"frame"}
{"Time":"2026-10-05T08:44:44.724762812Z","Action":"pass","Package":"github.com/Hubujiu/WeaveOS/services/bff/internal/flowcommands","Test":"TestRootSequenceCannotSkipOrRewind","Elapsed":0}
{"Time":"2026-10-05T08:44:44.724803093Z","Action":"run","Package":"github.com/Hubujiu/WeaveOS/services/bff/internal/flowcommands","Test":"TestRootExactAppliedReplaySurvivesLaterInstanceProgress"}
{"Time":"2026-10-05T08:44:44.724812086Z","Action":"output","Package":"github.com/Hubujiu/WeaveOS/services/bff/internal/flowcommands","Test":"TestRootExactAppliedReplaySurvivesLaterInstanceProgress","Output":"=== RUN   TestRootExactAppliedReplaySurvivesLaterInstanceProgress\n","OutputType":"frame"}
{"Time":"2026-10-05T08:44:44.724975653Z","Action":"output","Package":"github.com/Hubujiu/WeaveOS/services/bff/internal/flowcommands","Test":"TestRootExactAppliedReplaySurvivesLaterInstanceProgress","Output":"--- PASS: TestRootExactAppliedReplaySurvivesLaterInstanceProgress (0.00s)\n","OutputType":"frame"}
{"Time":"2026-10-05T08:44:44.72511283Z","Action":"pass","Package":"github.com/Hubujiu/WeaveOS/services/bff/internal/flowcommands","Test":"TestRootExactAppliedReplaySurvivesLaterInstanceProgress","Elapsed":0}
{"Time":"2026-10-05T08:44:44.725155694Z","Action":"run","Package":"github.com/Hubujiu/WeaveOS/services/bff/internal/flowcommands","Test":"TestRootAppliedResultCannotBeRewritten"}
{"Time":"2026-10-05T08:44:44.725778243Z","Action":"output","Package":"github.com/Hubujiu/WeaveOS/services/bff/internal/flowcommands","Test":"TestRootAppliedResultCannotBeRewritten","Output":"=== RUN   TestRootAppliedResultCannotBeRewritten\n","OutputType":"frame"}
{"Time":"2026-10-05T08:44:44.729501867Z","Action":"output","Package":"github.com/Hubujiu/WeaveOS/services/bff/internal/flowcommands","Test":"TestRootAppliedResultCannotBeRewritten","Output":"--- PASS: TestRootAppliedResultCannotBeRewritten (0.00s)\n","OutputType":"frame"}
{"Time":"2026-10-05T08:44:44.729518052Z","Action":"pass","Package":"github.com/Hubujiu/WeaveOS/services/bff/internal/flowcommands","Test":"TestRootAppliedResultCannotBeRewritten","Elapsed":0}
{"Time":"2026-10-05T08:44:44.729521046Z","Action":"run","Package":"github.com/Hubujiu/WeaveOS/services/bff/internal/flowcommands","Test":"TestRootSequenceUpperBound"}
{"Time":"2026-10-05T08:44:44.729522679Z","Action":"output","Package":"github.com/Hubujiu/WeaveOS/services/bff/internal/flowcommands","Test":"TestRootSequenceUpperBound","Output":"=== RUN   TestRootSequenceUpperBound\n","OutputType":"frame"}
{"Time":"2026-10-05T08:44:44.729536429Z","Action":"output","Package":"github.com/Hubujiu/WeaveOS/services/bff/internal/flowcommands","Test":"TestRootSequenceUpperBound","Output":"--- PASS: TestRootSequenceUpperBound (0.00s)\n","OutputType":"frame"}
{"Time":"2026-10-05T08:44:44.729538332Z","Action":"pass","Package":"github.com/Hubujiu/WeaveOS/services/bff/internal/flowcommands","Test":"TestRootSequenceUpperBound","Elapsed":0}
{"Time":"2026-10-05T08:44:44.729540175Z","Action":"run","Package":"github.com/Hubujiu/WeaveOS/services/bff/internal/flowcommands","Test":"TestRootInvalidCommandCannotBeRescuedByReceipt"}
{"Time":"2026-10-05T08:44:44.729541837Z","Action":"output","Package":"github.com/Hubujiu/WeaveOS/services/bff/internal/flowcommands","Test":"TestRootInvalidCommandCannotBeRescuedByReceipt","Output":"=== RUN   TestRootInvalidCommandCannotBeRescuedByReceipt\n","OutputType":"frame"}
{"Time":"2026-10-05T08:44:44.729543931Z","Action":"output","Package":"github.com/Hubujiu/WeaveOS/services/bff/internal/flowcommands","Test":"TestRootInvalidCommandCannotBeRescuedByReceipt","Output":"--- PASS: TestRootInvalidCommandCannotBeRescuedByReceipt (0.00s)\n","OutputType":"frame"}
{"Time":"2026-10-05T08:44:44.729545783Z","Action":"pass","Package":"github.com/Hubujiu/WeaveOS/services/bff/internal/flowcommands","Test":"TestRootInvalidCommandCannotBeRescuedByReceipt","Elapsed":0}
{"Time":"2026-10-05T08:44:44.729547406Z","Action":"run","Package":"github.com/Hubujiu/WeaveOS/services/bff/internal/flowcommands","Test":"TestRootExecutionPayloadMatchesIndependentGoldenBytes"}
{"Time":"2026-10-05T08:44:44.729548688Z","Action":"output","Package":"github.com/Hubujiu/WeaveOS/services/bff/internal/flowcommands","Test":"TestRootExecutionPayloadMatchesIndependentGoldenBytes","Output":"=== RUN   TestRootExecutionPayloadMatchesIndependentGoldenBytes\n","OutputType":"frame"}
{"Time":"2026-10-05T08:44:44.729551161Z","Action":"run","Package":"github.com/Hubujiu/WeaveOS/services/bff/internal/flowcommands","Test":"TestRootExecutionPayloadMatchesIndependentGoldenBytes/payload_start"}
{"Time":"2026-10-05T08:44:44.729552634Z","Action":"output","Package":"github.com/Hubujiu/WeaveOS/services/bff/internal/flowcommands","Test":"TestRootExecutionPayloadMatchesIndependentGoldenBytes/payload_start","Output":"=== RUN   TestRootExecutionPayloadMatchesIndependentGoldenBytes/payload_start\n","OutputType":"frame"}
{"Time":"2026-10-05T08:44:44.729555498Z","Action":"output","Package":"github.com/Hubujiu/WeaveOS/services/bff/internal/flowcommands","Test":"TestRootExecutionPayloadMatchesIndependentGoldenBytes/payload_start","Output":"--- PASS: TestRootExecutionPayloadMatchesIndependentGoldenBytes/payload_start (0.00s)\n","OutputType":"frame"}
{"Time":"2026-10-05T08:44:44.729557181Z","Action":"pass","Package":"github.com/Hubujiu/WeaveOS/services/bff/internal/flowcommands","Test":"TestRootExecutionPayloadMatchesIndependentGoldenBytes/payload_start","Elapsed":0}
{"Time":"2026-10-05T08:44:44.729558943Z","Action":"run","Package":"github.com/Hubujiu/WeaveOS/services/bff/internal/flowcommands","Test":"TestRootExecutionPayloadMatchesIndependentGoldenBytes/payload_agree"}
{"Time":"2026-10-05T08:44:44.729560315Z","Action":"output","Package":"github.com/Hubujiu/WeaveOS/services/bff/internal/flowcommands","Test":"TestRootExecutionPayloadMatchesIndependentGoldenBytes/payload_agree","Output":"=== RUN   TestRootExecutionPayloadMatchesIndependentGoldenBytes/payload_agree\n","OutputType":"frame"}
{"Time":"2026-10-05T08:44:44.729562338Z","Action":"output","Package":"github.com/Hubujiu/WeaveOS/services/bff/internal/flowcommands","Test":"TestRootExecutionPayloadMatchesIndependentGoldenBytes/payload_agree","Output":"--- PASS: TestRootExecutionPayloadMatchesIndependentGoldenBytes/payload_agree (0.00s)\n","OutputType":"frame"}
{"Time":"2026-10-05T08:44:44.729564031Z","Action":"pass","Package":"github.com/Hubujiu/WeaveOS/services/bff/internal/flowcommands","Test":"TestRootExecutionPayloadMatchesIndependentGoldenBytes/payload_agree","Elapsed":0}
{"Time":"2026-10-05T08:44:44.729565513Z","Action":"run","Package":"github.com/Hubujiu/WeaveOS/services/bff/internal/flowcommands","Test":"TestRootExecutionPayloadMatchesIndependentGoldenBytes/payload_withdraw"}
{"Time":"2026-10-05T08:44:44.729566755Z","Action":"output","Package":"github.com/Hubujiu/WeaveOS/services/bff/internal/flowcommands","Test":"TestRootExecutionPayloadMatchesIndependentGoldenBytes/payload_withdraw","Output":"=== RUN   TestRootExecutionPayloadMatchesIndependentGoldenBytes/payload_withdraw\n","OutputType":"frame"}
{"Time":"2026-10-05T08:44:44.729568708Z","Action":"output","Package":"github.com/Hubujiu/WeaveOS/services/bff/internal/flowcommands","Test":"TestRootExecutionPayloadMatchesIndependentGoldenBytes/payload_withdraw","Output":"--- PASS: TestRootExecutionPayloadMatchesIndependentGoldenBytes/payload_withdraw (0.00s)\n","OutputType":"frame"}
{"Time":"2026-10-05T08:44:44.7295703Z","Action":"pass","Package":"github.com/Hubujiu/WeaveOS/services/bff/internal/flowcommands","Test":"TestRootExecutionPayloadMatchesIndependentGoldenBytes/payload_withdraw","Elapsed":0}
{"Time":"2026-10-05T08:44:44.729572243Z","Action":"output","Package":"github.com/Hubujiu/WeaveOS/services/bff/internal/flowcommands","Test":"TestRootExecutionPayloadMatchesIndependentGoldenBytes","Output":"--- PASS: TestRootExecutionPayloadMatchesIndependentGoldenBytes (0.00s)\n","OutputType":"frame"}
{"Time":"2026-10-05T08:44:44.729573816Z","Action":"pass","Package":"github.com/Hubujiu/WeaveOS/services/bff/internal/flowcommands","Test":"TestRootExecutionPayloadMatchesIndependentGoldenBytes","Elapsed":0}
{"Time":"2026-10-05T08:44:44.729575278Z","Action":"run","Package":"github.com/Hubujiu/WeaveOS/services/bff/internal/flowcommands","Test":"TestRootExecutionPayloadCanonicalizesWithoutMutatingCaller"}
{"Time":"2026-10-05T08:44:44.72957667Z","Action":"output","Package":"github.com/Hubujiu/WeaveOS/services/bff/internal/flowcommands","Test":"TestRootExecutionPayloadCanonicalizesWithoutMutatingCaller","Output":"=== RUN   TestRootExecutionPayloadCanonicalizesWithoutMutatingCaller\n","OutputType":"frame"}
{"Time":"2026-10-05T08:44:44.729578973Z","Action":"output","Package":"github.com/Hubujiu/WeaveOS/services/bff/internal/flowcommands","Test":"TestRootExecutionPayloadCanonicalizesWithoutMutatingCaller","Output":"--- PASS: TestRootExecutionPayloadCanonicalizesWithoutMutatingCaller (0.00s)\n","OutputType":"frame"}
{"Time":"2026-10-05T08:44:44.729580456Z","Action":"pass","Package":"github.com/Hubujiu/WeaveOS/services/bff/internal/flowcommands","Test":"TestRootExecutionPayloadCanonicalizesWithoutMutatingCaller","Elapsed":0}
{"Time":"2026-10-05T08:44:44.729581838Z","Action":"run","Package":"github.com/Hubujiu/WeaveOS/services/bff/internal/flowcommands","Test":"TestRootExecutionPayloadRejectsInvalidActionConfigurationAndIdentities"}
{"Time":"2026-10-05T08:44:44.72958305Z","Action":"output","Package":"github.com/Hubujiu/WeaveOS/services/bff/internal/flowcommands","Test":"TestRootExecutionPayloadRejectsInvalidActionConfigurationAndIdentities","Output":"=== RUN   TestRootExecutionPayloadRejectsInvalidActionConfigurationAndIdentities\n","OutputType":"frame"}
{"Time":"2026-10-05T08:44:44.729585633Z","Action":"output","Package":"github.com/Hubujiu/WeaveOS/services/bff/internal/flowcommands","Test":"TestRootExecutionPayloadRejectsInvalidActionConfigurationAndIdentities","Output":"--- PASS: TestRootExecutionPayloadRejectsInvalidActionConfigurationAndIdentities (0.00s)\n","OutputType":"frame"}
{"Time":"2026-10-05T08:44:44.7295966Z","Action":"pass","Package":"github.com/Hubujiu/WeaveOS/services/bff/internal/flowcommands","Test":"TestRootExecutionPayloadRejectsInvalidActionConfigurationAndIdentities","Elapsed":0}
{"Time":"2026-10-05T08:44:44.729598122Z","Action":"run","Package":"github.com/Hubujiu/WeaveOS/services/bff/internal/flowcommands","Test":"TestRootExecutionPayloadAllowsAllKnownNonstartActionsAndEmptyGraph"}
{"Time":"2026-10-05T08:44:44.729599394Z","Action":"output","Package":"github.com/Hubujiu/WeaveOS/services/bff/internal/flowcommands","Test":"TestRootExecutionPayloadAllowsAllKnownNonstartActionsAndEmptyGraph","Output":"=== RUN   TestRootExecutionPayloadAllowsAllKnownNonstartActionsAndEmptyGraph\n","OutputType":"frame"}
{"Time":"2026-10-05T08:44:44.729601898Z","Action":"output","Package":"github.com/Hubujiu/WeaveOS/services/bff/internal/flowcommands","Test":"TestRootExecutionPayloadAllowsAllKnownNonstartActionsAndEmptyGraph","Output":"--- PASS: TestRootExecutionPayloadAllowsAllKnownNonstartActionsAndEmptyGraph (0.00s)\n","OutputType":"frame"}
{"Time":"2026-10-05T08:44:44.72960357Z","Action":"pass","Package":"github.com/Hubujiu/WeaveOS/services/bff/internal/flowcommands","Test":"TestRootExecutionPayloadAllowsAllKnownNonstartActionsAndEmptyGraph","Elapsed":0}
{"Time":"2026-10-05T08:44:44.729605003Z","Action":"run","Package":"github.com/Hubujiu/WeaveOS/services/bff/internal/flowcommands","Test":"TestRootExecutionPayloadUpperBoundsRemainWithinProtocolLimit"}
{"Time":"2026-10-05T08:44:44.729606755Z","Action":"output","Package":"github.com/Hubujiu/WeaveOS/services/bff/internal/flowcommands","Test":"TestRootExecutionPayloadUpperBoundsRemainWithinProtocolLimit","Output":"=== RUN   TestRootExecutionPayloadUpperBoundsRemainWithinProtocolLimit\n","OutputType":"frame"}
{"Time":"2026-10-05T08:44:44.742441685Z","Action":"output","Package":"github.com/Hubujiu/WeaveOS/services/bff/internal/flowcommands","Test":"TestRootExecutionPayloadUpperBoundsRemainWithinProtocolLimit","Output":"--- PASS: TestRootExecutionPayloadUpperBoundsRemainWithinProtocolLimit (0.01s)\n","OutputType":"frame"}
{"Time":"2026-10-05T08:44:44.742501646Z","Action":"pass","Package":"github.com/Hubujiu/WeaveOS/services/bff/internal/flowcommands","Test":"TestRootExecutionPayloadUpperBoundsRemainWithinProtocolLimit","Elapsed":0.01}
{"Time":"2026-10-05T08:44:44.742527364Z","Action":"run","Package":"github.com/Hubujiu/WeaveOS/services/bff/internal/flowcommands","Test":"TestRootExecutionResultDecodesEveryFixedGoldenState"}
{"Time":"2026-10-05T08:44:44.742536248Z","Action":"output","Package":"github.com/Hubujiu/WeaveOS/services/bff/internal/flowcommands","Test":"TestRootExecutionResultDecodesEveryFixedGoldenState","Output":"=== RUN   TestRootExecutionResultDecodesEveryFixedGoldenState\n","OutputType":"frame"}
{"Time":"2026-10-05T08:44:44.742926636Z","Action":"run","Package":"github.com/Hubujiu/WeaveOS/services/bff/internal/flowcommands","Test":"TestRootExecutionResultDecodesEveryFixedGoldenState/active"}
{"Time":"2026-10-05T08:44:44.742937242Z","Action":"output","Package":"github.com/Hubujiu/WeaveOS/services/bff/internal/flowcommands","Test":"TestRootExecutionResultDecodesEveryFixedGoldenState/active","Output":"=== RUN   TestRootExecutionResultDecodesEveryFixedGoldenState/active\n","OutputType":"frame"}
{"Time":"2026-10-05T08:44:44.743139958Z","Action":"output","Package":"github.com/Hubujiu/WeaveOS/services/bff/internal/flowcommands","Test":"TestRootExecutionResultDecodesEveryFixedGoldenState/active","Output":"--- PASS: TestRootExecutionResultDecodesEveryFixedGoldenState/active (0.00s)\n","OutputType":"frame"}
{"Time":"2026-10-05T08:44:44.743182422Z","Action":"pass","Package":"github.com/Hubujiu/WeaveOS/services/bff/internal/flowcommands","Test":"TestRootExecutionResultDecodesEveryFixedGoldenState/active","Elapsed":0}
{"Time":"2026-10-05T08:44:44.743208431Z","Action":"run","Package":"github.com/Hubujiu/WeaveOS/services/bff/internal/flowcommands","Test":"TestRootExecutionResultDecodesEveryFixedGoldenState/completed"}
{"Time":"2026-10-05T08:44:44.743217094Z","Action":"output","Package":"github.com/Hubujiu/WeaveOS/services/bff/internal/flowcommands","Test":"TestRootExecutionResultDecodesEveryFixedGoldenState/completed","Output":"=== RUN   TestRootExecutionResultDecodesEveryFixedGoldenState/completed\n","OutputType":"frame"}
{"Time":"2026-10-05T08:44:44.74332024Z","Action":"output","Package":"github.com/Hubujiu/WeaveOS/services/bff/internal/flowcommands","Test":"TestRootExecutionResultDecodesEveryFixedGoldenState/completed","Output":"--- PASS: TestRootExecutionResultDecodesEveryFixedGoldenState/completed (0.00s)\n","OutputType":"frame"}
{"Time":"2026-10-05T08:44:44.74334692Z","Action":"pass","Package":"github.com/Hubujiu/WeaveOS/services/bff/internal/flowcommands","Test":"TestRootExecutionResultDecodesEveryFixedGoldenState/completed","Elapsed":0}
{"Time":"2026-10-05T08:44:44.743364797Z","Action":"run","Package":"github.com/Hubujiu/WeaveOS/services/bff/internal/flowcommands","Test":"TestRootExecutionResultDecodesEveryFixedGoldenState/rejected"}
{"Time":"2026-10-05T08:44:44.743372008Z","Action":"output","Package":"github.com/Hubujiu/WeaveOS/services/bff/internal/flowcommands","Test":"TestRootExecutionResultDecodesEveryFixedGoldenState/rejected","Output":"=== RUN   TestRootExecutionResultDecodesEveryFixedGoldenState/rejected\n","OutputType":"frame"}
{"Time":"2026-10-05T08:44:44.743467592Z","Action":"output","Package":"github.com/Hubujiu/WeaveOS/services/bff/internal/flowcommands","Test":"TestRootExecutionResultDecodesEveryFixedGoldenState/rejected","Output":"--- PASS: TestRootExecutionResultDecodesEveryFixedGoldenState/rejected (0.00s)\n","OutputType":"frame"}
{"Time":"2026-10-05T08:44:44.743493391Z","Action":"pass","Package":"github.com/Hubujiu/WeaveOS/services/bff/internal/flowcommands","Test":"TestRootExecutionResultDecodesEveryFixedGoldenState/rejected","Elapsed":0}
{"Time":"2026-10-05T08:44:44.743516125Z","Action":"run","Package":"github.com/Hubujiu/WeaveOS/services/bff/internal/flowcommands","Test":"TestRootExecutionResultDecodesEveryFixedGoldenState/withdrawn"}
{"Time":"2026-10-05T08:44:44.743521984Z","Action":"output","Package":"github.com/Hubujiu/WeaveOS/services/bff/internal/flowcommands","Test":"TestRootExecutionResultDecodesEveryFixedGoldenState/withdrawn","Output":"=== RUN   TestRootExecutionResultDecodesEveryFixedGoldenState/withdrawn\n","OutputType":"frame"}
{"Time":"2026-10-05T08:44:44.743617248Z","Action":"output","Package":"github.com/Hubujiu/WeaveOS/services/bff/internal/flowcommands","Test":"TestRootExecutionResultDecodesEveryFixedGoldenState/withdrawn","Output":"--- PASS: TestRootExecutionResultDecodesEveryFixedGoldenState/withdrawn (0.00s)\n","OutputType":"frame"}
{"Time":"2026-10-05T08:44:44.743647183Z","Action":"pass","Package":"github.com/Hubujiu/WeaveOS/services/bff/internal/flowcommands","Test":"TestRootExecutionResultDecodesEveryFixedGoldenState/withdrawn","Elapsed":0}
{"Time":"2026-10-05T08:44:44.743664318Z","Action":"run","Package":"github.com/Hubujiu/WeaveOS/services/bff/internal/flowcommands","Test":"TestRootExecutionResultDecodesEveryFixedGoldenState/no_effect"}
{"Time":"2026-10-05T08:44:44.743670648Z","Action":"output","Package":"github.com/Hubujiu/WeaveOS/services/bff/internal/flowcommands","Test":"TestRootExecutionResultDecodesEveryFixedGoldenState/no_effect","Output":"=== RUN   TestRootExecutionResultDecodesEveryFixedGoldenState/no_effect\n","OutputType":"frame"}
{"Time":"2026-10-05T08:44:44.743763758Z","Action":"output","Package":"github.com/Hubujiu/WeaveOS/services/bff/internal/flowcommands","Test":"TestRootExecutionResultDecodesEveryFixedGoldenState/no_effect","Output":"--- PASS: TestRootExecutionResultDecodesEveryFixedGoldenState/no_effect (0.00s)\n","OutputType":"frame"}
{"Time":"2026-10-05T08:44:44.743790338Z","Action":"pass","Package":"github.com/Hubujiu/WeaveOS/services/bff/internal/flowcommands","Test":"TestRootExecutionResultDecodesEveryFixedGoldenState/no_effect","Elapsed":0}
{"Time":"2026-10-05T08:44:44.743980365Z","Action":"output","Package":"github.com/Hubujiu/WeaveOS/services/bff/internal/flowcommands","Test":"TestRootExecutionResultDecodesEveryFixedGoldenState","Output":"--- PASS: TestRootExecutionResultDecodesEveryFixedGoldenState (0.00s)\n","OutputType":"frame"}
{"Time":"2026-10-05T08:44:44.745504232Z","Action":"pass","Package":"github.com/Hubujiu/WeaveOS/services/bff/internal/flowcommands","Test":"TestRootExecutionResultDecodesEveryFixedGoldenState","Elapsed":0}
{"Time":"2026-10-05T08:44:44.745516511Z","Action":"run","Package":"github.com/Hubujiu/WeaveOS/services/bff/internal/flowcommands","Test":"TestRootExecutionResultValidatesExistingReceiptBindingsAndSequence"}
{"Time":"2026-10-05T08:44:44.745518704Z","Action":"output","Package":"github.com/Hubujiu/WeaveOS/services/bff/internal/flowcommands","Test":"TestRootExecutionResultValidatesExistingReceiptBindingsAndSequence","Output":"=== RUN   TestRootExecutionResultValidatesExistingReceiptBindingsAndSequence\n","OutputType":"frame"}
{"Time":"2026-10-05T08:44:44.745523982Z","Action":"output","Package":"github.com/Hubujiu/WeaveOS/services/bff/internal/flowcommands","Test":"TestRootExecutionResultValidatesExistingReceiptBindingsAndSequence","Output":"--- PASS: TestRootExecutionResultValidatesExistingReceiptBindingsAndSequence (0.00s)\n","OutputType":"frame"}
{"Time":"2026-10-05T08:44:44.745526245Z","Action":"pass","Package":"github.com/Hubujiu/WeaveOS/services/bff/internal/flowcommands","Test":"TestRootExecutionResultValidatesExistingReceiptBindingsAndSequence","Elapsed":0}
{"Time":"2026-10-05T08:44:44.745528118Z","Action":"run","Package":"github.com/Hubujiu/WeaveOS/services/bff/internal/flowcommands","Test":"TestRootExecutionResultRejectsEvenAValidLegacyV1Command"}
{"Time":"2026-10-05T08:44:44.745531323Z","Action":"output","Package":"github.com/Hubujiu/WeaveOS/services/bff/internal/flowcommands","Test":"TestRootExecutionResultRejectsEvenAValidLegacyV1Command","Output":"=== RUN   TestRootExecutionResultRejectsEvenAValidLegacyV1Command\n","OutputType":"frame"}
{"Time":"2026-10-05T08:44:44.745533607Z","Action":"output","Package":"github.com/Hubujiu/WeaveOS/services/bff/internal/flowcommands","Test":"TestRootExecutionResultRejectsEvenAValidLegacyV1Command","Output":"--- PASS: TestRootExecutionResultRejectsEvenAValidLegacyV1Command (0.00s)\n","OutputType":"frame"}
{"Time":"2026-10-05T08:44:44.745535229Z","Action":"pass","Package":"github.com/Hubujiu/WeaveOS/services/bff/internal/flowcommands","Test":"TestRootExecutionResultRejectsEvenAValidLegacyV1Command","Elapsed":0}
{"Time":"2026-10-05T08:44:44.745537152Z","Action":"run","Package":"github.com/Hubujiu/WeaveOS/services/bff/internal/flowcommands","Test":"TestRootExecutionResultRejectsEveryTruncationTailPrefixAndOversize"}
{"Time":"2026-10-05T08:44:44.745539626Z","Action":"output","Package":"github.com/Hubujiu/WeaveOS/services/bff/internal/flowcommands","Test":"TestRootExecutionResultRejectsEveryTruncationTailPrefixAndOversize","Output":"=== RUN   TestRootExecutionResultRejectsEveryTruncationTailPrefixAndOversize\n","OutputType":"frame"}
{"Time":"2026-10-05T08:44:44.752440109Z","Action":"output","Package":"github.com/Hubujiu/WeaveOS/services/bff/internal/flowcommands","Test":"TestRootExecutionResultRejectsEveryTruncationTailPrefixAndOversize","Output":"--- PASS: TestRootExecutionResultRejectsEveryTruncationTailPrefixAndOversize (0.01s)\n","OutputType":"frame"}
{"Time":"2026-10-05T08:44:44.752487901Z","Action":"pass","Package":"github.com/Hubujiu/WeaveOS/services/bff/internal/flowcommands","Test":"TestRootExecutionResultRejectsEveryTruncationTailPrefixAndOversize","Elapsed":0.01}
{"Time":"2026-10-05T08:44:44.752510225Z","Action":"run","Package":"github.com/Hubujiu/WeaveOS/services/bff/internal/flowcommands","Test":"TestRootExecutionResultRejectsInvalidTaskSetsAndStateShape"}
{"Time":"2026-10-05T08:44:44.752519389Z","Action":"output","Package":"github.com/Hubujiu/WeaveOS/services/bff/internal/flowcommands","Test":"TestRootExecutionResultRejectsInvalidTaskSetsAndStateShape","Output":"=== RUN   TestRootExecutionResultRejectsInvalidTaskSetsAndStateShape\n","OutputType":"frame"}
{"Time":"2026-10-05T08:44:44.75360822Z","Action":"output","Package":"github.com/Hubujiu/WeaveOS/services/bff/internal/flowcommands","Test":"TestRootExecutionResultRejectsInvalidTaskSetsAndStateShape","Output":"--- PASS: TestRootExecutionResultRejectsInvalidTaskSetsAndStateShape (0.00s)\n","OutputType":"frame"}
{"Time":"2026-10-05T08:44:44.753648381Z","Action":"pass","Package":"github.com/Hubujiu/WeaveOS/services/bff/internal/flowcommands","Test":"TestRootExecutionResultRejectsInvalidTaskSetsAndStateShape","Elapsed":0}
{"Time":"2026-10-05T08:44:44.753667139Z","Action":"run","Package":"github.com/Hubujiu/WeaveOS/services/bff/internal/flowcommands","Test":"TestRootExecutionResultRejectsLengthBombsBeforeAllocation"}
{"Time":"2026-10-05T08:44:44.753676012Z","Action":"output","Package":"github.com/Hubujiu/WeaveOS/services/bff/internal/flowcommands","Test":"TestRootExecutionResultRejectsLengthBombsBeforeAllocation","Output":"=== RUN   TestRootExecutionResultRejectsLengthBombsBeforeAllocation\n","OutputType":"frame"}
{"Time":"2026-10-05T08:44:44.754227584Z","Action":"output","Package":"github.com/Hubujiu/WeaveOS/services/bff/internal/flowcommands","Test":"TestRootExecutionResultRejectsLengthBombsBeforeAllocation","Output":"--- PASS: TestRootExecutionResultRejectsLengthBombsBeforeAllocation (0.00s)\n","OutputType":"frame"}
{"Time":"2026-10-05T08:44:44.754268836Z","Action":"pass","Package":"github.com/Hubujiu/WeaveOS/services/bff/internal/flowcommands","Test":"TestRootExecutionResultRejectsLengthBombsBeforeAllocation","Elapsed":0}
{"Time":"2026-10-05T08:44:44.754295646Z","Action":"run","Package":"github.com/Hubujiu/WeaveOS/services/bff/internal/flowcommands","Test":"TestRootExecutionResultRequiresOutcomeAndStateAgreement"}
{"Time":"2026-10-05T08:44:44.754301916Z","Action":"output","Package":"github.com/Hubujiu/WeaveOS/services/bff/internal/flowcommands","Test":"TestRootExecutionResultRequiresOutcomeAndStateAgreement","Output":"=== RUN   TestRootExecutionResultRequiresOutcomeAndStateAgreement\n","OutputType":"frame"}
{"Time":"2026-10-05T08:44:44.754842861Z","Action":"output","Package":"github.com/Hubujiu/WeaveOS/services/bff/internal/flowcommands","Test":"TestRootExecutionResultRequiresOutcomeAndStateAgreement","Output":"--- PASS: TestRootExecutionResultRequiresOutcomeAndStateAgreement (0.00s)\n","OutputType":"frame"}
{"Time":"2026-10-05T08:44:44.754882812Z","Action":"pass","Package":"github.com/Hubujiu/WeaveOS/services/bff/internal/flowcommands","Test":"TestRootExecutionResultRequiresOutcomeAndStateAgreement","Elapsed":0}
{"Time":"2026-10-05T08:44:44.754906167Z","Action":"run","Package":"github.com/Hubujiu/WeaveOS/services/bff/internal/flowcommands","Test":"TestRootExecutionResultAllowsOnlyFrozenNoEffectReasons"}
{"Time":"2026-10-05T08:44:44.754914369Z","Action":"output","Package":"github.com/Hubujiu/WeaveOS/services/bff/internal/flowcommands","Test":"TestRootExecutionResultAllowsOnlyFrozenNoEffectReasons","Output":"=== RUN   TestRootExecutionResultAllowsOnlyFrozenNoEffectReasons\n","OutputType":"frame"}
{"Time":"2026-10-05T08:44:44.75547894Z","Action":"output","Package":"github.com/Hubujiu/WeaveOS/services/bff/internal/flowcommands","Test":"TestRootExecutionResultAllowsOnlyFrozenNoEffectReasons","Output":"--- PASS: TestRootExecutionResultAllowsOnlyFrozenNoEffectReasons (0.00s)\n","OutputType":"frame"}
{"Time":"2026-10-05T08:44:44.755517909Z","Action":"pass","Package":"github.com/Hubujiu/WeaveOS/services/bff/internal/flowcommands","Test":"TestRootExecutionResultAllowsOnlyFrozenNoEffectReasons","Elapsed":0}
{"Time":"2026-10-05T08:44:44.755542266Z","Action":"run","Package":"github.com/Hubujiu/WeaveOS/services/bff/internal/flowcommands","Test":"TestRootExecutionResultDoesNotAliasInputOrOtherDecodeResults"}
{"Time":"2026-10-05T08:44:44.755548605Z","Action":"output","Package":"github.com/Hubujiu/WeaveOS/services/bff/internal/flowcommands","Test":"TestRootExecutionResultDoesNotAliasInputOrOtherDecodeResults","Output":"=== RUN   TestRootExecutionResultDoesNotAliasInputOrOtherDecodeResults\n","OutputType":"frame"}
{"Time":"2026-10-05T08:44:44.756080888Z","Action":"output","Package":"github.com/Hubujiu/WeaveOS/services/bff/internal/flowcommands","Test":"TestRootExecutionResultDoesNotAliasInputOrOtherDecodeResults","Output":"--- PASS: TestRootExecutionResultDoesNotAliasInputOrOtherDecodeResults (0.00s)\n","OutputType":"frame"}
{"Time":"2026-10-05T08:44:44.756119005Z","Action":"pass","Package":"github.com/Hubujiu/WeaveOS/services/bff/internal/flowcommands","Test":"TestRootExecutionResultDoesNotAliasInputOrOtherDecodeResults","Elapsed":0}
{"Time":"2026-10-05T08:44:44.756143542Z","Action":"run","Package":"github.com/Hubujiu/WeaveOS/services/bff/internal/flowcommands","Test":"TestRootExecutionResultBoundsTaskCount"}
{"Time":"2026-10-05T08:44:44.756149722Z","Action":"output","Package":"github.com/Hubujiu/WeaveOS/services/bff/internal/flowcommands","Test":"TestRootExecutionResultBoundsTaskCount","Output":"=== RUN   TestRootExecutionResultBoundsTaskCount\n","OutputType":"frame"}
{"Time":"2026-10-05T08:44:44.75768074Z","Action":"output","Package":"github.com/Hubujiu/WeaveOS/services/bff/internal/flowcommands","Test":"TestRootExecutionResultBoundsTaskCount","Output":"--- PASS: TestRootExecutionResultBoundsTaskCount (0.00s)\n","OutputType":"frame"}
{"Time":"2026-10-05T08:44:44.757723634Z","Action":"pass","Package":"github.com/Hubujiu/WeaveOS/services/bff/internal/flowcommands","Test":"TestRootExecutionResultBoundsTaskCount","Elapsed":0}
{"Time":"2026-10-05T08:44:44.757742423Z","Action":"run","Package":"github.com/Hubujiu/WeaveOS/services/bff/internal/flowcommands","Test":"TestRootV2LedgerRoundTripAndExactTerminalReplay"}
{"Time":"2026-10-05T08:44:44.757748762Z","Action":"output","Package":"github.com/Hubujiu/WeaveOS/services/bff/internal/flowcommands","Test":"TestRootV2LedgerRoundTripAndExactTerminalReplay","Output":"=== RUN   TestRootV2LedgerRoundTripAndExactTerminalReplay\n","OutputType":"frame"}
{"Time":"2026-10-05T08:44:44.780621987Z","Action":"output","Package":"github.com/Hubujiu/WeaveOS/services/bff/internal/flowcommands","Test":"TestRootV2LedgerRoundTripAndExactTerminalReplay","Output":"--- PASS: TestRootV2LedgerRoundTripAndExactTerminalReplay (0.02s)\n","OutputType":"frame"}
{"Time":"2026-10-05T08:44:44.780689839Z","Action":"pass","Package":"github.com/Hubujiu/WeaveOS/services/bff/internal/flowcommands","Test":"TestRootV2LedgerRoundTripAndExactTerminalReplay","Elapsed":0.02}
{"Time":"2026-10-05T08:44:44.780717851Z","Action":"run","Package":"github.com/Hubujiu/WeaveOS/services/bff/internal/flowcommands","Test":"TestRootV2LedgerBindingConflictKeepsOriginal"}
{"Time":"2026-10-05T08:44:44.780720205Z","Action":"output","Package":"github.com/Hubujiu/WeaveOS/services/bff/internal/flowcommands","Test":"TestRootV2LedgerBindingConflictKeepsOriginal","Output":"=== RUN   TestRootV2LedgerBindingConflictKeepsOriginal\n","OutputType":"frame"}
{"Time":"2026-10-05T08:44:44.806209067Z","Action":"output","Package":"github.com/Hubujiu/WeaveOS/services/bff/internal/flowcommands","Test":"TestRootV2LedgerBindingConflictKeepsOriginal","Output":"--- PASS: TestRootV2LedgerBindingConflictKeepsOriginal (0.03s)\n","OutputType":"frame"}
{"Time":"2026-10-05T08:44:44.806318311Z","Action":"pass","Package":"github.com/Hubujiu/WeaveOS/services/bff/internal/flowcommands","Test":"TestRootV2LedgerBindingConflictKeepsOriginal","Elapsed":0.03}
{"Time":"2026-10-05T08:44:44.806397751Z","Action":"run","Package":"github.com/Hubujiu/WeaveOS/services/bff/internal/flowcommands","Test":"TestRootV2LedgerProjectionFailureRollsBack"}
{"Time":"2026-10-05T08:44:44.806412033Z","Action":"output","Package":"github.com/Hubujiu/WeaveOS/services/bff/internal/flowcommands","Test":"TestRootV2LedgerProjectionFailureRollsBack","Output":"=== RUN   TestRootV2LedgerProjectionFailureRollsBack\n","OutputType":"frame"}
{"Time":"2026-10-05T08:44:44.827424296Z","Action":"output","Package":"github.com/Hubujiu/WeaveOS/services/bff/internal/flowcommands","Test":"TestRootV2LedgerProjectionFailureRollsBack","Output":"--- PASS: TestRootV2LedgerProjectionFailureRollsBack (0.02s)\n","OutputType":"frame"}
{"Time":"2026-10-05T08:44:44.827492649Z","Action":"pass","Package":"github.com/Hubujiu/WeaveOS/services/bff/internal/flowcommands","Test":"TestRootV2LedgerProjectionFailureRollsBack","Elapsed":0.02}
{"Time":"2026-10-05T08:44:44.827523305Z","Action":"run","Package":"github.com/Hubujiu/WeaveOS/services/bff/internal/flowcommands","Test":"TestRootFormalMigrationDownSeesConcurrentAcceptedHistory"}
{"Time":"2026-10-05T08:44:44.827525388Z","Action":"output","Package":"github.com/Hubujiu/WeaveOS/services/bff/internal/flowcommands","Test":"TestRootFormalMigrationDownSeesConcurrentAcceptedHistory","Output":"=== RUN   TestRootFormalMigrationDownSeesConcurrentAcceptedHistory\n","OutputType":"frame"}
{"Time":"2026-10-05T08:44:44.864438674Z","Action":"output","Package":"github.com/Hubujiu/WeaveOS/services/bff/internal/flowcommands","Test":"TestRootFormalMigrationDownSeesConcurrentAcceptedHistory","Output":"--- PASS: TestRootFormalMigrationDownSeesConcurrentAcceptedHistory (0.04s)\n","OutputType":"frame"}
{"Time":"2026-10-05T08:44:44.86447549Z","Action":"pass","Package":"github.com/Hubujiu/WeaveOS/services/bff/internal/flowcommands","Test":"TestRootFormalMigrationDownSeesConcurrentAcceptedHistory","Elapsed":0.04}
{"Time":"2026-10-05T08:44:44.864487137Z","Action":"run","Package":"github.com/Hubujiu/WeaveOS/services/bff/internal/flowcommands","Test":"TestRootV2CanonicalGoldenVectors"}
{"Time":"2026-10-05T08:44:44.864489441Z","Action":"output","Package":"github.com/Hubujiu/WeaveOS/services/bff/internal/flowcommands","Test":"TestRootV2CanonicalGoldenVectors","Output":"=== RUN   TestRootV2CanonicalGoldenVectors\n","OutputType":"frame"}
{"Time":"2026-10-05T08:44:44.869499925Z","Action":"run","Package":"github.com/Hubujiu/WeaveOS/services/bff/internal/flowcommands","Test":"TestRootV2CanonicalGoldenVectors/legacy_v1"}
{"Time":"2026-10-05T08:44:44.869518202Z","Action":"output","Package":"github.com/Hubujiu/WeaveOS/services/bff/internal/flowcommands","Test":"TestRootV2CanonicalGoldenVectors/legacy_v1","Output":"=== RUN   TestRootV2CanonicalGoldenVectors/legacy_v1\n","OutputType":"frame"}
{"Time":"2026-10-05T08:44:44.869523901Z","Action":"output","Package":"github.com/Hubujiu/WeaveOS/services/bff/internal/flowcommands","Test":"TestRootV2CanonicalGoldenVectors/legacy_v1","Output":"--- PASS: TestRootV2CanonicalGoldenVectors/legacy_v1 (0.00s)\n","OutputType":"frame"}
{"Time":"2026-10-05T08:44:44.869526455Z","Action":"pass","Package":"github.com/Hubujiu/WeaveOS/services/bff/internal/flowcommands","Test":"TestRootV2CanonicalGoldenVectors/legacy_v1","Elapsed":0}
{"Time":"2026-10-05T08:44:44.869528718Z","Action":"run","Package":"github.com/Hubujiu/WeaveOS/services/bff/internal/flowcommands","Test":"TestRootV2CanonicalGoldenVectors/v2_agree"}
{"Time":"2026-10-05T08:44:44.869530251Z","Action":"output","Package":"github.com/Hubujiu/WeaveOS/services/bff/internal/flowcommands","Test":"TestRootV2CanonicalGoldenVectors/v2_agree","Output":"=== RUN   TestRootV2CanonicalGoldenVectors/v2_agree\n","OutputType":"frame"}
{"Time":"2026-10-05T08:44:44.869532614Z","Action":"output","Package":"github.com/Hubujiu/WeaveOS/services/bff/internal/flowcommands","Test":"TestRootV2CanonicalGoldenVectors/v2_agree","Output":"--- PASS: TestRootV2CanonicalGoldenVectors/v2_agree (0.00s)\n","OutputType":"frame"}
{"Time":"2026-10-05T08:44:44.869534367Z","Action":"pass","Package":"github.com/Hubujiu/WeaveOS/services/bff/internal/flowcommands","Test":"TestRootV2CanonicalGoldenVectors/v2_agree","Elapsed":0}
{"Time":"2026-10-05T08:44:44.869535939Z","Action":"run","Package":"github.com/Hubujiu/WeaveOS/services/bff/internal/flowcommands","Test":"TestRootV2CanonicalGoldenVectors/v2_reject"}
{"Time":"2026-10-05T08:44:44.869537441Z","Action":"output","Package":"github.com/Hubujiu/WeaveOS/services/bff/internal/flowcommands","Test":"TestRootV2CanonicalGoldenVectors/v2_reject","Output":"=== RUN   TestRootV2CanonicalGoldenVectors/v2_reject\n","OutputType":"frame"}
{"Time":"2026-10-05T08:44:44.869539675Z","Action":"output","Package":"github.com/Hubujiu/WeaveOS/services/bff/internal/flowcommands","Test":"TestRootV2CanonicalGoldenVectors/v2_reject","Output":"--- PASS: TestRootV2CanonicalGoldenVectors/v2_reject (0.00s)\n","OutputType":"frame"}
{"Time":"2026-10-05T08:44:44.869541448Z","Action":"pass","Package":"github.com/Hubujiu/WeaveOS/services/bff/internal/flowcommands","Test":"TestRootV2CanonicalGoldenVectors/v2_reject","Elapsed":0}
{"Time":"2026-10-05T08:44:44.869542659Z","Action":"run","Package":"github.com/Hubujiu/WeaveOS/services/bff/internal/flowcommands","Test":"TestRootV2CanonicalGoldenVectors/v2_start"}
{"Time":"2026-10-05T08:44:44.869543791Z","Action":"output","Package":"github.com/Hubujiu/WeaveOS/services/bff/internal/flowcommands","Test":"TestRootV2CanonicalGoldenVectors/v2_start","Output":"=== RUN   TestRootV2CanonicalGoldenVectors/v2_start\n","OutputType":"frame"}
{"Time":"2026-10-05T08:44:44.869545914Z","Action":"output","Package":"github.com/Hubujiu/WeaveOS/services/bff/internal/flowcommands","Test":"TestRootV2CanonicalGoldenVectors/v2_start","Output":"--- PASS: TestRootV2CanonicalGoldenVectors/v2_start (0.00s)\n","OutputType":"frame"}
{"Time":"2026-10-05T08:44:44.869547457Z","Action":"pass","Package":"github.com/Hubujiu/WeaveOS/services/bff/internal/flowcommands","Test":"TestRootV2CanonicalGoldenVectors/v2_start","Elapsed":0}
{"Time":"2026-10-05T08:44:44.86954945Z","Action":"run","Package":"github.com/Hubujiu/WeaveOS/services/bff/internal/flowcommands","Test":"TestRootV2CanonicalGoldenVectors/v2_withdraw"}
{"Time":"2026-10-05T08:44:44.869550661Z","Action":"output","Package":"github.com/Hubujiu/WeaveOS/services/bff/internal/flowcommands","Test":"TestRootV2CanonicalGoldenVectors/v2_withdraw","Output":"=== RUN   TestRootV2CanonicalGoldenVectors/v2_withdraw\n","OutputType":"frame"}
{"Time":"2026-10-05T08:44:44.869552464Z","Action":"output","Package":"github.com/Hubujiu/WeaveOS/services/bff/internal/flowcommands","Test":"TestRootV2CanonicalGoldenVectors/v2_withdraw","Output":"--- PASS: TestRootV2CanonicalGoldenVectors/v2_withdraw (0.00s)\n","OutputType":"frame"}
{"Time":"2026-10-05T08:44:44.869553966Z","Action":"pass","Package":"github.com/Hubujiu/WeaveOS/services/bff/internal/flowcommands","Test":"TestRootV2CanonicalGoldenVectors/v2_withdraw","Elapsed":0}
{"Time":"2026-10-05T08:44:44.869555429Z","Action":"run","Package":"github.com/Hubujiu/WeaveOS/services/bff/internal/flowcommands","Test":"TestRootV2CanonicalGoldenVectors/v2_return"}
{"Time":"2026-10-05T08:44:44.86955654Z","Action":"output","Package":"github.com/Hubujiu/WeaveOS/services/bff/internal/flowcommands","Test":"TestRootV2CanonicalGoldenVectors/v2_return","Output":"=== RUN   TestRootV2CanonicalGoldenVectors/v2_return\n","OutputType":"frame"}
{"Time":"2026-10-05T08:44:44.869558563Z","Action":"output","Package":"github.com/Hubujiu/WeaveOS/services/bff/internal/flowcommands","Test":"TestRootV2CanonicalGoldenVectors/v2_return","Output":"--- PASS: TestRootV2CanonicalGoldenVectors/v2_return (0.00s)\n","OutputType":"frame"}
{"Time":"2026-10-05T08:44:44.869560406Z","Action":"pass","Package":"github.com/Hubujiu/WeaveOS/services/bff/internal/flowcommands","Test":"TestRootV2CanonicalGoldenVectors/v2_return","Elapsed":0}
{"Time":"2026-10-05T08:44:44.869562429Z","Action":"output","Package":"github.com/Hubujiu/WeaveOS/services/bff/internal/flowcommands","Test":"TestRootV2CanonicalGoldenVectors","Output":"--- PASS: TestRootV2CanonicalGoldenVectors (0.00s)\n","OutputType":"frame"}
{"Time":"2026-10-05T08:44:44.869571373Z","Action":"pass","Package":"github.com/Hubujiu/WeaveOS/services/bff/internal/flowcommands","Test":"TestRootV2CanonicalGoldenVectors","Elapsed":0}
{"Time":"2026-10-05T08:44:44.869572885Z","Action":"run","Package":"github.com/Hubujiu/WeaveOS/services/bff/internal/flowcommands","Test":"TestRootV2EveryBindingChangesFingerprint"}
{"Time":"2026-10-05T08:44:44.869574067Z","Action":"output","Package":"github.com/Hubujiu/WeaveOS/services/bff/internal/flowcommands","Test":"TestRootV2EveryBindingChangesFingerprint","Output":"=== RUN   TestRootV2EveryBindingChangesFingerprint\n","OutputType":"frame"}
{"Time":"2026-10-05T08:44:44.869575619Z","Action":"run","Package":"github.com/Hubujiu/WeaveOS/services/bff/internal/flowcommands","Test":"TestRootV2EveryBindingChangesFingerprint/0"}
{"Time":"2026-10-05T08:44:44.86958267Z","Action":"output","Package":"github.com/Hubujiu/WeaveOS/services/bff/internal/flowcommands","Test":"TestRootV2EveryBindingChangesFingerprint/0","Output":"=== RUN   TestRootV2EveryBindingChangesFingerprint/0\n","OutputType":"frame"}
{"Time":"2026-10-05T08:44:44.86958936Z","Action":"output","Package":"github.com/Hubujiu/WeaveOS/services/bff/internal/flowcommands","Test":"TestRootV2EveryBindingChangesFingerprint/0","Output":"--- PASS: TestRootV2EveryBindingChangesFingerprint/0 (0.00s)\n","OutputType":"frame"}
{"Time":"2026-10-05T08:44:44.869594988Z","Action":"pass","Package":"github.com/Hubujiu/WeaveOS/services/bff/internal/flowcommands","Test":"TestRootV2EveryBindingChangesFingerprint/0","Elapsed":0}
{"Time":"2026-10-05T08:44:44.869597422Z","Action":"run","Package":"github.com/Hubujiu/WeaveOS/services/bff/internal/flowcommands","Test":"TestRootV2EveryBindingChangesFingerprint/1"}
{"Time":"2026-10-05T08:44:44.869598894Z","Action":"output","Package":"github.com/Hubujiu/WeaveOS/services/bff/internal/flowcommands","Test":"TestRootV2EveryBindingChangesFingerprint/1","Output":"=== RUN   TestRootV2EveryBindingChangesFingerprint/1\n","OutputType":"frame"}
{"Time":"2026-10-05T08:44:44.869605845Z","Action":"output","Package":"github.com/Hubujiu/WeaveOS/services/bff/internal/flowcommands","Test":"TestRootV2EveryBindingChangesFingerprint/1","Output":"--- PASS: TestRootV2EveryBindingChangesFingerprint/1 (0.00s)\n","OutputType":"frame"}
{"Time":"2026-10-05T08:44:44.869607477Z","Action":"pass","Package":"github.com/Hubujiu/WeaveOS/services/bff/internal/flowcommands","Test":"TestRootV2EveryBindingChangesFingerprint/1","Elapsed":0}
{"Time":"2026-10-05T08:44:44.869608959Z","Action":"run","Package":"github.com/Hubujiu/WeaveOS/services/bff/internal/flowcommands","Test":"TestRootV2EveryBindingChangesFingerprint/2"}
{"Time":"2026-10-05T08:44:44.869610231Z","Action":"output","Package":"github.com/Hubujiu/WeaveOS/services/bff/internal/flowcommands","Test":"TestRootV2EveryBindingChangesFingerprint/2","Output":"=== RUN   TestRootV2EveryBindingChangesFingerprint/2\n","OutputType":"frame"}
{"Time":"2026-10-05T08:44:44.86961615Z","Action":"output","Package":"github.com/Hubujiu/WeaveOS/services/bff/internal/flowcommands","Test":"TestRootV2EveryBindingChangesFingerprint/2","Output":"--- PASS: TestRootV2EveryBindingChangesFingerprint/2 (0.00s)\n","OutputType":"frame"}
{"Time":"2026-10-05T08:44:44.869617733Z","Action":"pass","Package":"github.com/Hubujiu/WeaveOS/services/bff/internal/flowcommands","Test":"TestRootV2EveryBindingChangesFingerprint/2","Elapsed":0}
{"Time":"2026-10-05T08:44:44.869619165Z","Action":"run","Package":"github.com/Hubujiu/WeaveOS/services/bff/internal/flowcommands","Test":"TestRootV2EveryBindingChangesFingerprint/3"}
{"Time":"2026-10-05T08:44:44.869620437Z","Action":"output","Package":"github.com/Hubujiu/WeaveOS/services/bff/internal/flowcommands","Test":"TestRootV2EveryBindingChangesFingerprint/3","Output":"=== RUN   TestRootV2EveryBindingChangesFingerprint/3\n","OutputType":"frame"}
{"Time":"2026-10-05T08:44:44.86962251Z","Action":"output","Package":"github.com/Hubujiu/WeaveOS/services/bff/internal/flowcommands","Test":"TestRootV2EveryBindingChangesFingerprint/3","Output":"--- PASS: TestRootV2EveryBindingChangesFingerprint/3 (0.00s)\n","OutputType":"frame"}
{"Time":"2026-10-05T08:44:44.869631583Z","Action":"pass","Package":"github.com/Hubujiu/WeaveOS/services/bff/internal/flowcommands","Test":"TestRootV2EveryBindingChangesFingerprint/3","Elapsed":0}
{"Time":"2026-10-05T08:44:44.869633206Z","Action":"run","Package":"github.com/Hubujiu/WeaveOS/services/bff/internal/flowcommands","Test":"TestRootV2EveryBindingChangesFingerprint/4"}
{"Time":"2026-10-05T08:44:44.869634338Z","Action":"output","Package":"github.com/Hubujiu/WeaveOS/services/bff/internal/flowcommands","Test":"TestRootV2EveryBindingChangesFingerprint/4","Output":"=== RUN   TestRootV2EveryBindingChangesFingerprint/4\n","OutputType":"frame"}
{"Time":"2026-10-05T08:44:44.869641388Z","Action":"output","Package":"github.com/Hubujiu/WeaveOS/services/bff/internal/flowcommands","Test":"TestRootV2EveryBindingChangesFingerprint/4","Output":"--- PASS: TestRootV2EveryBindingChangesFingerprint/4 (0.00s)\n","OutputType":"frame"}
{"Time":"2026-10-05T08:44:44.869642981Z","Action":"pass","Package":"github.com/Hubujiu/WeaveOS/services/bff/internal/flowcommands","Test":"TestRootV2EveryBindingChangesFingerprint/4","Elapsed":0}
{"Time":"2026-10-05T08:44:44.869644363Z","Action":"run","Package":"github.com/Hubujiu/WeaveOS/services/bff/internal/flowcommands","Test":"TestRootV2EveryBindingChangesFingerprint/5"}
{"Time":"2026-10-05T08:44:44.869650662Z","Action":"output","Package":"github.com/Hubujiu/WeaveOS/services/bff/internal/flowcommands","Test":"TestRootV2EveryBindingChangesFingerprint/5","Output":"=== RUN   TestRootV2EveryBindingChangesFingerprint/5\n","OutputType":"frame"}
{"Time":"2026-10-05T08:44:44.869652775Z","Action":"output","Package":"github.com/Hubujiu/WeaveOS/services/bff/internal/flowcommands","Test":"TestRootV2EveryBindingChangesFingerprint/5","Output":"--- PASS: TestRootV2EveryBindingChangesFingerprint/5 (0.00s)\n","OutputType":"frame"}
{"Time":"2026-10-05T08:44:44.869654338Z","Action":"pass","Package":"github.com/Hubujiu/WeaveOS/services/bff/internal/flowcommands","Test":"TestRootV2EveryBindingChangesFingerprint/5","Elapsed":0}
{"Time":"2026-10-05T08:44:44.869656231Z","Action":"run","Package":"github.com/Hubujiu/WeaveOS/services/bff/internal/flowcommands","Test":"TestRootV2EveryBindingChangesFingerprint/6"}
{"Time":"2026-10-05T08:44:44.869657372Z","Action":"output","Package":"github.com/Hubujiu/WeaveOS/services/bff/internal/flowcommands","Test":"TestRootV2EveryBindingChangesFingerprint/6","Output":"=== RUN   TestRootV2EveryBindingChangesFingerprint/6\n","OutputType":"frame"}
{"Time":"2026-10-05T08:44:44.869659445Z","Action":"output","Package":"github.com/Hubujiu/WeaveOS/services/bff/internal/flowcommands","Test":"TestRootV2EveryBindingChangesFingerprint/6","Output":"--- PASS: TestRootV2EveryBindingChangesFingerprint/6 (0.00s)\n","OutputType":"frame"}
{"Time":"2026-10-05T08:44:44.869666266Z","Action":"pass","Package":"github.com/Hubujiu/WeaveOS/services/bff/internal/flowcommands","Test":"TestRootV2EveryBindingChangesFingerprint/6","Elapsed":0}
{"Time":"2026-10-05T08:44:44.869667738Z","Action":"run","Package":"github.com/Hubujiu/WeaveOS/services/bff/internal/flowcommands","Test":"TestRootV2EveryBindingChangesFingerprint/7"}
{"Time":"2026-10-05T08:44:44.86966884Z","Action":"output","Package":"github.com/Hubujiu/WeaveOS/services/bff/internal/flowcommands","Test":"TestRootV2EveryBindingChangesFingerprint/7","Output":"=== RUN   TestRootV2EveryBindingChangesFingerprint/7\n","OutputType":"frame"}
{"Time":"2026-10-05T08:44:44.869670873Z","Action":"output","Package":"github.com/Hubujiu/WeaveOS/services/bff/internal/flowcommands","Test":"TestRootV2EveryBindingChangesFingerprint/7","Output":"--- PASS: TestRootV2EveryBindingChangesFingerprint/7 (0.00s)\n","OutputType":"frame"}
{"Time":"2026-10-05T08:44:44.869677252Z","Action":"pass","Package":"github.com/Hubujiu/WeaveOS/services/bff/internal/flowcommands","Test":"TestRootV2EveryBindingChangesFingerprint/7","Elapsed":0}
{"Time":"2026-10-05T08:44:44.869678694Z","Action":"run","Package":"github.com/Hubujiu/WeaveOS/services/bff/internal/flowcommands","Test":"TestRootV2EveryBindingChangesFingerprint/8"}
{"Time":"2026-10-05T08:44:44.869679906Z","Action":"output","Package":"github.com/Hubujiu/WeaveOS/services/bff/internal/flowcommands","Test":"TestRootV2EveryBindingChangesFingerprint/8","Output":"=== RUN   TestRootV2EveryBindingChangesFingerprint/8\n","OutputType":"frame"}
{"Time":"2026-10-05T08:44:44.869681709Z","Action":"output","Package":"github.com/Hubujiu/WeaveOS/services/bff/internal/flowcommands","Test":"TestRootV2EveryBindingChangesFingerprint/8","Output":"--- PASS: TestRootV2EveryBindingChangesFingerprint/8 (0.00s)\n","OutputType":"frame"}
{"Time":"2026-10-05T08:44:44.869687828Z","Action":"pass","Package":"github.com/Hubujiu/WeaveOS/services/bff/internal/flowcommands","Test":"TestRootV2EveryBindingChangesFingerprint/8","Elapsed":0}
{"Time":"2026-10-05T08:44:44.8696892Z","Action":"run","Package":"github.com/Hubujiu/WeaveOS/services/bff/internal/flowcommands","Test":"TestRootV2EveryBindingChangesFingerprint/9"}
{"Time":"2026-10-05T08:44:44.869690572Z","Action":"output","Package":"github.com/Hubujiu/WeaveOS/services/bff/internal/flowcommands","Test":"TestRootV2EveryBindingChangesFingerprint/9","Output":"=== RUN   TestRootV2EveryBindingChangesFingerprint/9\n","OutputType":"frame"}
{"Time":"2026-10-05T08:44:44.869692535Z","Action":"output","Package":"github.com/Hubujiu/WeaveOS/services/bff/internal/flowcommands","Test":"TestRootV2EveryBindingChangesFingerprint/9","Output":"--- PASS: TestRootV2EveryBindingChangesFingerprint/9 (0.00s)\n","OutputType":"frame"}
{"Time":"2026-10-05T08:44:44.869697883Z","Action":"pass","Package":"github.com/Hubujiu/WeaveOS/services/bff/internal/flowcommands","Test":"TestRootV2EveryBindingChangesFingerprint/9","Elapsed":0}
{"Time":"2026-10-05T08:44:44.869699396Z","Action":"run","Package":"github.com/Hubujiu/WeaveOS/services/bff/internal/flowcommands","Test":"TestRootV2EveryBindingChangesFingerprint/10"}
{"Time":"2026-10-05T08:44:44.869701349Z","Action":"output","Package":"github.com/Hubujiu/WeaveOS/services/bff/internal/flowcommands","Test":"TestRootV2EveryBindingChangesFingerprint/10","Output":"=== RUN   TestRootV2EveryBindingChangesFingerprint/10\n","OutputType":"frame"}
{"Time":"2026-10-05T08:44:44.869707788Z","Action":"output","Package":"github.com/Hubujiu/WeaveOS/services/bff/internal/flowcommands","Test":"TestRootV2EveryBindingChangesFingerprint/10","Output":"--- PASS: TestRootV2EveryBindingChangesFingerprint/10 (0.00s)\n","OutputType":"frame"}
{"Time":"2026-10-05T08:44:44.869709451Z","Action":"pass","Package":"github.com/Hubujiu/WeaveOS/services/bff/internal/flowcommands","Test":"TestRootV2EveryBindingChangesFingerprint/10","Elapsed":0}
{"Time":"2026-10-05T08:44:44.869710873Z","Action":"run","Package":"github.com/Hubujiu/WeaveOS/services/bff/internal/flowcommands","Test":"TestRootV2EveryBindingChangesFingerprint/11"}
{"Time":"2026-10-05T08:44:44.869712075Z","Action":"output","Package":"github.com/Hubujiu/WeaveOS/services/bff/internal/flowcommands","Test":"TestRootV2EveryBindingChangesFingerprint/11","Output":"=== RUN   TestRootV2EveryBindingChangesFingerprint/11\n","OutputType":"frame"}
{"Time":"2026-10-05T08:44:44.869713867Z","Action":"output","Package":"github.com/Hubujiu/WeaveOS/services/bff/internal/flowcommands","Test":"TestRootV2EveryBindingChangesFingerprint/11","Output":"--- PASS: TestRootV2EveryBindingChangesFingerprint/11 (0.00s)\n","OutputType":"frame"}
{"Time":"2026-10-05T08:44:44.869719256Z","Action":"pass","Package":"github.com/Hubujiu/WeaveOS/services/bff/internal/flowcommands","Test":"TestRootV2EveryBindingChangesFingerprint/11","Elapsed":0}
{"Time":"2026-10-05T08:44:44.869720698Z","Action":"run","Package":"github.com/Hubujiu/WeaveOS/services/bff/internal/flowcommands","Test":"TestRootV2EveryBindingChangesFingerprint/12"}
{"Time":"2026-10-05T08:44:44.86972194Z","Action":"output","Package":"github.com/Hubujiu/WeaveOS/services/bff/internal/flowcommands","Test":"TestRootV2EveryBindingChangesFingerprint/12","Output":"=== RUN   TestRootV2EveryBindingChangesFingerprint/12\n","OutputType":"frame"}
{"Time":"2026-10-05T08:44:44.869728239Z","Action":"output","Package":"github.com/Hubujiu/WeaveOS/services/bff/internal/flowcommands","Test":"TestRootV2EveryBindingChangesFingerprint/12","Output":"--- PASS: TestRootV2EveryBindingChangesFingerprint/12 (0.00s)\n","OutputType":"frame"}
{"Time":"2026-10-05T08:44:44.869729751Z","Action":"pass","Package":"github.com/Hubujiu/WeaveOS/services/bff/internal/flowcommands","Test":"TestRootV2EveryBindingChangesFingerprint/12","Elapsed":0}
{"Time":"2026-10-05T08:44:44.869731474Z","Action":"run","Package":"github.com/Hubujiu/WeaveOS/services/bff/internal/flowcommands","Test":"TestRootV2EveryBindingChangesFingerprint/13"}
{"Time":"2026-10-05T08:44:44.869732956Z","Action":"output","Package":"github.com/Hubujiu/WeaveOS/services/bff/internal/flowcommands","Test":"TestRootV2EveryBindingChangesFingerprint/13","Output":"=== RUN   TestRootV2EveryBindingChangesFingerprint/13\n","OutputType":"frame"}
{"Time":"2026-10-05T08:44:44.869743272Z","Action":"output","Package":"github.com/Hubujiu/WeaveOS/services/bff/internal/flowcommands","Test":"TestRootV2EveryBindingChangesFingerprint/13","Output":"--- PASS: TestRootV2EveryBindingChangesFingerprint/13 (0.00s)\n","OutputType":"frame"}
{"Time":"2026-10-05T08:44:44.86974901Z","Action":"pass","Package":"github.com/Hubujiu/WeaveOS/services/bff/internal/flowcommands","Test":"TestRootV2EveryBindingChangesFingerprint/13","Elapsed":0}
{"Time":"2026-10-05T08:44:44.869750683Z","Action":"run","Package":"github.com/Hubujiu/WeaveOS/services/bff/internal/flowcommands","Test":"TestRootV2EveryBindingChangesFingerprint/14"}
{"Time":"2026-10-05T08:44:44.869752396Z","Action":"output","Package":"github.com/Hubujiu/WeaveOS/services/bff/internal/flowcommands","Test":"TestRootV2EveryBindingChangesFingerprint/14","Output":"=== RUN   TestRootV2EveryBindingChangesFingerprint/14\n","OutputType":"frame"}
{"Time":"2026-10-05T08:44:44.869758665Z","Action":"output","Package":"github.com/Hubujiu/WeaveOS/services/bff/internal/flowcommands","Test":"TestRootV2EveryBindingChangesFingerprint/14","Output":"--- PASS: TestRootV2EveryBindingChangesFingerprint/14 (0.00s)\n","OutputType":"frame"}
{"Time":"2026-10-05T08:44:44.869760668Z","Action":"pass","Package":"github.com/Hubujiu/WeaveOS/services/bff/internal/flowcommands","Test":"TestRootV2EveryBindingChangesFingerprint/14","Elapsed":0}
{"Time":"2026-10-05T08:44:44.869766447Z","Action":"run","Package":"github.com/Hubujiu/WeaveOS/services/bff/internal/flowcommands","Test":"TestRootV2EveryBindingChangesFingerprint/15"}
{"Time":"2026-10-05T08:44:44.869767829Z","Action":"output","Package":"github.com/Hubujiu/WeaveOS/services/bff/internal/flowcommands","Test":"TestRootV2EveryBindingChangesFingerprint/15","Output":"=== RUN   TestRootV2EveryBindingChangesFingerprint/15\n","OutputType":"frame"}
{"Time":"2026-10-05T08:44:44.869769772Z","Action":"output","Package":"github.com/Hubujiu/WeaveOS/services/bff/internal/flowcommands","Test":"TestRootV2EveryBindingChangesFingerprint/15","Output":"--- PASS: TestRootV2EveryBindingChangesFingerprint/15 (0.00s)\n","OutputType":"frame"}
{"Time":"2026-10-05T08:44:44.86977529Z","Action":"pass","Package":"github.com/Hubujiu/WeaveOS/services/bff/internal/flowcommands","Test":"TestRootV2EveryBindingChangesFingerprint/15","Elapsed":0}
{"Time":"2026-10-05T08:44:44.869776822Z","Action":"run","Package":"github.com/Hubujiu/WeaveOS/services/bff/internal/flowcommands","Test":"TestRootV2EveryBindingChangesFingerprint/16"}
{"Time":"2026-10-05T08:44:44.869778064Z","Action":"output","Package":"github.com/Hubujiu/WeaveOS/services/bff/internal/flowcommands","Test":"TestRootV2EveryBindingChangesFingerprint/16","Output":"=== RUN   TestRootV2EveryBindingChangesFingerprint/16\n","OutputType":"frame"}
{"Time":"2026-10-05T08:44:44.869785145Z","Action":"output","Package":"github.com/Hubujiu/WeaveOS/services/bff/internal/flowcommands","Test":"TestRootV2EveryBindingChangesFingerprint/16","Output":"--- PASS: TestRootV2EveryBindingChangesFingerprint/16 (0.00s)\n","OutputType":"frame"}
{"Time":"2026-10-05T08:44:44.869786607Z","Action":"pass","Package":"github.com/Hubujiu/WeaveOS/services/bff/internal/flowcommands","Test":"TestRootV2EveryBindingChangesFingerprint/16","Elapsed":0}
{"Time":"2026-10-05T08:44:44.86978844Z","Action":"run","Package":"github.com/Hubujiu/WeaveOS/services/bff/internal/flowcommands","Test":"TestRootV2EveryBindingChangesFingerprint/17"}
{"Time":"2026-10-05T08:44:44.869789942Z","Action":"output","Package":"github.com/Hubujiu/WeaveOS/services/bff/internal/flowcommands","Test":"TestRootV2EveryBindingChangesFingerprint/17","Output":"=== RUN   TestRootV2EveryBindingChangesFingerprint/17\n","OutputType":"frame"}
{"Time":"2026-10-05T08:44:44.869791735Z","Action":"output","Package":"github.com/Hubujiu/WeaveOS/services/bff/internal/flowcommands","Test":"TestRootV2EveryBindingChangesFingerprint/17","Output":"--- PASS: TestRootV2EveryBindingChangesFingerprint/17 (0.00s)\n","OutputType":"frame"}
{"Time":"2026-10-05T08:44:44.869797994Z","Action":"pass","Package":"github.com/Hubujiu/WeaveOS/services/bff/internal/flowcommands","Test":"TestRootV2EveryBindingChangesFingerprint/17","Elapsed":0}
{"Time":"2026-10-05T08:44:44.869799837Z","Action":"output","Package":"github.com/Hubujiu/WeaveOS/services/bff/internal/flowcommands","Test":"TestRootV2EveryBindingChangesFingerprint","Output":"--- PASS: TestRootV2EveryBindingChangesFingerprint (0.00s)\n","OutputType":"frame"}
{"Time":"2026-10-05T08:44:44.869805536Z","Action":"pass","Package":"github.com/Hubujiu/WeaveOS/services/bff/internal/flowcommands","Test":"TestRootV2EveryBindingChangesFingerprint","Elapsed":0}
{"Time":"2026-10-05T08:44:44.869807058Z","Action":"run","Package":"github.com/Hubujiu/WeaveOS/services/bff/internal/flowcommands","Test":"TestRootV2StrictIdentityAndIntegerBounds"}
{"Time":"2026-10-05T08:44:44.86980825Z","Action":"output","Package":"github.com/Hubujiu/WeaveOS/services/bff/internal/flowcommands","Test":"TestRootV2StrictIdentityAndIntegerBounds","Output":"=== RUN   TestRootV2StrictIdentityAndIntegerBounds\n","OutputType":"frame"}
{"Time":"2026-10-05T08:44:44.86981523Z","Action":"run","Package":"github.com/Hubujiu/WeaveOS/services/bff/internal/flowcommands","Test":"TestRootV2StrictIdentityAndIntegerBounds/0"}
{"Time":"2026-10-05T08:44:44.869816512Z","Action":"output","Package":"github.com/Hubujiu/WeaveOS/services/bff/internal/flowcommands","Test":"TestRootV2StrictIdentityAndIntegerBounds/0","Output":"=== RUN   TestRootV2StrictIdentityAndIntegerBounds/0\n","OutputType":"frame"}
{"Time":"2026-10-05T08:44:44.869818736Z","Action":"output","Package":"github.com/Hubujiu/WeaveOS/services/bff/internal/flowcommands","Test":"TestRootV2StrictIdentityAndIntegerBounds/0","Output":"--- PASS: TestRootV2StrictIdentityAndIntegerBounds/0 (0.00s)\n","OutputType":"frame"}
{"Time":"2026-10-05T08:44:44.869824434Z","Action":"pass","Package":"github.com/Hubujiu/WeaveOS/services/bff/internal/flowcommands","Test":"TestRootV2StrictIdentityAndIntegerBounds/0","Elapsed":0}
{"Time":"2026-10-05T08:44:44.869826627Z","Action":"run","Package":"github.com/Hubujiu/WeaveOS/services/bff/internal/flowcommands","Test":"TestRootV2StrictIdentityAndIntegerBounds/1"}
{"Time":"2026-10-05T08:44:44.869832616Z","Action":"output","Package":"github.com/Hubujiu/WeaveOS/services/bff/internal/flowcommands","Test":"TestRootV2StrictIdentityAndIntegerBounds/1","Output":"=== RUN   TestRootV2StrictIdentityAndIntegerBounds/1\n","OutputType":"frame"}
{"Time":"2026-10-05T08:44:44.869834589Z","Action":"output","Package":"github.com/Hubujiu/WeaveOS/services/bff/internal/flowcommands","Test":"TestRootV2StrictIdentityAndIntegerBounds/1","Output":"--- PASS: TestRootV2StrictIdentityAndIntegerBounds/1 (0.00s)\n","OutputType":"frame"}
{"Time":"2026-10-05T08:44:44.869836302Z","Action":"pass","Package":"github.com/Hubujiu/WeaveOS/services/bff/internal/flowcommands","Test":"TestRootV2StrictIdentityAndIntegerBounds/1","Elapsed":0}
{"Time":"2026-10-05T08:44:44.869838075Z","Action":"run","Package":"github.com/Hubujiu/WeaveOS/services/bff/internal/flowcommands","Test":"TestRootV2StrictIdentityAndIntegerBounds/2"}
{"Time":"2026-10-05T08:44:44.869839527Z","Action":"output","Package":"github.com/Hubujiu/WeaveOS/services/bff/internal/flowcommands","Test":"TestRootV2StrictIdentityAndIntegerBounds/2","Output":"=== RUN   TestRootV2StrictIdentityAndIntegerBounds/2\n","OutputType":"frame"}
{"Time":"2026-10-05T08:44:44.8698416Z","Action":"output","Package":"github.com/Hubujiu/WeaveOS/services/bff/internal/flowcommands","Test":"TestRootV2StrictIdentityAndIntegerBounds/2","Output":"--- PASS: TestRootV2StrictIdentityAndIntegerBounds/2 (0.00s)\n","OutputType":"frame"}
{"Time":"2026-10-05T08:44:44.869847158Z","Action":"pass","Package":"github.com/Hubujiu/WeaveOS/services/bff/internal/flowcommands","Test":"TestRootV2StrictIdentityAndIntegerBounds/2","Elapsed":0}
{"Time":"2026-10-05T08:44:44.869848741Z","Action":"run","Package":"github.com/Hubujiu/WeaveOS/services/bff/internal/flowcommands","Test":"TestRootV2StrictIdentityAndIntegerBounds/3"}
{"Time":"2026-10-05T08:44:44.869849963Z","Action":"output","Package":"github.com/Hubujiu/WeaveOS/services/bff/internal/flowcommands","Test":"TestRootV2StrictIdentityAndIntegerBounds/3","Output":"=== RUN   TestRootV2StrictIdentityAndIntegerBounds/3\n","OutputType":"frame"}
{"Time":"2026-10-05T08:44:44.869855882Z","Action":"output","Package":"github.com/Hubujiu/WeaveOS/services/bff/internal/flowcommands","Test":"TestRootV2StrictIdentityAndIntegerBounds/3","Output":"--- PASS: TestRootV2StrictIdentityAndIntegerBounds/3 (0.00s)\n","OutputType":"frame"}
{"Time":"2026-10-05T08:44:44.869857534Z","Action":"pass","Package":"github.com/Hubujiu/WeaveOS/services/bff/internal/flowcommands","Test":"TestRootV2StrictIdentityAndIntegerBounds/3","Elapsed":0}
{"Time":"2026-10-05T08:44:44.869858876Z","Action":"run","Package":"github.com/Hubujiu/WeaveOS/services/bff/internal/flowcommands","Test":"TestRootV2StrictIdentityAndIntegerBounds/4"}
{"Time":"2026-10-05T08:44:44.869860208Z","Action":"output","Package":"github.com/Hubujiu/WeaveOS/services/bff/internal/flowcommands","Test":"TestRootV2StrictIdentityAndIntegerBounds/4","Output":"=== RUN   TestRootV2StrictIdentityAndIntegerBounds/4\n","OutputType":"frame"}
{"Time":"2026-10-05T08:44:44.869866528Z","Action":"output","Package":"github.com/Hubujiu/WeaveOS/services/bff/internal/flowcommands","Test":"TestRootV2StrictIdentityAndIntegerBounds/4","Output":"--- PASS: TestRootV2StrictIdentityAndIntegerBounds/4 (0.00s)\n","OutputType":"frame"}
{"Time":"2026-10-05T08:44:44.86986815Z","Action":"pass","Package":"github.com/Hubujiu/WeaveOS/services/bff/internal/flowcommands","Test":"TestRootV2StrictIdentityAndIntegerBounds/4","Elapsed":0}
{"Time":"2026-10-05T08:44:44.869869722Z","Action":"run","Package":"github.com/Hubujiu/WeaveOS/services/bff/internal/flowcommands","Test":"TestRootV2StrictIdentityAndIntegerBounds/5"}
{"Time":"2026-10-05T08:44:44.869870964Z","Action":"output","Package":"github.com/Hubujiu/WeaveOS/services/bff/internal/flowcommands","Test":"TestRootV2StrictIdentityAndIntegerBounds/5","Output":"=== RUN   TestRootV2StrictIdentityAndIntegerBounds/5\n","OutputType":"frame"}
{"Time":"2026-10-05T08:44:44.869877324Z","Action":"output","Package":"github.com/Hubujiu/WeaveOS/services/bff/internal/flowcommands","Test":"TestRootV2StrictIdentityAndIntegerBounds/5","Output":"--- PASS: TestRootV2StrictIdentityAndIntegerBounds/5 (0.00s)\n","OutputType":"frame"}
{"Time":"2026-10-05T08:44:44.869878886Z","Action":"pass","Package":"github.com/Hubujiu/WeaveOS/services/bff/internal/flowcommands","Test":"TestRootV2StrictIdentityAndIntegerBounds/5","Elapsed":0}
{"Time":"2026-10-05T08:44:44.869880318Z","Action":"run","Package":"github.com/Hubujiu/WeaveOS/services/bff/internal/flowcommands","Test":"TestRootV2StrictIdentityAndIntegerBounds/6"}
{"Time":"2026-10-05T08:44:44.86988166Z","Action":"output","Package":"github.com/Hubujiu/WeaveOS/services/bff/internal/flowcommands","Test":"TestRootV2StrictIdentityAndIntegerBounds/6","Output":"=== RUN   TestRootV2StrictIdentityAndIntegerBounds/6\n","OutputType":"frame"}
{"Time":"2026-10-05T08:44:44.86988801Z","Action":"output","Package":"github.com/Hubujiu/WeaveOS/services/bff/internal/flowcommands","Test":"TestRootV2StrictIdentityAndIntegerBounds/6","Output":"--- PASS: TestRootV2StrictIdentityAndIntegerBounds/6 (0.00s)\n","OutputType":"frame"}
{"Time":"2026-10-05T08:44:44.869889622Z","Action":"pass","Package":"github.com/Hubujiu/WeaveOS/services/bff/internal/flowcommands","Test":"TestRootV2StrictIdentityAndIntegerBounds/6","Elapsed":0}
{"Time":"2026-10-05T08:44:44.869890884Z","Action":"run","Package":"github.com/Hubujiu/WeaveOS/services/bff/internal/flowcommands","Test":"TestRootV2StrictIdentityAndIntegerBounds/7"}
{"Time":"2026-10-05T08:44:44.869896062Z","Action":"output","Package":"github.com/Hubujiu/WeaveOS/services/bff/internal/flowcommands","Test":"TestRootV2StrictIdentityAndIntegerBounds/7","Output":"=== RUN   TestRootV2StrictIdentityAndIntegerBounds/7\n","OutputType":"frame"}
{"Time":"2026-10-05T08:44:44.869898195Z","Action":"output","Package":"github.com/Hubujiu/WeaveOS/services/bff/internal/flowcommands","Test":"TestRootV2StrictIdentityAndIntegerBounds/7","Output":"--- PASS: TestRootV2StrictIdentityAndIntegerBounds/7 (0.00s)\n","OutputType":"frame"}
{"Time":"2026-10-05T08:44:44.869905126Z","Action":"pass","Package":"github.com/Hubujiu/WeaveOS/services/bff/internal/flowcommands","Test":"TestRootV2StrictIdentityAndIntegerBounds/7","Elapsed":0}
{"Time":"2026-10-05T08:44:44.869906618Z","Action":"run","Package":"github.com/Hubujiu/WeaveOS/services/bff/internal/flowcommands","Test":"TestRootV2StrictIdentityAndIntegerBounds/8"}
{"Time":"2026-10-05T08:44:44.86990811Z","Action":"output","Package":"github.com/Hubujiu/WeaveOS/services/bff/internal/flowcommands","Test":"TestRootV2StrictIdentityAndIntegerBounds/8","Output":"=== RUN   TestRootV2StrictIdentityAndIntegerBounds/8\n","OutputType":"frame"}
{"Time":"2026-10-05T08:44:44.869913909Z","Action":"output","Package":"github.com/Hubujiu/WeaveOS/services/bff/internal/flowcommands","Test":"TestRootV2StrictIdentityAndIntegerBounds/8","Output":"--- PASS: TestRootV2StrictIdentityAndIntegerBounds/8 (0.00s)\n","OutputType":"frame"}
{"Time":"2026-10-05T08:44:44.869915521Z","Action":"pass","Package":"github.com/Hubujiu/WeaveOS/services/bff/internal/flowcommands","Test":"TestRootV2StrictIdentityAndIntegerBounds/8","Elapsed":0}
{"Time":"2026-10-05T08:44:44.869917074Z","Action":"run","Package":"github.com/Hubujiu/WeaveOS/services/bff/internal/flowcommands","Test":"TestRootV2StrictIdentityAndIntegerBounds/9"}
{"Time":"2026-10-05T08:44:44.869918426Z","Action":"output","Package":"github.com/Hubujiu/WeaveOS/services/bff/internal/flowcommands","Test":"TestRootV2StrictIdentityAndIntegerBounds/9","Output":"=== RUN   TestRootV2StrictIdentityAndIntegerBounds/9\n","OutputType":"frame"}
{"Time":"2026-10-05T08:44:44.869920489Z","Action":"output","Package":"github.com/Hubujiu/WeaveOS/services/bff/internal/flowcommands","Test":"TestRootV2StrictIdentityAndIntegerBounds/9","Output":"--- PASS: TestRootV2StrictIdentityAndIntegerBounds/9 (0.00s)\n","OutputType":"frame"}
{"Time":"2026-10-05T08:44:44.869922051Z","Action":"pass","Package":"github.com/Hubujiu/WeaveOS/services/bff/internal/flowcommands","Test":"TestRootV2StrictIdentityAndIntegerBounds/9","Elapsed":0}
{"Time":"2026-10-05T08:44:44.869940319Z","Action":"run","Package":"github.com/Hubujiu/WeaveOS/services/bff/internal/flowcommands","Test":"TestRootV2StrictIdentityAndIntegerBounds/10"}
{"Time":"2026-10-05T08:44:44.869946338Z","Action":"output","Package":"github.com/Hubujiu/WeaveOS/services/bff/internal/flowcommands","Test":"TestRootV2StrictIdentityAndIntegerBounds/10","Output":"=== RUN   TestRootV2StrictIdentityAndIntegerBounds/10\n","OutputType":"frame"}
{"Time":"2026-10-05T08:44:44.870001411Z","Action":"output","Package":"github.com/Hubujiu/WeaveOS/services/bff/internal/flowcommands","Test":"TestRootV2StrictIdentityAndIntegerBounds/10","Output":"--- PASS: TestRootV2StrictIdentityAndIntegerBounds/10 (0.00s)\n","OutputType":"frame"}
{"Time":"2026-10-05T08:44:44.870050675Z","Action":"pass","Package":"github.com/Hubujiu/WeaveOS/services/bff/internal/flowcommands","Test":"TestRootV2StrictIdentityAndIntegerBounds/10","Elapsed":0}
{"Time":"2026-10-05T08:44:44.870076694Z","Action":"run","Package":"github.com/Hubujiu/WeaveOS/services/bff/internal/flowcommands","Test":"TestRootV2StrictIdentityAndIntegerBounds/11"}
{"Time":"2026-10-05T08:44:44.870083415Z","Action":"output","Package":"github.com/Hubujiu/WeaveOS/services/bff/internal/flowcommands","Test":"TestRootV2StrictIdentityAndIntegerBounds/11","Output":"=== RUN   TestRootV2StrictIdentityAndIntegerBounds/11\n","OutputType":"frame"}
{"Time":"2026-10-05T08:44:44.870124937Z","Action":"output","Package":"github.com/Hubujiu/WeaveOS/services/bff/internal/flowcommands","Test":"TestRootV2StrictIdentityAndIntegerBounds/11","Output":"--- PASS: TestRootV2StrictIdentityAndIntegerBounds/11 (0.00s)\n","OutputType":"frame"}
{"Time":"2026-10-05T08:44:44.870150746Z","Action":"pass","Package":"github.com/Hubujiu/WeaveOS/services/bff/internal/flowcommands","Test":"TestRootV2StrictIdentityAndIntegerBounds/11","Elapsed":0}
{"Time":"2026-10-05T08:44:44.870176655Z","Action":"run","Package":"github.com/Hubujiu/WeaveOS/services/bff/internal/flowcommands","Test":"TestRootV2StrictIdentityAndIntegerBounds/12"}
{"Time":"2026-10-05T08:44:44.870182384Z","Action":"output","Package":"github.com/Hubujiu/WeaveOS/services/bff/internal/flowcommands","Test":"TestRootV2StrictIdentityAndIntegerBounds/12","Output":"=== RUN   TestRootV2StrictIdentityAndIntegerBounds/12\n","OutputType":"frame"}
{"Time":"2026-10-05T08:44:44.870219229Z","Action":"output","Package":"github.com/Hubujiu/WeaveOS/services/bff/internal/flowcommands","Test":"TestRootV2StrictIdentityAndIntegerBounds/12","Output":"--- PASS: TestRootV2StrictIdentityAndIntegerBounds/12 (0.00s)\n","OutputType":"frame"}
{"Time":"2026-10-05T08:44:44.870244547Z","Action":"pass","Package":"github.com/Hubujiu/WeaveOS/services/bff/internal/flowcommands","Test":"TestRootV2StrictIdentityAndIntegerBounds/12","Elapsed":0}
{"Time":"2026-10-05T08:44:44.870270547Z","Action":"run","Package":"github.com/Hubujiu/WeaveOS/services/bff/internal/flowcommands","Test":"TestRootV2StrictIdentityAndIntegerBounds/13"}
{"Time":"2026-10-05T08:44:44.870276556Z","Action":"output","Package":"github.com/Hubujiu/WeaveOS/services/bff/internal/flowcommands","Test":"TestRootV2StrictIdentityAndIntegerBounds/13","Output":"=== RUN   TestRootV2StrictIdentityAndIntegerBounds/13\n","OutputType":"frame"}
{"Time":"2026-10-05T08:44:44.870313782Z","Action":"output","Package":"github.com/Hubujiu/WeaveOS/services/bff/internal/flowcommands","Test":"TestRootV2StrictIdentityAndIntegerBounds/13","Output":"--- PASS: TestRootV2StrictIdentityAndIntegerBounds/13 (0.00s)\n","OutputType":"frame"}
{"Time":"2026-10-05T08:44:44.870337928Z","Action":"pass","Package":"github.com/Hubujiu/WeaveOS/services/bff/internal/flowcommands","Test":"TestRootV2StrictIdentityAndIntegerBounds/13","Elapsed":0}
{"Time":"2026-10-05T08:44:44.870363467Z","Action":"run","Package":"github.com/Hubujiu/WeaveOS/services/bff/internal/flowcommands","Test":"TestRootV2StrictIdentityAndIntegerBounds/14"}
{"Time":"2026-10-05T08:44:44.870368925Z","Action":"output","Package":"github.com/Hubujiu/WeaveOS/services/bff/internal/flowcommands","Test":"TestRootV2StrictIdentityAndIntegerBounds/14","Output":"=== RUN   TestRootV2StrictIdentityAndIntegerBounds/14\n","OutputType":"frame"}
{"Time":"2026-10-05T08:44:44.870403557Z","Action":"output","Package":"github.com/Hubujiu/WeaveOS/services/bff/internal/flowcommands","Test":"TestRootV2StrictIdentityAndIntegerBounds/14","Output":"--- PASS: TestRootV2StrictIdentityAndIntegerBounds/14 (0.00s)\n","OutputType":"frame"}
{"Time":"2026-10-05T08:44:44.870427483Z","Action":"pass","Package":"github.com/Hubujiu/WeaveOS/services/bff/internal/flowcommands","Test":"TestRootV2StrictIdentityAndIntegerBounds/14","Elapsed":0}
{"Time":"2026-10-05T08:44:44.87045212Z","Action":"run","Package":"github.com/Hubujiu/WeaveOS/services/bff/internal/flowcommands","Test":"TestRootV2StrictIdentityAndIntegerBounds/15"}
{"Time":"2026-10-05T08:44:44.870457999Z","Action":"output","Package":"github.com/Hubujiu/WeaveOS/services/bff/internal/flowcommands","Test":"TestRootV2StrictIdentityAndIntegerBounds/15","Output":"=== RUN   TestRootV2StrictIdentityAndIntegerBounds/15\n","OutputType":"frame"}
{"Time":"2026-10-05T08:44:44.870495185Z","Action":"output","Package":"github.com/Hubujiu/WeaveOS/services/bff/internal/flowcommands","Test":"TestRootV2StrictIdentityAndIntegerBounds/15","Output":"--- PASS: TestRootV2StrictIdentityAndIntegerBounds/15 (0.00s)\n","OutputType":"frame"}
{"Time":"2026-10-05T08:44:44.870519031Z","Action":"pass","Package":"github.com/Hubujiu/WeaveOS/services/bff/internal/flowcommands","Test":"TestRootV2StrictIdentityAndIntegerBounds/15","Elapsed":0}
{"Time":"2026-10-05T08:44:44.870544299Z","Action":"run","Package":"github.com/Hubujiu/WeaveOS/services/bff/internal/flowcommands","Test":"TestRootV2StrictIdentityAndIntegerBounds/16"}
{"Time":"2026-10-05T08:44:44.870549868Z","Action":"output","Package":"github.com/Hubujiu/WeaveOS/services/bff/internal/flowcommands","Test":"TestRootV2StrictIdentityAndIntegerBounds/16","Output":"=== RUN   TestRootV2StrictIdentityAndIntegerBounds/16\n","OutputType":"frame"}
{"Time":"2026-10-05T08:44:44.870583418Z","Action":"output","Package":"github.com/Hubujiu/WeaveOS/services/bff/internal/flowcommands","Test":"TestRootV2StrictIdentityAndIntegerBounds/16","Output":"--- PASS: TestRootV2StrictIdentityAndIntegerBounds/16 (0.00s)\n","OutputType":"frame"}
{"Time":"2026-10-05T08:44:44.870606123Z","Action":"pass","Package":"github.com/Hubujiu/WeaveOS/services/bff/internal/flowcommands","Test":"TestRootV2StrictIdentityAndIntegerBounds/16","Elapsed":0}
{"Time":"2026-10-05T08:44:44.870625912Z","Action":"run","Package":"github.com/Hubujiu/WeaveOS/services/bff/internal/flowcommands","Test":"TestRootV2StrictIdentityAndIntegerBounds/17"}
{"Time":"2026-10-05T08:44:44.870631871Z","Action":"output","Package":"github.com/Hubujiu/WeaveOS/services/bff/internal/flowcommands","Test":"TestRootV2StrictIdentityAndIntegerBounds/17","Output":"=== RUN   TestRootV2StrictIdentityAndIntegerBounds/17\n","OutputType":"frame"}
{"Time":"2026-10-05T08:44:44.87067079Z","Action":"output","Package":"github.com/Hubujiu/WeaveOS/services/bff/internal/flowcommands","Test":"TestRootV2StrictIdentityAndIntegerBounds/17","Output":"--- PASS: TestRootV2StrictIdentityAndIntegerBounds/17 (0.00s)\n","OutputType":"frame"}
{"Time":"2026-10-05T08:44:44.870695017Z","Action":"pass","Package":"github.com/Hubujiu/WeaveOS/services/bff/internal/flowcommands","Test":"TestRootV2StrictIdentityAndIntegerBounds/17","Elapsed":0}
{"Time":"2026-10-05T08:44:44.870718762Z","Action":"run","Package":"github.com/Hubujiu/WeaveOS/services/bff/internal/flowcommands","Test":"TestRootV2StrictIdentityAndIntegerBounds/18"}
{"Time":"2026-10-05T08:44:44.870724541Z","Action":"output","Package":"github.com/Hubujiu/WeaveOS/services/bff/internal/flowcommands","Test":"TestRootV2StrictIdentityAndIntegerBounds/18","Output":"=== RUN   TestRootV2StrictIdentityAndIntegerBounds/18\n","OutputType":"frame"}
{"Time":"2026-10-05T08:44:44.87076375Z","Action":"output","Package":"github.com/Hubujiu/WeaveOS/services/bff/internal/flowcommands","Test":"TestRootV2StrictIdentityAndIntegerBounds/18","Output":"--- PASS: TestRootV2StrictIdentityAndIntegerBounds/18 (0.00s)\n","OutputType":"frame"}
{"Time":"2026-10-05T08:44:44.870791792Z","Action":"pass","Package":"github.com/Hubujiu/WeaveOS/services/bff/internal/flowcommands","Test":"TestRootV2StrictIdentityAndIntegerBounds/18","Elapsed":0}
{"Time":"2026-10-05T08:44:44.870817972Z","Action":"run","Package":"github.com/Hubujiu/WeaveOS/services/bff/internal/flowcommands","Test":"TestRootV2StrictIdentityAndIntegerBounds/19"}
{"Time":"2026-10-05T08:44:44.870823981Z","Action":"output","Package":"github.com/Hubujiu/WeaveOS/services/bff/internal/flowcommands","Test":"TestRootV2StrictIdentityAndIntegerBounds/19","Output":"=== RUN   TestRootV2StrictIdentityAndIntegerBounds/19\n","OutputType":"frame"}
{"Time":"2026-10-05T08:44:44.870859975Z","Action":"output","Package":"github.com/Hubujiu/WeaveOS/services/bff/internal/flowcommands","Test":"TestRootV2StrictIdentityAndIntegerBounds/19","Output":"--- PASS: TestRootV2StrictIdentityAndIntegerBounds/19 (0.00s)\n","OutputType":"frame"}
{"Time":"2026-10-05T08:44:44.870883831Z","Action":"pass","Package":"github.com/Hubujiu/WeaveOS/services/bff/internal/flowcommands","Test":"TestRootV2StrictIdentityAndIntegerBounds/19","Elapsed":0}
{"Time":"2026-10-05T08:44:44.870919495Z","Action":"output","Package":"github.com/Hubujiu/WeaveOS/services/bff/internal/flowcommands","Test":"TestRootV2StrictIdentityAndIntegerBounds","Output":"--- PASS: TestRootV2StrictIdentityAndIntegerBounds (0.00s)\n","OutputType":"frame"}
{"Time":"2026-10-05T08:44:44.870943401Z","Action":"pass","Package":"github.com/Hubujiu/WeaveOS/services/bff/internal/flowcommands","Test":"TestRootV2StrictIdentityAndIntegerBounds","Elapsed":0}
{"Time":"2026-10-05T08:44:44.870991974Z","Action":"run","Package":"github.com/Hubujiu/WeaveOS/services/bff/internal/flowcommands","Test":"TestRootV2ActionSpecificIdentities"}
{"Time":"2026-10-05T08:44:44.870998905Z","Action":"output","Package":"github.com/Hubujiu/WeaveOS/services/bff/internal/flowcommands","Test":"TestRootV2ActionSpecificIdentities","Output":"=== RUN   TestRootV2ActionSpecificIdentities\n","OutputType":"frame"}
{"Time":"2026-10-05T08:44:44.871050583Z","Action":"run","Package":"github.com/Hubujiu/WeaveOS/services/bff/internal/flowcommands","Test":"TestRootV2ActionSpecificIdentities/agree"}
{"Time":"2026-10-05T08:44:44.871062601Z","Action":"output","Package":"github.com/Hubujiu/WeaveOS/services/bff/internal/flowcommands","Test":"TestRootV2ActionSpecificIdentities/agree","Output":"=== RUN   TestRootV2ActionSpecificIdentities/agree\n","OutputType":"frame"}
{"Time":"2026-10-05T08:44:44.87112153Z","Action":"output","Package":"github.com/Hubujiu/WeaveOS/services/bff/internal/flowcommands","Test":"TestRootV2ActionSpecificIdentities/agree","Output":"--- PASS: TestRootV2ActionSpecificIdentities/agree (0.00s)\n","OutputType":"frame"}
{"Time":"2026-10-05T08:44:44.871149552Z","Action":"pass","Package":"github.com/Hubujiu/WeaveOS/services/bff/internal/flowcommands","Test":"TestRootV2ActionSpecificIdentities/agree","Elapsed":0}
{"Time":"2026-10-05T08:44:44.871169502Z","Action":"run","Package":"github.com/Hubujiu/WeaveOS/services/bff/internal/flowcommands","Test":"TestRootV2ActionSpecificIdentities/reject"}
{"Time":"2026-10-05T08:44:44.871175441Z","Action":"output","Package":"github.com/Hubujiu/WeaveOS/services/bff/internal/flowcommands","Test":"TestRootV2ActionSpecificIdentities/reject","Output":"=== RUN   TestRootV2ActionSpecificIdentities/reject\n","OutputType":"frame"}
{"Time":"2026-10-05T08:44:44.871224274Z","Action":"output","Package":"github.com/Hubujiu/WeaveOS/services/bff/internal/flowcommands","Test":"TestRootV2ActionSpecificIdentities/reject","Output":"--- PASS: TestRootV2ActionSpecificIdentities/reject (0.00s)\n","OutputType":"frame"}
{"Time":"2026-10-05T08:44:44.87124803Z","Action":"pass","Package":"github.com/Hubujiu/WeaveOS/services/bff/internal/flowcommands","Test":"TestRootV2ActionSpecificIdentities/reject","Elapsed":0}
{"Time":"2026-10-05T08:44:44.87126754Z","Action":"run","Package":"github.com/Hubujiu/WeaveOS/services/bff/internal/flowcommands","Test":"TestRootV2ActionSpecificIdentities/start"}
{"Time":"2026-10-05T08:44:44.871273489Z","Action":"output","Package":"github.com/Hubujiu/WeaveOS/services/bff/internal/flowcommands","Test":"TestRootV2ActionSpecificIdentities/start","Output":"=== RUN   TestRootV2ActionSpecificIdentities/start\n","OutputType":"frame"}
{"Time":"2026-10-05T08:44:44.871324235Z","Action":"output","Package":"github.com/Hubujiu/WeaveOS/services/bff/internal/flowcommands","Test":"TestRootV2ActionSpecificIdentities/start","Output":"--- PASS: TestRootV2ActionSpecificIdentities/start (0.00s)\n","OutputType":"frame"}
{"Time":"2026-10-05T08:44:44.871348782Z","Action":"pass","Package":"github.com/Hubujiu/WeaveOS/services/bff/internal/flowcommands","Test":"TestRootV2ActionSpecificIdentities/start","Elapsed":0}
{"Time":"2026-10-05T08:44:44.871369453Z","Action":"run","Package":"github.com/Hubujiu/WeaveOS/services/bff/internal/flowcommands","Test":"TestRootV2ActionSpecificIdentities/withdraw"}
{"Time":"2026-10-05T08:44:44.871375342Z","Action":"output","Package":"github.com/Hubujiu/WeaveOS/services/bff/internal/flowcommands","Test":"TestRootV2ActionSpecificIdentities/withdraw","Output":"=== RUN   TestRootV2ActionSpecificIdentities/withdraw\n","OutputType":"frame"}
{"Time":"2026-10-05T08:44:44.871435132Z","Action":"output","Package":"github.com/Hubujiu/WeaveOS/services/bff/internal/flowcommands","Test":"TestRootV2ActionSpecificIdentities/withdraw","Output":"--- PASS: TestRootV2ActionSpecificIdentities/withdraw (0.00s)\n","OutputType":"frame"}
{"Time":"2026-10-05T08:44:44.871461402Z","Action":"pass","Package":"github.com/Hubujiu/WeaveOS/services/bff/internal/flowcommands","Test":"TestRootV2ActionSpecificIdentities/withdraw","Elapsed":0}
{"Time":"2026-10-05T08:44:44.871480441Z","Action":"run","Package":"github.com/Hubujiu/WeaveOS/services/bff/internal/flowcommands","Test":"TestRootV2ActionSpecificIdentities/return"}
{"Time":"2026-10-05T08:44:44.871486279Z","Action":"output","Package":"github.com/Hubujiu/WeaveOS/services/bff/internal/flowcommands","Test":"TestRootV2ActionSpecificIdentities/return","Output":"=== RUN   TestRootV2ActionSpecificIdentities/return\n","OutputType":"frame"}
{"Time":"2026-10-05T08:44:44.871535093Z","Action":"output","Package":"github.com/Hubujiu/WeaveOS/services/bff/internal/flowcommands","Test":"TestRootV2ActionSpecificIdentities/return","Output":"--- PASS: TestRootV2ActionSpecificIdentities/return (0.00s)\n","OutputType":"frame"}
{"Time":"2026-10-05T08:44:44.871559099Z","Action":"pass","Package":"github.com/Hubujiu/WeaveOS/services/bff/internal/flowcommands","Test":"TestRootV2ActionSpecificIdentities/return","Elapsed":0}
{"Time":"2026-10-05T08:44:44.871595815Z","Action":"output","Package":"github.com/Hubujiu/WeaveOS/services/bff/internal/flowcommands","Test":"TestRootV2ActionSpecificIdentities","Output":"--- PASS: TestRootV2ActionSpecificIdentities (0.00s)\n","OutputType":"frame"}
{"Time":"2026-10-05T08:44:44.871623226Z","Action":"pass","Package":"github.com/Hubujiu/WeaveOS/services/bff/internal/flowcommands","Test":"TestRootV2ActionSpecificIdentities","Elapsed":0}
{"Time":"2026-10-05T08:44:44.871640091Z","Action":"run","Package":"github.com/Hubujiu/WeaveOS/services/bff/internal/flowcommands","Test":"TestRootV1RejectsV2BindingsWithoutReinterpretingHistory"}
{"Time":"2026-10-05T08:44:44.87164604Z","Action":"output","Package":"github.com/Hubujiu/WeaveOS/services/bff/internal/flowcommands","Test":"TestRootV1RejectsV2BindingsWithoutReinterpretingHistory","Output":"=== RUN   TestRootV1RejectsV2BindingsWithoutReinterpretingHistory\n","OutputType":"frame"}
{"Time":"2026-10-05T08:44:44.871756507Z","Action":"run","Package":"github.com/Hubujiu/WeaveOS/services/bff/internal/flowcommands","Test":"TestRootV1RejectsV2BindingsWithoutReinterpretingHistory/0"}
{"Time":"2026-10-05T08:44:44.871767553Z","Action":"output","Package":"github.com/Hubujiu/WeaveOS/services/bff/internal/flowcommands","Test":"TestRootV1RejectsV2BindingsWithoutReinterpretingHistory/0","Output":"=== RUN   TestRootV1RejectsV2BindingsWithoutReinterpretingHistory/0\n","OutputType":"frame"}
{"Time":"2026-10-05T08:44:44.871819842Z","Action":"output","Package":"github.com/Hubujiu/WeaveOS/services/bff/internal/flowcommands","Test":"TestRootV1RejectsV2BindingsWithoutReinterpretingHistory/0","Output":"--- PASS: TestRootV1RejectsV2BindingsWithoutReinterpretingHistory/0 (0.00s)\n","OutputType":"frame"}
{"Time":"2026-10-05T08:44:44.871850599Z","Action":"pass","Package":"github.com/Hubujiu/WeaveOS/services/bff/internal/flowcommands","Test":"TestRootV1RejectsV2BindingsWithoutReinterpretingHistory/0","Elapsed":0}
{"Time":"2026-10-05T08:44:44.871872922Z","Action":"run","Package":"github.com/Hubujiu/WeaveOS/services/bff/internal/flowcommands","Test":"TestRootV1RejectsV2BindingsWithoutReinterpretingHistory/1"}
{"Time":"2026-10-05T08:44:44.871879072Z","Action":"output","Package":"github.com/Hubujiu/WeaveOS/services/bff/internal/flowcommands","Test":"TestRootV1RejectsV2BindingsWithoutReinterpretingHistory/1","Output":"=== RUN   TestRootV1RejectsV2BindingsWithoutReinterpretingHistory/1\n","OutputType":"frame"}
{"Time":"2026-10-05T08:44:44.871916037Z","Action":"output","Package":"github.com/Hubujiu/WeaveOS/services/bff/internal/flowcommands","Test":"TestRootV1RejectsV2BindingsWithoutReinterpretingHistory/1","Output":"--- PASS: TestRootV1RejectsV2BindingsWithoutReinterpretingHistory/1 (0.00s)\n","OutputType":"frame"}
{"Time":"2026-10-05T08:44:44.871945131Z","Action":"pass","Package":"github.com/Hubujiu/WeaveOS/services/bff/internal/flowcommands","Test":"TestRootV1RejectsV2BindingsWithoutReinterpretingHistory/1","Elapsed":0}
{"Time":"2026-10-05T08:44:44.871965762Z","Action":"run","Package":"github.com/Hubujiu/WeaveOS/services/bff/internal/flowcommands","Test":"TestRootV1RejectsV2BindingsWithoutReinterpretingHistory/2"}
{"Time":"2026-10-05T08:44:44.871971621Z","Action":"output","Package":"github.com/Hubujiu/WeaveOS/services/bff/internal/flowcommands","Test":"TestRootV1RejectsV2BindingsWithoutReinterpretingHistory/2","Output":"=== RUN   TestRootV1RejectsV2BindingsWithoutReinterpretingHistory/2\n","OutputType":"frame"}
{"Time":"2026-10-05T08:44:44.872039393Z","Action":"output","Package":"github.com/Hubujiu/WeaveOS/services/bff/internal/flowcommands","Test":"TestRootV1RejectsV2BindingsWithoutReinterpretingHistory/2","Output":"--- PASS: TestRootV1RejectsV2BindingsWithoutReinterpretingHistory/2 (0.00s)\n","OutputType":"frame"}
{"Time":"2026-10-05T08:44:44.872079864Z","Action":"pass","Package":"github.com/Hubujiu/WeaveOS/services/bff/internal/flowcommands","Test":"TestRootV1RejectsV2BindingsWithoutReinterpretingHistory/2","Elapsed":0}
{"Time":"2026-10-05T08:44:44.87210359Z","Action":"run","Package":"github.com/Hubujiu/WeaveOS/services/bff/internal/flowcommands","Test":"TestRootV1RejectsV2BindingsWithoutReinterpretingHistory/3"}
{"Time":"2026-10-05T08:44:44.872109649Z","Action":"output","Package":"github.com/Hubujiu/WeaveOS/services/bff/internal/flowcommands","Test":"TestRootV1RejectsV2BindingsWithoutReinterpretingHistory/3","Output":"=== RUN   TestRootV1RejectsV2BindingsWithoutReinterpretingHistory/3\n","OutputType":"frame"}
{"Time":"2026-10-05T08:44:44.872149059Z","Action":"output","Package":"github.com/Hubujiu/WeaveOS/services/bff/internal/flowcommands","Test":"TestRootV1RejectsV2BindingsWithoutReinterpretingHistory/3","Output":"--- PASS: TestRootV1RejectsV2BindingsWithoutReinterpretingHistory/3 (0.00s)\n","OutputType":"frame"}
{"Time":"2026-10-05T08:44:44.872179024Z","Action":"pass","Package":"github.com/Hubujiu/WeaveOS/services/bff/internal/flowcommands","Test":"TestRootV1RejectsV2BindingsWithoutReinterpretingHistory/3","Elapsed":0}
{"Time":"2026-10-05T08:44:44.872199144Z","Action":"run","Package":"github.com/Hubujiu/WeaveOS/services/bff/internal/flowcommands","Test":"TestRootV1RejectsV2BindingsWithoutReinterpretingHistory/4"}
{"Time":"2026-10-05T08:44:44.872205063Z","Action":"output","Package":"github.com/Hubujiu/WeaveOS/services/bff/internal/flowcommands","Test":"TestRootV1RejectsV2BindingsWithoutReinterpretingHistory/4","Output":"=== RUN   TestRootV1RejectsV2BindingsWithoutReinterpretingHistory/4\n","OutputType":"frame"}
{"Time":"2026-10-05T08:44:44.872239525Z","Action":"output","Package":"github.com/Hubujiu/WeaveOS/services/bff/internal/flowcommands","Test":"TestRootV1RejectsV2BindingsWithoutReinterpretingHistory/4","Output":"--- PASS: TestRootV1RejectsV2BindingsWithoutReinterpretingHistory/4 (0.00s)\n","OutputType":"frame"}
{"Time":"2026-10-05T08:44:44.872267317Z","Action":"pass","Package":"github.com/Hubujiu/WeaveOS/services/bff/internal/flowcommands","Test":"TestRootV1RejectsV2BindingsWithoutReinterpretingHistory/4","Elapsed":0}
{"Time":"2026-10-05T08:44:44.872286816Z","Action":"run","Package":"github.com/Hubujiu/WeaveOS/services/bff/internal/flowcommands","Test":"TestRootV1RejectsV2BindingsWithoutReinterpretingHistory/5"}
{"Time":"2026-10-05T08:44:44.872292495Z","Action":"output","Package":"github.com/Hubujiu/WeaveOS/services/bff/internal/flowcommands","Test":"TestRootV1RejectsV2BindingsWithoutReinterpretingHistory/5","Output":"=== RUN   TestRootV1RejectsV2BindingsWithoutReinterpretingHistory/5\n","OutputType":"frame"}
{"Time":"2026-10-05T08:44:44.872327157Z","Action":"output","Package":"github.com/Hubujiu/WeaveOS/services/bff/internal/flowcommands","Test":"TestRootV1RejectsV2BindingsWithoutReinterpretingHistory/5","Output":"--- PASS: TestRootV1RejectsV2BindingsWithoutReinterpretingHistory/5 (0.00s)\n","OutputType":"frame"}
{"Time":"2026-10-05T08:44:44.87235555Z","Action":"pass","Package":"github.com/Hubujiu/WeaveOS/services/bff/internal/flowcommands","Test":"TestRootV1RejectsV2BindingsWithoutReinterpretingHistory/5","Elapsed":0}
{"Time":"2026-10-05T08:44:44.872380157Z","Action":"output","Package":"github.com/Hubujiu/WeaveOS/services/bff/internal/flowcommands","Test":"TestRootV1RejectsV2BindingsWithoutReinterpretingHistory","Output":"--- PASS: TestRootV1RejectsV2BindingsWithoutReinterpretingHistory (0.00s)\n","OutputType":"frame"}
{"Time":"2026-10-05T08:44:44.872401499Z","Action":"pass","Package":"github.com/Hubujiu/WeaveOS/services/bff/internal/flowcommands","Test":"TestRootV1RejectsV2BindingsWithoutReinterpretingHistory","Elapsed":0}
{"Time":"2026-10-05T08:44:44.872421479Z","Action":"run","Package":"github.com/Hubujiu/WeaveOS/services/bff/internal/flowcommands","Test":"TestRootV2ReceiptBindingAndMonotonicReplay"}
{"Time":"2026-10-05T08:44:44.872427629Z","Action":"output","Package":"github.com/Hubujiu/WeaveOS/services/bff/internal/flowcommands","Test":"TestRootV2ReceiptBindingAndMonotonicReplay","Output":"=== RUN   TestRootV2ReceiptBindingAndMonotonicReplay\n","OutputType":"frame"}
{"Time":"2026-10-05T08:44:44.872512517Z","Action":"output","Package":"github.com/Hubujiu/WeaveOS/services/bff/internal/flowcommands","Test":"TestRootV2ReceiptBindingAndMonotonicReplay","Output":"--- PASS: TestRootV2ReceiptBindingAndMonotonicReplay (0.00s)\n","OutputType":"frame"}
{"Time":"2026-10-05T08:44:44.872539407Z","Action":"pass","Package":"github.com/Hubujiu/WeaveOS/services/bff/internal/flowcommands","Test":"TestRootV2ReceiptBindingAndMonotonicReplay","Elapsed":0}
{"Time":"2026-10-05T08:44:44.872555912Z","Action":"run","Package":"github.com/Hubujiu/WeaveOS/services/bff/internal/flowcommands","Test":"TestRootV2CanonicalBytesHaveIndependentOwnership"}
{"Time":"2026-10-05T08:44:44.872562522Z","Action":"output","Package":"github.com/Hubujiu/WeaveOS/services/bff/internal/flowcommands","Test":"TestRootV2CanonicalBytesHaveIndependentOwnership","Output":"=== RUN   TestRootV2CanonicalBytesHaveIndependentOwnership\n","OutputType":"frame"}
{"Time":"2026-10-05T08:44:44.872613248Z","Action":"output","Package":"github.com/Hubujiu/WeaveOS/services/bff/internal/flowcommands","Test":"TestRootV2CanonicalBytesHaveIndependentOwnership","Output":"--- PASS: TestRootV2CanonicalBytesHaveIndependentOwnership (0.00s)\n","OutputType":"frame"}
{"Time":"2026-10-05T08:44:44.872636754Z","Action":"pass","Package":"github.com/Hubujiu/WeaveOS/services/bff/internal/flowcommands","Test":"TestRootV2CanonicalBytesHaveIndependentOwnership","Elapsed":0}
{"Time":"2026-10-05T08:44:44.87265437Z","Action":"run","Package":"github.com/Hubujiu/WeaveOS/services/bff/internal/flowcommands","Test":"TestRootV2JSONStorageRoundTripPreservesIdentity"}
{"Time":"2026-10-05T08:44:44.87266106Z","Action":"output","Package":"github.com/Hubujiu/WeaveOS/services/bff/internal/flowcommands","Test":"TestRootV2JSONStorageRoundTripPreservesIdentity","Output":"=== RUN   TestRootV2JSONStorageRoundTripPreservesIdentity\n","OutputType":"frame"}
{"Time":"2026-10-05T08:44:44.873095736Z","Action":"output","Package":"github.com/Hubujiu/WeaveOS/services/bff/internal/flowcommands","Test":"TestRootV2JSONStorageRoundTripPreservesIdentity","Output":"--- PASS: TestRootV2JSONStorageRoundTripPreservesIdentity (0.00s)\n","OutputType":"frame"}
{"Time":"2026-10-05T08:44:44.873135075Z","Action":"pass","Package":"github.com/Hubujiu/WeaveOS/services/bff/internal/flowcommands","Test":"TestRootV2JSONStorageRoundTripPreservesIdentity","Elapsed":0}
{"Time":"2026-10-05T08:44:44.873156908Z","Action":"run","Package":"github.com/Hubujiu/WeaveOS/services/bff/internal/flowcommands","Test":"TestRootV2UnknownProtocolCannotDowngrade"}
{"Time":"2026-10-05T08:44:44.873163057Z","Action":"output","Package":"github.com/Hubujiu/WeaveOS/services/bff/internal/flowcommands","Test":"TestRootV2UnknownProtocolCannotDowngrade","Output":"=== RUN   TestRootV2UnknownProtocolCannotDowngrade\n","OutputType":"frame"}
{"Time":"2026-10-05T08:44:44.873210459Z","Action":"output","Package":"github.com/Hubujiu/WeaveOS/services/bff/internal/flowcommands","Test":"TestRootV2UnknownProtocolCannotDowngrade","Output":"--- PASS: TestRootV2UnknownProtocolCannotDowngrade (0.00s)\n","OutputType":"frame"}
{"Time":"2026-10-05T08:44:44.873234335Z","Action":"pass","Package":"github.com/Hubujiu/WeaveOS/services/bff/internal/flowcommands","Test":"TestRootV2UnknownProtocolCannotDowngrade","Elapsed":0}
{"Time":"2026-10-05T08:44:44.873260674Z","Action":"output","Package":"github.com/Hubujiu/WeaveOS/services/bff/internal/flowcommands","Output":"PASS\n","OutputType":"frame"}
{"Time":"2026-10-05T08:44:45.875703368Z","Action":"output","Package":"github.com/Hubujiu/WeaveOS/services/bff/internal/flowcommands","Output":"ok  \tgithub.com/Hubujiu/WeaveOS/services/bff/internal/flowcommands\t1.904s\n"}
{"Time":"2026-10-05T08:44:45.875748246Z","Action":"pass","Package":"github.com/Hubujiu/WeaveOS/services/bff/internal/flowcommands","Elapsed":1.905}
