2026-10-06T10:26:59.8832158Z Current runner version: '2.337.0'
2026-10-06T10:26:59.8858128Z ##[group]Runner Image Provisioner
2026-10-06T10:26:59.8859086Z Hosted Compute Agent
2026-10-06T10:26:59.8859755Z Version: 20260901.588
2026-10-06T10:26:59.8860423Z Commit: f88ec8081b781fac6c440065ac7ff9e710ce3d0b
2026-10-06T10:26:59.8861143Z Build Date: 2026-09-01T19:56:44Z
2026-10-06T10:26:59.8861884Z Worker ID: {86b48e53-4f60-47e8-8710-5ed33ce00123}
2026-10-06T10:26:59.8863152Z Azure Region: eastus
2026-10-06T10:26:59.8863822Z ##[endgroup]
2026-10-06T10:26:59.8865424Z ##[group]Operating System
2026-10-06T10:26:59.8866075Z Ubuntu
2026-10-06T10:26:59.8866665Z 24.04.5
2026-10-06T10:26:59.8867249Z LTS
2026-10-06T10:26:59.8867782Z ##[endgroup]
2026-10-06T10:26:59.8868404Z ##[group]Runner Image
2026-10-06T10:26:59.8869016Z Image: ubuntu-24.04
2026-10-06T10:26:59.8869950Z Version: 20260927.320.1
2026-10-06T10:26:59.8871255Z Included Software: https://github.com/actions/runner-images/blob/ubuntu24/20260927.320/images/ubuntu/Ubuntu2404-Readme.md
2026-10-06T10:26:59.8873093Z Image Release: https://github.com/actions/runner-images/releases/tag/ubuntu24%2F20260927.320
2026-10-06T10:26:59.8874095Z ##[endgroup]
2026-10-06T10:26:59.8875287Z ##[group]GITHUB_TOKEN Permissions
2026-10-06T10:26:59.8877217Z Contents: read
2026-10-06T10:26:59.8877942Z Metadata: read
2026-10-06T10:26:59.8878512Z ##[endgroup]
2026-10-06T10:26:59.8880818Z Secret source: Actions
2026-10-06T10:26:59.8881827Z Cache mode: write
2026-10-06T10:26:59.8882910Z Prepare workflow directory
2026-10-06T10:26:59.9296861Z Prepare all required actions
2026-10-06T10:26:59.9346006Z Getting action download info
2026-10-06T10:27:00.1176345Z Download action repository 'actions/checkout@11d5960a326750d5838078e36cf38b85af677262' (SHA:11d5960a326750d5838078e36cf38b85af677262)
2026-10-06T10:27:00.2239790Z Download action repository 'actions/upload-artifact@330a01c490aca151604b8cf639adc76d48f6c5d4' (SHA:330a01c490aca151604b8cf639adc76d48f6c5d4)
2026-10-06T10:27:00.4859234Z Complete job name: workflow-engine
2026-10-06T10:27:00.5718625Z ##[group]Run actions/checkout@11d5960a326750d5838078e36cf38b85af677262
2026-10-06T10:27:00.5719693Z with:
2026-10-06T10:27:00.5720144Z   persist-credentials: false
2026-10-06T10:27:00.5720668Z   repository: Hubujiu/WeaveOS
2026-10-06T10:27:00.5724511Z   token: ***
2026-10-06T10:27:00.5724942Z   ssh-strict: true
2026-10-06T10:27:00.5725369Z   ssh-user: git
2026-10-06T10:27:00.5725775Z   clean: true
2026-10-06T10:27:00.5726205Z   sparse-checkout-cone-mode: true
2026-10-06T10:27:00.5726729Z   fetch-depth: 1
2026-10-06T10:27:00.5727142Z   fetch-tags: false
2026-10-06T10:27:00.5727570Z   show-progress: true
2026-10-06T10:27:00.5728002Z   lfs: false
2026-10-06T10:27:00.5728409Z   submodules: false
2026-10-06T10:27:00.5728850Z   set-safe-directory: true
2026-10-06T10:27:00.5729395Z   allow-unsafe-pr-checkout: false
2026-10-06T10:27:00.5730210Z ##[endgroup]
2026-10-06T10:27:00.6768491Z Syncing repository: Hubujiu/WeaveOS
2026-10-06T10:27:00.6771320Z ##[group]Getting Git version info
2026-10-06T10:27:00.6772814Z Working directory is '/home/runner/work/WeaveOS/WeaveOS'
2026-10-06T10:27:00.6774613Z [command]/usr/bin/git version
2026-10-06T10:27:00.6852222Z git version 2.55.0
2026-10-06T10:27:00.6884453Z ##[endgroup]
2026-10-06T10:27:00.6893810Z Temporarily overriding HOME='/home/runner/work/_temp/0bcf69e2-07c7-4cb5-b9d4-87fcbe728550' before making global git config changes
2026-10-06T10:27:00.6896956Z Adding repository directory to the temporary git global config as a safe directory
2026-10-06T10:27:00.6899447Z [command]/usr/bin/git config --global --add safe.directory /home/runner/work/WeaveOS/WeaveOS
2026-10-06T10:27:00.6951197Z Deleting the contents of '/home/runner/work/WeaveOS/WeaveOS'
2026-10-06T10:27:00.6957502Z ##[group]Initializing the repository
2026-10-06T10:27:00.6962762Z [command]/usr/bin/git init /home/runner/work/WeaveOS/WeaveOS
2026-10-06T10:27:00.7075808Z hint: Using 'master' as the name for the initial branch. This default branch name
2026-10-06T10:27:00.7080263Z hint: will change to "main" in Git 3.0. To configure the initial branch name
2026-10-06T10:27:00.7082687Z hint: to use in all of your new repositories, which will suppress this warning,
2026-10-06T10:27:00.7084119Z hint: call:
2026-10-06T10:27:00.7084909Z hint:
2026-10-06T10:27:00.7085855Z hint: 	git config --global init.defaultBranch <name>
2026-10-06T10:27:00.7086955Z hint:
2026-10-06T10:27:00.7087969Z hint: Names commonly chosen instead of 'master' are 'main', 'trunk' and
2026-10-06T10:27:00.7089576Z hint: 'development'. The just-created branch can be renamed via this command:
2026-10-06T10:27:00.7090831Z hint:
2026-10-06T10:27:00.7091760Z hint: 	git branch -m <name>
2026-10-06T10:27:00.7092963Z hint:
2026-10-06T10:27:00.7094142Z hint: Disable this message with "git config set advice.defaultBranchName false"
2026-10-06T10:27:00.7095926Z Initialized empty Git repository in /home/runner/work/WeaveOS/WeaveOS/.git/
2026-10-06T10:27:00.7098601Z [command]/usr/bin/git remote add origin https://github.com/Hubujiu/WeaveOS
2026-10-06T10:27:00.7155015Z ##[endgroup]
2026-10-06T10:27:00.7156459Z ##[group]Disabling automatic garbage collection
2026-10-06T10:27:00.7160404Z [command]/usr/bin/git config --local gc.auto 0
2026-10-06T10:27:00.7195114Z ##[endgroup]
2026-10-06T10:27:00.7196338Z ##[group]Setting up auth
2026-10-06T10:27:00.7202153Z [command]/usr/bin/git config --local --name-only --get-regexp core\.sshCommand
2026-10-06T10:27:00.7238238Z [command]/usr/bin/git submodule foreach --recursive sh -c "git config --local --name-only --get-regexp 'core\.sshCommand' && git config --local --unset-all 'core.sshCommand' || :"
2026-10-06T10:27:00.7620529Z [command]/usr/bin/git config --local --name-only --get-regexp http\.https\:\/\/github\.com\/\.extraheader
2026-10-06T10:27:00.7667289Z [command]/usr/bin/git submodule foreach --recursive sh -c "git config --local --name-only --get-regexp 'http\.https\:\/\/github\.com\/\.extraheader' && git config --local --unset-all 'http.https://github.com/.extraheader' || :"
2026-10-06T10:27:00.7976399Z [command]/usr/bin/git config --local --name-only --get-regexp ^includeIf\.gitdir:
2026-10-06T10:27:00.7978520Z [command]/usr/bin/git submodule foreach --recursive git config --local --show-origin --name-only --get-regexp remote.origin.url
2026-10-06T10:27:00.8180279Z [command]/usr/bin/git config --local http.https://github.com/.extraheader AUTHORIZATION: basic ***
2026-10-06T10:27:00.8223376Z ##[endgroup]
2026-10-06T10:27:00.8224986Z ##[group]Fetching the repository
2026-10-06T10:27:00.8235332Z [command]/usr/bin/git -c protocol.version=2 fetch --no-tags --prune --no-recurse-submodules --depth=1 origin +e9b2d08deeb338af437547368df3b0dd6b215990:refs/remotes/pull/52/merge
2026-10-06T10:27:03.7013898Z From https://github.com/Hubujiu/WeaveOS
2026-10-06T10:27:03.7014737Z  * [new ref]         e9b2d08deeb338af437547368df3b0dd6b215990 -> pull/52/merge
2026-10-06T10:27:03.7017802Z ##[endgroup]
2026-10-06T10:27:03.7018705Z ##[group]Determining the checkout info
2026-10-06T10:27:03.7020320Z ##[endgroup]
2026-10-06T10:27:03.7026747Z [command]/usr/bin/git sparse-checkout disable
2026-10-06T10:27:03.7080765Z [command]/usr/bin/git config --local --unset-all extensions.worktreeConfig
2026-10-06T10:27:03.7116887Z ##[group]Checking out the ref
2026-10-06T10:27:03.7120482Z [command]/usr/bin/git checkout --progress --force refs/remotes/pull/52/merge
2026-10-06T10:27:04.4938264Z Note: switching to 'refs/remotes/pull/52/merge'.
2026-10-06T10:27:04.4938853Z 
2026-10-06T10:27:04.4939276Z You are in 'detached HEAD' state. You can look around, make experimental
2026-10-06T10:27:04.4940207Z changes and commit them, and you can discard any commits you make in this
2026-10-06T10:27:04.4941201Z state without impacting any branches by switching back to a branch.
2026-10-06T10:27:04.4941724Z 
2026-10-06T10:27:04.4941995Z If you want to create a new branch to retain commits you create, you may
2026-10-06T10:27:04.4942902Z do so (now or later) by using -c with the switch command. Example:
2026-10-06T10:27:04.4943521Z 
2026-10-06T10:27:04.4943830Z   git switch -c <new-branch-name>
2026-10-06T10:27:04.4944531Z 
2026-10-06T10:27:04.4944809Z Or undo this operation with:
2026-10-06T10:27:04.4945183Z 
2026-10-06T10:27:04.4945402Z   git switch -
2026-10-06T10:27:04.4945721Z 
2026-10-06T10:27:04.4946212Z Turn off this advice by setting config variable advice.detachedHead to false
2026-10-06T10:27:04.4946841Z 
2026-10-06T10:27:04.4947528Z HEAD is now at e9b2d08 Merge d6c60b8c265401fbb74b2c2c7606a323d4d24fb1 into 8fc8f2955d8c956de2c39f505f56c822f75a3405
2026-10-06T10:27:04.4987356Z ##[endgroup]
2026-10-06T10:27:04.5035033Z [command]/usr/bin/git log -1 --format=%H
2026-10-06T10:27:04.5062296Z e9b2d08deeb338af437547368df3b0dd6b215990
2026-10-06T10:27:04.5071046Z ##[group]Removing auth
2026-10-06T10:27:04.5074955Z [command]/usr/bin/git config --local --name-only --get-regexp core\.sshCommand
2026-10-06T10:27:04.5108993Z [command]/usr/bin/git submodule foreach --recursive sh -c "git config --local --name-only --get-regexp 'core\.sshCommand' && git config --local --unset-all 'core.sshCommand' || :"
2026-10-06T10:27:04.5340532Z [command]/usr/bin/git config --local --name-only --get-regexp http\.https\:\/\/github\.com\/\.extraheader
2026-10-06T10:27:04.5368750Z http.https://github.com/.extraheader
2026-10-06T10:27:04.5376474Z [command]/usr/bin/git config --local --unset-all http.https://github.com/.extraheader
2026-10-06T10:27:04.5411295Z [command]/usr/bin/git submodule foreach --recursive sh -c "git config --local --name-only --get-regexp 'http\.https\:\/\/github\.com\/\.extraheader' && git config --local --unset-all 'http.https://github.com/.extraheader' || :"
2026-10-06T10:27:04.5641671Z [command]/usr/bin/git config --local --name-only --get-regexp ^includeIf\.gitdir:
2026-10-06T10:27:04.5674115Z [command]/usr/bin/git submodule foreach --recursive git config --local --show-origin --name-only --get-regexp remote.origin.url
2026-10-06T10:27:04.5902169Z ##[endgroup]
2026-10-06T10:27:04.6119570Z ##[group]Run mkdir -p services/workflow-engine/ci-logs
2026-10-06T10:27:04.6120173Z [36;1mmkdir -p services/workflow-engine/ci-logs[0m
2026-10-06T10:27:04.6120865Z [36;1mpython3 services/workflow-engine/ci_gate_tests.py 2>&1 | tee services/workflow-engine/ci-logs/gate-tests.txt[0m
2026-10-06T10:27:04.6399723Z shell: /usr/bin/bash --noprofile --norc -e -o pipefail {0}
2026-10-06T10:27:04.6400292Z ##[endgroup]
2026-10-06T10:27:04.7355941Z ............
2026-10-06T10:27:04.7356698Z ----------------------------------------------------------------------
2026-10-06T10:27:04.7357450Z Ran 12 tests in 0.010s
2026-10-06T10:27:04.7357724Z 
2026-10-06T10:27:04.7357888Z OK
2026-10-06T10:27:04.7482754Z ##[group]Run bash services/workflow-engine/prepare-build.sh 2>&1 | tee services/workflow-engine/ci-logs/prepare.txt
2026-10-06T10:27:04.7483712Z [36;1mbash services/workflow-engine/prepare-build.sh 2>&1 | tee services/workflow-engine/ci-logs/prepare.txt[0m
2026-10-06T10:27:04.7547931Z shell: /usr/bin/bash --noprofile --norc -e -o pipefail {0}
2026-10-06T10:27:04.7548345Z ##[endgroup]
2026-10-06T10:27:04.8511610Z Unable to find image 'mirror.gcr.io/library/maven@sha256:fa7aa19829157d299ff05f631b51697a388dcd2f6955e84249ecc652015f217b' locally
2026-10-06T10:27:05.2718965Z mirror.gcr.io/library/maven@sha256:fa7aa19829157d299ff05f631b51697a388dcd2f6955e84249ecc652015f217b: Pulling from library/maven
2026-10-06T10:27:05.2728482Z 20043066d3d5: Pulling fs layer
2026-10-06T10:27:05.2728797Z 077c4ca28173: Pulling fs layer
2026-10-06T10:27:05.2729195Z b88b6ae1b108: Pulling fs layer
2026-10-06T10:27:05.2729566Z 67cf99ea3a75: Pulling fs layer
2026-10-06T10:27:05.2729920Z 02d80376fd82: Pulling fs layer
2026-10-06T10:27:05.2730189Z a48539624cab: Pulling fs layer
2026-10-06T10:27:05.2730450Z 066840a279be: Pulling fs layer
2026-10-06T10:27:05.2730816Z 00ce8eef72b0: Pulling fs layer
2026-10-06T10:27:05.2731073Z a00511e1babb: Pulling fs layer
2026-10-06T10:27:05.2731342Z 8f9d993fddb9: Pulling fs layer
2026-10-06T10:27:05.2731597Z 02d80376fd82: Waiting
2026-10-06T10:27:05.2731839Z a48539624cab: Waiting
2026-10-06T10:27:05.2734038Z 066840a279be: Waiting
2026-10-06T10:27:05.2734337Z 00ce8eef72b0: Waiting
2026-10-06T10:27:05.2734591Z a00511e1babb: Waiting
2026-10-06T10:27:05.2734839Z 8f9d993fddb9: Waiting
2026-10-06T10:27:05.2735048Z 67cf99ea3a75: Waiting
2026-10-06T10:27:05.8580195Z 20043066d3d5: Verifying Checksum
2026-10-06T10:27:05.8581725Z 20043066d3d5: Download complete
2026-10-06T10:27:05.9910335Z 077c4ca28173: Verifying Checksum
2026-10-06T10:27:05.9911342Z 077c4ca28173: Download complete
2026-10-06T10:27:06.1327782Z 67cf99ea3a75: Verifying Checksum
2026-10-06T10:27:06.1329334Z 67cf99ea3a75: Download complete
2026-10-06T10:27:06.3239037Z 02d80376fd82: Verifying Checksum
2026-10-06T10:27:06.3241050Z 02d80376fd82: Download complete
2026-10-06T10:27:06.8170081Z a48539624cab: Verifying Checksum
2026-10-06T10:27:06.8171861Z a48539624cab: Download complete
2026-10-06T10:27:06.8501911Z 066840a279be: Verifying Checksum
2026-10-06T10:27:06.8506212Z 066840a279be: Download complete
2026-10-06T10:27:06.8993716Z b88b6ae1b108: Download complete
2026-10-06T10:27:07.1147468Z 20043066d3d5: Pull complete
2026-10-06T10:27:07.1249019Z a00511e1babb: Verifying Checksum
2026-10-06T10:27:07.1249539Z a00511e1babb: Download complete
2026-10-06T10:27:07.1513230Z 00ce8eef72b0: Verifying Checksum
2026-10-06T10:27:07.1513857Z 00ce8eef72b0: Download complete
2026-10-06T10:27:07.1803850Z 8f9d993fddb9: Verifying Checksum
2026-10-06T10:27:07.1804761Z 8f9d993fddb9: Download complete
2026-10-06T10:27:11.2731010Z 077c4ca28173: Pull complete
2026-10-06T10:27:12.8752044Z b88b6ae1b108: Pull complete
2026-10-06T10:27:12.8877426Z 67cf99ea3a75: Pull complete
2026-10-06T10:27:12.9003756Z 02d80376fd82: Pull complete
2026-10-06T10:27:13.7725147Z a48539624cab: Pull complete
2026-10-06T10:27:13.8539292Z 066840a279be: Pull complete
2026-10-06T10:27:13.8624207Z 00ce8eef72b0: Pull complete
2026-10-06T10:27:13.8705675Z a00511e1babb: Pull complete
2026-10-06T10:27:13.8799513Z 8f9d993fddb9: Pull complete
2026-10-06T10:27:13.8842710Z Digest: sha256:fa7aa19829157d299ff05f631b51697a388dcd2f6955e84249ecc652015f217b
2026-10-06T10:27:13.8851183Z Status: Downloaded newer image for mirror.gcr.io/library/maven@sha256:fa7aa19829157d299ff05f631b51697a388dcd2f6955e84249ecc652015f217b
2026-10-06T10:27:16.2174129Z [INFO] Scanning for projects...
2026-10-06T10:27:19.6383550Z [INFO] 
2026-10-06T10:27:19.6384394Z [INFO] --------------------< org.weaveos:workflow-engine >---------------------
2026-10-06T10:27:19.6393456Z [INFO] Building WeaveOS controlled workflow engine core 0.3.0-SNAPSHOT
2026-10-06T10:27:19.6394221Z [INFO]   from pom.xml
2026-10-06T10:27:19.6395231Z [INFO] --------------------------------[ jar ]---------------------------------
2026-10-06T10:27:19.6435522Z [INFO] 
2026-10-06T10:27:19.6437306Z [INFO] --- dependency:3.9.0:go-offline (default-cli) @ workflow-engine ---
2026-10-06T10:27:23.8920534Z [INFO] Resolved plugin: maven-compiler-plugin-3.14.1.jar
2026-10-06T10:27:23.8943454Z [INFO] Resolved plugin dependency:
2026-10-06T10:27:24.1882274Z [INFO]       maven-compiler-plugin-3.14.1.jar
2026-10-06T10:27:24.1884204Z [INFO]       asm-9.8.jar
2026-10-06T10:27:24.1884921Z [INFO]       maven-shared-utils-3.4.2.jar
2026-10-06T10:27:24.1885677Z [INFO]       slf4j-api-1.7.36.jar
2026-10-06T10:27:24.1886373Z [INFO]       commons-io-2.11.0.jar
2026-10-06T10:27:24.1887106Z [INFO]       maven-shared-incremental-1.1.jar
2026-10-06T10:27:24.1887898Z [INFO]       plexus-java-1.5.0.jar
2026-10-06T10:27:24.1888561Z [INFO]       qdox-2.2.0.jar
2026-10-06T10:27:24.1889240Z [INFO]       plexus-compiler-api-2.15.0.jar
2026-10-06T10:27:24.1889998Z [INFO]       plexus-compiler-manager-2.15.0.jar
2026-10-06T10:27:24.1890712Z [INFO]       javax.inject-1.jar
2026-10-06T10:27:24.1891370Z [INFO]       plexus-xml-3.0.1.jar
2026-10-06T10:27:24.1892106Z [INFO]       plexus-compiler-javac-2.15.0.jar
2026-10-06T10:27:24.1893260Z [INFO]       plexus-utils-4.0.2.jar
2026-10-06T10:27:24.1894092Z [INFO] Resolved plugin: maven-surefire-plugin-3.5.4.jar
2026-10-06T10:27:24.1894906Z [INFO] Resolved plugin dependency:
2026-10-06T10:27:24.4074475Z [INFO]       maven-surefire-plugin-3.5.4.jar
2026-10-06T10:27:24.4075324Z [INFO]       surefire-api-3.5.4.jar
2026-10-06T10:27:24.4076074Z [INFO]       surefire-logger-api-3.5.4.jar
2026-10-06T10:27:24.4086893Z [INFO]       surefire-shared-utils-3.5.4.jar
2026-10-06T10:27:24.4087798Z [INFO]       surefire-extensions-api-3.5.4.jar
2026-10-06T10:27:24.4088621Z [INFO]       maven-surefire-common-3.5.4.jar
2026-10-06T10:27:24.4089286Z [INFO]       surefire-booter-3.5.4.jar
2026-10-06T10:27:24.4089925Z [INFO]       surefire-extensions-spi-3.5.4.jar
2026-10-06T10:27:24.4090641Z [INFO]       maven-resolver-util-1.4.1.jar
2026-10-06T10:27:24.4091279Z [INFO]       maven-resolver-api-1.4.1.jar
2026-10-06T10:27:24.4091959Z [INFO]       maven-common-artifact-filters-3.4.0.jar
2026-10-06T10:27:24.4092895Z [INFO]       slf4j-api-1.7.36.jar
2026-10-06T10:27:24.4093480Z [INFO]       plexus-java-1.5.0.jar
2026-10-06T10:27:24.4094032Z [INFO]       asm-9.8.jar
2026-10-06T10:27:24.4094552Z [INFO]       qdox-2.2.0.jar
2026-10-06T10:27:24.4095157Z [INFO] Resolved plugin: maven-jar-plugin-3.4.2.jar
2026-10-06T10:27:24.4095832Z [INFO] Resolved plugin dependency:
2026-10-06T10:27:24.7187896Z [INFO]       maven-jar-plugin-3.4.2.jar
2026-10-06T10:27:24.7188509Z [INFO]       file-management-3.1.0.jar
2026-10-06T10:27:24.7192930Z [INFO]       plexus-utils-4.0.1.jar
2026-10-06T10:27:24.7195212Z [INFO]       commons-io-2.16.1.jar
2026-10-06T10:27:24.7195993Z [INFO]       maven-archiver-3.6.2.jar
2026-10-06T10:27:24.7196834Z [INFO]       plexus-interpolation-1.27.jar
2026-10-06T10:27:24.7197682Z [INFO]       plexus-archiver-4.9.2.jar
2026-10-06T10:27:24.7198444Z [INFO]       plexus-io-3.4.2.jar
2026-10-06T10:27:24.7199222Z [INFO]       commons-compress-1.26.1.jar
2026-10-06T10:27:24.7199955Z [INFO]       commons-lang3-3.14.0.jar
2026-10-06T10:27:24.7200675Z [INFO]       commons-codec-1.16.1.jar
2026-10-06T10:27:24.7201407Z [INFO]       snappy-0.4.jar
2026-10-06T10:27:24.7204337Z [INFO]       xz-1.9.jar
2026-10-06T10:27:24.7205087Z [INFO]       zstd-jni-1.5.5-11.jar
2026-10-06T10:27:24.7219028Z [INFO]       javax.inject-1.jar
2026-10-06T10:27:24.7219878Z [INFO]       slf4j-api-1.7.36.jar
2026-10-06T10:27:24.7220864Z [INFO] Resolved plugin: maven-clean-plugin-3.5.0.jar
2026-10-06T10:27:24.7221684Z [INFO] Resolved plugin dependency:
2026-10-06T10:27:24.7237240Z [INFO]       maven-clean-plugin-3.5.0.jar
2026-10-06T10:27:24.7253571Z [INFO]       plexus-utils-4.0.2.jar
2026-10-06T10:27:24.7254194Z [INFO] Resolved plugin: protobuf-maven-plugin-0.6.1.jar
2026-10-06T10:27:24.7254980Z [INFO] Resolved plugin dependency:
2026-10-06T10:27:25.5181717Z [INFO]       protobuf-maven-plugin-0.6.1.jar
2026-10-06T10:27:25.5183453Z [INFO]       maven-plugin-api-3.0.jar
2026-10-06T10:27:25.5184166Z [INFO]       maven-model-3.0.jar
2026-10-06T10:27:25.5184850Z [INFO]       sisu-inject-plexus-1.4.2.jar
2026-10-06T10:27:25.5185639Z [INFO]       sisu-inject-bean-1.4.2.jar
2026-10-06T10:27:25.5186346Z [INFO]       sisu-guice-2.1.7-noaop.jar
2026-10-06T10:27:25.5187233Z [INFO]       maven-plugin-annotations-3.5.2.jar
2026-10-06T10:27:25.5188137Z [INFO]       plexus-utils-3.1.0.jar
2026-10-06T10:27:25.5188997Z [INFO]       plexus-component-annotations-1.7.1.jar
2026-10-06T10:27:25.5189819Z [INFO]       plexus-build-api-0.0.7.jar
2026-10-06T10:27:25.5190400Z [INFO]       maven-core-3.0.jar
2026-10-06T10:27:25.5190910Z [INFO]       maven-settings-3.0.jar
2026-10-06T10:27:25.5191322Z [INFO]       maven-settings-builder-3.0.jar
2026-10-06T10:27:25.5191815Z [INFO]       maven-repository-metadata-3.0.jar
2026-10-06T10:27:25.5192757Z [INFO]       maven-model-builder-3.0.jar
2026-10-06T10:27:25.5213730Z [INFO]       maven-aether-provider-3.0.jar
2026-10-06T10:27:25.5214329Z [INFO]       aether-impl-1.7.jar
2026-10-06T10:27:25.5214991Z [INFO]       aether-spi-1.7.jar
2026-10-06T10:27:25.5215451Z [INFO]       aether-api-1.7.jar
2026-10-06T10:27:25.5215916Z [INFO]       aether-util-1.7.jar
2026-10-06T10:27:25.5216437Z [INFO]       plexus-interpolation-1.14.jar
2026-10-06T10:27:25.5217336Z [INFO]       plexus-classworlds-2.2.3.jar
2026-10-06T10:27:25.5217878Z [INFO]       plexus-sec-dispatcher-1.3.jar
2026-10-06T10:27:25.5218432Z [INFO]       plexus-cipher-1.4.jar
2026-10-06T10:27:25.5218923Z [INFO]       maven-artifact-3.0.jar
2026-10-06T10:27:25.5219424Z [INFO]       maven-compat-3.0.jar
2026-10-06T10:27:25.5219960Z [INFO]       wagon-provider-api-1.0-beta-6.jar
2026-10-06T10:27:25.5220615Z [INFO] Resolved plugin: maven-install-plugin-3.1.4.jar
2026-10-06T10:27:25.5221226Z [INFO] Resolved plugin dependency:
2026-10-06T10:27:25.6719625Z [INFO]       maven-install-plugin-3.1.4.jar
2026-10-06T10:27:25.6734042Z [INFO]       maven-resolver-util-1.9.22.jar
2026-10-06T10:27:25.6734707Z [INFO]       maven-resolver-api-1.9.22.jar
2026-10-06T10:27:25.6735255Z [INFO]       plexus-utils-4.0.1.jar
2026-10-06T10:27:25.6735745Z [INFO]       plexus-xml-3.0.1.jar
2026-10-06T10:27:25.6736300Z [INFO] Resolved plugin: maven-site-plugin-3.12.1.jar
2026-10-06T10:27:25.6736899Z [INFO] Resolved plugin dependency:
2026-10-06T10:27:32.1364213Z [INFO]       maven-site-plugin-3.12.1.jar
2026-10-06T10:27:32.1372242Z [INFO]       maven-reporting-api-3.1.1.jar
2026-10-06T10:27:32.1373047Z [INFO]       maven-reporting-exec-1.6.0.jar
2026-10-06T10:27:32.1373591Z [INFO]       maven-artifact-3.2.5.jar
2026-10-06T10:27:32.1374099Z [INFO]       maven-core-3.2.5.jar
2026-10-06T10:27:32.1374639Z [INFO]       maven-repository-metadata-3.2.5.jar
2026-10-06T10:27:32.1375269Z [INFO]       maven-model-builder-3.2.5.jar
2026-10-06T10:27:32.1375830Z [INFO]       maven-aether-provider-3.2.5.jar
2026-10-06T10:27:32.1376424Z [INFO]       aether-spi-1.0.0.v20140518.jar
2026-10-06T10:27:32.1376960Z [INFO]       aether-impl-1.0.0.v20140518.jar
2026-10-06T10:27:32.1377518Z [INFO]       aether-api-1.0.0.v20140518.jar
2026-10-06T10:27:32.1378071Z [INFO]       org.eclipse.sisu.plexus-0.3.5.jar
2026-10-06T10:27:32.1378630Z [INFO]       javax.annotation-api-1.2.jar
2026-10-06T10:27:32.1379132Z [INFO]       cdi-api-1.2.jar
2026-10-06T10:27:32.1379614Z [INFO]       org.eclipse.sisu.inject-0.3.5.jar
2026-10-06T10:27:32.1380144Z [INFO]       sisu-guice-3.2.3-no_aop.jar
2026-10-06T10:27:32.1380618Z [INFO]       javax.inject-1.jar
2026-10-06T10:27:32.1381052Z [INFO]       aopalliance-1.0.jar
2026-10-06T10:27:32.1381487Z [INFO]       guava-16.0.1.jar
2026-10-06T10:27:32.1381826Z [INFO]       plexus-classworlds-2.5.2.jar
2026-10-06T10:27:32.1382134Z [INFO]       plexus-sec-dispatcher-1.3.jar
2026-10-06T10:27:32.1382740Z [INFO]       plexus-cipher-1.4.jar
2026-10-06T10:27:32.1383117Z [INFO]       maven-model-3.2.5.jar
2026-10-06T10:27:32.1383734Z [INFO]       maven-plugin-api-3.2.5.jar
2026-10-06T10:27:32.1384066Z [INFO]       maven-settings-3.2.5.jar
2026-10-06T10:27:32.1384365Z [INFO]       maven-settings-builder-3.2.5.jar
2026-10-06T10:27:32.1385682Z [INFO]       aether-util-1.0.0.v20140518.jar
2026-10-06T10:27:32.1386512Z [INFO]       maven-shared-utils-3.3.4.jar
2026-10-06T10:27:32.1387281Z [INFO]       commons-io-2.6.jar
2026-10-06T10:27:32.1387920Z [INFO]       maven-archiver-3.5.2.jar
2026-10-06T10:27:32.1388779Z [INFO]       commons-compress-1.20.jar
2026-10-06T10:27:32.1389417Z [INFO]       plexus-interpolation-1.26.jar
2026-10-06T10:27:32.1390397Z [INFO]       plexus-archiver-4.2.7.jar
2026-10-06T10:27:32.1390955Z [INFO]       plexus-io-3.2.0.jar
2026-10-06T10:27:32.1391514Z [INFO]       snappy-0.4.jar
2026-10-06T10:27:32.1392087Z [INFO]       xz-1.9.jar
2026-10-06T10:27:32.1392792Z [INFO]       plexus-i18n-1.0-beta-10.jar
2026-10-06T10:27:32.1423335Z [INFO]       plexus-utils-3.4.2.jar
2026-10-06T10:27:32.1424071Z [INFO]       doxia-sink-api-1.11.1.jar
2026-10-06T10:27:32.1424779Z [INFO]       doxia-logging-api-1.11.1.jar
2026-10-06T10:27:32.1425463Z [INFO]       doxia-core-1.11.1.jar
2026-10-06T10:27:32.1426276Z [INFO]       plexus-container-default-2.1.0.jar
2026-10-06T10:27:32.1426991Z [INFO]       xbean-reflect-3.7.jar
2026-10-06T10:27:32.1427689Z [INFO]       google-collections-1.0.jar
2026-10-06T10:27:32.1428393Z [INFO]       plexus-component-annotations-2.1.1.jar
2026-10-06T10:27:32.1429449Z [INFO]       commons-lang3-3.8.1.jar
2026-10-06T10:27:32.1430143Z [INFO]       commons-text-1.3.jar
2026-10-06T10:27:32.1430756Z [INFO]       httpclient-4.5.13.jar
2026-10-06T10:27:32.1431360Z [INFO]       commons-logging-1.2.jar
2026-10-06T10:27:32.1432004Z [INFO]       commons-codec-1.11.jar
2026-10-06T10:27:32.1433034Z [INFO]       httpcore-4.4.14.jar
2026-10-06T10:27:32.1433696Z [INFO]       doxia-module-xhtml-1.11.1.jar
2026-10-06T10:27:32.1434429Z [INFO]       doxia-module-xhtml5-1.11.1.jar
2026-10-06T10:27:32.1435164Z [INFO]       doxia-module-apt-1.11.1.jar
2026-10-06T10:27:32.1435827Z [INFO]       doxia-module-xdoc-1.11.1.jar
2026-10-06T10:27:32.1436518Z [INFO]       doxia-module-fml-1.11.1.jar
2026-10-06T10:27:32.1437218Z [INFO]       doxia-module-markdown-1.11.1.jar
2026-10-06T10:27:32.1437921Z [INFO]       flexmark-all-0.42.14.jar
2026-10-06T10:27:32.1438603Z [INFO]       flexmark-0.42.14.jar
2026-10-06T10:27:32.1439342Z [INFO]       flexmark-ext-abbreviation-0.42.14.jar
2026-10-06T10:27:32.1440129Z [INFO]       flexmark-ext-admonition-0.42.14.jar
2026-10-06T10:27:32.1440855Z [INFO]       flexmark-ext-anchorlink-0.42.14.jar
2026-10-06T10:27:32.1441547Z [INFO]       flexmark-ext-aside-0.42.14.jar
2026-10-06T10:27:32.1442280Z [INFO]       flexmark-ext-attributes-0.42.14.jar
2026-10-06T10:27:32.1443314Z [INFO]       flexmark-ext-autolink-0.42.14.jar
2026-10-06T10:27:32.1444034Z [INFO]       autolink-0.6.0.jar
2026-10-06T10:27:32.1444795Z [INFO]       flexmark-ext-definition-0.42.14.jar
2026-10-06T10:27:32.1445532Z [INFO]       flexmark-ext-emoji-0.42.14.jar
2026-10-06T10:27:32.1446315Z [INFO]       flexmark-ext-enumerated-reference-0.42.14.jar
2026-10-06T10:27:32.1447165Z [INFO]       flexmark-ext-escaped-character-0.42.14.jar
2026-10-06T10:27:32.1447918Z [INFO]       flexmark-ext-footnotes-0.42.14.jar
2026-10-06T10:27:32.1448620Z [INFO]       flexmark-ext-gfm-issues-0.42.14.jar
2026-10-06T10:27:32.1449378Z [INFO]       flexmark-ext-gfm-strikethrough-0.42.14.jar
2026-10-06T10:27:32.1450211Z [INFO]       flexmark-ext-gfm-tables-0.42.14.jar
2026-10-06T10:27:32.1450834Z [INFO]       flexmark-ext-gfm-tasklist-0.42.14.jar
2026-10-06T10:27:32.1451427Z [INFO]       flexmark-ext-gfm-users-0.42.14.jar
2026-10-06T10:27:32.1451989Z [INFO]       flexmark-ext-gitlab-0.42.14.jar
2026-10-06T10:27:32.1452824Z [INFO]       flexmark-ext-jekyll-front-matter-0.42.14.jar
2026-10-06T10:27:32.1453487Z [INFO]       flexmark-ext-jekyll-tag-0.42.14.jar
2026-10-06T10:27:32.1454066Z [INFO]       flexmark-ext-media-tags-0.42.14.jar
2026-10-06T10:27:32.1454979Z [INFO]       flexmark-ext-macros-0.42.14.jar
2026-10-06T10:27:32.1455523Z [INFO]       flexmark-ext-ins-0.42.14.jar
2026-10-06T10:27:32.1456073Z [INFO]       flexmark-ext-xwiki-macros-0.42.14.jar
2026-10-06T10:27:32.1456679Z [INFO]       flexmark-ext-superscript-0.42.14.jar
2026-10-06T10:27:32.1457076Z [INFO]       flexmark-ext-tables-0.42.14.jar
2026-10-06T10:27:32.1457390Z [INFO]       flexmark-ext-toc-0.42.14.jar
2026-10-06T10:27:32.1457768Z [INFO]       flexmark-ext-typographic-0.42.14.jar
2026-10-06T10:27:32.1458102Z [INFO]       flexmark-ext-wikilink-0.42.14.jar
2026-10-06T10:27:32.1458458Z [INFO]       flexmark-ext-yaml-front-matter-0.42.14.jar
2026-10-06T10:27:32.1458829Z [INFO]       flexmark-ext-youtube-embedded-0.42.14.jar
2026-10-06T10:27:32.1459168Z [INFO]       flexmark-formatter-0.42.14.jar
2026-10-06T10:27:32.1459474Z [INFO]       flexmark-html-parser-0.42.14.jar
2026-10-06T10:27:32.1459765Z [INFO]       jsoup-1.10.2.jar
2026-10-06T10:27:32.1460043Z [INFO]       flexmark-jira-converter-0.42.14.jar
2026-10-06T10:27:32.1460379Z [INFO]       flexmark-profile-pegdown-0.42.14.jar
2026-10-06T10:27:32.1460707Z [INFO]       flexmark-util-0.42.14.jar
2026-10-06T10:27:32.1461016Z [INFO]       flexmark-youtrack-converter-0.42.14.jar
2026-10-06T10:27:32.1461350Z [INFO]       doxia-module-confluence-1.11.1.jar
2026-10-06T10:27:32.1461682Z [INFO]       doxia-module-docbook-simple-1.11.1.jar
2026-10-06T10:27:32.1462008Z [INFO]       doxia-module-twiki-1.11.1.jar
2026-10-06T10:27:32.1462741Z [INFO]       doxia-decoration-model-1.11.1.jar
2026-10-06T10:27:32.1463054Z [INFO]       doxia-site-renderer-1.11.1.jar
2026-10-06T10:27:32.1463344Z [INFO]       doxia-skin-model-1.11.1.jar
2026-10-06T10:27:32.1463645Z [INFO]       plexus-velocity-1.2.jar
2026-10-06T10:27:32.1463926Z [INFO]       velocity-1.7.jar
2026-10-06T10:27:32.1464175Z [INFO]       commons-lang-2.4.jar
2026-10-06T10:27:32.1464430Z [INFO]       velocity-tools-2.0.jar
2026-10-06T10:27:32.1464701Z [INFO]       commons-beanutils-1.7.0.jar
2026-10-06T10:27:32.1464989Z [INFO]       commons-digester-1.8.jar
2026-10-06T10:27:32.1465266Z [INFO]       commons-chain-1.1.jar
2026-10-06T10:27:32.1465513Z [INFO]       dom4j-1.1.jar
2026-10-06T10:27:32.1465737Z [INFO]       oro-2.0.8.jar
2026-10-06T10:27:32.1465980Z [INFO]       commons-collections-3.2.2.jar
2026-10-06T10:27:32.1466289Z [INFO]       doxia-integration-tools-1.11.1.jar
2026-10-06T10:27:32.1466608Z [INFO]       jetty-server-9.4.46.v20220331.jar
2026-10-06T10:27:32.1466905Z [INFO]       javax.servlet-api-3.1.0.jar
2026-10-06T10:27:32.1467188Z [INFO]       jetty-http-9.4.46.v20220331.jar
2026-10-06T10:27:32.1467474Z [INFO]       jetty-io-9.4.46.v20220331.jar
2026-10-06T10:27:32.1467760Z [INFO]       jetty-servlet-9.4.46.v20220331.jar
2026-10-06T10:27:32.1468078Z [INFO]       jetty-security-9.4.46.v20220331.jar
2026-10-06T10:27:32.1468390Z [INFO]       jetty-util-ajax-9.4.46.v20220331.jar
2026-10-06T10:27:32.1468701Z [INFO]       jetty-webapp-9.4.46.v20220331.jar
2026-10-06T10:27:32.1468998Z [INFO]       jetty-xml-9.4.46.v20220331.jar
2026-10-06T10:27:32.1469288Z [INFO]       jetty-util-9.4.46.v20220331.jar
2026-10-06T10:27:32.1469624Z [INFO] Resolved plugin: maven-resources-plugin-3.3.1.jar
2026-10-06T10:27:32.1469958Z [INFO] Resolved plugin dependency:
2026-10-06T10:27:32.3682134Z [INFO]       maven-resources-plugin-3.3.1.jar
2026-10-06T10:27:32.3683052Z [INFO]       plexus-interpolation-1.26.jar
2026-10-06T10:27:32.3683609Z [INFO]       plexus-utils-3.5.1.jar
2026-10-06T10:27:32.3684145Z [INFO]       maven-filtering-3.3.1.jar
2026-10-06T10:27:32.3684640Z [INFO]       javax.inject-1.jar
2026-10-06T10:27:32.3685087Z [INFO]       slf4j-api-1.7.36.jar
2026-10-06T10:27:32.3685574Z [INFO]       plexus-build-api-0.0.7.jar
2026-10-06T10:27:32.3686086Z [INFO]       commons-io-2.11.0.jar
2026-10-06T10:27:32.3686574Z [INFO]       commons-lang3-3.12.0.jar
2026-10-06T10:27:32.3687170Z [INFO] Resolved plugin: maven-deploy-plugin-3.1.4.jar
2026-10-06T10:27:32.3687780Z [INFO] Resolved plugin dependency:
2026-10-06T10:27:32.3703331Z [INFO]       maven-deploy-plugin-3.1.4.jar
2026-10-06T10:27:32.3704314Z [INFO]       plexus-utils-4.0.1.jar
2026-10-06T10:27:32.3705070Z [INFO]       plexus-xml-3.0.1.jar
2026-10-06T10:27:32.3705836Z [INFO]       maven-resolver-util-1.9.22.jar
2026-10-06T10:27:32.3706653Z [INFO]       maven-resolver-api-1.9.22.jar
2026-10-06T10:27:36.3307148Z [INFO] Resolved dependency: grpc-stub-1.84.0.jar
2026-10-06T10:27:36.3307890Z [INFO] Resolved dependency: grpc-api-1.84.0.jar
2026-10-06T10:27:36.3308745Z [INFO] Resolved dependency: animal-sniffer-annotations-1.27.jar
2026-10-06T10:27:36.3310947Z [INFO] Resolved dependency: guava-33.6.0-android.jar
2026-10-06T10:27:36.3333586Z [INFO] Resolved dependency: failureaccess-1.0.3.jar
2026-10-06T10:27:36.3334734Z [INFO] Resolved dependency: listenablefuture-9999.0-empty-to-avoid-conflict-with-guava.jar
2026-10-06T10:27:36.3335980Z [INFO] Resolved dependency: j2objc-annotations-3.1.jar
2026-10-06T10:27:36.3336870Z [INFO] Resolved dependency: error_prone_annotations-2.50.0.jar
2026-10-06T10:27:36.3337689Z [INFO] Resolved dependency: grpc-protobuf-1.84.0.jar
2026-10-06T10:27:36.3338394Z [INFO] Resolved dependency: jsr305-3.0.2.jar
2026-10-06T10:27:36.3339185Z [INFO] Resolved dependency: proto-google-common-protos-2.64.1.jar
2026-10-06T10:27:36.3340073Z [INFO] Resolved dependency: grpc-protobuf-lite-1.84.0.jar
2026-10-06T10:27:36.3340837Z [INFO] Resolved dependency: protobuf-java-3.25.9.jar
2026-10-06T10:27:36.3341690Z [INFO] Resolved dependency: junit-platform-launcher-6.0.2.jar
2026-10-06T10:27:36.3342244Z [INFO] Resolved dependency: junit-platform-engine-6.0.2.jar
2026-10-06T10:27:36.3342950Z [INFO] Resolved dependency: opentest4j-1.3.0.jar
2026-10-06T10:27:36.3343456Z [INFO] Resolved dependency: junit-platform-commons-6.0.2.jar
2026-10-06T10:27:36.3343940Z [INFO] Resolved dependency: apiguardian-api-1.1.2.jar
2026-10-06T10:27:36.3344356Z [INFO] Resolved dependency: jspecify-1.0.0.jar
2026-10-06T10:27:36.3344725Z [INFO] Resolved dependency: postgresql-42.7.9.jar
2026-10-06T10:27:36.3345120Z [INFO] Resolved dependency: checker-qual-3.52.0.jar
2026-10-06T10:27:36.3345518Z [INFO] Resolved dependency: junit-jupiter-6.0.2.jar
2026-10-06T10:27:36.3345930Z [INFO] Resolved dependency: junit-jupiter-api-6.0.2.jar
2026-10-06T10:27:36.3346368Z [INFO] Resolved dependency: junit-jupiter-params-6.0.2.jar
2026-10-06T10:27:36.3346807Z [INFO] Resolved dependency: junit-jupiter-engine-6.0.2.jar
2026-10-06T10:27:36.3347244Z [INFO] Resolved dependency: grpc-netty-shaded-1.84.0.jar
2026-10-06T10:27:36.3347644Z [INFO] Resolved dependency: grpc-util-1.84.0.jar
2026-10-06T10:27:36.3348011Z [INFO] Resolved dependency: grpc-core-1.84.0.jar
2026-10-06T10:27:36.3348362Z [INFO] Resolved dependency: gson-2.13.2.jar
2026-10-06T10:27:36.3348721Z [INFO] Resolved dependency: annotations-4.1.1.4.jar
2026-10-06T10:27:36.3349104Z [INFO] Resolved dependency: grpc-context-1.84.0.jar
2026-10-06T10:27:36.3349494Z [INFO] Resolved dependency: perfmark-api-0.27.0.jar
2026-10-06T10:27:36.3349906Z [INFO] Resolved dependency: spring-boot-starter-4.0.2.jar
2026-10-06T10:27:36.3350387Z [INFO] Resolved dependency: spring-boot-starter-logging-4.0.2.jar
2026-10-06T10:27:36.3350874Z [INFO] Resolved dependency: logback-classic-1.5.25.jar
2026-10-06T10:27:36.3351281Z [INFO] Resolved dependency: logback-core-1.5.25.jar
2026-10-06T10:27:36.3351679Z [INFO] Resolved dependency: log4j-to-slf4j-2.25.3.jar
2026-10-06T10:27:36.3352062Z [INFO] Resolved dependency: log4j-api-2.25.3.jar
2026-10-06T10:27:36.3352558Z [INFO] Resolved dependency: jul-to-slf4j-2.0.17.jar
2026-10-06T10:27:36.3353000Z [INFO] Resolved dependency: spring-boot-autoconfigure-4.0.2.jar
2026-10-06T10:27:36.3353421Z [INFO] Resolved dependency: spring-boot-4.0.2.jar
2026-10-06T10:27:36.3353788Z [INFO] Resolved dependency: jakarta.annotation-api-3.0.0.jar
2026-10-06T10:27:36.3354151Z [INFO] Resolved dependency: snakeyaml-2.5.jar
2026-10-06T10:27:36.3354483Z [INFO] Resolved dependency: flowable-spring-8.0.0.jar
2026-10-06T10:27:36.3354990Z [INFO] Resolved dependency: flowable-engine-8.0.0.jar
2026-10-06T10:27:36.3355400Z [INFO] Resolved dependency: flowable-bpmn-converter-8.0.0.jar
2026-10-06T10:27:36.3355804Z [INFO] Resolved dependency: flowable-bpmn-model-8.0.0.jar
2026-10-06T10:27:36.3356220Z [INFO] Resolved dependency: flowable-process-validation-8.0.0.jar
2026-10-06T10:27:36.3356663Z [INFO] Resolved dependency: flowable-image-generator-8.0.0.jar
2026-10-06T10:27:36.3357101Z [INFO] Resolved dependency: flowable-engine-common-api-8.0.0.jar
2026-10-06T10:27:36.3357528Z [INFO] Resolved dependency: flowable-engine-common-8.0.0.jar
2026-10-06T10:27:36.3357956Z [INFO] Resolved dependency: flowable-variable-service-api-8.0.0.jar
2026-10-06T10:27:36.3358405Z [INFO] Resolved dependency: flowable-event-registry-api-8.0.0.jar
2026-10-06T10:27:36.3358803Z [INFO] Resolved dependency: jackson-databind-3.0.4.jar
2026-10-06T10:27:36.3389288Z [INFO] Resolved dependency: jackson-core-3.0.4.jar
2026-10-06T10:27:36.3389926Z [INFO] Resolved dependency: flowable-variable-service-8.0.0.jar
2026-10-06T10:27:36.3390440Z [INFO] Resolved dependency: flowable-identitylink-service-8.0.0.jar
2026-10-06T10:27:36.3390949Z [INFO] Resolved dependency: flowable-identitylink-service-api-8.0.0.jar
2026-10-06T10:27:36.3391460Z [INFO] Resolved dependency: flowable-entitylink-service-8.0.0.jar
2026-10-06T10:27:36.3391934Z [INFO] Resolved dependency: flowable-entitylink-service-api-8.0.0.jar
2026-10-06T10:27:36.3392666Z [INFO] Resolved dependency: flowable-event-registry-8.0.0.jar
2026-10-06T10:27:36.3393445Z [INFO] Resolved dependency: flowable-event-registry-model-8.0.0.jar
2026-10-06T10:27:36.3393991Z [INFO] Resolved dependency: flowable-event-registry-json-converter-8.0.0.jar
2026-10-06T10:27:36.3394570Z [INFO] Resolved dependency: flowable-eventsubscription-service-api-8.0.0.jar
2026-10-06T10:27:36.3395045Z [INFO] Resolved dependency: commons-io-2.21.0.jar
2026-10-06T10:27:36.3395433Z [INFO] Resolved dependency: java-uuid-generator-5.1.0.jar
2026-10-06T10:27:36.3395913Z [INFO] Resolved dependency: flowable-event-registry-configurator-8.0.0.jar
2026-10-06T10:27:36.3396452Z [INFO] Resolved dependency: flowable-eventsubscription-service-8.0.0.jar
2026-10-06T10:27:36.3396917Z [INFO] Resolved dependency: flowable-task-service-8.0.0.jar
2026-10-06T10:27:36.3397339Z [INFO] Resolved dependency: flowable-task-service-api-8.0.0.jar
2026-10-06T10:27:36.3397758Z [INFO] Resolved dependency: flowable-job-service-8.0.0.jar
2026-10-06T10:27:36.3398167Z [INFO] Resolved dependency: flowable-job-service-api-8.0.0.jar
2026-10-06T10:27:36.3398705Z [INFO] Resolved dependency: flowable-batch-service-8.0.0.jar
2026-10-06T10:27:36.3399540Z [INFO] Resolved dependency: flowable-batch-service-api-8.0.0.jar
2026-10-06T10:27:36.3400344Z [INFO] Resolved dependency: flowable-idm-api-8.0.0.jar
2026-10-06T10:27:36.3401081Z [INFO] Resolved dependency: flowable-idm-engine-8.0.0.jar
2026-10-06T10:27:36.3401792Z [INFO] Resolved dependency: commons-codec-1.19.0.jar
2026-10-06T10:27:36.3402832Z [INFO] Resolved dependency: flowable-idm-engine-configurator-8.0.0.jar
2026-10-06T10:27:36.3403748Z [INFO] Resolved dependency: flowable-cmmn-api-8.0.0.jar
2026-10-06T10:27:36.3404484Z [INFO] Resolved dependency: flowable-cmmn-model-8.0.0.jar
2026-10-06T10:27:36.3405220Z [INFO] Resolved dependency: flowable-dmn-api-8.0.0.jar
2026-10-06T10:27:36.3405936Z [INFO] Resolved dependency: flowable-dmn-model-8.0.0.jar
2026-10-06T10:27:36.3406656Z [INFO] Resolved dependency: flowable-form-model-8.0.0.jar
2026-10-06T10:27:36.3407370Z [INFO] Resolved dependency: flowable-form-api-8.0.0.jar
2026-10-06T10:27:36.3408089Z [INFO] Resolved dependency: jackson-annotations-2.20.jar
2026-10-06T10:27:36.3408809Z [INFO] Resolved dependency: flowable-content-api-8.0.0.jar
2026-10-06T10:27:36.3409543Z [INFO] Resolved dependency: flowable-http-common-8.0.0.jar
2026-10-06T10:27:36.3410282Z [INFO] Resolved dependency: flowable-mail-8.0.0.jar
2026-10-06T10:27:36.3411658Z [INFO] Resolved dependency: angus-mail-2.0.5.jar
2026-10-06T10:27:36.3413249Z [INFO] Resolved dependency: jakarta.activation-api-2.1.4.jar
2026-10-06T10:27:36.3414267Z [INFO] Resolved dependency: jakarta.mail-api-2.1.5.jar
2026-10-06T10:27:36.3415208Z [INFO] Resolved dependency: angus-activation-2.0.3.jar
2026-10-06T10:27:36.3416116Z [INFO] Resolved dependency: mybatis-3.5.19.jar
2026-10-06T10:27:36.3416916Z [INFO] Resolved dependency: spring-beans-7.0.3.jar
2026-10-06T10:27:36.3417752Z [INFO] Resolved dependency: joda-time-2.14.0.jar
2026-10-06T10:27:36.3418716Z [INFO] Resolved dependency: flowable-spring-common-8.0.0.jar
2026-10-06T10:27:36.3419784Z [INFO] Resolved dependency: flowable-job-spring-service-8.0.0.jar
2026-10-06T10:27:36.3421025Z [INFO] Resolved dependency: flowable-event-registry-spring-configurator-8.0.0.jar
2026-10-06T10:27:36.3422346Z [INFO] Resolved dependency: flowable-event-registry-spring-8.0.0.jar
2026-10-06T10:27:36.3424594Z [INFO] Resolved dependency: spring-context-7.0.3.jar
2026-10-06T10:27:36.3425143Z [INFO] Resolved dependency: spring-aop-7.0.3.jar
2026-10-06T10:27:36.3425783Z [INFO] Resolved dependency: spring-core-7.0.3.jar
2026-10-06T10:27:36.3426279Z [INFO] Resolved dependency: commons-logging-1.3.5.jar
2026-10-06T10:27:36.3426770Z [INFO] Resolved dependency: spring-expression-7.0.3.jar
2026-10-06T10:27:36.3427294Z [INFO] Resolved dependency: micrometer-observation-1.16.2.jar
2026-10-06T10:27:36.3427839Z [INFO] Resolved dependency: micrometer-commons-1.16.2.jar
2026-10-06T10:27:36.3428330Z [INFO] Resolved dependency: spring-jdbc-7.0.3.jar
2026-10-06T10:27:36.3429021Z [INFO] Resolved dependency: spring-tx-7.0.3.jar
2026-10-06T10:27:36.3429486Z [INFO] Resolved dependency: commons-lang3-3.19.0.jar
2026-10-06T10:27:36.3429944Z [INFO] Resolved dependency: spring-orm-7.0.3.jar
2026-10-06T10:27:36.3430380Z [INFO] Resolved dependency: slf4j-api-2.0.17.jar
2026-10-06T10:27:36.3430834Z [INFO] Resolved dependency: jcl-over-slf4j-2.0.17.jar
2026-10-06T10:27:36.3431349Z [INFO] ------------------------------------------------------------------------
2026-10-06T10:27:36.3431826Z [INFO] BUILD SUCCESS
2026-10-06T10:27:36.3432247Z [INFO] ------------------------------------------------------------------------
2026-10-06T10:27:36.3433166Z [INFO] Total time:  20.142 s
2026-10-06T10:27:36.3433623Z [INFO] Finished at: 2026-10-06T10:27:36Z
2026-10-06T10:27:36.3434196Z [INFO] ------------------------------------------------------------------------
2026-10-06T10:27:37.5700827Z [INFO] Scanning for projects...
2026-10-06T10:27:37.7407695Z [INFO] 
2026-10-06T10:27:37.7433660Z [INFO] --------------< org.weaveos.proof:test-provider-prefetch >--------------
2026-10-06T10:27:37.7434810Z [INFO] Building test-provider-prefetch 1
2026-10-06T10:27:37.7453388Z [INFO]   from provider-pom.xml
2026-10-06T10:27:37.7458235Z [INFO] --------------------------------[ jar ]---------------------------------
2026-10-06T10:27:37.7459082Z [INFO] 
2026-10-06T10:27:37.7464014Z [INFO] --- dependency:3.9.0:go-offline (default-cli) @ test-provider-prefetch ---
2026-10-06T10:27:39.0531299Z [INFO] Resolved plugin: maven-compiler-plugin-3.13.0.jar
2026-10-06T10:27:39.0553490Z [INFO] Resolved plugin dependency:
2026-10-06T10:27:39.4413831Z [INFO]       maven-compiler-plugin-3.13.0.jar
2026-10-06T10:27:39.4414508Z [INFO]       maven-shared-utils-3.4.2.jar
2026-10-06T10:27:39.4415900Z [INFO]       slf4j-api-1.7.36.jar
2026-10-06T10:27:39.4416951Z [INFO]       commons-io-2.11.0.jar
2026-10-06T10:27:39.4417551Z [INFO]       maven-shared-incremental-1.1.jar
2026-10-06T10:27:39.4418151Z [INFO]       plexus-java-1.2.0.jar
2026-10-06T10:27:39.4418826Z [INFO]       asm-9.6.jar
2026-10-06T10:27:39.4443232Z [INFO]       qdox-2.0.3.jar
2026-10-06T10:27:39.4458541Z [INFO]       plexus-compiler-api-2.15.0.jar
2026-10-06T10:27:39.4459416Z [INFO]       plexus-compiler-manager-2.15.0.jar
2026-10-06T10:27:39.4460003Z [INFO]       javax.inject-1.jar
2026-10-06T10:27:39.4460483Z [INFO]       plexus-xml-3.0.0.jar
2026-10-06T10:27:39.4461010Z [INFO]       plexus-compiler-javac-2.15.0.jar
2026-10-06T10:27:39.4461567Z [INFO]       plexus-utils-4.0.0.jar
2026-10-06T10:27:39.4700877Z [INFO] Resolved plugin: maven-surefire-plugin-3.2.5.jar
2026-10-06T10:27:39.4701837Z [INFO] Resolved plugin dependency:
2026-10-06T10:27:40.1094369Z [INFO]       maven-surefire-plugin-3.2.5.jar
2026-10-06T10:27:40.1095432Z [INFO]       maven-surefire-common-3.2.5.jar
2026-10-06T10:27:40.1096542Z [INFO]       surefire-api-3.2.5.jar
2026-10-06T10:27:40.1097160Z [INFO]       surefire-logger-api-3.2.5.jar
2026-10-06T10:27:40.1097646Z [INFO]       surefire-extensions-api-3.2.5.jar
2026-10-06T10:27:40.1098156Z [INFO]       surefire-booter-3.2.5.jar
2026-10-06T10:27:40.1098606Z [INFO]       surefire-extensions-spi-3.2.5.jar
2026-10-06T10:27:40.1099055Z [INFO]       aether-util-1.0.0.v20140518.jar
2026-10-06T10:27:40.1099491Z [INFO]       aether-api-1.0.0.v20140518.jar
2026-10-06T10:27:40.1099967Z [INFO]       maven-common-artifact-filters-3.1.1.jar
2026-10-06T10:27:40.1100445Z [INFO]       maven-artifact-3.2.5.jar
2026-10-06T10:27:40.1100861Z [INFO]       plexus-utils-4.0.0.jar
2026-10-06T10:27:40.1101278Z [INFO]       maven-core-3.2.5.jar
2026-10-06T10:27:40.1101672Z [INFO]       maven-settings-3.2.5.jar
2026-10-06T10:27:40.1102098Z [INFO]       maven-settings-builder-3.2.5.jar
2026-10-06T10:27:40.1103115Z [INFO]       maven-repository-metadata-3.2.5.jar
2026-10-06T10:27:40.1103873Z [INFO]       maven-model-builder-3.2.5.jar
2026-10-06T10:27:40.1104428Z [INFO]       maven-aether-provider-3.2.5.jar
2026-10-06T10:27:40.1104899Z [INFO]       aether-spi-1.0.0.v20140518.jar
2026-10-06T10:27:40.1105455Z [INFO]       aether-impl-1.0.0.v20140518.jar
2026-10-06T10:27:40.1105774Z [INFO]       org.eclipse.sisu.plexus-0.9.0.M2.jar
2026-10-06T10:27:40.1106094Z [INFO]       javax.annotation-api-1.2.jar
2026-10-06T10:27:40.1106379Z [INFO]       cdi-api-1.2.jar
2026-10-06T10:27:40.1106653Z [INFO]       org.eclipse.sisu.inject-0.9.0.M2.jar
2026-10-06T10:27:40.1106958Z [INFO]       sisu-guice-3.2.3-no_aop.jar
2026-10-06T10:27:40.1107229Z [INFO]       javax.inject-1.jar
2026-10-06T10:27:40.1107479Z [INFO]       aopalliance-1.0.jar
2026-10-06T10:27:40.1107747Z [INFO]       guava-16.0.1.jar
2026-10-06T10:27:40.1108013Z [INFO]       plexus-interpolation-1.21.jar
2026-10-06T10:27:40.1108321Z [INFO]       plexus-classworlds-2.5.2.jar
2026-10-06T10:27:40.1108635Z [INFO]       plexus-component-annotations-1.5.5.jar
2026-10-06T10:27:40.1108965Z [INFO]       plexus-sec-dispatcher-1.3.jar
2026-10-06T10:27:40.1109253Z [INFO]       plexus-cipher-1.4.jar
2026-10-06T10:27:40.1109523Z [INFO]       maven-plugin-api-3.2.5.jar
2026-10-06T10:27:40.1109800Z [INFO]       commons-io-2.15.1.jar
2026-10-06T10:27:40.1110055Z [INFO]       plexus-java-1.2.0.jar
2026-10-06T10:27:40.1110298Z [INFO]       asm-9.6.jar
2026-10-06T10:27:40.1110519Z [INFO]       qdox-2.0.3.jar
2026-10-06T10:27:40.1110776Z [INFO]       surefire-shared-utils-3.2.5.jar
2026-10-06T10:27:40.1320889Z [INFO] Resolved plugin: maven-jar-plugin-3.4.1.jar
2026-10-06T10:27:40.1321912Z [INFO] Resolved plugin dependency:
2026-10-06T10:27:40.1663797Z [INFO]       maven-jar-plugin-3.4.1.jar
2026-10-06T10:27:40.1688723Z [INFO]       file-management-3.1.0.jar
2026-10-06T10:27:40.1703590Z [INFO]       commons-io-2.16.1.jar
2026-10-06T10:27:40.1704145Z [INFO]       maven-archiver-3.6.2.jar
2026-10-06T10:27:40.1704682Z [INFO]       plexus-interpolation-1.27.jar
2026-10-06T10:27:40.1705207Z [INFO]       plexus-utils-4.0.1.jar
2026-10-06T10:27:40.1705686Z [INFO]       plexus-archiver-4.9.2.jar
2026-10-06T10:27:40.1706157Z [INFO]       plexus-io-3.4.2.jar
2026-10-06T10:27:40.1706635Z [INFO]       commons-compress-1.26.1.jar
2026-10-06T10:27:40.1707122Z [INFO]       commons-lang3-3.14.0.jar
2026-10-06T10:27:40.1707618Z [INFO]       commons-codec-1.16.1.jar
2026-10-06T10:27:40.1707969Z [INFO]       snappy-0.4.jar
2026-10-06T10:27:40.1708212Z [INFO]       xz-1.9.jar
2026-10-06T10:27:40.1708444Z [INFO]       zstd-jni-1.5.5-11.jar
2026-10-06T10:27:40.1708699Z [INFO]       javax.inject-1.jar
2026-10-06T10:27:40.1708947Z [INFO]       slf4j-api-1.7.36.jar
2026-10-06T10:27:40.1880612Z [INFO] Resolved plugin: maven-clean-plugin-3.2.0.jar
2026-10-06T10:27:40.1881315Z [INFO] Resolved plugin dependency:
2026-10-06T10:27:40.2798804Z [INFO]       maven-clean-plugin-3.2.0.jar
2026-10-06T10:27:40.2803420Z [INFO]       maven-shared-utils-3.3.4.jar
2026-10-06T10:27:40.2803989Z [INFO]       commons-io-2.6.jar
2026-10-06T10:27:40.3007546Z [INFO] Resolved plugin: maven-install-plugin-3.1.2.jar
2026-10-06T10:27:40.3008547Z [INFO] Resolved plugin dependency:
2026-10-06T10:27:40.4393548Z [INFO]       maven-install-plugin-3.1.2.jar
2026-10-06T10:27:40.4394731Z [INFO]       maven-resolver-util-1.9.18.jar
2026-10-06T10:27:40.4395661Z [INFO]       maven-resolver-api-1.9.18.jar
2026-10-06T10:27:40.4396377Z [INFO]       plexus-utils-4.0.1.jar
2026-10-06T10:27:40.4397052Z [INFO]       plexus-xml-3.0.0.jar
2026-10-06T10:27:40.4399218Z [INFO] Resolved plugin: maven-site-plugin-3.12.1.jar
2026-10-06T10:27:40.4400152Z [INFO] Resolved plugin dependency:
2026-10-06T10:27:40.6958675Z [INFO]       maven-site-plugin-3.12.1.jar
2026-10-06T10:27:40.6993536Z [INFO]       maven-reporting-api-3.1.1.jar
2026-10-06T10:27:40.7016161Z [INFO]       maven-reporting-exec-1.6.0.jar
2026-10-06T10:27:40.7043168Z [INFO]       maven-artifact-3.2.5.jar
2026-10-06T10:27:40.7043683Z [INFO]       maven-core-3.2.5.jar
2026-10-06T10:27:40.7044205Z [INFO]       maven-repository-metadata-3.2.5.jar
2026-10-06T10:27:40.7044789Z [INFO]       maven-model-builder-3.2.5.jar
2026-10-06T10:27:40.7045332Z [INFO]       maven-aether-provider-3.2.5.jar
2026-10-06T10:27:40.7046228Z [INFO]       aether-spi-1.0.0.v20140518.jar
2026-10-06T10:27:40.7046757Z [INFO]       aether-impl-1.0.0.v20140518.jar
2026-10-06T10:27:40.7047268Z [INFO]       aether-api-1.0.0.v20140518.jar
2026-10-06T10:27:40.7047812Z [INFO]       org.eclipse.sisu.plexus-0.3.5.jar
2026-10-06T10:27:40.7048358Z [INFO]       javax.annotation-api-1.2.jar
2026-10-06T10:27:40.7048849Z [INFO]       cdi-api-1.2.jar
2026-10-06T10:27:40.7049315Z [INFO]       org.eclipse.sisu.inject-0.3.5.jar
2026-10-06T10:27:40.7049845Z [INFO]       sisu-guice-3.2.3-no_aop.jar
2026-10-06T10:27:40.7050332Z [INFO]       javax.inject-1.jar
2026-10-06T10:27:40.7050763Z [INFO]       aopalliance-1.0.jar
2026-10-06T10:27:40.7051200Z [INFO]       guava-16.0.1.jar
2026-10-06T10:27:40.7051653Z [INFO]       plexus-classworlds-2.5.2.jar
2026-10-06T10:27:40.7052182Z [INFO]       plexus-sec-dispatcher-1.3.jar
2026-10-06T10:27:40.7052911Z [INFO]       plexus-cipher-1.4.jar
2026-10-06T10:27:40.7053370Z [INFO]       maven-model-3.2.5.jar
2026-10-06T10:27:40.7053848Z [INFO]       maven-plugin-api-3.2.5.jar
2026-10-06T10:27:40.7054341Z [INFO]       maven-settings-3.2.5.jar
2026-10-06T10:27:40.7054865Z [INFO]       maven-settings-builder-3.2.5.jar
2026-10-06T10:27:40.7055412Z [INFO]       aether-util-1.0.0.v20140518.jar
2026-10-06T10:27:40.7055921Z [INFO]       maven-shared-utils-3.3.4.jar
2026-10-06T10:27:40.7056426Z [INFO]       commons-io-2.6.jar
2026-10-06T10:27:40.7056856Z [INFO]       maven-archiver-3.5.2.jar
2026-10-06T10:27:40.7057336Z [INFO]       commons-compress-1.20.jar
2026-10-06T10:27:40.7057852Z [INFO]       plexus-interpolation-1.26.jar
2026-10-06T10:27:40.7058381Z [INFO]       plexus-archiver-4.2.7.jar
2026-10-06T10:27:40.7058856Z [INFO]       plexus-io-3.2.0.jar
2026-10-06T10:27:40.7059392Z [INFO]       snappy-0.4.jar
2026-10-06T10:27:40.7075347Z [INFO]       xz-1.9.jar
2026-10-06T10:27:40.7083608Z [INFO]       plexus-i18n-1.0-beta-10.jar
2026-10-06T10:27:40.7084259Z [INFO]       plexus-utils-3.4.2.jar
2026-10-06T10:27:40.7084961Z [INFO]       doxia-sink-api-1.11.1.jar
2026-10-06T10:27:40.7085635Z [INFO]       doxia-logging-api-1.11.1.jar
2026-10-06T10:27:40.7086299Z [INFO]       doxia-core-1.11.1.jar
2026-10-06T10:27:40.7086965Z [INFO]       plexus-container-default-2.1.0.jar
2026-10-06T10:27:40.7087683Z [INFO]       xbean-reflect-3.7.jar
2026-10-06T10:27:40.7088306Z [INFO]       google-collections-1.0.jar
2026-10-06T10:27:40.7089146Z [INFO]       plexus-component-annotations-2.1.1.jar
2026-10-06T10:27:40.7089876Z [INFO]       commons-lang3-3.8.1.jar
2026-10-06T10:27:40.7090829Z [INFO]       commons-text-1.3.jar
2026-10-06T10:27:40.7091500Z [INFO]       httpclient-4.5.13.jar
2026-10-06T10:27:40.7092199Z [INFO]       commons-logging-1.2.jar
2026-10-06T10:27:40.7093105Z [INFO]       commons-codec-1.11.jar
2026-10-06T10:27:40.7093778Z [INFO]       httpcore-4.4.14.jar
2026-10-06T10:27:40.7094447Z [INFO]       doxia-module-xhtml-1.11.1.jar
2026-10-06T10:27:40.7095202Z [INFO]       doxia-module-xhtml5-1.11.1.jar
2026-10-06T10:27:40.7095958Z [INFO]       doxia-module-apt-1.11.1.jar
2026-10-06T10:27:40.7096655Z [INFO]       doxia-module-xdoc-1.11.1.jar
2026-10-06T10:27:40.7097358Z [INFO]       doxia-module-fml-1.11.1.jar
2026-10-06T10:27:40.7098075Z [INFO]       doxia-module-markdown-1.11.1.jar
2026-10-06T10:27:40.7098806Z [INFO]       flexmark-all-0.42.14.jar
2026-10-06T10:27:40.7099461Z [INFO]       flexmark-0.42.14.jar
2026-10-06T10:27:40.7100154Z [INFO]       flexmark-ext-abbreviation-0.42.14.jar
2026-10-06T10:27:40.7100971Z [INFO]       flexmark-ext-admonition-0.42.14.jar
2026-10-06T10:27:40.7101857Z [INFO]       flexmark-ext-anchorlink-0.42.14.jar
2026-10-06T10:27:40.7102905Z [INFO]       flexmark-ext-aside-0.42.14.jar
2026-10-06T10:27:40.7103821Z [INFO]       flexmark-ext-attributes-0.42.14.jar
2026-10-06T10:27:40.7104737Z [INFO]       flexmark-ext-autolink-0.42.14.jar
2026-10-06T10:27:40.7105562Z [INFO]       autolink-0.6.0.jar
2026-10-06T10:27:40.7106328Z [INFO]       flexmark-ext-definition-0.42.14.jar
2026-10-06T10:27:40.7107488Z [INFO]       flexmark-ext-emoji-0.42.14.jar
2026-10-06T10:27:40.7108299Z [INFO]       flexmark-ext-enumerated-reference-0.42.14.jar
2026-10-06T10:27:40.7109171Z [INFO]       flexmark-ext-escaped-character-0.42.14.jar
2026-10-06T10:27:40.7109995Z [INFO]       flexmark-ext-footnotes-0.42.14.jar
2026-10-06T10:27:40.7110782Z [INFO]       flexmark-ext-gfm-issues-0.42.14.jar
2026-10-06T10:27:40.7111600Z [INFO]       flexmark-ext-gfm-strikethrough-0.42.14.jar
2026-10-06T10:27:40.7112416Z [INFO]       flexmark-ext-gfm-tables-0.42.14.jar
2026-10-06T10:27:40.7113418Z [INFO]       flexmark-ext-gfm-tasklist-0.42.14.jar
2026-10-06T10:27:40.7114207Z [INFO]       flexmark-ext-gfm-users-0.42.14.jar
2026-10-06T10:27:40.7114964Z [INFO]       flexmark-ext-gitlab-0.42.14.jar
2026-10-06T10:27:40.7115770Z [INFO]       flexmark-ext-jekyll-front-matter-0.42.14.jar
2026-10-06T10:27:40.7116573Z [INFO]       flexmark-ext-jekyll-tag-0.42.14.jar
2026-10-06T10:27:40.7117330Z [INFO]       flexmark-ext-media-tags-0.42.14.jar
2026-10-06T10:27:40.7118068Z [INFO]       flexmark-ext-macros-0.42.14.jar
2026-10-06T10:27:40.7118800Z [INFO]       flexmark-ext-ins-0.42.14.jar
2026-10-06T10:27:40.7119541Z [INFO]       flexmark-ext-xwiki-macros-0.42.14.jar
2026-10-06T10:27:40.7120373Z [INFO]       flexmark-ext-superscript-0.42.14.jar
2026-10-06T10:27:40.7124074Z [INFO]       flexmark-ext-tables-0.42.14.jar
2026-10-06T10:27:40.7124838Z [INFO]       flexmark-ext-toc-0.42.14.jar
2026-10-06T10:27:40.7125615Z [INFO]       flexmark-ext-typographic-0.42.14.jar
2026-10-06T10:27:40.7126411Z [INFO]       flexmark-ext-wikilink-0.42.14.jar
2026-10-06T10:27:40.7127220Z [INFO]       flexmark-ext-yaml-front-matter-0.42.14.jar
2026-10-06T10:27:40.7128080Z [INFO]       flexmark-ext-youtube-embedded-0.42.14.jar
2026-10-06T10:27:40.7128854Z [INFO]       flexmark-formatter-0.42.14.jar
2026-10-06T10:27:40.7129562Z [INFO]       flexmark-html-parser-0.42.14.jar
2026-10-06T10:27:40.7130282Z [INFO]       jsoup-1.10.2.jar
2026-10-06T10:27:40.7130955Z [INFO]       flexmark-jira-converter-0.42.14.jar
2026-10-06T10:27:40.7131746Z [INFO]       flexmark-profile-pegdown-0.42.14.jar
2026-10-06T10:27:40.7132706Z [INFO]       flexmark-util-0.42.14.jar
2026-10-06T10:27:40.7133468Z [INFO]       flexmark-youtrack-converter-0.42.14.jar
2026-10-06T10:27:40.7134259Z [INFO]       doxia-module-confluence-1.11.1.jar
2026-10-06T10:27:40.7135047Z [INFO]       doxia-module-docbook-simple-1.11.1.jar
2026-10-06T10:27:40.7135807Z [INFO]       doxia-module-twiki-1.11.1.jar
2026-10-06T10:27:40.7136545Z [INFO]       doxia-decoration-model-1.11.1.jar
2026-10-06T10:27:40.7137540Z [INFO]       doxia-site-renderer-1.11.1.jar
2026-10-06T10:27:40.7138287Z [INFO]       doxia-skin-model-1.11.1.jar
2026-10-06T10:27:40.7139164Z [INFO]       plexus-velocity-1.2.jar
2026-10-06T10:27:40.7139862Z [INFO]       velocity-1.7.jar
2026-10-06T10:27:40.7140471Z [INFO]       commons-lang-2.4.jar
2026-10-06T10:27:40.7141148Z [INFO]       velocity-tools-2.0.jar
2026-10-06T10:27:40.7141858Z [INFO]       commons-beanutils-1.7.0.jar
2026-10-06T10:27:40.7142799Z [INFO]       commons-digester-1.8.jar
2026-10-06T10:27:40.7143536Z [INFO]       commons-chain-1.1.jar
2026-10-06T10:27:40.7144196Z [INFO]       dom4j-1.1.jar
2026-10-06T10:27:40.7144804Z [INFO]       oro-2.0.8.jar
2026-10-06T10:27:40.7145475Z [INFO]       commons-collections-3.2.2.jar
2026-10-06T10:27:40.7146241Z [INFO]       doxia-integration-tools-1.11.1.jar
2026-10-06T10:27:40.7146974Z [INFO]       jetty-server-9.4.46.v20220331.jar
2026-10-06T10:27:40.7147678Z [INFO]       javax.servlet-api-3.1.0.jar
2026-10-06T10:27:40.7148374Z [INFO]       jetty-http-9.4.46.v20220331.jar
2026-10-06T10:27:40.7149119Z [INFO]       jetty-io-9.4.46.v20220331.jar
2026-10-06T10:27:40.7149800Z [INFO]       jetty-servlet-9.4.46.v20220331.jar
2026-10-06T10:27:40.7150507Z [INFO]       jetty-security-9.4.46.v20220331.jar
2026-10-06T10:27:40.7151221Z [INFO]       jetty-util-ajax-9.4.46.v20220331.jar
2026-10-06T10:27:40.7151920Z [INFO]       jetty-webapp-9.4.46.v20220331.jar
2026-10-06T10:27:40.7156748Z [INFO]       jetty-xml-9.4.46.v20220331.jar
2026-10-06T10:27:40.7157457Z [INFO]       jetty-util-9.4.46.v20220331.jar
2026-10-06T10:27:40.7158213Z [INFO] Resolved plugin: maven-resources-plugin-3.3.1.jar
2026-10-06T10:27:40.7158952Z [INFO] Resolved plugin dependency:
2026-10-06T10:27:40.7179298Z [INFO]       maven-resources-plugin-3.3.1.jar
2026-10-06T10:27:40.7194562Z [INFO]       plexus-interpolation-1.26.jar
2026-10-06T10:27:40.7196165Z [INFO]       plexus-utils-3.5.1.jar
2026-10-06T10:27:40.7196674Z [INFO]       maven-filtering-3.3.1.jar
2026-10-06T10:27:40.7197147Z [INFO]       javax.inject-1.jar
2026-10-06T10:27:40.7197559Z [INFO]       slf4j-api-1.7.36.jar
2026-10-06T10:27:40.7197999Z [INFO]       plexus-build-api-0.0.7.jar
2026-10-06T10:27:40.7198467Z [INFO]       commons-io-2.11.0.jar
2026-10-06T10:27:40.7198904Z [INFO]       commons-lang3-3.12.0.jar
2026-10-06T10:27:40.7395682Z [INFO] Resolved plugin: maven-deploy-plugin-3.1.2.jar
2026-10-06T10:27:40.7396756Z [INFO] Resolved plugin dependency:
2026-10-06T10:27:40.7617310Z [INFO]       maven-deploy-plugin-3.1.2.jar
2026-10-06T10:27:40.7618155Z [INFO]       plexus-utils-4.0.1.jar
2026-10-06T10:27:40.7618865Z [INFO]       plexus-xml-3.0.0.jar
2026-10-06T10:27:40.7619585Z [INFO]       maven-resolver-util-1.9.18.jar
2026-10-06T10:27:40.7620319Z [INFO]       maven-resolver-api-1.9.18.jar
2026-10-06T10:27:41.1605037Z [INFO] Resolved dependency: surefire-junit-platform-3.5.4.jar
2026-10-06T10:27:41.1609713Z [INFO] Resolved dependency: common-java5-3.5.4.jar
2026-10-06T10:27:41.1610378Z [INFO] Resolved dependency: surefire-shared-utils-3.5.4.jar
2026-10-06T10:27:41.1617665Z [INFO] Resolved dependency: junit-platform-engine-1.12.1.jar
2026-10-06T10:27:41.1618634Z [INFO] Resolved dependency: opentest4j-1.3.0.jar
2026-10-06T10:27:41.1619517Z [INFO] Resolved dependency: junit-platform-commons-1.12.1.jar
2026-10-06T10:27:41.1620338Z [INFO] Resolved dependency: surefire-api-3.5.4.jar
2026-10-06T10:27:41.1621217Z [INFO] Resolved dependency: surefire-logger-api-3.5.4.jar
2026-10-06T10:27:41.1622416Z [INFO] Resolved dependency: protoc-gen-grpc-java-1.84.0-linux-x86_64.exe
2026-10-06T10:27:41.1623840Z [INFO] Resolved dependency: protoc-3.25.9-linux-x86_64.exe
2026-10-06T10:27:41.1624744Z [INFO] Resolved dependency: junit-platform-launcher-1.12.1.jar
2026-10-06T10:27:41.1625645Z [INFO] Resolved dependency: apiguardian-api-1.1.2.jar
2026-10-06T10:27:41.1626527Z [INFO] ------------------------------------------------------------------------
2026-10-06T10:27:41.1627318Z [INFO] BUILD SUCCESS
2026-10-06T10:27:41.1628293Z [INFO] ------------------------------------------------------------------------
2026-10-06T10:27:41.1631609Z [INFO] Total time:  3.615 s
2026-10-06T10:27:41.1637641Z [INFO] Finished at: 2026-10-06T10:27:41Z
2026-10-06T10:27:41.1639469Z [INFO] ------------------------------------------------------------------------
2026-10-06T10:27:41.1978554Z ##[group]Run bash services/workflow-engine/run-tests.sh clean -Dtest=RootServiceTokenInterceptorTest -Dworkflow.reports=ci-logs/service-token-reports test 2>&1 | tee services/workflow-engine/ci-logs/service-token-tests.txt
2026-10-06T10:27:41.1980278Z [36;1mbash services/workflow-engine/run-tests.sh clean -Dtest=RootServiceTokenInterceptorTest -Dworkflow.reports=ci-logs/service-token-reports test 2>&1 | tee services/workflow-engine/ci-logs/service-token-tests.txt[0m
2026-10-06T10:27:41.2048365Z shell: /usr/bin/bash --noprofile --norc -e -o pipefail {0}
2026-10-06T10:27:41.2048730Z ##[endgroup]
2026-10-06T10:27:41.2720440Z Unable to find image 'postgres@sha256:5a5a84b19854a9ffaa54082c166ff4ec27473a361e496e5ea167f298f2da9722' locally
2026-10-06T10:27:41.4250418Z docker.io/library/postgres@sha256:5a5a84b19854a9ffaa54082c166ff4ec27473a361e496e5ea167f298f2da9722: Pulling from library/postgres
2026-10-06T10:27:41.4969105Z 6b37362b3da7: Pulling fs layer
2026-10-06T10:27:41.4969943Z 646f8088ba62: Pulling fs layer
2026-10-06T10:27:41.4970464Z 61c7e2f79e69: Pulling fs layer
2026-10-06T10:27:41.4971045Z 4640014a8e88: Pulling fs layer
2026-10-06T10:27:41.4972195Z 21e9cf2c46c2: Pulling fs layer
2026-10-06T10:27:41.4973064Z 7ee6b8b2d259: Pulling fs layer
2026-10-06T10:27:41.4973542Z 580a6c126420: Pulling fs layer
2026-10-06T10:27:41.4973968Z 41837be3e54d: Pulling fs layer
2026-10-06T10:27:41.4974400Z bba753ffc208: Pulling fs layer
2026-10-06T10:27:41.4974833Z 0e422c951642: Pulling fs layer
2026-10-06T10:27:41.4975273Z dc5a76842a4c: Pulling fs layer
2026-10-06T10:27:41.4975714Z 5696a7190adf: Pulling fs layer
2026-10-06T10:27:41.4976149Z 3b0757c8de7f: Pulling fs layer
2026-10-06T10:27:41.4976572Z 21e9cf2c46c2: Waiting
2026-10-06T10:27:41.4976966Z 7ee6b8b2d259: Waiting
2026-10-06T10:27:41.4977323Z 580a6c126420: Waiting
2026-10-06T10:27:41.4977748Z 41837be3e54d: Waiting
2026-10-06T10:27:41.4978122Z bba753ffc208: Waiting
2026-10-06T10:27:41.4978486Z 0e422c951642: Waiting
2026-10-06T10:27:41.4978726Z dc5a76842a4c: Waiting
2026-10-06T10:27:41.4979081Z 5696a7190adf: Waiting
2026-10-06T10:27:41.4979316Z 3b0757c8de7f: Waiting
2026-10-06T10:27:41.4979557Z 4640014a8e88: Waiting
2026-10-06T10:27:41.5330416Z 646f8088ba62: Verifying Checksum
2026-10-06T10:27:41.5331031Z 646f8088ba62: Download complete
2026-10-06T10:27:41.5690935Z 61c7e2f79e69: Verifying Checksum
2026-10-06T10:27:41.5691503Z 61c7e2f79e69: Download complete
2026-10-06T10:27:41.5811004Z 4640014a8e88: Verifying Checksum
2026-10-06T10:27:41.5811770Z 4640014a8e88: Download complete
2026-10-06T10:27:41.6320606Z 7ee6b8b2d259: Verifying Checksum
2026-10-06T10:27:41.6321123Z 7ee6b8b2d259: Download complete
2026-10-06T10:27:41.6412093Z 6b37362b3da7: Verifying Checksum
2026-10-06T10:27:41.6413538Z 6b37362b3da7: Download complete
2026-10-06T10:27:41.6531822Z 21e9cf2c46c2: Download complete
2026-10-06T10:27:41.6704336Z 41837be3e54d: Verifying Checksum
2026-10-06T10:27:41.6704701Z 41837be3e54d: Download complete
2026-10-06T10:27:41.6767725Z 580a6c126420: Verifying Checksum
2026-10-06T10:27:41.6773153Z 580a6c126420: Download complete
2026-10-06T10:27:41.6957637Z 0e422c951642: Download complete
2026-10-06T10:27:41.7066298Z dc5a76842a4c: Verifying Checksum
2026-10-06T10:27:41.7067088Z dc5a76842a4c: Download complete
2026-10-06T10:27:41.7227570Z 5696a7190adf: Verifying Checksum
2026-10-06T10:27:41.7228553Z 5696a7190adf: Download complete
2026-10-06T10:27:41.7366896Z 3b0757c8de7f: Verifying Checksum
2026-10-06T10:27:41.7367232Z 3b0757c8de7f: Download complete
2026-10-06T10:27:42.1263609Z bba753ffc208: Verifying Checksum
2026-10-06T10:27:42.1264430Z bba753ffc208: Download complete
2026-10-06T10:27:42.7841498Z 6b37362b3da7: Pull complete
2026-10-06T10:27:43.4306387Z 646f8088ba62: Pull complete
2026-10-06T10:27:43.5995353Z 61c7e2f79e69: Pull complete
2026-10-06T10:27:43.6358950Z 4640014a8e88: Pull complete
2026-10-06T10:27:43.9425250Z 21e9cf2c46c2: Pull complete
2026-10-06T10:27:44.0116597Z 7ee6b8b2d259: Pull complete
2026-10-06T10:27:44.0221014Z 580a6c126420: Pull complete
2026-10-06T10:27:44.0302304Z 41837be3e54d: Pull complete
2026-10-06T10:27:47.1383099Z bba753ffc208: Pull complete
2026-10-06T10:27:47.1517669Z 0e422c951642: Pull complete
2026-10-06T10:27:47.1659310Z dc5a76842a4c: Pull complete
2026-10-06T10:27:47.1746969Z 5696a7190adf: Pull complete
2026-10-06T10:27:47.1824323Z 3b0757c8de7f: Pull complete
2026-10-06T10:27:47.1858081Z Digest: sha256:5a5a84b19854a9ffaa54082c166ff4ec27473a361e496e5ea167f298f2da9722
2026-10-06T10:27:47.1863618Z Status: Downloaded newer image for postgres@sha256:5a5a84b19854a9ffaa54082c166ff4ec27473a361e496e5ea167f298f2da9722
2026-10-06T10:27:48.5740875Z postgres (PostgreSQL) 18.6 (Debian 18.6-1.pgdg13+2)
2026-10-06T10:27:48.5890862Z fixture published ports={}
2026-10-06T10:27:48.6007775Z fixture network internal=true
2026-10-06T10:27:49.9425470Z [INFO] Scanning for projects...
2026-10-06T10:27:50.1836593Z [INFO] 
2026-10-06T10:27:50.1837524Z [INFO] --------------------< org.weaveos:workflow-engine >---------------------
2026-10-06T10:27:50.1838563Z [INFO] Building WeaveOS controlled workflow engine core 0.3.0-SNAPSHOT
2026-10-06T10:27:50.1839455Z [INFO]   from pom.xml
2026-10-06T10:27:50.1840509Z [INFO] --------------------------------[ jar ]---------------------------------
2026-10-06T10:27:50.8127034Z [INFO] 
2026-10-06T10:27:50.8131014Z [INFO] --- clean:3.5.0:clean (default-clean) @ workflow-engine ---
2026-10-06T10:27:50.8761677Z [INFO] 
2026-10-06T10:27:50.8763148Z [INFO] --- resources:3.3.1:resources (default-resources) @ workflow-engine ---
2026-10-06T10:27:50.9691654Z [INFO] skip non existing resourceDirectory /proof/src/main/resources
2026-10-06T10:27:50.9692763Z [INFO] skip non existing resourceDirectory /proof/src/main/resources
2026-10-06T10:27:50.9701461Z [INFO] 
2026-10-06T10:27:50.9704415Z [INFO] --- compiler:3.14.1:compile (default-compile) @ workflow-engine ---
2026-10-06T10:27:51.0823976Z [INFO] Recompiling the module because of changed source code.
2026-10-06T10:27:51.0909935Z [INFO] Compiling 30 source files with javac [debug parameters release 17] to target/classes
2026-10-06T10:27:53.8079501Z [INFO] 
2026-10-06T10:27:53.8080267Z [INFO] --- resources:3.3.1:testResources (default-testResources) @ workflow-engine ---
2026-10-06T10:27:53.8157864Z [INFO] Copying 6 resources from src/test/resources to target/test-classes
2026-10-06T10:27:53.8204311Z [INFO] 
2026-10-06T10:27:53.8204951Z [INFO] --- compiler:3.14.1:testCompile (default-testCompile) @ workflow-engine ---
2026-10-06T10:27:53.8290916Z [INFO] Recompiling the module because of changed dependency.
2026-10-06T10:27:53.8298613Z [INFO] Compiling 13 source files with javac [debug parameters release 17] to target/test-classes
2026-10-06T10:27:55.1934607Z [INFO] 
2026-10-06T10:27:55.1935359Z [INFO] --- surefire:3.5.4:test (default-test) @ workflow-engine ---
2026-10-06T10:27:55.3124371Z [INFO] Using auto detected provider org.apache.maven.surefire.junitplatform.JUnitPlatformProvider
2026-10-06T10:27:55.3502618Z [INFO] 
2026-10-06T10:27:55.3503317Z [INFO] -------------------------------------------------------
2026-10-06T10:27:55.3504256Z [INFO]  T E S T S
2026-10-06T10:27:55.3504787Z [INFO] -------------------------------------------------------
2026-10-06T10:27:56.2052412Z [INFO] Running org.weaveos.workflow.RootServiceTokenInterceptorTest
2026-10-06T10:27:56.9026823Z [INFO] Tests run: 8, Failures: 0, Errors: 0, Skipped: 0, Time elapsed: 0.673 s -- in org.weaveos.workflow.RootServiceTokenInterceptorTest
2026-10-06T10:27:57.2305122Z [INFO] 
2026-10-06T10:27:57.2311930Z [INFO] Results:
2026-10-06T10:27:57.2313750Z [INFO] 
2026-10-06T10:27:57.2314466Z [INFO] Tests run: 8, Failures: 0, Errors: 0, Skipped: 0
2026-10-06T10:27:57.2314818Z [INFO] 
2026-10-06T10:27:57.2336337Z [INFO] ------------------------------------------------------------------------
2026-10-06T10:27:57.2336991Z [INFO] BUILD SUCCESS
2026-10-06T10:27:57.2339335Z [INFO] ------------------------------------------------------------------------
2026-10-06T10:27:57.2347843Z [INFO] Total time:  7.313 s
2026-10-06T10:27:57.2351467Z [INFO] Finished at: 2026-10-06T10:27:57Z
2026-10-06T10:27:57.2352173Z [INFO] ------------------------------------------------------------------------
2026-10-06T10:27:57.5012131Z ##[group]Run python3 - <<'PYCODE'
2026-10-06T10:27:57.5013074Z [36;1mpython3 - <<'PYCODE'[0m
2026-10-06T10:27:57.5013366Z [36;1mfrom rpc_ci_gate import _java[0m
2026-10-06T10:27:57.5013911Z [36;1m_java("ci-logs/service-token-reports", "org.weaveos.workflow.RootServiceTokenInterceptorTest", [[0m
2026-10-06T10:27:57.5014573Z [36;1m    "rejectsInvalidConfiguredTokensWithoutEchoingInput",[0m
2026-10-06T10:27:57.5015064Z [36;1m    "acceptsConfiguredBoundaryTokensAndRedactsIdentity",[0m
2026-10-06T10:27:57.5015516Z [36;1m    "validIdentityInvokesHandlerExactlyOnce",[0m
2026-10-06T10:27:57.5015899Z [36;1m    "missingIdentityIsRejectedBeforeHandler",[0m
2026-10-06T10:27:57.5016288Z [36;1m    "incorrectIdentityIsRejectedBeforeHandler",[0m
2026-10-06T10:27:57.5016743Z [36;1m    "duplicateIdentityIsRejectedEvenWhenOneOrBothAreValid",[0m
2026-10-06T10:27:57.5017185Z [36;1m    "ambiguousBearerFormattingIsRejected",[0m
2026-10-06T10:27:57.5017611Z [36;1m    "badIdentityDoesNotPoisonLaterValidRequest",[0m
2026-10-06T10:27:57.5018139Z [36;1m])[0m
2026-10-06T10:27:57.5018329Z [36;1mPYCODE[0m
2026-10-06T10:27:57.5083253Z shell: /usr/bin/bash --noprofile --norc -e -o pipefail {0}
2026-10-06T10:27:57.5083606Z ##[endgroup]
2026-10-06T10:27:57.5598643Z ##[group]Run bash services/workflow-engine/run-tests.sh clean -Dtest=RootExplicitSchemaTest -Dworkflow.reports=ci-logs/explicit-schema-reports test 2>&1 | tee services/workflow-engine/ci-logs/explicit-schema-tests.txt
2026-10-06T10:27:57.5600375Z [36;1mbash services/workflow-engine/run-tests.sh clean -Dtest=RootExplicitSchemaTest -Dworkflow.reports=ci-logs/explicit-schema-reports test 2>&1 | tee services/workflow-engine/ci-logs/explicit-schema-tests.txt[0m
2026-10-06T10:27:57.5666225Z shell: /usr/bin/bash --noprofile --norc -e -o pipefail {0}
2026-10-06T10:27:57.5666623Z ##[endgroup]
2026-10-06T10:27:58.9726076Z postgres (PostgreSQL) 18.6 (Debian 18.6-1.pgdg13+2)
2026-10-06T10:27:58.9883912Z fixture published ports={}
2026-10-06T10:27:59.0015584Z fixture network internal=true
2026-10-06T10:28:00.3960980Z [INFO] Scanning for projects...
2026-10-06T10:28:00.6430904Z [INFO] 
2026-10-06T10:28:00.6431943Z [INFO] --------------------< org.weaveos:workflow-engine >---------------------
2026-10-06T10:28:00.6432968Z [INFO] Building WeaveOS controlled workflow engine core 0.3.0-SNAPSHOT
2026-10-06T10:28:00.6433584Z [INFO]   from pom.xml
2026-10-06T10:28:00.6434084Z [INFO] --------------------------------[ jar ]---------------------------------
2026-10-06T10:28:01.2917468Z [INFO] 
2026-10-06T10:28:01.2924393Z [INFO] --- clean:3.5.0:clean (default-clean) @ workflow-engine ---
2026-10-06T10:28:01.3566777Z [INFO] Deleting /proof/target
2026-10-06T10:28:01.3935672Z [INFO] 
2026-10-06T10:28:01.3945421Z [INFO] --- resources:3.3.1:resources (default-resources) @ workflow-engine ---
2026-10-06T10:28:01.4868159Z [INFO] skip non existing resourceDirectory /proof/src/main/resources
2026-10-06T10:28:01.4875527Z [INFO] skip non existing resourceDirectory /proof/src/main/resources
2026-10-06T10:28:01.4876767Z [INFO] 
2026-10-06T10:28:01.4877660Z [INFO] --- compiler:3.14.1:compile (default-compile) @ workflow-engine ---
2026-10-06T10:28:01.5980238Z [INFO] Recompiling the module because of changed source code.
2026-10-06T10:28:01.6050845Z [INFO] Compiling 30 source files with javac [debug parameters release 17] to target/classes
2026-10-06T10:28:04.1363022Z [INFO] 
2026-10-06T10:28:04.1363836Z [INFO] --- resources:3.3.1:testResources (default-testResources) @ workflow-engine ---
2026-10-06T10:28:04.1456728Z [INFO] Copying 6 resources from src/test/resources to target/test-classes
2026-10-06T10:28:04.1487883Z [INFO] 
2026-10-06T10:28:04.1489773Z [INFO] --- compiler:3.14.1:testCompile (default-testCompile) @ workflow-engine ---
2026-10-06T10:28:04.1586034Z [INFO] Recompiling the module because of changed dependency.
2026-10-06T10:28:04.1587632Z [INFO] Compiling 13 source files with javac [debug parameters release 17] to target/test-classes
2026-10-06T10:28:05.1980160Z [INFO] 
2026-10-06T10:28:05.1981409Z [INFO] --- surefire:3.5.4:test (default-test) @ workflow-engine ---
2026-10-06T10:28:05.3080935Z [INFO] Using auto detected provider org.apache.maven.surefire.junitplatform.JUnitPlatformProvider
2026-10-06T10:28:05.3423672Z [INFO] 
2026-10-06T10:28:05.3427719Z [INFO] -------------------------------------------------------
2026-10-06T10:28:05.3429002Z [INFO]  T E S T S
2026-10-06T10:28:05.3429734Z [INFO] -------------------------------------------------------
2026-10-06T10:28:06.1896384Z [INFO] Running org.weaveos.workflow.RootExplicitSchemaTest
2026-10-06T10:28:08.3348197Z 10:28:08.235 [main] INFO org.flowable.common.engine.impl.async.DefaultAsyncTaskExecutor -- Creating thread pool queue of size 100
2026-10-06T10:28:08.3368090Z 10:28:08.237 [main] INFO org.flowable.common.engine.impl.async.DefaultAsyncTaskExecutor -- Creating thread factory with naming pattern flowable-async-task-invoker-thread-%d
2026-10-06T10:28:08.3370613Z 10:28:08.238 [main] INFO org.flowable.common.engine.impl.async.DefaultAsyncTaskExecutor -- Creating executor service with corePoolSize 8, maxPoolSize 8 and keepAliveTime 5000
2026-10-06T10:28:08.3373217Z 10:28:08.238 [main] INFO org.flowable.common.engine.impl.async.DefaultAsyncTaskExecutor -- Using rejectedExecutionHandler java.util.concurrent.ThreadPoolExecutor$CallerRunsPolicy@1bf14704
2026-10-06T10:28:08.3375095Z 10:28:08.239 [main] INFO org.flowable.common.engine.impl.async.DefaultAsyncTaskExecutor -- Creating thread pool queue of size 2048
2026-10-06T10:28:08.3377360Z 10:28:08.239 [main] INFO org.flowable.common.engine.impl.async.DefaultAsyncTaskExecutor -- Creating thread factory with naming pattern flowable-async-job-executor-thread-%d
2026-10-06T10:28:08.3380184Z 10:28:08.239 [main] INFO org.flowable.common.engine.impl.async.DefaultAsyncTaskExecutor -- Creating executor service with corePoolSize 8, maxPoolSize 8 and keepAliveTime 5000
2026-10-06T10:28:08.3382932Z 10:28:08.278 [main] INFO org.flowable.engine.impl.ProcessEngineImpl -- ProcessEngine default created
2026-10-06T10:28:08.3384735Z 10:28:08.316 [main] INFO org.flowable.engine.impl.cmd.ValidateV5EntitiesCmd -- Total of v5 deployments found: 0
2026-10-06T10:28:09.1457628Z 10:28:09.050 [main] INFO org.flowable.common.engine.impl.async.DefaultAsyncTaskExecutor -- Creating thread pool queue of size 100
2026-10-06T10:28:09.1462038Z 10:28:09.050 [main] INFO org.flowable.common.engine.impl.async.DefaultAsyncTaskExecutor -- Creating thread factory with naming pattern flowable-async-task-invoker-thread-%d
2026-10-06T10:28:09.1464835Z 10:28:09.050 [main] INFO org.flowable.common.engine.impl.async.DefaultAsyncTaskExecutor -- Creating executor service with corePoolSize 8, maxPoolSize 8 and keepAliveTime 5000
2026-10-06T10:28:09.1467492Z 10:28:09.050 [main] INFO org.flowable.common.engine.impl.async.DefaultAsyncTaskExecutor -- Using rejectedExecutionHandler java.util.concurrent.ThreadPoolExecutor$CallerRunsPolicy@2abc8034
2026-10-06T10:28:09.1469730Z 10:28:09.050 [main] INFO org.flowable.common.engine.impl.async.DefaultAsyncTaskExecutor -- Creating thread pool queue of size 2048
2026-10-06T10:28:09.1498351Z 10:28:09.051 [main] INFO org.flowable.common.engine.impl.async.DefaultAsyncTaskExecutor -- Creating thread factory with naming pattern flowable-async-job-executor-thread-%d
2026-10-06T10:28:09.1500831Z 10:28:09.051 [main] INFO org.flowable.common.engine.impl.async.DefaultAsyncTaskExecutor -- Creating executor service with corePoolSize 8, maxPoolSize 8 and keepAliveTime 5000
2026-10-06T10:28:09.1503709Z 10:28:09.071 [main] INFO org.flowable.common.engine.impl.db.CommonDbSchemaManager -- performing create on common with resource org/flowable/common/db/create/flowable.postgres.create.common.sql
2026-10-06T10:28:09.2442016Z 10:28:09.168 [main] INFO org.flowable.engine.impl.db.ProcessDbSchemaManager -- performing create on engine with resource org/flowable/db/create/flowable.postgres.create.engine.sql
2026-10-06T10:28:09.2451491Z 10:28:09.228 [main] INFO org.flowable.engine.impl.db.ProcessDbSchemaManager -- performing create on history with resource org/flowable/db/create/flowable.postgres.create.history.sql
2026-10-06T10:28:09.3443450Z 10:28:09.258 [main] INFO org.flowable.engine.impl.ProcessEngineImpl -- ProcessEngine default created
2026-10-06T10:28:09.3454607Z 10:28:09.270 [main] INFO org.flowable.engine.impl.cmd.ValidateV5EntitiesCmd -- Total of v5 deployments found: 0
2026-10-06T10:28:10.4476295Z 10:28:10.388 [main] INFO org.flowable.common.engine.impl.async.DefaultAsyncTaskExecutor -- Creating thread pool queue of size 100
2026-10-06T10:28:10.4487306Z 10:28:10.389 [main] INFO org.flowable.common.engine.impl.async.DefaultAsyncTaskExecutor -- Creating thread factory with naming pattern flowable-async-task-invoker-thread-%d
2026-10-06T10:28:10.4497584Z 10:28:10.389 [main] INFO org.flowable.common.engine.impl.async.DefaultAsyncTaskExecutor -- Creating executor service with corePoolSize 8, maxPoolSize 8 and keepAliveTime 5000
2026-10-06T10:28:10.4528454Z 10:28:10.389 [main] INFO org.flowable.common.engine.impl.async.DefaultAsyncTaskExecutor -- Using rejectedExecutionHandler java.util.concurrent.ThreadPoolExecutor$CallerRunsPolicy@208205ed
2026-10-06T10:28:10.4538698Z 10:28:10.389 [main] INFO org.flowable.common.engine.impl.async.DefaultAsyncTaskExecutor -- Creating thread pool queue of size 2048
2026-10-06T10:28:10.4555815Z 10:28:10.389 [main] INFO org.flowable.common.engine.impl.async.DefaultAsyncTaskExecutor -- Creating thread factory with naming pattern flowable-async-job-executor-thread-%d
2026-10-06T10:28:10.4558956Z 10:28:10.389 [main] INFO org.flowable.common.engine.impl.async.DefaultAsyncTaskExecutor -- Creating executor service with corePoolSize 8, maxPoolSize 8 and keepAliveTime 5000
2026-10-06T10:28:10.4561487Z 10:28:10.404 [main] INFO org.flowable.common.engine.impl.db.CommonDbSchemaManager -- performing create on common with resource org/flowable/common/db/create/flowable.postgres.create.common.sql
2026-10-06T10:28:10.5469322Z 10:28:10.490 [main] INFO org.flowable.engine.impl.db.ProcessDbSchemaManager -- performing create on engine with resource org/flowable/db/create/flowable.postgres.create.engine.sql
2026-10-06T10:28:10.5471077Z 10:28:10.535 [main] INFO org.flowable.engine.impl.db.ProcessDbSchemaManager -- performing create on history with resource org/flowable/db/create/flowable.postgres.create.history.sql
2026-10-06T10:28:10.6473236Z 10:28:10.551 [main] INFO org.flowable.engine.impl.ProcessEngineImpl -- ProcessEngine default created
2026-10-06T10:28:10.6474962Z 10:28:10.560 [main] INFO org.flowable.engine.impl.cmd.ValidateV5EntitiesCmd -- Total of v5 deployments found: 0
2026-10-06T10:28:11.2820157Z [INFO] Tests run: 8, Failures: 0, Errors: 0, Skipped: 0, Time elapsed: 5.082 s -- in org.weaveos.workflow.RootExplicitSchemaTest
2026-10-06T10:28:11.2985843Z [INFO] 
2026-10-06T10:28:11.2988268Z [INFO] Results:
2026-10-06T10:28:11.2988844Z [INFO] 
2026-10-06T10:28:11.2994541Z [INFO] Tests run: 8, Failures: 0, Errors: 0, Skipped: 0
2026-10-06T10:28:11.2995499Z [INFO] 
2026-10-06T10:28:11.3036328Z [INFO] ------------------------------------------------------------------------
2026-10-06T10:28:11.3037024Z [INFO] BUILD SUCCESS
2026-10-06T10:28:11.3037480Z [INFO] ------------------------------------------------------------------------
2026-10-06T10:28:11.3047859Z [INFO] Total time:  10.926 s
2026-10-06T10:28:11.3057259Z [INFO] Finished at: 2026-10-06T10:28:11Z
2026-10-06T10:28:11.3063788Z [INFO] ------------------------------------------------------------------------
2026-10-06T10:28:11.5760417Z ##[group]Run python3 - <<'PYCODE'
2026-10-06T10:28:11.5760787Z [36;1mpython3 - <<'PYCODE'[0m
2026-10-06T10:28:11.5761054Z [36;1mfrom rpc_ci_gate import _java[0m
2026-10-06T10:28:11.5761571Z [36;1m_java("ci-logs/explicit-schema-reports", "org.weaveos.workflow.RootExplicitSchemaTest", [[0m
2026-10-06T10:28:11.5762172Z [36;1m    "nativeCatalogMatchesOfficialEngineCreatedSchema",[0m
2026-10-06T10:28:11.5762893Z [36;1m    "nativeVersionMetadataIsPinned",[0m
2026-10-06T10:28:11.5763289Z [36;1m    "protocolLedgerCatalogMatchesReviewedContract",[0m
2026-10-06T10:28:11.5763682Z [36;1m    "pendingCommandCannotCommit",[0m
2026-10-06T10:28:11.5764001Z [36;1m    "provisionalInstanceCannotCommit",[0m
2026-10-06T10:28:11.5764355Z [36;1m    "installationFailureRollsBackAllTables",[0m
2026-10-06T10:28:11.5764711Z [36;1m    "downRefusesToDeleteExistingHistory",[0m
2026-10-06T10:28:11.5765091Z [36;1m    "engineStartsWithoutAutoCreatingOrUpgrading",[0m
2026-10-06T10:28:11.5765447Z [36;1m])[0m
2026-10-06T10:28:11.5765643Z [36;1mPYCODE[0m
2026-10-06T10:28:11.5828103Z shell: /usr/bin/bash --noprofile --norc -e -o pipefail {0}
2026-10-06T10:28:11.5828468Z ##[endgroup]
2026-10-06T10:28:11.6291001Z ##[group]Run python3 services/workflow-engine/native_version_ci_gate_tests.py
2026-10-06T10:28:11.6291592Z [36;1mpython3 services/workflow-engine/native_version_ci_gate_tests.py[0m
2026-10-06T10:28:11.6355274Z shell: /usr/bin/bash --noprofile --norc -e -o pipefail {0}
2026-10-06T10:28:11.6355648Z ##[endgroup]
2026-10-06T10:28:11.6993146Z .........
2026-10-06T10:28:11.6993685Z ----------------------------------------------------------------------
2026-10-06T10:28:11.6994241Z Ran 9 tests in 0.005s
2026-10-06T10:28:11.6994458Z 
2026-10-06T10:28:11.6994575Z OK
2026-10-06T10:28:11.7110983Z ##[group]Run bash services/workflow-engine/run-tests.sh clean -Dtest=RootNativeVersioningTest -Dworkflow.reports=ci-logs/native-version-reports test 2>&1 | tee services/workflow-engine/ci-logs/native-version-tests.txt
2026-10-06T10:28:11.7112965Z [36;1mbash services/workflow-engine/run-tests.sh clean -Dtest=RootNativeVersioningTest -Dworkflow.reports=ci-logs/native-version-reports test 2>&1 | tee services/workflow-engine/ci-logs/native-version-tests.txt[0m
2026-10-06T10:28:11.7175263Z shell: /usr/bin/bash --noprofile --norc -e -o pipefail {0}
2026-10-06T10:28:11.7175624Z ##[endgroup]
2026-10-06T10:28:13.1142995Z postgres (PostgreSQL) 18.6 (Debian 18.6-1.pgdg13+2)
2026-10-06T10:28:13.1300198Z fixture published ports={}
2026-10-06T10:28:13.1429572Z fixture network internal=true
2026-10-06T10:28:14.5029415Z [INFO] Scanning for projects...
2026-10-06T10:28:14.7551841Z [INFO] 
2026-10-06T10:28:14.7559904Z [INFO] --------------------< org.weaveos:workflow-engine >---------------------
2026-10-06T10:28:14.7561076Z [INFO] Building WeaveOS controlled workflow engine core 0.3.0-SNAPSHOT
2026-10-06T10:28:14.7561983Z [INFO]   from pom.xml
2026-10-06T10:28:14.7579409Z [INFO] --------------------------------[ jar ]---------------------------------
2026-10-06T10:28:15.3655913Z [INFO] 
2026-10-06T10:28:15.3661421Z [INFO] --- clean:3.5.0:clean (default-clean) @ workflow-engine ---
2026-10-06T10:28:15.4185531Z [INFO] Deleting /proof/target
2026-10-06T10:28:15.4602217Z [INFO] 
2026-10-06T10:28:15.4603492Z [INFO] --- resources:3.3.1:resources (default-resources) @ workflow-engine ---
2026-10-06T10:28:15.5508684Z [INFO] skip non existing resourceDirectory /proof/src/main/resources
2026-10-06T10:28:15.5515933Z [INFO] skip non existing resourceDirectory /proof/src/main/resources
2026-10-06T10:28:15.5517175Z [INFO] 
2026-10-06T10:28:15.5518355Z [INFO] --- compiler:3.14.1:compile (default-compile) @ workflow-engine ---
2026-10-06T10:28:15.6611371Z [INFO] Recompiling the module because of changed source code.
2026-10-06T10:28:15.6683026Z [INFO] Compiling 30 source files with javac [debug parameters release 17] to target/classes
2026-10-06T10:28:18.2320201Z [INFO] 
2026-10-06T10:28:18.2324737Z [INFO] --- resources:3.3.1:testResources (default-testResources) @ workflow-engine ---
2026-10-06T10:28:18.2400300Z [INFO] Copying 6 resources from src/test/resources to target/test-classes
2026-10-06T10:28:18.2451555Z [INFO] 
2026-10-06T10:28:18.2458933Z [INFO] --- compiler:3.14.1:testCompile (default-testCompile) @ workflow-engine ---
2026-10-06T10:28:18.2553901Z [INFO] Recompiling the module because of changed dependency.
2026-10-06T10:28:18.2565908Z [INFO] Compiling 13 source files with javac [debug parameters release 17] to target/test-classes
2026-10-06T10:28:19.3658236Z [INFO] 
2026-10-06T10:28:19.3659764Z [INFO] --- surefire:3.5.4:test (default-test) @ workflow-engine ---
2026-10-06T10:28:19.4977601Z [INFO] Using auto detected provider org.apache.maven.surefire.junitplatform.JUnitPlatformProvider
2026-10-06T10:28:19.5384107Z [INFO] 
2026-10-06T10:28:19.5392854Z [INFO] -------------------------------------------------------
2026-10-06T10:28:19.5402845Z [INFO]  T E S T S
2026-10-06T10:28:19.5412558Z [INFO] -------------------------------------------------------
2026-10-06T10:28:20.3437943Z [INFO] Running org.weaveos.workflow.RootNativeVersioningTest
2026-10-06T10:28:22.1540812Z 10:28:22.134 [main] INFO org.flowable.common.engine.impl.async.DefaultAsyncTaskExecutor -- Creating thread pool queue of size 100
2026-10-06T10:28:22.1550026Z 10:28:22.137 [main] INFO org.flowable.common.engine.impl.async.DefaultAsyncTaskExecutor -- Creating thread factory with naming pattern flowable-async-task-invoker-thread-%d
2026-10-06T10:28:22.1553275Z 10:28:22.138 [main] INFO org.flowable.common.engine.impl.async.DefaultAsyncTaskExecutor -- Creating executor service with corePoolSize 8, maxPoolSize 8 and keepAliveTime 5000
2026-10-06T10:28:22.1557110Z 10:28:22.138 [main] INFO org.flowable.common.engine.impl.async.DefaultAsyncTaskExecutor -- Using rejectedExecutionHandler java.util.concurrent.ThreadPoolExecutor$CallerRunsPolicy@3b8ec001
2026-10-06T10:28:22.1559761Z 10:28:22.139 [main] INFO org.flowable.common.engine.impl.async.DefaultAsyncTaskExecutor -- Creating thread pool queue of size 2048
2026-10-06T10:28:22.1597625Z 10:28:22.139 [main] INFO org.flowable.common.engine.impl.async.DefaultAsyncTaskExecutor -- Creating thread factory with naming pattern flowable-async-job-executor-thread-%d
2026-10-06T10:28:22.1601335Z 10:28:22.139 [main] INFO org.flowable.common.engine.impl.async.DefaultAsyncTaskExecutor -- Creating executor service with corePoolSize 8, maxPoolSize 8 and keepAliveTime 5000
2026-10-06T10:28:22.2517935Z 10:28:22.192 [main] INFO org.flowable.common.engine.impl.db.CommonDbSchemaManager -- performing create on common with resource org/flowable/common/db/create/flowable.postgres.create.common.sql
2026-10-06T10:28:22.3524031Z 10:28:22.306 [main] INFO org.flowable.engine.impl.db.ProcessDbSchemaManager -- performing create on engine with resource org/flowable/db/create/flowable.postgres.create.engine.sql
2026-10-06T10:28:22.4528768Z 10:28:22.374 [main] INFO org.flowable.engine.impl.db.ProcessDbSchemaManager -- performing create on history with resource org/flowable/db/create/flowable.postgres.create.history.sql
2026-10-06T10:28:22.4531345Z 10:28:22.397 [main] INFO org.flowable.engine.impl.ProcessEngineImpl -- ProcessEngine default created
2026-10-06T10:28:22.4532871Z 10:28:22.450 [main] INFO org.flowable.engine.impl.cmd.ValidateV5EntitiesCmd -- Total of v5 deployments found: 0
2026-10-06T10:28:23.4560520Z 10:28:23.364 [main] INFO org.flowable.common.engine.impl.async.DefaultAsyncTaskExecutor -- Creating thread pool queue of size 100
2026-10-06T10:28:23.4578375Z 10:28:23.365 [main] INFO org.flowable.common.engine.impl.async.DefaultAsyncTaskExecutor -- Creating thread factory with naming pattern flowable-async-task-invoker-thread-%d
2026-10-06T10:28:23.4581936Z 10:28:23.365 [main] INFO org.flowable.common.engine.impl.async.DefaultAsyncTaskExecutor -- Creating executor service with corePoolSize 8, maxPoolSize 8 and keepAliveTime 5000
2026-10-06T10:28:23.4585050Z 10:28:23.365 [main] INFO org.flowable.common.engine.impl.async.DefaultAsyncTaskExecutor -- Using rejectedExecutionHandler java.util.concurrent.ThreadPoolExecutor$CallerRunsPolicy@488f3dd1
2026-10-06T10:28:23.4587704Z 10:28:23.365 [main] INFO org.flowable.common.engine.impl.async.DefaultAsyncTaskExecutor -- Creating thread pool queue of size 2048
2026-10-06T10:28:23.4590000Z 10:28:23.365 [main] INFO org.flowable.common.engine.impl.async.DefaultAsyncTaskExecutor -- Creating thread factory with naming pattern flowable-async-job-executor-thread-%d
2026-10-06T10:28:23.4592916Z 10:28:23.365 [main] INFO org.flowable.common.engine.impl.async.DefaultAsyncTaskExecutor -- Creating executor service with corePoolSize 8, maxPoolSize 8 and keepAliveTime 5000
2026-10-06T10:28:23.4613880Z 10:28:23.382 [main] INFO org.flowable.common.engine.impl.db.CommonDbSchemaManager -- performing create on common with resource org/flowable/common/db/create/flowable.postgres.create.common.sql
2026-10-06T10:28:23.5562273Z 10:28:23.465 [main] INFO org.flowable.engine.impl.db.ProcessDbSchemaManager -- performing create on engine with resource org/flowable/db/create/flowable.postgres.create.engine.sql
2026-10-06T10:28:23.5576113Z 10:28:23.529 [main] INFO org.flowable.engine.impl.db.ProcessDbSchemaManager -- performing create on history with resource org/flowable/db/create/flowable.postgres.create.history.sql
2026-10-06T10:28:23.5577507Z 10:28:23.548 [main] INFO org.flowable.engine.impl.ProcessEngineImpl -- ProcessEngine default created
2026-10-06T10:28:23.6586560Z 10:28:23.565 [main] INFO org.flowable.engine.impl.cmd.ValidateV5EntitiesCmd -- Total of v5 deployments found: 0
2026-10-06T10:28:25.1623708Z 10:28:25.078 [main] INFO org.flowable.common.engine.impl.async.DefaultAsyncTaskExecutor -- Creating thread pool queue of size 100
2026-10-06T10:28:25.1626349Z 10:28:25.079 [main] INFO org.flowable.common.engine.impl.async.DefaultAsyncTaskExecutor -- Creating thread factory with naming pattern flowable-async-task-invoker-thread-%d
2026-10-06T10:28:25.1628713Z 10:28:25.079 [main] INFO org.flowable.common.engine.impl.async.DefaultAsyncTaskExecutor -- Creating executor service with corePoolSize 8, maxPoolSize 8 and keepAliveTime 5000
2026-10-06T10:28:25.1631210Z 10:28:25.079 [main] INFO org.flowable.common.engine.impl.async.DefaultAsyncTaskExecutor -- Using rejectedExecutionHandler java.util.concurrent.ThreadPoolExecutor$CallerRunsPolicy@1a9ec80e
2026-10-06T10:28:25.1633857Z 10:28:25.079 [main] INFO org.flowable.common.engine.impl.async.DefaultAsyncTaskExecutor -- Creating thread pool queue of size 2048
2026-10-06T10:28:25.1635969Z 10:28:25.079 [main] INFO org.flowable.common.engine.impl.async.DefaultAsyncTaskExecutor -- Creating thread factory with naming pattern flowable-async-job-executor-thread-%d
2026-10-06T10:28:25.1638377Z 10:28:25.079 [main] INFO org.flowable.common.engine.impl.async.DefaultAsyncTaskExecutor -- Creating executor service with corePoolSize 8, maxPoolSize 8 and keepAliveTime 5000
2026-10-06T10:28:25.1640798Z 10:28:25.093 [main] INFO org.flowable.common.engine.impl.db.CommonDbSchemaManager -- performing create on common with resource org/flowable/common/db/create/flowable.postgres.create.common.sql
2026-10-06T10:28:25.2649501Z 10:28:25.171 [main] INFO org.flowable.engine.impl.db.ProcessDbSchemaManager -- performing create on engine with resource org/flowable/db/create/flowable.postgres.create.engine.sql
2026-10-06T10:28:25.2651804Z 10:28:25.217 [main] INFO org.flowable.engine.impl.db.ProcessDbSchemaManager -- performing create on history with resource org/flowable/db/create/flowable.postgres.create.history.sql
2026-10-06T10:28:25.2653861Z 10:28:25.241 [main] INFO org.flowable.engine.impl.ProcessEngineImpl -- ProcessEngine default created
2026-10-06T10:28:25.2654965Z 10:28:25.250 [main] INFO org.flowable.engine.impl.cmd.ValidateV5EntitiesCmd -- Total of v5 deployments found: 0
2026-10-06T10:28:25.8683377Z 10:28:25.825 [main] INFO org.flowable.common.engine.impl.async.DefaultAsyncTaskExecutor -- Creating thread pool queue of size 100
2026-10-06T10:28:25.8685867Z 10:28:25.825 [main] INFO org.flowable.common.engine.impl.async.DefaultAsyncTaskExecutor -- Creating thread factory with naming pattern flowable-async-task-invoker-thread-%d
2026-10-06T10:28:25.8688621Z 10:28:25.825 [main] INFO org.flowable.common.engine.impl.async.DefaultAsyncTaskExecutor -- Creating executor service with corePoolSize 8, maxPoolSize 8 and keepAliveTime 5000
2026-10-06T10:28:25.8691422Z 10:28:25.825 [main] INFO org.flowable.common.engine.impl.async.DefaultAsyncTaskExecutor -- Using rejectedExecutionHandler java.util.concurrent.ThreadPoolExecutor$CallerRunsPolicy@1e30db85
2026-10-06T10:28:25.8694898Z 10:28:25.826 [main] INFO org.flowable.common.engine.impl.async.DefaultAsyncTaskExecutor -- Creating thread pool queue of size 2048
2026-10-06T10:28:25.8699877Z 10:28:25.826 [main] INFO org.flowable.common.engine.impl.async.DefaultAsyncTaskExecutor -- Creating thread factory with naming pattern flowable-async-job-executor-thread-%d
2026-10-06T10:28:25.8705669Z 10:28:25.826 [main] INFO org.flowable.common.engine.impl.async.DefaultAsyncTaskExecutor -- Creating executor service with corePoolSize 8, maxPoolSize 8 and keepAliveTime 5000
2026-10-06T10:28:25.8708176Z 10:28:25.838 [main] INFO org.flowable.common.engine.impl.db.CommonDbSchemaManager -- performing create on common with resource org/flowable/common/db/create/flowable.postgres.create.common.sql
2026-10-06T10:28:25.9674146Z 10:28:25.914 [main] INFO org.flowable.engine.impl.db.ProcessDbSchemaManager -- performing create on engine with resource org/flowable/db/create/flowable.postgres.create.engine.sql
2026-10-06T10:28:25.9676569Z 10:28:25.963 [main] INFO org.flowable.engine.impl.db.ProcessDbSchemaManager -- performing create on history with resource org/flowable/db/create/flowable.postgres.create.history.sql
2026-10-06T10:28:26.0695378Z 10:28:25.983 [main] INFO org.flowable.engine.impl.ProcessEngineImpl -- ProcessEngine default created
2026-10-06T10:28:26.0698228Z 10:28:25.993 [main] INFO org.flowable.engine.impl.cmd.ValidateV5EntitiesCmd -- Total of v5 deployments found: 0
2026-10-06T10:28:26.4690592Z 10:28:26.395 [main] INFO org.flowable.common.engine.impl.async.DefaultAsyncTaskExecutor -- Creating thread pool queue of size 100
2026-10-06T10:28:26.4703560Z 10:28:26.395 [main] INFO org.flowable.common.engine.impl.async.DefaultAsyncTaskExecutor -- Creating thread factory with naming pattern flowable-async-task-invoker-thread-%d
2026-10-06T10:28:26.4771253Z 10:28:26.396 [main] INFO org.flowable.common.engine.impl.async.DefaultAsyncTaskExecutor -- Creating executor service with corePoolSize 8, maxPoolSize 8 and keepAliveTime 5000
2026-10-06T10:28:26.4775097Z 10:28:26.396 [main] INFO org.flowable.common.engine.impl.async.DefaultAsyncTaskExecutor -- Using rejectedExecutionHandler java.util.concurrent.ThreadPoolExecutor$CallerRunsPolicy@1b37fbec
2026-10-06T10:28:26.4777717Z 10:28:26.396 [main] INFO org.flowable.common.engine.impl.async.DefaultAsyncTaskExecutor -- Creating thread pool queue of size 2048
2026-10-06T10:28:26.4779922Z 10:28:26.396 [main] INFO org.flowable.common.engine.impl.async.DefaultAsyncTaskExecutor -- Creating thread factory with naming pattern flowable-async-job-executor-thread-%d
2026-10-06T10:28:26.4782661Z 10:28:26.396 [main] INFO org.flowable.common.engine.impl.async.DefaultAsyncTaskExecutor -- Creating executor service with corePoolSize 8, maxPoolSize 8 and keepAliveTime 5000
2026-10-06T10:28:26.4784900Z 10:28:26.416 [main] INFO org.flowable.engine.impl.ProcessEngineImpl -- ProcessEngine default created
2026-10-06T10:28:26.4786366Z 10:28:26.426 [main] INFO org.flowable.engine.impl.cmd.ValidateV5EntitiesCmd -- Total of v5 deployments found: 0
2026-10-06T10:28:26.8704975Z 10:28:26.797 [main] INFO org.flowable.common.engine.impl.async.DefaultAsyncTaskExecutor -- Creating thread pool queue of size 100
2026-10-06T10:28:26.8717894Z 10:28:26.797 [main] INFO org.flowable.common.engine.impl.async.DefaultAsyncTaskExecutor -- Creating thread factory with naming pattern flowable-async-task-invoker-thread-%d
2026-10-06T10:28:26.8726283Z 10:28:26.797 [main] INFO org.flowable.common.engine.impl.async.DefaultAsyncTaskExecutor -- Creating executor service with corePoolSize 8, maxPoolSize 8 and keepAliveTime 5000
2026-10-06T10:28:26.8729738Z 10:28:26.797 [main] INFO org.flowable.common.engine.impl.async.DefaultAsyncTaskExecutor -- Using rejectedExecutionHandler java.util.concurrent.ThreadPoolExecutor$CallerRunsPolicy@601d6622
2026-10-06T10:28:26.8732714Z 10:28:26.797 [main] INFO org.flowable.common.engine.impl.async.DefaultAsyncTaskExecutor -- Creating thread pool queue of size 2048
2026-10-06T10:28:26.8735305Z 10:28:26.797 [main] INFO org.flowable.common.engine.impl.async.DefaultAsyncTaskExecutor -- Creating thread factory with naming pattern flowable-async-job-executor-thread-%d
2026-10-06T10:28:26.8738128Z 10:28:26.798 [main] INFO org.flowable.common.engine.impl.async.DefaultAsyncTaskExecutor -- Creating executor service with corePoolSize 8, maxPoolSize 8 and keepAliveTime 5000
2026-10-06T10:28:26.8740882Z 10:28:26.807 [main] INFO org.flowable.common.engine.impl.db.CommonDbSchemaManager -- performing create on common with resource org/flowable/common/db/create/flowable.postgres.create.common.sql
2026-10-06T10:28:26.9705362Z 10:28:26.868 [main] INFO org.flowable.engine.impl.db.ProcessDbSchemaManager -- performing create on engine with resource org/flowable/db/create/flowable.postgres.create.engine.sql
2026-10-06T10:28:26.9707793Z 10:28:26.919 [main] INFO org.flowable.engine.impl.db.ProcessDbSchemaManager -- performing create on history with resource org/flowable/db/create/flowable.postgres.create.history.sql
2026-10-06T10:28:26.9709823Z 10:28:26.933 [main] INFO org.flowable.engine.impl.ProcessEngineImpl -- ProcessEngine default created
2026-10-06T10:28:26.9711623Z 10:28:26.943 [main] INFO org.flowable.engine.impl.cmd.ValidateV5EntitiesCmd -- Total of v5 deployments found: 0
2026-10-06T10:28:27.7742192Z 10:28:27.718 [main] INFO org.flowable.common.engine.impl.async.DefaultAsyncTaskExecutor -- Creating thread pool queue of size 100
2026-10-06T10:28:27.7745117Z 10:28:27.718 [main] INFO org.flowable.common.engine.impl.async.DefaultAsyncTaskExecutor -- Creating thread factory with naming pattern flowable-async-task-invoker-thread-%d
2026-10-06T10:28:27.7748053Z 10:28:27.718 [main] INFO org.flowable.common.engine.impl.async.DefaultAsyncTaskExecutor -- Creating executor service with corePoolSize 8, maxPoolSize 8 and keepAliveTime 5000
2026-10-06T10:28:27.7751027Z 10:28:27.718 [main] INFO org.flowable.common.engine.impl.async.DefaultAsyncTaskExecutor -- Using rejectedExecutionHandler java.util.concurrent.ThreadPoolExecutor$CallerRunsPolicy@72c9ebfa
2026-10-06T10:28:27.7753944Z 10:28:27.719 [main] INFO org.flowable.common.engine.impl.async.DefaultAsyncTaskExecutor -- Creating thread pool queue of size 2048
2026-10-06T10:28:27.7756367Z 10:28:27.719 [main] INFO org.flowable.common.engine.impl.async.DefaultAsyncTaskExecutor -- Creating thread factory with naming pattern flowable-async-job-executor-thread-%d
2026-10-06T10:28:27.7758914Z 10:28:27.719 [main] INFO org.flowable.common.engine.impl.async.DefaultAsyncTaskExecutor -- Creating executor service with corePoolSize 8, maxPoolSize 8 and keepAliveTime 5000
2026-10-06T10:28:27.7762041Z 10:28:27.732 [main] INFO org.flowable.common.engine.impl.db.CommonDbSchemaManager -- performing create on common with resource org/flowable/common/db/create/flowable.postgres.create.common.sql
2026-10-06T10:28:27.8739870Z 10:28:27.798 [main] INFO org.flowable.engine.impl.db.ProcessDbSchemaManager -- performing create on engine with resource org/flowable/db/create/flowable.postgres.create.engine.sql
2026-10-06T10:28:27.8742279Z 10:28:27.850 [main] INFO org.flowable.engine.impl.db.ProcessDbSchemaManager -- performing create on history with resource org/flowable/db/create/flowable.postgres.create.history.sql
2026-10-06T10:28:27.8746563Z 10:28:27.864 [main] INFO org.flowable.engine.impl.ProcessEngineImpl -- ProcessEngine default created
2026-10-06T10:28:27.9760307Z 10:28:27.874 [main] INFO org.flowable.engine.impl.cmd.ValidateV5EntitiesCmd -- Total of v5 deployments found: 0
2026-10-06T10:28:28.3776680Z 10:28:28.351 [main] INFO org.flowable.common.engine.impl.async.DefaultAsyncTaskExecutor -- Creating thread pool queue of size 100
2026-10-06T10:28:28.3786793Z 10:28:28.351 [main] INFO org.flowable.common.engine.impl.async.DefaultAsyncTaskExecutor -- Creating thread factory with naming pattern flowable-async-task-invoker-thread-%d
2026-10-06T10:28:28.3789119Z 10:28:28.351 [main] INFO org.flowable.common.engine.impl.async.DefaultAsyncTaskExecutor -- Creating executor service with corePoolSize 8, maxPoolSize 8 and keepAliveTime 5000
2026-10-06T10:28:28.3792194Z 10:28:28.351 [main] INFO org.flowable.common.engine.impl.async.DefaultAsyncTaskExecutor -- Using rejectedExecutionHandler java.util.concurrent.ThreadPoolExecutor$CallerRunsPolicy@712e787e
2026-10-06T10:28:28.3794606Z 10:28:28.351 [main] INFO org.flowable.common.engine.impl.async.DefaultAsyncTaskExecutor -- Creating thread pool queue of size 2048
2026-10-06T10:28:28.3797052Z 10:28:28.351 [main] INFO org.flowable.common.engine.impl.async.DefaultAsyncTaskExecutor -- Creating thread factory with naming pattern flowable-async-job-executor-thread-%d
2026-10-06T10:28:28.3799138Z 10:28:28.351 [main] INFO org.flowable.common.engine.impl.async.DefaultAsyncTaskExecutor -- Creating executor service with corePoolSize 8, maxPoolSize 8 and keepAliveTime 5000
2026-10-06T10:28:28.3801567Z 10:28:28.365 [main] INFO org.flowable.common.engine.impl.db.CommonDbSchemaManager -- performing create on common with resource org/flowable/common/db/create/flowable.postgres.create.common.sql
2026-10-06T10:28:28.4780544Z 10:28:28.444 [main] INFO org.flowable.engine.impl.db.ProcessDbSchemaManager -- performing create on engine with resource org/flowable/db/create/flowable.postgres.create.engine.sql
2026-10-06T10:28:28.5822098Z 10:28:28.490 [main] INFO org.flowable.engine.impl.db.ProcessDbSchemaManager -- performing create on history with resource org/flowable/db/create/flowable.postgres.create.history.sql
2026-10-06T10:28:28.5824512Z 10:28:28.504 [main] INFO org.flowable.engine.impl.ProcessEngineImpl -- ProcessEngine default created
2026-10-06T10:28:28.5826028Z 10:28:28.511 [main] INFO org.flowable.engine.impl.cmd.ValidateV5EntitiesCmd -- Total of v5 deployments found: 0
2026-10-06T10:28:28.9794980Z 10:28:28.885 [main] INFO org.flowable.common.engine.impl.async.DefaultAsyncTaskExecutor -- Creating thread pool queue of size 100
2026-10-06T10:28:28.9801734Z 10:28:28.885 [main] INFO org.flowable.common.engine.impl.async.DefaultAsyncTaskExecutor -- Creating thread factory with naming pattern flowable-async-task-invoker-thread-%d
2026-10-06T10:28:28.9803756Z 10:28:28.885 [main] INFO org.flowable.common.engine.impl.async.DefaultAsyncTaskExecutor -- Creating executor service with corePoolSize 8, maxPoolSize 8 and keepAliveTime 5000
2026-10-06T10:28:28.9805195Z 10:28:28.885 [main] INFO org.flowable.common.engine.impl.async.DefaultAsyncTaskExecutor -- Using rejectedExecutionHandler java.util.concurrent.ThreadPoolExecutor$CallerRunsPolicy@2f8c4fae
2026-10-06T10:28:28.9806388Z 10:28:28.885 [main] INFO org.flowable.common.engine.impl.async.DefaultAsyncTaskExecutor -- Creating thread pool queue of size 2048
2026-10-06T10:28:28.9807926Z 10:28:28.885 [main] INFO org.flowable.common.engine.impl.async.DefaultAsyncTaskExecutor -- Creating thread factory with naming pattern flowable-async-job-executor-thread-%d
2026-10-06T10:28:28.9809223Z 10:28:28.885 [main] INFO org.flowable.common.engine.impl.async.DefaultAsyncTaskExecutor -- Creating executor service with corePoolSize 8, maxPoolSize 8 and keepAliveTime 5000
2026-10-06T10:28:28.9810581Z 10:28:28.898 [main] INFO org.flowable.common.engine.impl.db.CommonDbSchemaManager -- performing create on common with resource org/flowable/common/db/create/flowable.postgres.create.common.sql
2026-10-06T10:28:28.9811921Z 10:28:28.956 [main] INFO org.flowable.engine.impl.db.ProcessDbSchemaManager -- performing create on engine with resource org/flowable/db/create/flowable.postgres.create.engine.sql
2026-10-06T10:28:29.0802190Z 10:28:28.999 [main] INFO org.flowable.engine.impl.db.ProcessDbSchemaManager -- performing create on history with resource org/flowable/db/create/flowable.postgres.create.history.sql
2026-10-06T10:28:29.0804524Z 10:28:29.011 [main] INFO org.flowable.engine.impl.ProcessEngineImpl -- ProcessEngine default created
2026-10-06T10:28:29.0805980Z 10:28:29.021 [main] INFO org.flowable.engine.impl.cmd.ValidateV5EntitiesCmd -- Total of v5 deployments found: 0
2026-10-06T10:28:29.5187678Z [INFO] Tests run: 8, Failures: 0, Errors: 0, Skipped: 0, Time elapsed: 9.159 s -- in org.weaveos.workflow.RootNativeVersioningTest
2026-10-06T10:28:29.5484804Z [INFO] 
2026-10-06T10:28:29.5485576Z [INFO] Results:
2026-10-06T10:28:29.5486243Z [INFO] 
2026-10-06T10:28:29.5486591Z [INFO] Tests run: 8, Failures: 0, Errors: 0, Skipped: 0
2026-10-06T10:28:29.5486938Z [INFO] 
2026-10-06T10:28:29.5502648Z [INFO] ------------------------------------------------------------------------
2026-10-06T10:28:29.5503590Z [INFO] BUILD SUCCESS
2026-10-06T10:28:29.5504273Z [INFO] ------------------------------------------------------------------------
2026-10-06T10:28:29.5515085Z [INFO] Total time:  15.071 s
2026-10-06T10:28:29.5517908Z [INFO] Finished at: 2026-10-06T10:28:29Z
2026-10-06T10:28:29.5518609Z [INFO] ------------------------------------------------------------------------
2026-10-06T10:28:29.8144930Z ##[group]Run python3 services/workflow-engine/native_version_ci_gate.py services/workflow-engine/ci-logs/native-version-reports
2026-10-06T10:28:29.8145892Z [36;1mpython3 services/workflow-engine/native_version_ci_gate.py services/workflow-engine/ci-logs/native-version-reports[0m
2026-10-06T10:28:29.8209487Z shell: /usr/bin/bash --noprofile --norc -e -o pipefail {0}
2026-10-06T10:28:29.8209867Z ##[endgroup]
2026-10-06T10:28:29.8617648Z native-version gate passed: 8 exact cases, no failures/errors/skips
2026-10-06T10:28:29.8706144Z ##[group]Run python3 services/workflow-engine/native_history_ci_gate_tests.py
2026-10-06T10:28:29.8706759Z [36;1mpython3 services/workflow-engine/native_history_ci_gate_tests.py[0m
2026-10-06T10:28:29.8770291Z shell: /usr/bin/bash --noprofile --norc -e -o pipefail {0}
2026-10-06T10:28:29.8770691Z ##[endgroup]
2026-10-06T10:28:29.9390984Z .........
2026-10-06T10:28:29.9391531Z ----------------------------------------------------------------------
2026-10-06T10:28:29.9392034Z Ran 9 tests in 0.006s
2026-10-06T10:28:29.9392200Z 
2026-10-06T10:28:29.9392285Z OK
2026-10-06T10:28:29.9508505Z ##[group]Run bash services/workflow-engine/run-tests.sh clean -Dtest=RootNativeHistoryTest -Dworkflow.reports=ci-logs/native-history-reports test 2>&1 | tee services/workflow-engine/ci-logs/native-history-tests.txt
2026-10-06T10:28:29.9510239Z [36;1mbash services/workflow-engine/run-tests.sh clean -Dtest=RootNativeHistoryTest -Dworkflow.reports=ci-logs/native-history-reports test 2>&1 | tee services/workflow-engine/ci-logs/native-history-tests.txt[0m
2026-10-06T10:28:29.9574266Z shell: /usr/bin/bash --noprofile --norc -e -o pipefail {0}
2026-10-06T10:28:29.9574635Z ##[endgroup]
2026-10-06T10:28:31.3644092Z postgres (PostgreSQL) 18.6 (Debian 18.6-1.pgdg13+2)
2026-10-06T10:28:31.3799286Z fixture published ports={}
2026-10-06T10:28:31.3927046Z fixture network internal=true
2026-10-06T10:28:32.7614542Z [INFO] Scanning for projects...
2026-10-06T10:28:33.0134713Z [INFO] 
2026-10-06T10:28:33.0136024Z [INFO] --------------------< org.weaveos:workflow-engine >---------------------
2026-10-06T10:28:33.0137290Z [INFO] Building WeaveOS controlled workflow engine core 0.3.0-SNAPSHOT
2026-10-06T10:28:33.0138298Z [INFO]   from pom.xml
2026-10-06T10:28:33.0139117Z [INFO] --------------------------------[ jar ]---------------------------------
2026-10-06T10:28:33.6389638Z [INFO] 
2026-10-06T10:28:33.6393253Z [INFO] --- clean:3.5.0:clean (default-clean) @ workflow-engine ---
2026-10-06T10:28:33.6985641Z [INFO] Deleting /proof/target
2026-10-06T10:28:33.7414671Z [INFO] 
2026-10-06T10:28:33.7430745Z [INFO] --- resources:3.3.1:resources (default-resources) @ workflow-engine ---
2026-10-06T10:28:33.8274668Z [INFO] skip non existing resourceDirectory /proof/src/main/resources
2026-10-06T10:28:33.8282145Z [INFO] skip non existing resourceDirectory /proof/src/main/resources
2026-10-06T10:28:33.8283594Z [INFO] 
2026-10-06T10:28:33.8284606Z [INFO] --- compiler:3.14.1:compile (default-compile) @ workflow-engine ---
2026-10-06T10:28:33.9372798Z [INFO] Recompiling the module because of changed source code.
2026-10-06T10:28:33.9445306Z [INFO] Compiling 30 source files with javac [debug parameters release 17] to target/classes
2026-10-06T10:28:36.4426439Z [INFO] 
2026-10-06T10:28:36.4453643Z [INFO] --- resources:3.3.1:testResources (default-testResources) @ workflow-engine ---
2026-10-06T10:28:36.4499514Z [INFO] Copying 6 resources from src/test/resources to target/test-classes
2026-10-06T10:28:36.4551105Z [INFO] 
2026-10-06T10:28:36.4552410Z [INFO] --- compiler:3.14.1:testCompile (default-testCompile) @ workflow-engine ---
2026-10-06T10:28:36.4638983Z [INFO] Recompiling the module because of changed dependency.
2026-10-06T10:28:36.4648021Z [INFO] Compiling 13 source files with javac [debug parameters release 17] to target/test-classes
2026-10-06T10:28:37.4858791Z [INFO] 
2026-10-06T10:28:37.4862383Z [INFO] --- surefire:3.5.4:test (default-test) @ workflow-engine ---
2026-10-06T10:28:37.5945577Z [INFO] Using auto detected provider org.apache.maven.surefire.junitplatform.JUnitPlatformProvider
2026-10-06T10:28:37.6474957Z [INFO] 
2026-10-06T10:28:37.6476295Z [INFO] -------------------------------------------------------
2026-10-06T10:28:37.6477401Z [INFO]  T E S T S
2026-10-06T10:28:37.6478068Z [INFO] -------------------------------------------------------
2026-10-06T10:28:38.4993756Z [INFO] Running org.weaveos.workflow.RootNativeHistoryTest
2026-10-06T10:28:40.3134136Z 10:28:40.286 [main] INFO org.flowable.common.engine.impl.async.DefaultAsyncTaskExecutor -- Creating thread pool queue of size 100
2026-10-06T10:28:40.3141788Z 10:28:40.289 [main] INFO org.flowable.common.engine.impl.async.DefaultAsyncTaskExecutor -- Creating thread factory with naming pattern flowable-async-task-invoker-thread-%d
2026-10-06T10:28:40.3144465Z 10:28:40.289 [main] INFO org.flowable.common.engine.impl.async.DefaultAsyncTaskExecutor -- Creating executor service with corePoolSize 8, maxPoolSize 8 and keepAliveTime 5000
2026-10-06T10:28:40.3147368Z 10:28:40.290 [main] INFO org.flowable.common.engine.impl.async.DefaultAsyncTaskExecutor -- Using rejectedExecutionHandler java.util.concurrent.ThreadPoolExecutor$CallerRunsPolicy@7d21852b
2026-10-06T10:28:40.3149660Z 10:28:40.290 [main] INFO org.flowable.common.engine.impl.async.DefaultAsyncTaskExecutor -- Creating thread pool queue of size 2048
2026-10-06T10:28:40.3151768Z 10:28:40.290 [main] INFO org.flowable.common.engine.impl.async.DefaultAsyncTaskExecutor -- Creating thread factory with naming pattern flowable-async-job-executor-thread-%d
2026-10-06T10:28:40.3164537Z 10:28:40.290 [main] INFO org.flowable.common.engine.impl.async.DefaultAsyncTaskExecutor -- Creating executor service with corePoolSize 8, maxPoolSize 8 and keepAliveTime 5000
2026-10-06T10:28:40.4083789Z 10:28:40.332 [main] INFO org.flowable.common.engine.impl.db.CommonDbSchemaManager -- performing create on common with resource org/flowable/common/db/create/flowable.postgres.create.common.sql
2026-10-06T10:28:40.5058059Z 10:28:40.427 [main] INFO org.flowable.engine.impl.db.ProcessDbSchemaManager -- performing create on engine with resource org/flowable/db/create/flowable.postgres.create.engine.sql
2026-10-06T10:28:40.5061083Z 10:28:40.489 [main] INFO org.flowable.engine.impl.db.ProcessDbSchemaManager -- performing create on history with resource org/flowable/db/create/flowable.postgres.create.history.sql
2026-10-06T10:28:40.6060689Z 10:28:40.508 [main] INFO org.flowable.engine.impl.ProcessEngineImpl -- ProcessEngine default created
2026-10-06T10:28:40.6085951Z 10:28:40.560 [main] INFO org.flowable.engine.impl.cmd.ValidateV5EntitiesCmd -- Total of v5 deployments found: 0
2026-10-06T10:28:42.2145856Z 10:28:42.120 [main] INFO org.flowable.common.engine.impl.async.DefaultAsyncTaskExecutor -- Creating thread pool queue of size 100
2026-10-06T10:28:42.2152175Z 10:28:42.120 [main] INFO org.flowable.common.engine.impl.async.DefaultAsyncTaskExecutor -- Creating thread factory with naming pattern flowable-async-task-invoker-thread-%d
2026-10-06T10:28:42.2154940Z 10:28:42.120 [main] INFO org.flowable.common.engine.impl.async.DefaultAsyncTaskExecutor -- Creating executor service with corePoolSize 8, maxPoolSize 8 and keepAliveTime 5000
2026-10-06T10:28:42.2157582Z 10:28:42.120 [main] INFO org.flowable.common.engine.impl.async.DefaultAsyncTaskExecutor -- Using rejectedExecutionHandler java.util.concurrent.ThreadPoolExecutor$CallerRunsPolicy@3313d477
2026-10-06T10:28:42.2159885Z 10:28:42.120 [main] INFO org.flowable.common.engine.impl.async.DefaultAsyncTaskExecutor -- Creating thread pool queue of size 2048
2026-10-06T10:28:42.2162282Z 10:28:42.121 [main] INFO org.flowable.common.engine.impl.async.DefaultAsyncTaskExecutor -- Creating thread factory with naming pattern flowable-async-job-executor-thread-%d
2026-10-06T10:28:42.2165649Z 10:28:42.121 [main] INFO org.flowable.common.engine.impl.async.DefaultAsyncTaskExecutor -- Creating executor service with corePoolSize 8, maxPoolSize 8 and keepAliveTime 5000
2026-10-06T10:28:42.2168658Z 10:28:42.134 [main] INFO org.flowable.common.engine.impl.db.CommonDbSchemaManager -- performing create on common with resource org/flowable/common/db/create/flowable.postgres.create.common.sql
2026-10-06T10:28:42.3160378Z 10:28:42.221 [main] INFO org.flowable.engine.impl.db.ProcessDbSchemaManager -- performing create on engine with resource org/flowable/db/create/flowable.postgres.create.engine.sql
2026-10-06T10:28:42.3164028Z 10:28:42.284 [main] INFO org.flowable.engine.impl.db.ProcessDbSchemaManager -- performing create on history with resource org/flowable/db/create/flowable.postgres.create.history.sql
2026-10-06T10:28:42.3165938Z 10:28:42.304 [main] INFO org.flowable.engine.impl.ProcessEngineImpl -- ProcessEngine default created
2026-10-06T10:28:42.4147616Z 10:28:42.321 [main] INFO org.flowable.engine.impl.cmd.ValidateV5EntitiesCmd -- Total of v5 deployments found: 0
2026-10-06T10:28:44.2209365Z 10:28:44.181 [main] INFO org.flowable.common.engine.impl.async.DefaultAsyncTaskExecutor -- Creating thread pool queue of size 100
2026-10-06T10:28:44.2219659Z 10:28:44.181 [main] INFO org.flowable.common.engine.impl.async.DefaultAsyncTaskExecutor -- Creating thread factory with naming pattern flowable-async-task-invoker-thread-%d
2026-10-06T10:28:44.2222919Z 10:28:44.181 [main] INFO org.flowable.common.engine.impl.async.DefaultAsyncTaskExecutor -- Creating executor service with corePoolSize 8, maxPoolSize 8 and keepAliveTime 5000
2026-10-06T10:28:44.2225853Z 10:28:44.181 [main] INFO org.flowable.common.engine.impl.async.DefaultAsyncTaskExecutor -- Using rejectedExecutionHandler java.util.concurrent.ThreadPoolExecutor$CallerRunsPolicy@682e445e
2026-10-06T10:28:44.2228253Z 10:28:44.182 [main] INFO org.flowable.common.engine.impl.async.DefaultAsyncTaskExecutor -- Creating thread pool queue of size 2048
2026-10-06T10:28:44.2234126Z 10:28:44.182 [main] INFO org.flowable.common.engine.impl.async.DefaultAsyncTaskExecutor -- Creating thread factory with naming pattern flowable-async-job-executor-thread-%d
2026-10-06T10:28:44.2237358Z 10:28:44.182 [main] INFO org.flowable.common.engine.impl.async.DefaultAsyncTaskExecutor -- Creating executor service with corePoolSize 8, maxPoolSize 8 and keepAliveTime 5000
2026-10-06T10:28:44.2254358Z 10:28:44.195 [main] INFO org.flowable.common.engine.impl.db.CommonDbSchemaManager -- performing create on common with resource org/flowable/common/db/create/flowable.postgres.create.common.sql
2026-10-06T10:28:44.3211552Z 10:28:44.278 [main] INFO org.flowable.engine.impl.db.ProcessDbSchemaManager -- performing create on engine with resource org/flowable/db/create/flowable.postgres.create.engine.sql
2026-10-06T10:28:44.4208639Z 10:28:44.323 [main] INFO org.flowable.engine.impl.db.ProcessDbSchemaManager -- performing create on history with resource org/flowable/db/create/flowable.postgres.create.history.sql
2026-10-06T10:28:44.4209749Z 10:28:44.348 [main] INFO org.flowable.engine.impl.ProcessEngineImpl -- ProcessEngine default created
2026-10-06T10:28:44.4210507Z 10:28:44.359 [main] INFO org.flowable.engine.impl.cmd.ValidateV5EntitiesCmd -- Total of v5 deployments found: 0
2026-10-06T10:28:44.9236085Z 10:28:44.907 [main] INFO org.flowable.common.engine.impl.async.DefaultAsyncTaskExecutor -- Creating thread pool queue of size 100
2026-10-06T10:28:44.9249988Z 10:28:44.907 [main] INFO org.flowable.common.engine.impl.async.DefaultAsyncTaskExecutor -- Creating thread factory with naming pattern flowable-async-task-invoker-thread-%d
2026-10-06T10:28:44.9253168Z 10:28:44.907 [main] INFO org.flowable.common.engine.impl.async.DefaultAsyncTaskExecutor -- Creating executor service with corePoolSize 8, maxPoolSize 8 and keepAliveTime 5000
2026-10-06T10:28:44.9255965Z 10:28:44.907 [main] INFO org.flowable.common.engine.impl.async.DefaultAsyncTaskExecutor -- Using rejectedExecutionHandler java.util.concurrent.ThreadPoolExecutor$CallerRunsPolicy@1d99ee1b
2026-10-06T10:28:44.9258449Z 10:28:44.907 [main] INFO org.flowable.common.engine.impl.async.DefaultAsyncTaskExecutor -- Creating thread pool queue of size 2048
2026-10-06T10:28:44.9260749Z 10:28:44.907 [main] INFO org.flowable.common.engine.impl.async.DefaultAsyncTaskExecutor -- Creating thread factory with naming pattern flowable-async-job-executor-thread-%d
2026-10-06T10:28:44.9263561Z 10:28:44.907 [main] INFO org.flowable.common.engine.impl.async.DefaultAsyncTaskExecutor -- Creating executor service with corePoolSize 8, maxPoolSize 8 and keepAliveTime 5000
2026-10-06T10:28:44.9266525Z 10:28:44.920 [main] INFO org.flowable.common.engine.impl.db.CommonDbSchemaManager -- performing create on common with resource org/flowable/common/db/create/flowable.postgres.create.common.sql
2026-10-06T10:28:45.0237563Z 10:28:44.985 [main] INFO org.flowable.engine.impl.db.ProcessDbSchemaManager -- performing create on engine with resource org/flowable/db/create/flowable.postgres.create.engine.sql
2026-10-06T10:28:45.1245434Z 10:28:45.027 [main] INFO org.flowable.engine.impl.db.ProcessDbSchemaManager -- performing create on history with resource org/flowable/db/create/flowable.postgres.create.history.sql
2026-10-06T10:28:45.1248182Z 10:28:45.039 [main] INFO org.flowable.engine.impl.ProcessEngineImpl -- ProcessEngine default created
2026-10-06T10:28:45.1253741Z 10:28:45.047 [main] INFO org.flowable.engine.impl.cmd.ValidateV5EntitiesCmd -- Total of v5 deployments found: 0
2026-10-06T10:28:45.5257856Z 10:28:45.509 [main] INFO org.flowable.common.engine.impl.async.DefaultAsyncTaskExecutor -- Creating thread pool queue of size 100
2026-10-06T10:28:45.5260162Z 10:28:45.509 [main] INFO org.flowable.common.engine.impl.async.DefaultAsyncTaskExecutor -- Creating thread factory with naming pattern flowable-async-task-invoker-thread-%d
2026-10-06T10:28:45.5263392Z 10:28:45.509 [main] INFO org.flowable.common.engine.impl.async.DefaultAsyncTaskExecutor -- Creating executor service with corePoolSize 8, maxPoolSize 8 and keepAliveTime 5000
2026-10-06T10:28:45.5266006Z 10:28:45.510 [main] INFO org.flowable.common.engine.impl.async.DefaultAsyncTaskExecutor -- Using rejectedExecutionHandler java.util.concurrent.ThreadPoolExecutor$CallerRunsPolicy@6d6039df
2026-10-06T10:28:45.5268637Z 10:28:45.510 [main] INFO org.flowable.common.engine.impl.async.DefaultAsyncTaskExecutor -- Creating thread pool queue of size 2048
2026-10-06T10:28:45.5271102Z 10:28:45.510 [main] INFO org.flowable.common.engine.impl.async.DefaultAsyncTaskExecutor -- Creating thread factory with naming pattern flowable-async-job-executor-thread-%d
2026-10-06T10:28:45.5274191Z 10:28:45.510 [main] INFO org.flowable.common.engine.impl.async.DefaultAsyncTaskExecutor -- Creating executor service with corePoolSize 8, maxPoolSize 8 and keepAliveTime 5000
2026-10-06T10:28:45.5277113Z 10:28:45.519 [main] INFO org.flowable.common.engine.impl.db.CommonDbSchemaManager -- performing create on common with resource org/flowable/common/db/create/flowable.postgres.create.common.sql
2026-10-06T10:28:45.6255491Z 10:28:45.584 [main] INFO org.flowable.engine.impl.db.ProcessDbSchemaManager -- performing create on engine with resource org/flowable/db/create/flowable.postgres.create.engine.sql
2026-10-06T10:28:45.7303313Z 10:28:45.632 [main] INFO org.flowable.engine.impl.db.ProcessDbSchemaManager -- performing create on history with resource org/flowable/db/create/flowable.postgres.create.history.sql
2026-10-06T10:28:45.7305119Z 10:28:45.646 [main] INFO org.flowable.engine.impl.ProcessEngineImpl -- ProcessEngine default created
2026-10-06T10:28:45.7306495Z 10:28:45.657 [main] INFO org.flowable.engine.impl.cmd.ValidateV5EntitiesCmd -- Total of v5 deployments found: 0
2026-10-06T10:28:46.4278639Z 10:28:46.395 [main] INFO org.flowable.common.engine.impl.async.DefaultAsyncTaskExecutor -- Creating thread pool queue of size 100
2026-10-06T10:28:46.4283767Z 10:28:46.395 [main] INFO org.flowable.common.engine.impl.async.DefaultAsyncTaskExecutor -- Creating thread factory with naming pattern flowable-async-task-invoker-thread-%d
2026-10-06T10:28:46.4286496Z 10:28:46.395 [main] INFO org.flowable.common.engine.impl.async.DefaultAsyncTaskExecutor -- Creating executor service with corePoolSize 8, maxPoolSize 8 and keepAliveTime 5000
2026-10-06T10:28:46.4291487Z 10:28:46.395 [main] INFO org.flowable.common.engine.impl.async.DefaultAsyncTaskExecutor -- Using rejectedExecutionHandler java.util.concurrent.ThreadPoolExecutor$CallerRunsPolicy@7de35070
2026-10-06T10:28:46.4298582Z 10:28:46.396 [main] INFO org.flowable.common.engine.impl.async.DefaultAsyncTaskExecutor -- Creating thread pool queue of size 2048
2026-10-06T10:28:46.4301207Z 10:28:46.396 [main] INFO org.flowable.common.engine.impl.async.DefaultAsyncTaskExecutor -- Creating thread factory with naming pattern flowable-async-job-executor-thread-%d
2026-10-06T10:28:46.4304625Z 10:28:46.396 [main] INFO org.flowable.common.engine.impl.async.DefaultAsyncTaskExecutor -- Creating executor service with corePoolSize 8, maxPoolSize 8 and keepAliveTime 5000
2026-10-06T10:28:46.4306903Z 10:28:46.408 [main] INFO org.flowable.common.engine.impl.db.CommonDbSchemaManager -- performing create on common with resource org/flowable/common/db/create/flowable.postgres.create.common.sql
2026-10-06T10:28:46.5275894Z 10:28:46.479 [main] INFO org.flowable.engine.impl.db.ProcessDbSchemaManager -- performing create on engine with resource org/flowable/db/create/flowable.postgres.create.engine.sql
2026-10-06T10:28:46.5279751Z 10:28:46.524 [main] INFO org.flowable.engine.impl.db.ProcessDbSchemaManager -- performing create on history with resource org/flowable/db/create/flowable.postgres.create.history.sql
2026-10-06T10:28:46.6294198Z 10:28:46.538 [main] INFO org.flowable.engine.impl.ProcessEngineImpl -- ProcessEngine default created
2026-10-06T10:28:46.6295683Z 10:28:46.546 [main] INFO org.flowable.engine.impl.cmd.ValidateV5EntitiesCmd -- Total of v5 deployments found: 0
2026-10-06T10:28:47.0297084Z 10:28:47.016 [main] INFO org.flowable.common.engine.impl.async.DefaultAsyncTaskExecutor -- Creating thread pool queue of size 100
2026-10-06T10:28:47.0300533Z 10:28:47.016 [main] INFO org.flowable.common.engine.impl.async.DefaultAsyncTaskExecutor -- Creating thread factory with naming pattern flowable-async-task-invoker-thread-%d
2026-10-06T10:28:47.0304461Z 10:28:47.016 [main] INFO org.flowable.common.engine.impl.async.DefaultAsyncTaskExecutor -- Creating executor service with corePoolSize 8, maxPoolSize 8 and keepAliveTime 5000
2026-10-06T10:28:47.0309536Z 10:28:47.017 [main] INFO org.flowable.common.engine.impl.async.DefaultAsyncTaskExecutor -- Using rejectedExecutionHandler java.util.concurrent.ThreadPoolExecutor$CallerRunsPolicy@4e50ae56
2026-10-06T10:28:47.0313692Z 10:28:47.017 [main] INFO org.flowable.common.engine.impl.async.DefaultAsyncTaskExecutor -- Creating thread pool queue of size 2048
2026-10-06T10:28:47.0315002Z 10:28:47.017 [main] INFO org.flowable.common.engine.impl.async.DefaultAsyncTaskExecutor -- Creating thread factory with naming pattern flowable-async-job-executor-thread-%d
2026-10-06T10:28:47.0318871Z 10:28:47.017 [main] INFO org.flowable.common.engine.impl.async.DefaultAsyncTaskExecutor -- Creating executor service with corePoolSize 8, maxPoolSize 8 and keepAliveTime 5000
2026-10-06T10:28:47.0321759Z 10:28:47.026 [main] INFO org.flowable.common.engine.impl.db.CommonDbSchemaManager -- performing create on common with resource org/flowable/common/db/create/flowable.postgres.create.common.sql
2026-10-06T10:28:47.1296742Z 10:28:47.086 [main] INFO org.flowable.engine.impl.db.ProcessDbSchemaManager -- performing create on engine with resource org/flowable/db/create/flowable.postgres.create.engine.sql
2026-10-06T10:28:47.2315742Z 10:28:47.128 [main] INFO org.flowable.engine.impl.db.ProcessDbSchemaManager -- performing create on history with resource org/flowable/db/create/flowable.postgres.create.history.sql
2026-10-06T10:28:47.2317728Z 10:28:47.140 [main] INFO org.flowable.engine.impl.ProcessEngineImpl -- ProcessEngine default created
2026-10-06T10:28:47.2321472Z 10:28:47.149 [main] INFO org.flowable.engine.impl.cmd.ValidateV5EntitiesCmd -- Total of v5 deployments found: 0
2026-10-06T10:28:47.9336688Z 10:28:47.877 [main] INFO org.flowable.common.engine.impl.async.DefaultAsyncTaskExecutor -- Creating thread pool queue of size 100
2026-10-06T10:28:47.9339734Z 10:28:47.877 [main] INFO org.flowable.common.engine.impl.async.DefaultAsyncTaskExecutor -- Creating thread factory with naming pattern flowable-async-task-invoker-thread-%d
2026-10-06T10:28:47.9342874Z 10:28:47.877 [main] INFO org.flowable.common.engine.impl.async.DefaultAsyncTaskExecutor -- Creating executor service with corePoolSize 8, maxPoolSize 8 and keepAliveTime 5000
2026-10-06T10:28:47.9346170Z 10:28:47.877 [main] INFO org.flowable.common.engine.impl.async.DefaultAsyncTaskExecutor -- Using rejectedExecutionHandler java.util.concurrent.ThreadPoolExecutor$CallerRunsPolicy@227a933d
2026-10-06T10:28:47.9348756Z 10:28:47.877 [main] INFO org.flowable.common.engine.impl.async.DefaultAsyncTaskExecutor -- Creating thread pool queue of size 2048
2026-10-06T10:28:47.9359352Z 10:28:47.877 [main] INFO org.flowable.common.engine.impl.async.DefaultAsyncTaskExecutor -- Creating thread factory with naming pattern flowable-async-job-executor-thread-%d
2026-10-06T10:28:47.9362891Z 10:28:47.877 [main] INFO org.flowable.common.engine.impl.async.DefaultAsyncTaskExecutor -- Creating executor service with corePoolSize 8, maxPoolSize 8 and keepAliveTime 5000
2026-10-06T10:28:47.9365856Z 10:28:47.887 [main] INFO org.flowable.common.engine.impl.db.CommonDbSchemaManager -- performing create on common with resource org/flowable/common/db/create/flowable.postgres.create.common.sql
2026-10-06T10:28:48.0332006Z 10:28:47.946 [main] INFO org.flowable.engine.impl.db.ProcessDbSchemaManager -- performing create on engine with resource org/flowable/db/create/flowable.postgres.create.engine.sql
2026-10-06T10:28:48.0341609Z 10:28:48.000 [main] INFO org.flowable.engine.impl.db.ProcessDbSchemaManager -- performing create on history with resource org/flowable/db/create/flowable.postgres.create.history.sql
2026-10-06T10:28:48.0344128Z 10:28:48.018 [main] INFO org.flowable.engine.impl.ProcessEngineImpl -- ProcessEngine default created
2026-10-06T10:28:48.0351409Z 10:28:48.027 [main] INFO org.flowable.engine.impl.cmd.ValidateV5EntitiesCmd -- Total of v5 deployments found: 0
2026-10-06T10:28:48.6345143Z 10:28:48.603 [main] INFO org.flowable.common.engine.impl.async.DefaultAsyncTaskExecutor -- Creating thread pool queue of size 100
2026-10-06T10:28:48.6353998Z 10:28:48.603 [main] INFO org.flowable.common.engine.impl.async.DefaultAsyncTaskExecutor -- Creating thread factory with naming pattern flowable-async-task-invoker-thread-%d
2026-10-06T10:28:48.6373016Z 10:28:48.603 [main] INFO org.flowable.common.engine.impl.async.DefaultAsyncTaskExecutor -- Creating executor service with corePoolSize 8, maxPoolSize 8 and keepAliveTime 5000
2026-10-06T10:28:48.6375810Z 10:28:48.603 [main] INFO org.flowable.common.engine.impl.async.DefaultAsyncTaskExecutor -- Using rejectedExecutionHandler java.util.concurrent.ThreadPoolExecutor$CallerRunsPolicy@44fb6ebd
2026-10-06T10:28:48.6378173Z 10:28:48.603 [main] INFO org.flowable.common.engine.impl.async.DefaultAsyncTaskExecutor -- Creating thread pool queue of size 2048
2026-10-06T10:28:48.6380462Z 10:28:48.603 [main] INFO org.flowable.common.engine.impl.async.DefaultAsyncTaskExecutor -- Creating thread factory with naming pattern flowable-async-job-executor-thread-%d
2026-10-06T10:28:48.6383525Z 10:28:48.603 [main] INFO org.flowable.common.engine.impl.async.DefaultAsyncTaskExecutor -- Creating executor service with corePoolSize 8, maxPoolSize 8 and keepAliveTime 5000
2026-10-06T10:28:48.6385518Z 10:28:48.620 [main] INFO org.flowable.engine.impl.ProcessEngineImpl -- ProcessEngine default created
2026-10-06T10:28:48.6386948Z 10:28:48.630 [main] INFO org.flowable.engine.impl.cmd.ValidateV5EntitiesCmd -- Total of v5 deployments found: 0
2026-10-06T10:28:48.8966039Z [INFO] Tests run: 8, Failures: 0, Errors: 0, Skipped: 0, Time elapsed: 10.39 s -- in org.weaveos.workflow.RootNativeHistoryTest
2026-10-06T10:28:48.9195569Z [INFO] 
2026-10-06T10:28:48.9197227Z [INFO] Results:
2026-10-06T10:28:48.9197808Z [INFO] 
2026-10-06T10:28:48.9204977Z [INFO] Tests run: 8, Failures: 0, Errors: 0, Skipped: 0
2026-10-06T10:28:48.9211653Z [INFO] 
2026-10-06T10:28:48.9237243Z [INFO] ------------------------------------------------------------------------
2026-10-06T10:28:48.9244344Z [INFO] BUILD SUCCESS
2026-10-06T10:28:48.9245419Z [INFO] ------------------------------------------------------------------------
2026-10-06T10:28:48.9252664Z [INFO] Total time:  16.185 s
2026-10-06T10:28:48.9259486Z [INFO] Finished at: 2026-10-06T10:28:48Z
2026-10-06T10:28:48.9261051Z [INFO] ------------------------------------------------------------------------
2026-10-06T10:28:49.2053725Z ##[group]Run python3 services/workflow-engine/native_history_ci_gate.py services/workflow-engine/ci-logs/native-history-reports
2026-10-06T10:28:49.2054747Z [36;1mpython3 services/workflow-engine/native_history_ci_gate.py services/workflow-engine/ci-logs/native-history-reports[0m
2026-10-06T10:28:49.2118418Z shell: /usr/bin/bash --noprofile --norc -e -o pipefail {0}
2026-10-06T10:28:49.2118782Z ##[endgroup]
2026-10-06T10:28:49.2540882Z native-history gate passed: 8 exact cases, no failures/errors/skips
2026-10-06T10:28:49.2633432Z ##[group]Run bash services/workflow-engine/run-tests.sh -Dtest=RootNativeHistoryCostTest -Dworkflow.reports=ci-logs/native-history-cost-reports test 2>&1 | tee services/workflow-engine/ci-logs/native-history-cost.txt
2026-10-06T10:28:49.2635756Z [36;1mbash services/workflow-engine/run-tests.sh -Dtest=RootNativeHistoryCostTest -Dworkflow.reports=ci-logs/native-history-cost-reports test 2>&1 | tee services/workflow-engine/ci-logs/native-history-cost.txt[0m
2026-10-06T10:28:49.2701961Z shell: /usr/bin/bash --noprofile --norc -e -o pipefail {0}
2026-10-06T10:28:49.2702364Z ##[endgroup]
2026-10-06T10:28:50.6790653Z postgres (PostgreSQL) 18.6 (Debian 18.6-1.pgdg13+2)
2026-10-06T10:28:50.6947731Z fixture published ports={}
2026-10-06T10:28:50.7074131Z fixture network internal=true
2026-10-06T10:28:52.0397407Z [INFO] Scanning for projects...
2026-10-06T10:28:52.2985123Z [INFO] 
2026-10-06T10:28:52.2985734Z [INFO] --------------------< org.weaveos:workflow-engine >---------------------
2026-10-06T10:28:52.2986659Z [INFO] Building WeaveOS controlled workflow engine core 0.3.0-SNAPSHOT
2026-10-06T10:28:52.2995111Z [INFO]   from pom.xml
2026-10-06T10:28:52.2995695Z [INFO] --------------------------------[ jar ]---------------------------------
2026-10-06T10:28:52.9032111Z [INFO] 
2026-10-06T10:28:52.9033662Z [INFO] --- resources:3.3.1:resources (default-resources) @ workflow-engine ---
2026-10-06T10:28:53.0313996Z [INFO] skip non existing resourceDirectory /proof/src/main/resources
2026-10-06T10:28:53.0318150Z [INFO] skip non existing resourceDirectory /proof/src/main/resources
2026-10-06T10:28:53.0325316Z [INFO] 
2026-10-06T10:28:53.0326610Z [INFO] --- compiler:3.14.1:compile (default-compile) @ workflow-engine ---
2026-10-06T10:28:53.1436861Z [INFO] Nothing to compile - all classes are up to date.
2026-10-06T10:28:53.1448265Z [INFO] 
2026-10-06T10:28:53.1455622Z [INFO] --- resources:3.3.1:testResources (default-testResources) @ workflow-engine ---
2026-10-06T10:28:53.1514678Z [INFO] Copying 6 resources from src/test/resources to target/test-classes
2026-10-06T10:28:53.1548408Z [INFO] 
2026-10-06T10:28:53.1556622Z [INFO] --- compiler:3.14.1:testCompile (default-testCompile) @ workflow-engine ---
2026-10-06T10:28:53.1741624Z [INFO] Nothing to compile - all classes are up to date.
2026-10-06T10:28:53.1749252Z [INFO] 
2026-10-06T10:28:53.1750544Z [INFO] --- surefire:3.5.4:test (default-test) @ workflow-engine ---
2026-10-06T10:28:53.3064915Z [INFO] Using auto detected provider org.apache.maven.surefire.junitplatform.JUnitPlatformProvider
2026-10-06T10:28:53.3467529Z [INFO] 
2026-10-06T10:28:53.3468891Z [INFO] -------------------------------------------------------
2026-10-06T10:28:53.3469748Z [INFO]  T E S T S
2026-10-06T10:28:53.3470287Z [INFO] -------------------------------------------------------
2026-10-06T10:28:54.0606669Z [INFO] Running org.weaveos.workflow.RootNativeHistoryCostTest
2026-10-06T10:28:55.9036371Z 10:28:55.863 [main] INFO org.flowable.common.engine.impl.async.DefaultAsyncTaskExecutor -- Creating thread pool queue of size 100
2026-10-06T10:28:55.9048164Z 10:28:55.866 [main] INFO org.flowable.common.engine.impl.async.DefaultAsyncTaskExecutor -- Creating thread factory with naming pattern flowable-async-task-invoker-thread-%d
2026-10-06T10:28:55.9057270Z 10:28:55.867 [main] INFO org.flowable.common.engine.impl.async.DefaultAsyncTaskExecutor -- Creating executor service with corePoolSize 8, maxPoolSize 8 and keepAliveTime 5000
2026-10-06T10:28:55.9068111Z 10:28:55.867 [main] INFO org.flowable.common.engine.impl.async.DefaultAsyncTaskExecutor -- Using rejectedExecutionHandler java.util.concurrent.ThreadPoolExecutor$CallerRunsPolicy@346f41a9
2026-10-06T10:28:55.9078042Z 10:28:55.868 [main] INFO org.flowable.common.engine.impl.async.DefaultAsyncTaskExecutor -- Creating thread pool queue of size 2048
2026-10-06T10:28:55.9098419Z 10:28:55.868 [main] INFO org.flowable.common.engine.impl.async.DefaultAsyncTaskExecutor -- Creating thread factory with naming pattern flowable-async-job-executor-thread-%d
2026-10-06T10:28:55.9100941Z 10:28:55.868 [main] INFO org.flowable.common.engine.impl.async.DefaultAsyncTaskExecutor -- Creating executor service with corePoolSize 8, maxPoolSize 8 and keepAliveTime 5000
2026-10-06T10:28:56.0013944Z 10:28:55.910 [main] INFO org.flowable.common.engine.impl.db.CommonDbSchemaManager -- performing create on common with resource org/flowable/common/db/create/flowable.postgres.create.common.sql
2026-10-06T10:28:56.1019535Z 10:28:56.004 [main] INFO org.flowable.engine.impl.db.ProcessDbSchemaManager -- performing create on engine with resource org/flowable/db/create/flowable.postgres.create.engine.sql
2026-10-06T10:28:56.1030736Z 10:28:56.074 [main] INFO org.flowable.engine.impl.db.ProcessDbSchemaManager -- performing create on history with resource org/flowable/db/create/flowable.postgres.create.history.sql
2026-10-06T10:28:56.1048723Z 10:28:56.095 [main] INFO org.flowable.engine.impl.ProcessEngineImpl -- ProcessEngine default created
2026-10-06T10:28:56.2017800Z 10:28:56.139 [main] INFO org.flowable.engine.impl.cmd.ValidateV5EntitiesCmd -- Total of v5 deployments found: 0
2026-10-06T10:28:59.2156812Z NATIVE_HISTORY_COST rounds=0 samples=100 nativeActivityRows=10 oldVisitRows=2 oldJdbcMedianNs=7911237 oldJdbcP95Ns=10346803 nativeApiMedianNs=8954362 nativeApiP95Ns=12284445 nativeExistingRelationBytes=98304 duplicateRelationBytes=40960 heapUsedBefore=34294880 heapUsedAfter=30801232 gcDelta=1
2026-10-06T10:28:59.2178788Z NATIVE_HISTORY_PLAN rounds=0 [   {     "Plan": {       "Node Type": "Limit",       "Parallel Aware": false,       "Async Capable": false,       "Startup Cost": 0.14,       "Total Cost": 8.16,       "Plan Rows": 1,       "Plan Width": 4520,       "Actual Startup Time": 0.021,       "Actual Total Time": 0.022,       "Actual Rows": 1.00,       "Actual Loops": 1,       "Disabled": false,       "Shared Hit Blocks": 2,       "Shared Read Blocks": 0,       "Shared Dirtied Blocks": 0,       "Shared Written Blocks": 0,       "Local Hit Blocks": 0,       "Local Read Blocks": 0,       "Local Dirtied Blocks": 0,       "Local Written Blocks": 0,       "Temp Read Blocks": 0,       "Temp Written Blocks": 0,       "Plans": [         {           "Node Type": "Index Scan",           "Parent Relationship": "Outer",           "Parallel Aware": false,           "Async Capable": false,           "Scan Direction": "Forward",           "Index Name": "act_idx_hi_act_inst_procinst",           "Relation Name": "act_hi_actinst",           "Alias": "res",           "Startup Cost": 0.14,           "Total Cost": 8.16,           "Plan Rows": 1,           "Plan Width": 4520,           "Actual Startup Time": 0.020,           "Actual Total Time": 0.021,           "Actual Rows": 1.00,           "Actual Loops": 1,           "Disabled": false,           "Index Cond": "(((proc_inst_id_)::text = '4'::text) AND ((act_id_)::text = 'n_00000002000040008000000000000002'::text))",           "Rows Removed by Index Recheck": 0,           "Filter": "((act_type_)::text = 'userTask'::text)",           "Rows Removed by Filter": 0,           "Index Searches": 1,           "Shared Hit Blocks": 2,           "Shared Read Blocks": 0,           "Shared Dirtied Blocks": 0,           "Shared Written Blocks": 0,           "Local Hit Blocks": 0,           "Local Read Blocks": 0,           "Local Dirtied Blocks": 0,           "Local Written Blocks": 0,           "Temp Read Blocks": 0,           "Temp Written Blocks": 0         }       ]     },     "Planning": {       "Shared Hit Blocks": 152,       "Shared Read Blocks": 0,       "Shared Dirtied Blocks": 0,       "Shared Written Blocks": 0,       "Local Hit Blocks": 0,       "Local Read Blocks": 0,       "Local Dirtied Blocks": 0,       "Local Written Blocks": 0,       "Temp Read Blocks": 0,       "Temp Written Blocks": 0     },     "Planning Time": 0.365,     "Triggers": [     ],     "Execution Time": 0.044   } ]
2026-10-06T10:28:59.2199556Z OLD_VISIT_PLAN rounds=0 [   {     "Plan": {       "Node Type": "Aggregate",       "Strategy": "Plain",       "Partial Mode": "Simple",       "Parallel Aware": false,       "Async Capable": false,       "Startup Cost": 8.17,       "Total Cost": 8.18,       "Plan Rows": 1,       "Plan Width": 8,       "Actual Startup Time": 0.025,       "Actual Total Time": 0.026,       "Actual Rows": 1.00,       "Actual Loops": 1,       "Disabled": false,       "Shared Hit Blocks": 2,       "Shared Read Blocks": 0,       "Shared Dirtied Blocks": 0,       "Shared Written Blocks": 0,       "Local Hit Blocks": 0,       "Local Read Blocks": 0,       "Local Dirtied Blocks": 0,       "Local Written Blocks": 0,       "Temp Read Blocks": 0,       "Temp Written Blocks": 0,       "Plans": [         {           "Node Type": "Index Only Scan",           "Parent Relationship": "Outer",           "Parallel Aware": false,           "Async Capable": false,           "Scan Direction": "Forward",           "Index Name": "wf_execution_visits_pkey",           "Relation Name": "wf_execution_visits",           "Alias": "wf_execution_visits",           "Startup Cost": 0.15,           "Total Cost": 8.17,           "Plan Rows": 1,           "Plan Width": 0,           "Actual Startup Time": 0.021,           "Actual Total Time": 0.021,           "Actual Rows": 1.00,           "Actual Loops": 1,           "Disabled": false,           "Index Cond": "((instance_id = 'f2ac5693-404d-4841-91a4-8d28d2f293c3'::uuid) AND (node_id = '00000002-0000-4000-8000-000000000002'::uuid))",           "Rows Removed by Index Recheck": 0,           "Heap Fetches": 1,           "Index Searches": 1,           "Shared Hit Blocks": 2,           "Shared Read Blocks": 0,           "Shared Dirtied Blocks": 0,           "Shared Written Blocks": 0,           "Local Hit Blocks": 0,           "Local Read Blocks": 0,           "Local Dirtied Blocks": 0,           "Local Written Blocks": 0,           "Temp Read Blocks": 0,           "Temp Written Blocks": 0         }       ]     },     "Planning": {       "Shared Hit Blocks": 98,       "Shared Read Blocks": 0,       "Shared Dirtied Blocks": 0,       "Shared Written Blocks": 0,       "Local Hit Blocks": 0,       "Local Read Blocks": 0,       "Local Dirtied Blocks": 0,       "Local Written Blocks": 0,       "Temp Read Blocks": 0,       "Temp Written Blocks": 0     },     "Planning Time": 0.305,     "Triggers": [     ],     "Execution Time": 0.094   } ]
2026-10-06T10:29:15.6167429Z NATIVE_HISTORY_COST rounds=100 samples=100 nativeActivityRows=810 oldVisitRows=202 oldJdbcMedianNs=5030483 oldJdbcP95Ns=6243914 nativeApiMedianNs=6041219 nativeApiP95Ns=8157595 nativeExistingRelationBytes=516096 duplicateRelationBytes=98304 heapUsedBefore=43955456 heapUsedAfter=29265008 gcDelta=1
2026-10-06T10:29:15.6189766Z NATIVE_HISTORY_PLAN rounds=100 [   {     "Plan": {       "Node Type": "Limit",       "Parallel Aware": false,       "Async Capable": false,       "Startup Cost": 0.14,       "Total Cost": 8.16,       "Plan Rows": 1,       "Plan Width": 4520,       "Actual Startup Time": 0.026,       "Actual Total Time": 0.027,       "Actual Rows": 1.00,       "Actual Loops": 1,       "Disabled": false,       "Shared Hit Blocks": 2,       "Shared Read Blocks": 0,       "Shared Dirtied Blocks": 0,       "Shared Written Blocks": 0,       "Local Hit Blocks": 0,       "Local Read Blocks": 0,       "Local Dirtied Blocks": 0,       "Local Written Blocks": 0,       "Temp Read Blocks": 0,       "Temp Written Blocks": 0,       "Plans": [         {           "Node Type": "Index Scan",           "Parent Relationship": "Outer",           "Parallel Aware": false,           "Async Capable": false,           "Scan Direction": "Forward",           "Index Name": "act_idx_hi_act_inst_procinst",           "Relation Name": "act_hi_actinst",           "Alias": "res",           "Startup Cost": 0.14,           "Total Cost": 8.16,           "Plan Rows": 1,           "Plan Width": 4520,           "Actual Startup Time": 0.025,           "Actual Total Time": 0.026,           "Actual Rows": 1.00,           "Actual Loops": 1,           "Disabled": false,           "Index Cond": "(((proc_inst_id_)::text = '4'::text) AND ((act_id_)::text = 'n_00000002000040008000000000000002'::text))",           "Rows Removed by Index Recheck": 0,           "Filter": "((act_type_)::text = 'userTask'::text)",           "Rows Removed by Filter": 0,           "Index Searches": 1,           "Shared Hit Blocks": 2,           "Shared Read Blocks": 0,           "Shared Dirtied Blocks": 0,           "Shared Written Blocks": 0,           "Local Hit Blocks": 0,           "Local Read Blocks": 0,           "Local Dirtied Blocks": 0,           "Local Written Blocks": 0,           "Temp Read Blocks": 0,           "Temp Written Blocks": 0         }       ]     },     "Planning": {       "Shared Hit Blocks": 152,       "Shared Read Blocks": 0,       "Shared Dirtied Blocks": 0,       "Shared Written Blocks": 0,       "Local Hit Blocks": 0,       "Local Read Blocks": 0,       "Local Dirtied Blocks": 0,       "Local Written Blocks": 0,       "Temp Read Blocks": 0,       "Temp Written Blocks": 0     },     "Planning Time": 0.379,     "Triggers": [     ],     "Execution Time": 0.051   } ]
2026-10-06T10:29:15.6237822Z OLD_VISIT_PLAN rounds=100 [   {     "Plan": {       "Node Type": "Aggregate",       "Strategy": "Plain",       "Partial Mode": "Simple",       "Parallel Aware": false,       "Async Capable": false,       "Startup Cost": 8.30,       "Total Cost": 8.31,       "Plan Rows": 1,       "Plan Width": 8,       "Actual Startup Time": 0.076,       "Actual Total Time": 0.076,       "Actual Rows": 1.00,       "Actual Loops": 1,       "Disabled": false,       "Shared Hit Blocks": 49,       "Shared Read Blocks": 0,       "Shared Dirtied Blocks": 0,       "Shared Written Blocks": 0,       "Local Hit Blocks": 0,       "Local Read Blocks": 0,       "Local Dirtied Blocks": 0,       "Local Written Blocks": 0,       "Temp Read Blocks": 0,       "Temp Written Blocks": 0,       "Plans": [         {           "Node Type": "Index Only Scan",           "Parent Relationship": "Outer",           "Parallel Aware": false,           "Async Capable": false,           "Scan Direction": "Forward",           "Index Name": "wf_execution_visits_pkey",           "Relation Name": "wf_execution_visits",           "Alias": "wf_execution_visits",           "Startup Cost": 0.28,           "Total Cost": 8.30,           "Plan Rows": 1,           "Plan Width": 0,           "Actual Startup Time": 0.030,           "Actual Total Time": 0.067,           "Actual Rows": 101.00,           "Actual Loops": 1,           "Disabled": false,           "Index Cond": "((instance_id = 'f2ac5693-404d-4841-91a4-8d28d2f293c3'::uuid) AND (node_id = '00000002-0000-4000-8000-000000000002'::uuid))",           "Rows Removed by Index Recheck": 0,           "Heap Fetches": 101,           "Index Searches": 1,           "Shared Hit Blocks": 49,           "Shared Read Blocks": 0,           "Shared Dirtied Blocks": 0,           "Shared Written Blocks": 0,           "Local Hit Blocks": 0,           "Local Read Blocks": 0,           "Local Dirtied Blocks": 0,           "Local Written Blocks": 0,           "Temp Read Blocks": 0,           "Temp Written Blocks": 0         }       ]     },     "Planning": {       "Shared Hit Blocks": 98,       "Shared Read Blocks": 0,       "Shared Dirtied Blocks": 0,       "Shared Written Blocks": 0,       "Local Hit Blocks": 0,       "Local Read Blocks": 0,       "Local Dirtied Blocks": 0,       "Local Written Blocks": 0,       "Temp Read Blocks": 0,       "Temp Written Blocks": 0     },     "Planning Time": 0.283,     "Triggers": [     ],     "Execution Time": 0.100   } ]
2026-10-06T10:29:15.6473979Z [INFO] Tests run: 1, Failures: 0, Errors: 0, Skipped: 0, Time elapsed: 21.57 s -- in org.weaveos.workflow.RootNativeHistoryCostTest
2026-10-06T10:29:15.6724242Z [INFO] 
2026-10-06T10:29:15.6724520Z [INFO] Results:
2026-10-06T10:29:15.6724789Z [INFO] 
2026-10-06T10:29:15.6728640Z [INFO] Tests run: 1, Failures: 0, Errors: 0, Skipped: 0
2026-10-06T10:29:15.6728994Z [INFO] 
2026-10-06T10:29:15.6855219Z [INFO] ------------------------------------------------------------------------
2026-10-06T10:29:15.6855653Z [INFO] BUILD SUCCESS
2026-10-06T10:29:15.6856250Z [INFO] ------------------------------------------------------------------------
2026-10-06T10:29:15.6856651Z [INFO] Total time:  23.666 s
2026-10-06T10:29:15.6856914Z [INFO] Finished at: 2026-10-06T10:29:15Z
2026-10-06T10:29:15.6857286Z [INFO] ------------------------------------------------------------------------
2026-10-06T10:29:15.9631950Z ##[group]Run python3 -c 'from rpc_ci_gate import _java; _java("ci-logs/native-history-cost-reports", "org.weaveos.workflow.RootNativeHistoryCostTest", ["observeNativeAndDuplicateCostsAtTwoActualHistorySizes"])'
2026-10-06T10:29:15.9634038Z [36;1mpython3 -c 'from rpc_ci_gate import _java; _java("ci-logs/native-history-cost-reports", "org.weaveos.workflow.RootNativeHistoryCostTest", ["observeNativeAndDuplicateCostsAtTwoActualHistorySizes"])'[0m
2026-10-06T10:29:15.9697877Z shell: /usr/bin/bash --noprofile --norc -e -o pipefail {0}
2026-10-06T10:29:15.9698232Z ##[endgroup]
2026-10-06T10:29:16.0174729Z ##[group]Run bash services/workflow-engine/run-tests.sh clean -Dtest=RootDeploymentRegistryTest verify 2>&1 | tee services/workflow-engine/ci-logs/verify.txt
2026-10-06T10:29:16.0177013Z [36;1mbash services/workflow-engine/run-tests.sh clean -Dtest=RootDeploymentRegistryTest verify 2>&1 | tee services/workflow-engine/ci-logs/verify.txt[0m
2026-10-06T10:29:16.0270105Z shell: /usr/bin/bash --noprofile --norc -e -o pipefail {0}
2026-10-06T10:29:16.0270740Z ##[endgroup]
2026-10-06T10:29:17.4374401Z postgres (PostgreSQL) 18.6 (Debian 18.6-1.pgdg13+2)
2026-10-06T10:29:17.4531617Z fixture published ports={}
2026-10-06T10:29:17.4661125Z fixture network internal=true
2026-10-06T10:29:18.8185762Z [INFO] Scanning for projects...
2026-10-06T10:29:19.0705474Z [INFO] 
2026-10-06T10:29:19.0706801Z [INFO] --------------------< org.weaveos:workflow-engine >---------------------
2026-10-06T10:29:19.0714411Z [INFO] Building WeaveOS controlled workflow engine core 0.3.0-SNAPSHOT
2026-10-06T10:29:19.0716556Z [INFO]   from pom.xml
2026-10-06T10:29:19.0717576Z [INFO] --------------------------------[ jar ]---------------------------------
2026-10-06T10:29:19.6732215Z [INFO] 
2026-10-06T10:29:19.6734044Z [INFO] --- clean:3.5.0:clean (default-clean) @ workflow-engine ---
2026-10-06T10:29:19.7295207Z [INFO] Deleting /proof/target
2026-10-06T10:29:19.7576041Z [INFO] 
2026-10-06T10:29:19.7577086Z [INFO] --- resources:3.3.1:resources (default-resources) @ workflow-engine ---
2026-10-06T10:29:19.8513634Z [INFO] skip non existing resourceDirectory /proof/src/main/resources
2026-10-06T10:29:19.8514909Z [INFO] skip non existing resourceDirectory /proof/src/main/resources
2026-10-06T10:29:19.8523068Z [INFO] 
2026-10-06T10:29:19.8524410Z [INFO] --- compiler:3.14.1:compile (default-compile) @ workflow-engine ---
2026-10-06T10:29:19.9588481Z [INFO] Recompiling the module because of changed source code.
2026-10-06T10:29:19.9662329Z [INFO] Compiling 30 source files with javac [debug parameters release 17] to target/classes
2026-10-06T10:29:22.4526645Z [INFO] 
2026-10-06T10:29:22.4528299Z [INFO] --- resources:3.3.1:testResources (default-testResources) @ workflow-engine ---
2026-10-06T10:29:22.4635460Z [INFO] Copying 6 resources from src/test/resources to target/test-classes
2026-10-06T10:29:22.4677722Z [INFO] 
2026-10-06T10:29:22.4679418Z [INFO] --- compiler:3.14.1:testCompile (default-testCompile) @ workflow-engine ---
2026-10-06T10:29:22.4794075Z [INFO] Recompiling the module because of changed dependency.
2026-10-06T10:29:22.4808972Z [INFO] Compiling 13 source files with javac [debug parameters release 17] to target/test-classes
2026-10-06T10:29:23.6611387Z [INFO] 
2026-10-06T10:29:23.6613486Z [INFO] --- surefire:3.5.4:test (default-test) @ workflow-engine ---
2026-10-06T10:29:23.7877743Z [INFO] Using auto detected provider org.apache.maven.surefire.junitplatform.JUnitPlatformProvider
2026-10-06T10:29:23.8251812Z [INFO] 
2026-10-06T10:29:23.8258737Z [INFO] -------------------------------------------------------
2026-10-06T10:29:23.8260001Z [INFO]  T E S T S
2026-10-06T10:29:23.8260971Z [INFO] -------------------------------------------------------
2026-10-06T10:29:24.6502179Z [INFO] Running org.weaveos.workflow.RootDeploymentRegistryTest
2026-10-06T10:29:26.3289065Z 10:29:26.253 [main] INFO org.flowable.common.engine.impl.async.DefaultAsyncTaskExecutor -- Creating thread pool queue of size 100
2026-10-06T10:29:26.3292769Z 10:29:26.256 [main] INFO org.flowable.common.engine.impl.async.DefaultAsyncTaskExecutor -- Creating thread factory with naming pattern flowable-async-task-invoker-thread-%d
2026-10-06T10:29:26.3296960Z 10:29:26.257 [main] INFO org.flowable.common.engine.impl.async.DefaultAsyncTaskExecutor -- Creating executor service with corePoolSize 8, maxPoolSize 8 and keepAliveTime 5000
2026-10-06T10:29:26.3301458Z 10:29:26.257 [main] INFO org.flowable.common.engine.impl.async.DefaultAsyncTaskExecutor -- Using rejectedExecutionHandler java.util.concurrent.ThreadPoolExecutor$CallerRunsPolicy@5d7399f9
2026-10-06T10:29:26.3307653Z 10:29:26.257 [main] INFO org.flowable.common.engine.impl.async.DefaultAsyncTaskExecutor -- Creating thread pool queue of size 2048
2026-10-06T10:29:26.3309972Z 10:29:26.257 [main] INFO org.flowable.common.engine.impl.async.DefaultAsyncTaskExecutor -- Creating thread factory with naming pattern flowable-async-job-executor-thread-%d
2026-10-06T10:29:26.3315281Z 10:29:26.257 [main] INFO org.flowable.common.engine.impl.async.DefaultAsyncTaskExecutor -- Creating executor service with corePoolSize 8, maxPoolSize 8 and keepAliveTime 5000
2026-10-06T10:29:26.3317800Z 10:29:26.290 [main] INFO org.flowable.common.engine.impl.db.CommonDbSchemaManager -- performing create on common with resource org/flowable/common/db/create/flowable.postgres.create.common.sql
2026-10-06T10:29:26.4280393Z 10:29:26.383 [main] INFO org.flowable.engine.impl.db.ProcessDbSchemaManager -- performing create on engine with resource org/flowable/db/create/flowable.postgres.create.engine.sql
2026-10-06T10:29:26.5282908Z 10:29:26.444 [main] INFO org.flowable.engine.impl.db.ProcessDbSchemaManager -- performing create on history with resource org/flowable/db/create/flowable.postgres.create.history.sql
2026-10-06T10:29:26.5284908Z 10:29:26.464 [main] INFO org.flowable.engine.impl.ProcessEngineImpl -- ProcessEngine default created
2026-10-06T10:29:26.5286317Z 10:29:26.510 [main] INFO org.flowable.engine.impl.cmd.ValidateV5EntitiesCmd -- Total of v5 deployments found: 0
2026-10-06T10:29:27.3343506Z 10:29:27.319 [main] INFO org.flowable.common.engine.impl.async.DefaultAsyncTaskExecutor -- Creating thread pool queue of size 100
2026-10-06T10:29:27.3368318Z 10:29:27.319 [main] INFO org.flowable.common.engine.impl.async.DefaultAsyncTaskExecutor -- Creating thread factory with naming pattern flowable-async-task-invoker-thread-%d
2026-10-06T10:29:27.3371243Z 10:29:27.319 [main] INFO org.flowable.common.engine.impl.async.DefaultAsyncTaskExecutor -- Creating executor service with corePoolSize 8, maxPoolSize 8 and keepAliveTime 5000
2026-10-06T10:29:27.3374421Z 10:29:27.320 [main] INFO org.flowable.common.engine.impl.async.DefaultAsyncTaskExecutor -- Using rejectedExecutionHandler java.util.concurrent.ThreadPoolExecutor$CallerRunsPolicy@2c719bd4
2026-10-06T10:29:27.3385663Z 10:29:27.320 [main] INFO org.flowable.common.engine.impl.async.DefaultAsyncTaskExecutor -- Creating thread pool queue of size 2048
2026-10-06T10:29:27.3390931Z 10:29:27.320 [main] INFO org.flowable.common.engine.impl.async.DefaultAsyncTaskExecutor -- Creating thread factory with naming pattern flowable-async-job-executor-thread-%d
2026-10-06T10:29:27.3393970Z 10:29:27.320 [main] INFO org.flowable.common.engine.impl.async.DefaultAsyncTaskExecutor -- Creating executor service with corePoolSize 8, maxPoolSize 8 and keepAliveTime 5000
2026-10-06T10:29:27.4409688Z 10:29:27.338 [main] INFO org.flowable.common.engine.impl.db.CommonDbSchemaManager -- performing create on common with resource org/flowable/common/db/create/flowable.postgres.create.common.sql
2026-10-06T10:29:27.4412183Z 10:29:27.427 [main] INFO org.flowable.engine.impl.db.ProcessDbSchemaManager -- performing create on engine with resource org/flowable/db/create/flowable.postgres.create.engine.sql
2026-10-06T10:29:27.5392052Z 10:29:27.494 [main] INFO org.flowable.engine.impl.db.ProcessDbSchemaManager -- performing create on history with resource org/flowable/db/create/flowable.postgres.create.history.sql
2026-10-06T10:29:27.5394623Z 10:29:27.514 [main] INFO org.flowable.engine.impl.ProcessEngineImpl -- ProcessEngine default created
2026-10-06T10:29:27.5396159Z 10:29:27.530 [main] INFO org.flowable.engine.impl.cmd.ValidateV5EntitiesCmd -- Total of v5 deployments found: 0
2026-10-06T10:29:28.1405023Z 10:29:28.047 [main] INFO org.flowable.common.engine.impl.async.DefaultAsyncTaskExecutor -- Creating thread pool queue of size 100
2026-10-06T10:29:28.1407400Z 10:29:28.048 [main] INFO org.flowable.common.engine.impl.async.DefaultAsyncTaskExecutor -- Creating thread factory with naming pattern flowable-async-task-invoker-thread-%d
2026-10-06T10:29:28.1409949Z 10:29:28.048 [main] INFO org.flowable.common.engine.impl.async.DefaultAsyncTaskExecutor -- Creating executor service with corePoolSize 8, maxPoolSize 8 and keepAliveTime 5000
2026-10-06T10:29:28.1415941Z 10:29:28.048 [main] INFO org.flowable.common.engine.impl.async.DefaultAsyncTaskExecutor -- Using rejectedExecutionHandler java.util.concurrent.ThreadPoolExecutor$CallerRunsPolicy@1b57c345
2026-10-06T10:29:28.1423988Z 10:29:28.048 [main] INFO org.flowable.common.engine.impl.async.DefaultAsyncTaskExecutor -- Creating thread pool queue of size 2048
2026-10-06T10:29:28.1426522Z 10:29:28.048 [main] INFO org.flowable.common.engine.impl.async.DefaultAsyncTaskExecutor -- Creating thread factory with naming pattern flowable-async-job-executor-thread-%d
2026-10-06T10:29:28.1428861Z 10:29:28.048 [main] INFO org.flowable.common.engine.impl.async.DefaultAsyncTaskExecutor -- Creating executor service with corePoolSize 8, maxPoolSize 8 and keepAliveTime 5000
2026-10-06T10:29:28.1442934Z 10:29:28.070 [main] INFO org.flowable.engine.impl.ProcessEngineImpl -- ProcessEngine default created
2026-10-06T10:29:28.1444781Z 10:29:28.083 [main] INFO org.flowable.engine.impl.cmd.ValidateV5EntitiesCmd -- Total of v5 deployments found: 0
2026-10-06T10:29:28.6414686Z 10:29:28.619 [main] INFO org.flowable.common.engine.impl.async.DefaultAsyncTaskExecutor -- Creating thread pool queue of size 100
2026-10-06T10:29:28.6424364Z 10:29:28.619 [main] INFO org.flowable.common.engine.impl.async.DefaultAsyncTaskExecutor -- Creating thread factory with naming pattern flowable-async-task-invoker-thread-%d
2026-10-06T10:29:28.6428488Z 10:29:28.619 [main] INFO org.flowable.common.engine.impl.async.DefaultAsyncTaskExecutor -- Creating executor service with corePoolSize 8, maxPoolSize 8 and keepAliveTime 5000
2026-10-06T10:29:28.6435148Z 10:29:28.619 [main] INFO org.flowable.common.engine.impl.async.DefaultAsyncTaskExecutor -- Using rejectedExecutionHandler java.util.concurrent.ThreadPoolExecutor$CallerRunsPolicy@36359723
2026-10-06T10:29:28.6446924Z 10:29:28.619 [main] INFO org.flowable.common.engine.impl.async.DefaultAsyncTaskExecutor -- Creating thread pool queue of size 2048
2026-10-06T10:29:28.6449813Z 10:29:28.619 [main] INFO org.flowable.common.engine.impl.async.DefaultAsyncTaskExecutor -- Creating thread factory with naming pattern flowable-async-job-executor-thread-%d
2026-10-06T10:29:28.6453517Z 10:29:28.619 [main] INFO org.flowable.common.engine.impl.async.DefaultAsyncTaskExecutor -- Creating executor service with corePoolSize 8, maxPoolSize 8 and keepAliveTime 5000
2026-10-06T10:29:28.6456539Z 10:29:28.633 [main] INFO org.flowable.common.engine.impl.db.CommonDbSchemaManager -- performing create on common with resource org/flowable/common/db/create/flowable.postgres.create.common.sql
2026-10-06T10:29:28.7418632Z 10:29:28.714 [main] INFO org.flowable.engine.impl.db.ProcessDbSchemaManager -- performing create on engine with resource org/flowable/db/create/flowable.postgres.create.engine.sql
2026-10-06T10:29:28.8434260Z 10:29:28.775 [main] INFO org.flowable.engine.impl.db.ProcessDbSchemaManager -- performing create on history with resource org/flowable/db/create/flowable.postgres.create.history.sql
2026-10-06T10:29:28.8443969Z 10:29:28.795 [main] INFO org.flowable.engine.impl.ProcessEngineImpl -- ProcessEngine default created
2026-10-06T10:29:28.8456228Z 10:29:28.806 [main] INFO org.flowable.engine.impl.cmd.ValidateV5EntitiesCmd -- Total of v5 deployments found: 0
2026-10-06T10:29:29.2438998Z 10:29:29.221 [main] INFO org.flowable.common.engine.impl.async.DefaultAsyncTaskExecutor -- Creating thread pool queue of size 100
2026-10-06T10:29:29.2456939Z 10:29:29.221 [main] INFO org.flowable.common.engine.impl.async.DefaultAsyncTaskExecutor -- Creating thread factory with naming pattern flowable-async-task-invoker-thread-%d
2026-10-06T10:29:29.2468179Z 10:29:29.221 [main] INFO org.flowable.common.engine.impl.async.DefaultAsyncTaskExecutor -- Creating executor service with corePoolSize 8, maxPoolSize 8 and keepAliveTime 5000
2026-10-06T10:29:29.2479576Z 10:29:29.221 [main] INFO org.flowable.common.engine.impl.async.DefaultAsyncTaskExecutor -- Using rejectedExecutionHandler java.util.concurrent.ThreadPoolExecutor$CallerRunsPolicy@14b31e37
2026-10-06T10:29:29.2490067Z 10:29:29.221 [main] INFO org.flowable.common.engine.impl.async.DefaultAsyncTaskExecutor -- Creating thread pool queue of size 2048
2026-10-06T10:29:29.2500465Z 10:29:29.221 [main] INFO org.flowable.common.engine.impl.async.DefaultAsyncTaskExecutor -- Creating thread factory with naming pattern flowable-async-job-executor-thread-%d
2026-10-06T10:29:29.2511237Z 10:29:29.221 [main] INFO org.flowable.common.engine.impl.async.DefaultAsyncTaskExecutor -- Creating executor service with corePoolSize 8, maxPoolSize 8 and keepAliveTime 5000
2026-10-06T10:29:29.2515187Z 10:29:29.231 [main] INFO org.flowable.common.engine.impl.db.CommonDbSchemaManager -- performing create on common with resource org/flowable/common/db/create/flowable.postgres.create.common.sql
2026-10-06T10:29:29.3436975Z 10:29:29.292 [main] INFO org.flowable.engine.impl.db.ProcessDbSchemaManager -- performing create on engine with resource org/flowable/db/create/flowable.postgres.create.engine.sql
2026-10-06T10:29:29.3438383Z 10:29:29.335 [main] INFO org.flowable.engine.impl.db.ProcessDbSchemaManager -- performing create on history with resource org/flowable/db/create/flowable.postgres.create.history.sql
2026-10-06T10:29:29.4460830Z 10:29:29.349 [main] INFO org.flowable.engine.impl.ProcessEngineImpl -- ProcessEngine default created
2026-10-06T10:29:29.4462802Z 10:29:29.358 [main] INFO org.flowable.engine.impl.cmd.ValidateV5EntitiesCmd -- Total of v5 deployments found: 0
2026-10-06T10:29:29.9469431Z 10:29:29.860 [main] INFO org.flowable.common.engine.impl.async.DefaultAsyncTaskExecutor -- Creating thread pool queue of size 100
2026-10-06T10:29:29.9473158Z 10:29:29.860 [main] INFO org.flowable.common.engine.impl.async.DefaultAsyncTaskExecutor -- Creating thread factory with naming pattern flowable-async-task-invoker-thread-%d
2026-10-06T10:29:29.9476191Z 10:29:29.860 [main] INFO org.flowable.common.engine.impl.async.DefaultAsyncTaskExecutor -- Creating executor service with corePoolSize 8, maxPoolSize 8 and keepAliveTime 5000
2026-10-06T10:29:29.9479189Z 10:29:29.860 [main] INFO org.flowable.common.engine.impl.async.DefaultAsyncTaskExecutor -- Using rejectedExecutionHandler java.util.concurrent.ThreadPoolExecutor$CallerRunsPolicy@5ec88f9e
2026-10-06T10:29:29.9482314Z 10:29:29.861 [main] INFO org.flowable.common.engine.impl.async.DefaultAsyncTaskExecutor -- Creating thread pool queue of size 2048
2026-10-06T10:29:29.9485092Z 10:29:29.861 [main] INFO org.flowable.common.engine.impl.async.DefaultAsyncTaskExecutor -- Creating thread factory with naming pattern flowable-async-job-executor-thread-%d
2026-10-06T10:29:29.9496382Z 10:29:29.861 [main] INFO org.flowable.common.engine.impl.async.DefaultAsyncTaskExecutor -- Creating executor service with corePoolSize 8, maxPoolSize 8 and keepAliveTime 5000
2026-10-06T10:29:29.9499607Z 10:29:29.874 [main] INFO org.flowable.common.engine.impl.db.CommonDbSchemaManager -- performing create on common with resource org/flowable/common/db/create/flowable.postgres.create.common.sql
2026-10-06T10:29:29.9502816Z 10:29:29.931 [main] INFO org.flowable.engine.impl.db.ProcessDbSchemaManager -- performing create on engine with resource org/flowable/db/create/flowable.postgres.create.engine.sql
2026-10-06T10:29:30.0465176Z 10:29:29.979 [main] INFO org.flowable.engine.impl.db.ProcessDbSchemaManager -- performing create on history with resource org/flowable/db/create/flowable.postgres.create.history.sql
2026-10-06T10:29:30.0467176Z 10:29:29.993 [main] INFO org.flowable.engine.impl.ProcessEngineImpl -- ProcessEngine default created
2026-10-06T10:29:30.0469674Z 10:29:30.001 [main] INFO org.flowable.engine.impl.cmd.ValidateV5EntitiesCmd -- Total of v5 deployments found: 0
2026-10-06T10:29:30.8563591Z 10:29:30.842 [main] INFO org.flowable.common.engine.impl.async.DefaultAsyncTaskExecutor -- Creating thread pool queue of size 100
2026-10-06T10:29:30.8566160Z 10:29:30.843 [main] INFO org.flowable.common.engine.impl.async.DefaultAsyncTaskExecutor -- Creating thread factory with naming pattern flowable-async-task-invoker-thread-%d
2026-10-06T10:29:30.8568609Z 10:29:30.843 [main] INFO org.flowable.common.engine.impl.async.DefaultAsyncTaskExecutor -- Creating executor service with corePoolSize 8, maxPoolSize 8 and keepAliveTime 5000
2026-10-06T10:29:30.8570842Z 10:29:30.843 [main] INFO org.flowable.common.engine.impl.async.DefaultAsyncTaskExecutor -- Using rejectedExecutionHandler java.util.concurrent.ThreadPoolExecutor$CallerRunsPolicy@59918c8f
2026-10-06T10:29:30.8578558Z 10:29:30.843 [main] INFO org.flowable.common.engine.impl.async.DefaultAsyncTaskExecutor -- Creating thread pool queue of size 2048
2026-10-06T10:29:30.8580836Z 10:29:30.843 [main] INFO org.flowable.common.engine.impl.async.DefaultAsyncTaskExecutor -- Creating thread factory with naming pattern flowable-async-job-executor-thread-%d
2026-10-06T10:29:30.8594174Z 10:29:30.843 [main] INFO org.flowable.common.engine.impl.async.DefaultAsyncTaskExecutor -- Creating executor service with corePoolSize 8, maxPoolSize 8 and keepAliveTime 5000
2026-10-06T10:29:30.9537056Z 10:29:30.858 [main] INFO org.flowable.common.engine.impl.db.CommonDbSchemaManager -- performing create on common with resource org/flowable/common/db/create/flowable.postgres.create.common.sql
2026-10-06T10:29:30.9539308Z 10:29:30.919 [main] INFO org.flowable.engine.impl.db.ProcessDbSchemaManager -- performing create on engine with resource org/flowable/db/create/flowable.postgres.create.engine.sql
2026-10-06T10:29:31.0567765Z 10:29:30.969 [main] INFO org.flowable.engine.impl.db.ProcessDbSchemaManager -- performing create on history with resource org/flowable/db/create/flowable.postgres.create.history.sql
2026-10-06T10:29:31.0578287Z 10:29:30.986 [main] INFO org.flowable.engine.impl.ProcessEngineImpl -- ProcessEngine default created
2026-10-06T10:29:31.0586858Z 10:29:31.001 [main] INFO org.flowable.engine.impl.cmd.ValidateV5EntitiesCmd -- Total of v5 deployments found: 0
2026-10-06T10:29:31.5574470Z 10:29:31.543 [main] INFO org.flowable.common.engine.impl.async.DefaultAsyncTaskExecutor -- Creating thread pool queue of size 100
2026-10-06T10:29:31.5576750Z 10:29:31.543 [main] INFO org.flowable.common.engine.impl.async.DefaultAsyncTaskExecutor -- Creating thread factory with naming pattern flowable-async-task-invoker-thread-%d
2026-10-06T10:29:31.5579383Z 10:29:31.543 [main] INFO org.flowable.common.engine.impl.async.DefaultAsyncTaskExecutor -- Creating executor service with corePoolSize 8, maxPoolSize 8 and keepAliveTime 5000
2026-10-06T10:29:31.5582589Z 10:29:31.543 [main] INFO org.flowable.common.engine.impl.async.DefaultAsyncTaskExecutor -- Using rejectedExecutionHandler java.util.concurrent.ThreadPoolExecutor$CallerRunsPolicy@621624b1
2026-10-06T10:29:31.5584916Z 10:29:31.543 [main] INFO org.flowable.common.engine.impl.async.DefaultAsyncTaskExecutor -- Creating thread pool queue of size 2048
2026-10-06T10:29:31.5588827Z 10:29:31.544 [main] INFO org.flowable.common.engine.impl.async.DefaultAsyncTaskExecutor -- Creating thread factory with naming pattern flowable-async-job-executor-thread-%d
2026-10-06T10:29:31.5592325Z 10:29:31.544 [main] INFO org.flowable.common.engine.impl.async.DefaultAsyncTaskExecutor -- Creating executor service with corePoolSize 8, maxPoolSize 8 and keepAliveTime 5000
2026-10-06T10:29:31.5599013Z 10:29:31.554 [main] INFO org.flowable.common.engine.impl.db.CommonDbSchemaManager -- performing create on common with resource org/flowable/common/db/create/flowable.postgres.create.common.sql
2026-10-06T10:29:31.6573898Z 10:29:31.616 [main] INFO org.flowable.engine.impl.db.ProcessDbSchemaManager -- performing create on engine with resource org/flowable/db/create/flowable.postgres.create.engine.sql
2026-10-06T10:29:31.7574845Z 10:29:31.670 [main] INFO org.flowable.engine.impl.db.ProcessDbSchemaManager -- performing create on history with resource org/flowable/db/create/flowable.postgres.create.history.sql
2026-10-06T10:29:31.7577625Z 10:29:31.688 [main] INFO org.flowable.engine.impl.ProcessEngineImpl -- ProcessEngine default created
2026-10-06T10:29:31.7603501Z 10:29:31.705 [main] INFO org.flowable.engine.impl.cmd.ValidateV5EntitiesCmd -- Total of v5 deployments found: 0
2026-10-06T10:29:32.1583944Z 10:29:32.084 [main] INFO org.flowable.common.engine.impl.async.DefaultAsyncTaskExecutor -- Creating thread pool queue of size 100
2026-10-06T10:29:32.1586603Z 10:29:32.084 [main] INFO org.flowable.common.engine.impl.async.DefaultAsyncTaskExecutor -- Creating thread factory with naming pattern flowable-async-task-invoker-thread-%d
2026-10-06T10:29:32.1589416Z 10:29:32.084 [main] INFO org.flowable.common.engine.impl.async.DefaultAsyncTaskExecutor -- Creating executor service with corePoolSize 8, maxPoolSize 8 and keepAliveTime 5000
2026-10-06T10:29:32.1592037Z 10:29:32.084 [main] INFO org.flowable.common.engine.impl.async.DefaultAsyncTaskExecutor -- Using rejectedExecutionHandler java.util.concurrent.ThreadPoolExecutor$CallerRunsPolicy@4e4894d
2026-10-06T10:29:32.1594603Z 10:29:32.084 [main] INFO org.flowable.common.engine.impl.async.DefaultAsyncTaskExecutor -- Creating thread pool queue of size 2048
2026-10-06T10:29:32.1596687Z 10:29:32.084 [main] INFO org.flowable.common.engine.impl.async.DefaultAsyncTaskExecutor -- Creating thread factory with naming pattern flowable-async-job-executor-thread-%d
2026-10-06T10:29:32.1606228Z 10:29:32.084 [main] INFO org.flowable.common.engine.impl.async.DefaultAsyncTaskExecutor -- Creating executor service with corePoolSize 8, maxPoolSize 8 and keepAliveTime 5000
2026-10-06T10:29:32.1608913Z 10:29:32.097 [main] INFO org.flowable.common.engine.impl.db.CommonDbSchemaManager -- performing create on common with resource org/flowable/common/db/create/flowable.postgres.create.common.sql
2026-10-06T10:29:32.1623109Z 10:29:32.155 [main] INFO org.flowable.engine.impl.db.ProcessDbSchemaManager -- performing create on engine with resource org/flowable/db/create/flowable.postgres.create.engine.sql
2026-10-06T10:29:32.2583811Z 10:29:32.208 [main] INFO org.flowable.engine.impl.db.ProcessDbSchemaManager -- performing create on history with resource org/flowable/db/create/flowable.postgres.create.history.sql
2026-10-06T10:29:32.2585564Z 10:29:32.221 [main] INFO org.flowable.engine.impl.ProcessEngineImpl -- ProcessEngine default created
2026-10-06T10:29:32.2587128Z 10:29:32.230 [main] INFO org.flowable.engine.impl.cmd.ValidateV5EntitiesCmd -- Total of v5 deployments found: 0
2026-10-06T10:29:32.7605708Z 10:29:32.690 [main] INFO org.flowable.common.engine.impl.async.DefaultAsyncTaskExecutor -- Creating thread pool queue of size 100
2026-10-06T10:29:32.7608332Z 10:29:32.690 [main] INFO org.flowable.common.engine.impl.async.DefaultAsyncTaskExecutor -- Creating thread factory with naming pattern flowable-async-task-invoker-thread-%d
2026-10-06T10:29:32.7610802Z 10:29:32.690 [main] INFO org.flowable.common.engine.impl.async.DefaultAsyncTaskExecutor -- Creating executor service with corePoolSize 8, maxPoolSize 8 and keepAliveTime 5000
2026-10-06T10:29:32.7615285Z 10:29:32.690 [main] INFO org.flowable.common.engine.impl.async.DefaultAsyncTaskExecutor -- Using rejectedExecutionHandler java.util.concurrent.ThreadPoolExecutor$CallerRunsPolicy@7c2b6acb
2026-10-06T10:29:32.7623267Z 10:29:32.690 [main] INFO org.flowable.common.engine.impl.async.DefaultAsyncTaskExecutor -- Creating thread pool queue of size 2048
2026-10-06T10:29:32.7625542Z 10:29:32.690 [main] INFO org.flowable.common.engine.impl.async.DefaultAsyncTaskExecutor -- Creating thread factory with naming pattern flowable-async-job-executor-thread-%d
2026-10-06T10:29:32.7628025Z 10:29:32.690 [main] INFO org.flowable.common.engine.impl.async.DefaultAsyncTaskExecutor -- Creating executor service with corePoolSize 8, maxPoolSize 8 and keepAliveTime 5000
2026-10-06T10:29:32.7631055Z 10:29:32.704 [main] INFO org.flowable.common.engine.impl.db.CommonDbSchemaManager -- performing create on common with resource org/flowable/common/db/create/flowable.postgres.create.common.sql
2026-10-06T10:29:32.8600380Z 10:29:32.787 [main] INFO org.flowable.engine.impl.db.ProcessDbSchemaManager -- performing create on engine with resource org/flowable/db/create/flowable.postgres.create.engine.sql
2026-10-06T10:29:32.8603523Z 10:29:32.845 [main] INFO org.flowable.engine.impl.db.ProcessDbSchemaManager -- performing create on history with resource org/flowable/db/create/flowable.postgres.create.history.sql
2026-10-06T10:29:32.9607743Z 10:29:32.864 [main] INFO org.flowable.engine.impl.ProcessEngineImpl -- ProcessEngine default created
2026-10-06T10:29:32.9614960Z 10:29:32.876 [main] INFO org.flowable.engine.impl.cmd.ValidateV5EntitiesCmd -- Total of v5 deployments found: 0
2026-10-06T10:29:33.2628567Z 10:29:33.220 [main] INFO org.flowable.common.engine.impl.async.DefaultAsyncTaskExecutor -- Creating thread pool queue of size 100
2026-10-06T10:29:33.2639908Z 10:29:33.220 [main] INFO org.flowable.common.engine.impl.async.DefaultAsyncTaskExecutor -- Creating thread factory with naming pattern flowable-async-task-invoker-thread-%d
2026-10-06T10:29:33.2651902Z 10:29:33.220 [main] INFO org.flowable.common.engine.impl.async.DefaultAsyncTaskExecutor -- Creating executor service with corePoolSize 8, maxPoolSize 8 and keepAliveTime 5000
2026-10-06T10:29:33.2662884Z 10:29:33.220 [main] INFO org.flowable.common.engine.impl.async.DefaultAsyncTaskExecutor -- Using rejectedExecutionHandler java.util.concurrent.ThreadPoolExecutor$CallerRunsPolicy@7babed9e
2026-10-06T10:29:33.2669607Z 10:29:33.220 [main] INFO org.flowable.common.engine.impl.async.DefaultAsyncTaskExecutor -- Creating thread pool queue of size 2048
2026-10-06T10:29:33.2672682Z 10:29:33.221 [main] INFO org.flowable.common.engine.impl.async.DefaultAsyncTaskExecutor -- Creating thread factory with naming pattern flowable-async-job-executor-thread-%d
2026-10-06T10:29:33.2675896Z 10:29:33.221 [main] INFO org.flowable.common.engine.impl.async.DefaultAsyncTaskExecutor -- Creating executor service with corePoolSize 8, maxPoolSize 8 and keepAliveTime 5000
2026-10-06T10:29:33.2678904Z 10:29:33.230 [main] INFO org.flowable.common.engine.impl.db.CommonDbSchemaManager -- performing create on common with resource org/flowable/common/db/create/flowable.postgres.create.common.sql
2026-10-06T10:29:33.3629789Z 10:29:33.292 [main] INFO org.flowable.engine.impl.db.ProcessDbSchemaManager -- performing create on engine with resource org/flowable/db/create/flowable.postgres.create.engine.sql
2026-10-06T10:29:33.3632042Z 10:29:33.335 [main] INFO org.flowable.engine.impl.db.ProcessDbSchemaManager -- performing create on history with resource org/flowable/db/create/flowable.postgres.create.history.sql
2026-10-06T10:29:33.3633896Z 10:29:33.348 [main] INFO org.flowable.engine.impl.ProcessEngineImpl -- ProcessEngine default created
2026-10-06T10:29:33.3635233Z 10:29:33.356 [main] INFO org.flowable.engine.impl.cmd.ValidateV5EntitiesCmd -- Total of v5 deployments found: 0
2026-10-06T10:29:33.7644042Z 10:29:33.694 [main] INFO org.flowable.common.engine.impl.async.DefaultAsyncTaskExecutor -- Creating thread pool queue of size 100
2026-10-06T10:29:33.7645500Z 10:29:33.694 [main] INFO org.flowable.common.engine.impl.async.DefaultAsyncTaskExecutor -- Creating thread factory with naming pattern flowable-async-task-invoker-thread-%d
2026-10-06T10:29:33.7658147Z 10:29:33.694 [main] INFO org.flowable.common.engine.impl.async.DefaultAsyncTaskExecutor -- Creating executor service with corePoolSize 8, maxPoolSize 8 and keepAliveTime 5000
2026-10-06T10:29:33.7661163Z 10:29:33.694 [main] INFO org.flowable.common.engine.impl.async.DefaultAsyncTaskExecutor -- Using rejectedExecutionHandler java.util.concurrent.ThreadPoolExecutor$CallerRunsPolicy@7e27f603
2026-10-06T10:29:33.7663261Z 10:29:33.694 [main] INFO org.flowable.common.engine.impl.async.DefaultAsyncTaskExecutor -- Creating thread pool queue of size 2048
2026-10-06T10:29:33.7665328Z 10:29:33.694 [main] INFO org.flowable.common.engine.impl.async.DefaultAsyncTaskExecutor -- Creating thread factory with naming pattern flowable-async-job-executor-thread-%d
2026-10-06T10:29:33.7667661Z 10:29:33.694 [main] INFO org.flowable.common.engine.impl.async.DefaultAsyncTaskExecutor -- Creating executor service with corePoolSize 8, maxPoolSize 8 and keepAliveTime 5000
2026-10-06T10:29:33.7669837Z 10:29:33.707 [main] INFO org.flowable.common.engine.impl.db.CommonDbSchemaManager -- performing create on common with resource org/flowable/common/db/create/flowable.postgres.create.common.sql
2026-10-06T10:29:33.8638933Z 10:29:33.778 [main] INFO org.flowable.engine.impl.db.ProcessDbSchemaManager -- performing create on engine with resource org/flowable/db/create/flowable.postgres.create.engine.sql
2026-10-06T10:29:33.8640861Z 10:29:33.821 [main] INFO org.flowable.engine.impl.db.ProcessDbSchemaManager -- performing create on history with resource org/flowable/db/create/flowable.postgres.create.history.sql
2026-10-06T10:29:33.8642165Z 10:29:33.834 [main] INFO org.flowable.engine.impl.ProcessEngineImpl -- ProcessEngine default created
2026-10-06T10:29:33.8643711Z 10:29:33.842 [main] INFO org.flowable.engine.impl.cmd.ValidateV5EntitiesCmd -- Total of v5 deployments found: 0
2026-10-06T10:29:34.2655469Z 10:29:34.204 [main] INFO org.flowable.common.engine.impl.async.DefaultAsyncTaskExecutor -- Creating thread pool queue of size 100
2026-10-06T10:29:34.2657981Z 10:29:34.204 [main] INFO org.flowable.common.engine.impl.async.DefaultAsyncTaskExecutor -- Creating thread factory with naming pattern flowable-async-task-invoker-thread-%d
2026-10-06T10:29:34.2660540Z 10:29:34.204 [main] INFO org.flowable.common.engine.impl.async.DefaultAsyncTaskExecutor -- Creating executor service with corePoolSize 8, maxPoolSize 8 and keepAliveTime 5000
2026-10-06T10:29:34.2663341Z 10:29:34.204 [main] INFO org.flowable.common.engine.impl.async.DefaultAsyncTaskExecutor -- Using rejectedExecutionHandler java.util.concurrent.ThreadPoolExecutor$CallerRunsPolicy@3303e89e
2026-10-06T10:29:34.2665615Z 10:29:34.204 [main] INFO org.flowable.common.engine.impl.async.DefaultAsyncTaskExecutor -- Creating thread pool queue of size 2048
2026-10-06T10:29:34.2667696Z 10:29:34.204 [main] INFO org.flowable.common.engine.impl.async.DefaultAsyncTaskExecutor -- Creating thread factory with naming pattern flowable-async-job-executor-thread-%d
2026-10-06T10:29:34.2670091Z 10:29:34.204 [main] INFO org.flowable.common.engine.impl.async.DefaultAsyncTaskExecutor -- Creating executor service with corePoolSize 8, maxPoolSize 8 and keepAliveTime 5000
2026-10-06T10:29:34.2673177Z 10:29:34.214 [main] INFO org.flowable.common.engine.impl.db.CommonDbSchemaManager -- performing create on common with resource org/flowable/common/db/create/flowable.postgres.create.common.sql
2026-10-06T10:29:34.3668080Z 10:29:34.272 [main] INFO org.flowable.engine.impl.db.ProcessDbSchemaManager -- performing create on engine with resource org/flowable/db/create/flowable.postgres.create.engine.sql
2026-10-06T10:29:34.3674735Z 10:29:34.315 [main] INFO org.flowable.engine.impl.db.ProcessDbSchemaManager -- performing create on history with resource org/flowable/db/create/flowable.postgres.create.history.sql
2026-10-06T10:29:34.3677122Z 10:29:34.328 [main] INFO org.flowable.engine.impl.ProcessEngineImpl -- ProcessEngine default created
2026-10-06T10:29:34.3682425Z 10:29:34.336 [main] INFO org.flowable.engine.impl.cmd.ValidateV5EntitiesCmd -- Total of v5 deployments found: 0
2026-10-06T10:29:34.7663487Z 10:29:34.729 [main] INFO org.flowable.common.engine.impl.async.DefaultAsyncTaskExecutor -- Creating thread pool queue of size 100
2026-10-06T10:29:34.7684584Z 10:29:34.729 [main] INFO org.flowable.common.engine.impl.async.DefaultAsyncTaskExecutor -- Creating thread factory with naming pattern flowable-async-task-invoker-thread-%d
2026-10-06T10:29:34.7687489Z 10:29:34.729 [main] INFO org.flowable.common.engine.impl.async.DefaultAsyncTaskExecutor -- Creating executor service with corePoolSize 8, maxPoolSize 8 and keepAliveTime 5000
2026-10-06T10:29:34.7690741Z 10:29:34.730 [main] INFO org.flowable.common.engine.impl.async.DefaultAsyncTaskExecutor -- Using rejectedExecutionHandler java.util.concurrent.ThreadPoolExecutor$CallerRunsPolicy@1d2def55
2026-10-06T10:29:34.7693467Z 10:29:34.730 [main] INFO org.flowable.common.engine.impl.async.DefaultAsyncTaskExecutor -- Creating thread pool queue of size 2048
2026-10-06T10:29:34.7695790Z 10:29:34.730 [main] INFO org.flowable.common.engine.impl.async.DefaultAsyncTaskExecutor -- Creating thread factory with naming pattern flowable-async-job-executor-thread-%d
2026-10-06T10:29:34.7698434Z 10:29:34.730 [main] INFO org.flowable.common.engine.impl.async.DefaultAsyncTaskExecutor -- Creating executor service with corePoolSize 8, maxPoolSize 8 and keepAliveTime 5000
2026-10-06T10:29:34.7701131Z 10:29:34.742 [main] INFO org.flowable.common.engine.impl.db.CommonDbSchemaManager -- performing create on common with resource org/flowable/common/db/create/flowable.postgres.create.common.sql
2026-10-06T10:29:34.8675985Z 10:29:34.821 [main] INFO org.flowable.engine.impl.db.ProcessDbSchemaManager -- performing create on engine with resource org/flowable/db/create/flowable.postgres.create.engine.sql
2026-10-06T10:29:34.9689356Z 10:29:34.875 [main] INFO org.flowable.engine.impl.db.ProcessDbSchemaManager -- performing create on history with resource org/flowable/db/create/flowable.postgres.create.history.sql
2026-10-06T10:29:34.9691394Z 10:29:34.889 [main] INFO org.flowable.engine.impl.ProcessEngineImpl -- ProcessEngine default created
2026-10-06T10:29:34.9693533Z 10:29:34.898 [main] INFO org.flowable.engine.impl.cmd.ValidateV5EntitiesCmd -- Total of v5 deployments found: 0
2026-10-06T10:29:35.2712924Z 10:29:35.266 [main] INFO org.flowable.common.engine.impl.async.DefaultAsyncTaskExecutor -- Creating thread pool queue of size 100
2026-10-06T10:29:35.2715063Z 10:29:35.267 [main] INFO org.flowable.common.engine.impl.async.DefaultAsyncTaskExecutor -- Creating thread factory with naming pattern flowable-async-task-invoker-thread-%d
2026-10-06T10:29:35.2717546Z 10:29:35.267 [main] INFO org.flowable.common.engine.impl.async.DefaultAsyncTaskExecutor -- Creating executor service with corePoolSize 8, maxPoolSize 8 and keepAliveTime 5000
2026-10-06T10:29:35.2720105Z 10:29:35.267 [main] INFO org.flowable.common.engine.impl.async.DefaultAsyncTaskExecutor -- Using rejectedExecutionHandler java.util.concurrent.ThreadPoolExecutor$CallerRunsPolicy@d66502
2026-10-06T10:29:35.2722305Z 10:29:35.267 [main] INFO org.flowable.common.engine.impl.async.DefaultAsyncTaskExecutor -- Creating thread pool queue of size 2048
2026-10-06T10:29:35.2730529Z 10:29:35.267 [main] INFO org.flowable.common.engine.impl.async.DefaultAsyncTaskExecutor -- Creating thread factory with naming pattern flowable-async-job-executor-thread-%d
2026-10-06T10:29:35.2733308Z 10:29:35.267 [main] INFO org.flowable.common.engine.impl.async.DefaultAsyncTaskExecutor -- Creating executor service with corePoolSize 8, maxPoolSize 8 and keepAliveTime 5000
2026-10-06T10:29:35.3694244Z 10:29:35.281 [main] INFO org.flowable.common.engine.impl.db.CommonDbSchemaManager -- performing create on common with resource org/flowable/common/db/create/flowable.postgres.create.common.sql
2026-10-06T10:29:35.3696854Z 10:29:35.359 [main] INFO org.flowable.engine.impl.db.ProcessDbSchemaManager -- performing create on engine with resource org/flowable/db/create/flowable.postgres.create.engine.sql
2026-10-06T10:29:35.4694942Z 10:29:35.409 [main] INFO org.flowable.engine.impl.db.ProcessDbSchemaManager -- performing create on history with resource org/flowable/db/create/flowable.postgres.create.history.sql
2026-10-06T10:29:35.4697366Z 10:29:35.428 [main] INFO org.flowable.engine.impl.ProcessEngineImpl -- ProcessEngine default created
2026-10-06T10:29:35.4699233Z 10:29:35.437 [main] INFO org.flowable.engine.impl.cmd.ValidateV5EntitiesCmd -- Total of v5 deployments found: 0
2026-10-06T10:29:35.7735743Z 10:29:35.741 [main] INFO org.flowable.common.engine.impl.async.DefaultAsyncTaskExecutor -- Creating thread pool queue of size 100
2026-10-06T10:29:35.7753508Z 10:29:35.741 [main] INFO org.flowable.common.engine.impl.async.DefaultAsyncTaskExecutor -- Creating thread factory with naming pattern flowable-async-task-invoker-thread-%d
2026-10-06T10:29:35.7764154Z 10:29:35.741 [main] INFO org.flowable.common.engine.impl.async.DefaultAsyncTaskExecutor -- Creating executor service with corePoolSize 8, maxPoolSize 8 and keepAliveTime 5000
2026-10-06T10:29:35.7775068Z 10:29:35.741 [main] INFO org.flowable.common.engine.impl.async.DefaultAsyncTaskExecutor -- Using rejectedExecutionHandler java.util.concurrent.ThreadPoolExecutor$CallerRunsPolicy@37ffe4f3
2026-10-06T10:29:35.7785284Z 10:29:35.741 [main] INFO org.flowable.common.engine.impl.async.DefaultAsyncTaskExecutor -- Creating thread pool queue of size 2048
2026-10-06T10:29:35.7795614Z 10:29:35.741 [main] INFO org.flowable.common.engine.impl.async.DefaultAsyncTaskExecutor -- Creating thread factory with naming pattern flowable-async-job-executor-thread-%d
2026-10-06T10:29:35.7805969Z 10:29:35.741 [main] INFO org.flowable.common.engine.impl.async.DefaultAsyncTaskExecutor -- Creating executor service with corePoolSize 8, maxPoolSize 8 and keepAliveTime 5000
2026-10-06T10:29:35.7818383Z 10:29:35.750 [main] INFO org.flowable.common.engine.impl.db.CommonDbSchemaManager -- performing create on common with resource org/flowable/common/db/create/flowable.postgres.create.common.sql
2026-10-06T10:29:35.8734666Z 10:29:35.811 [main] INFO org.flowable.engine.impl.db.ProcessDbSchemaManager -- performing create on engine with resource org/flowable/db/create/flowable.postgres.create.engine.sql
2026-10-06T10:29:35.8736973Z 10:29:35.854 [main] INFO org.flowable.engine.impl.db.ProcessDbSchemaManager -- performing create on history with resource org/flowable/db/create/flowable.postgres.create.history.sql
2026-10-06T10:29:35.8738365Z 10:29:35.867 [main] INFO org.flowable.engine.impl.ProcessEngineImpl -- ProcessEngine default created
2026-10-06T10:29:35.9734595Z 10:29:35.875 [main] INFO org.flowable.engine.impl.cmd.ValidateV5EntitiesCmd -- Total of v5 deployments found: 0
2026-10-06T10:29:36.1740333Z 10:29:36.169 [main] INFO org.flowable.common.engine.impl.async.DefaultAsyncTaskExecutor -- Creating thread pool queue of size 100
2026-10-06T10:29:36.1748574Z 10:29:36.169 [main] INFO org.flowable.common.engine.impl.async.DefaultAsyncTaskExecutor -- Creating thread factory with naming pattern flowable-async-task-invoker-thread-%d
2026-10-06T10:29:36.1751270Z 10:29:36.170 [main] INFO org.flowable.common.engine.impl.async.DefaultAsyncTaskExecutor -- Creating executor service with corePoolSize 8, maxPoolSize 8 and keepAliveTime 5000
2026-10-06T10:29:36.1754938Z 10:29:36.170 [main] INFO org.flowable.common.engine.impl.async.DefaultAsyncTaskExecutor -- Using rejectedExecutionHandler java.util.concurrent.ThreadPoolExecutor$CallerRunsPolicy@995ad50
2026-10-06T10:29:36.1756311Z 10:29:36.170 [main] INFO org.flowable.common.engine.impl.async.DefaultAsyncTaskExecutor -- Creating thread pool queue of size 2048
2026-10-06T10:29:36.1758170Z 10:29:36.170 [main] INFO org.flowable.common.engine.impl.async.DefaultAsyncTaskExecutor -- Creating thread factory with naming pattern flowable-async-job-executor-thread-%d
2026-10-06T10:29:36.1759593Z 10:29:36.170 [main] INFO org.flowable.common.engine.impl.async.DefaultAsyncTaskExecutor -- Creating executor service with corePoolSize 8, maxPoolSize 8 and keepAliveTime 5000
2026-10-06T10:29:36.2741561Z 10:29:36.180 [main] INFO org.flowable.common.engine.impl.db.CommonDbSchemaManager -- performing create on common with resource org/flowable/common/db/create/flowable.postgres.create.common.sql
2026-10-06T10:29:36.2743480Z 10:29:36.235 [main] INFO org.flowable.engine.impl.db.ProcessDbSchemaManager -- performing create on engine with resource org/flowable/db/create/flowable.postgres.create.engine.sql
2026-10-06T10:29:36.3743324Z 10:29:36.280 [main] INFO org.flowable.engine.impl.db.ProcessDbSchemaManager -- performing create on history with resource org/flowable/db/create/flowable.postgres.create.history.sql
2026-10-06T10:29:36.3745534Z 10:29:36.293 [main] INFO org.flowable.engine.impl.ProcessEngineImpl -- ProcessEngine default created
2026-10-06T10:29:36.3746962Z 10:29:36.300 [main] INFO org.flowable.engine.impl.cmd.ValidateV5EntitiesCmd -- Total of v5 deployments found: 0
2026-10-06T10:29:36.5762268Z 10:29:36.563 [main] INFO org.flowable.common.engine.impl.async.DefaultAsyncTaskExecutor -- Creating thread pool queue of size 100
2026-10-06T10:29:36.5764643Z 10:29:36.563 [main] INFO org.flowable.common.engine.impl.async.DefaultAsyncTaskExecutor -- Creating thread factory with naming pattern flowable-async-task-invoker-thread-%d
2026-10-06T10:29:36.5767087Z 10:29:36.563 [main] INFO org.flowable.common.engine.impl.async.DefaultAsyncTaskExecutor -- Creating executor service with corePoolSize 8, maxPoolSize 8 and keepAliveTime 5000
2026-10-06T10:29:36.5769585Z 10:29:36.563 [main] INFO org.flowable.common.engine.impl.async.DefaultAsyncTaskExecutor -- Using rejectedExecutionHandler java.util.concurrent.ThreadPoolExecutor$CallerRunsPolicy@44aed6a4
2026-10-06T10:29:36.5771738Z 10:29:36.563 [main] INFO org.flowable.common.engine.impl.async.DefaultAsyncTaskExecutor -- Creating thread pool queue of size 2048
2026-10-06T10:29:36.5773951Z 10:29:36.563 [main] INFO org.flowable.common.engine.impl.async.DefaultAsyncTaskExecutor -- Creating thread factory with naming pattern flowable-async-job-executor-thread-%d
2026-10-06T10:29:36.5776219Z 10:29:36.563 [main] INFO org.flowable.common.engine.impl.async.DefaultAsyncTaskExecutor -- Creating executor service with corePoolSize 8, maxPoolSize 8 and keepAliveTime 5000
2026-10-06T10:29:36.6751150Z 10:29:36.576 [main] INFO org.flowable.common.engine.impl.db.CommonDbSchemaManager -- performing create on common with resource org/flowable/common/db/create/flowable.postgres.create.common.sql
2026-10-06T10:29:36.6754009Z 10:29:36.633 [main] INFO org.flowable.engine.impl.db.ProcessDbSchemaManager -- performing create on engine with resource org/flowable/db/create/flowable.postgres.create.engine.sql
2026-10-06T10:29:36.7750597Z 10:29:36.676 [main] INFO org.flowable.engine.impl.db.ProcessDbSchemaManager -- performing create on history with resource org/flowable/db/create/flowable.postgres.create.history.sql
2026-10-06T10:29:36.7751760Z 10:29:36.690 [main] INFO org.flowable.engine.impl.ProcessEngineImpl -- ProcessEngine default created
2026-10-06T10:29:36.7752902Z 10:29:36.698 [main] INFO org.flowable.engine.impl.cmd.ValidateV5EntitiesCmd -- Total of v5 deployments found: 0
2026-10-06T10:29:36.9762379Z 10:29:36.967 [main] INFO org.flowable.common.engine.impl.async.DefaultAsyncTaskExecutor -- Creating thread pool queue of size 100
2026-10-06T10:29:36.9764800Z 10:29:36.967 [main] INFO org.flowable.common.engine.impl.async.DefaultAsyncTaskExecutor -- Creating thread factory with naming pattern flowable-async-task-invoker-thread-%d
2026-10-06T10:29:36.9767274Z 10:29:36.967 [main] INFO org.flowable.common.engine.impl.async.DefaultAsyncTaskExecutor -- Creating executor service with corePoolSize 8, maxPoolSize 8 and keepAliveTime 5000
2026-10-06T10:29:36.9769905Z 10:29:36.967 [main] INFO org.flowable.common.engine.impl.async.DefaultAsyncTaskExecutor -- Using rejectedExecutionHandler java.util.concurrent.ThreadPoolExecutor$CallerRunsPolicy@38e00b47
2026-10-06T10:29:36.9771522Z 10:29:36.967 [main] INFO org.flowable.common.engine.impl.async.DefaultAsyncTaskExecutor -- Creating thread pool queue of size 2048
2026-10-06T10:29:36.9772849Z 10:29:36.967 [main] INFO org.flowable.common.engine.impl.async.DefaultAsyncTaskExecutor -- Creating thread factory with naming pattern flowable-async-job-executor-thread-%d
2026-10-06T10:29:36.9775163Z 10:29:36.967 [main] INFO org.flowable.common.engine.impl.async.DefaultAsyncTaskExecutor -- Creating executor service with corePoolSize 8, maxPoolSize 8 and keepAliveTime 5000
2026-10-06T10:29:37.0761499Z 10:29:36.977 [main] INFO org.flowable.common.engine.impl.db.CommonDbSchemaManager -- performing create on common with resource org/flowable/common/db/create/flowable.postgres.create.common.sql
2026-10-06T10:29:37.0764754Z 10:29:37.034 [main] INFO org.flowable.engine.impl.db.ProcessDbSchemaManager -- performing create on engine with resource org/flowable/db/create/flowable.postgres.create.engine.sql
2026-10-06T10:29:37.1761722Z 10:29:37.079 [main] INFO org.flowable.engine.impl.db.ProcessDbSchemaManager -- performing create on history with resource org/flowable/db/create/flowable.postgres.create.history.sql
2026-10-06T10:29:37.1764347Z 10:29:37.092 [main] INFO org.flowable.engine.impl.ProcessEngineImpl -- ProcessEngine default created
2026-10-06T10:29:37.1766029Z 10:29:37.100 [main] INFO org.flowable.engine.impl.cmd.ValidateV5EntitiesCmd -- Total of v5 deployments found: 0
2026-10-06T10:29:37.2409737Z [INFO] Tests run: 18, Failures: 0, Errors: 0, Skipped: 0, Time elapsed: 12.59 s -- in org.weaveos.workflow.RootDeploymentRegistryTest
2026-10-06T10:29:37.2683902Z [INFO] 
2026-10-06T10:29:37.2684464Z [INFO] Results:
2026-10-06T10:29:37.2685159Z [INFO] 
2026-10-06T10:29:37.2687889Z [INFO] Tests run: 18, Failures: 0, Errors: 0, Skipped: 0
2026-10-06T10:29:37.2694412Z [INFO] 
2026-10-06T10:29:37.2721594Z [INFO] 
2026-10-06T10:29:37.2722182Z [INFO] --- jar:3.4.2:jar (default-jar) @ workflow-engine ---
2026-10-06T10:29:37.4827373Z [INFO] Building jar: /proof/target/workflow-engine-0.3.0-SNAPSHOT.jar
2026-10-06T10:29:37.5615767Z [INFO] ------------------------------------------------------------------------
2026-10-06T10:29:37.5616685Z [INFO] BUILD SUCCESS
2026-10-06T10:29:37.5617456Z [INFO] ------------------------------------------------------------------------
2026-10-06T10:29:37.5653687Z [INFO] Total time:  18.766 s
2026-10-06T10:29:37.5654148Z [INFO] Finished at: 2026-10-06T10:29:37Z
2026-10-06T10:29:37.5654801Z [INFO] ------------------------------------------------------------------------
2026-10-06T10:29:37.8596348Z ##[group]Run python3 services/workflow-engine/ci_gate.py services/workflow-engine/target/surefire-reports services/workflow-engine/expected-tests.json 2>&1 | tee services/workflow-engine/ci-logs/report-gate.txt
2026-10-06T10:29:37.8597926Z [36;1mpython3 services/workflow-engine/ci_gate.py services/workflow-engine/target/surefire-reports services/workflow-engine/expected-tests.json 2>&1 | tee services/workflow-engine/ci-logs/report-gate.txt[0m
2026-10-06T10:29:37.8662185Z shell: /usr/bin/bash --noprofile --norc -e -o pipefail {0}
2026-10-06T10:29:37.8662822Z ##[endgroup]
2026-10-06T10:29:37.9082990Z workflow-engine report gate passed: 18 exact cases, no failures/errors/skips
2026-10-06T10:29:37.9175815Z ##[group]Run python3 services/workflow-engine/envelope_ci_gate_tests.py 2>&1 | tee services/workflow-engine/ci-logs/envelope-gate-tests.txt
2026-10-06T10:29:37.9176859Z [36;1mpython3 services/workflow-engine/envelope_ci_gate_tests.py 2>&1 | tee services/workflow-engine/ci-logs/envelope-gate-tests.txt[0m
2026-10-06T10:29:37.9239179Z shell: /usr/bin/bash --noprofile --norc -e -o pipefail {0}
2026-10-06T10:29:37.9239529Z ##[endgroup]
2026-10-06T10:29:37.9925277Z ............
2026-10-06T10:29:37.9925755Z ----------------------------------------------------------------------
2026-10-06T10:29:37.9926252Z Ran 12 tests in 0.010s
2026-10-06T10:29:37.9926453Z 
2026-10-06T10:29:37.9926564Z OK
2026-10-06T10:29:38.0068824Z ##[group]Run bash services/workflow-engine/run-tests.sh -Dtest=RootCommandEnvelopeTest -Dworkflow.reports=target/envelope-ci-reports test 2>&1 | tee services/workflow-engine/ci-logs/envelope-tests.txt
2026-10-06T10:29:38.0071641Z [36;1mbash services/workflow-engine/run-tests.sh -Dtest=RootCommandEnvelopeTest -Dworkflow.reports=target/envelope-ci-reports test 2>&1 | tee services/workflow-engine/ci-logs/envelope-tests.txt[0m
2026-10-06T10:29:38.0145093Z shell: /usr/bin/bash --noprofile --norc -e -o pipefail {0}
2026-10-06T10:29:38.0145740Z ##[endgroup]
2026-10-06T10:29:39.4098918Z postgres (PostgreSQL) 18.6 (Debian 18.6-1.pgdg13+2)
2026-10-06T10:29:39.4251296Z fixture published ports={}
2026-10-06T10:29:39.4375273Z fixture network internal=true
2026-10-06T10:29:40.7847239Z [INFO] Scanning for projects...
2026-10-06T10:29:41.0405421Z [INFO] 
2026-10-06T10:29:41.0406049Z [INFO] --------------------< org.weaveos:workflow-engine >---------------------
2026-10-06T10:29:41.0407043Z [INFO] Building WeaveOS controlled workflow engine core 0.3.0-SNAPSHOT
2026-10-06T10:29:41.0407728Z [INFO]   from pom.xml
2026-10-06T10:29:41.0408265Z [INFO] --------------------------------[ jar ]---------------------------------
2026-10-06T10:29:41.6525658Z [INFO] 
2026-10-06T10:29:41.6526344Z [INFO] --- resources:3.3.1:resources (default-resources) @ workflow-engine ---
2026-10-06T10:29:41.7864016Z [INFO] skip non existing resourceDirectory /proof/src/main/resources
2026-10-06T10:29:41.7875220Z [INFO] skip non existing resourceDirectory /proof/src/main/resources
2026-10-06T10:29:41.7876377Z [INFO] 
2026-10-06T10:29:41.7877176Z [INFO] --- compiler:3.14.1:compile (default-compile) @ workflow-engine ---
2026-10-06T10:29:41.8997255Z [INFO] Nothing to compile - all classes are up to date.
2026-10-06T10:29:41.9010158Z [INFO] 
2026-10-06T10:29:41.9011458Z [INFO] --- resources:3.3.1:testResources (default-testResources) @ workflow-engine ---
2026-10-06T10:29:41.9078070Z [INFO] Copying 6 resources from src/test/resources to target/test-classes
2026-10-06T10:29:41.9110560Z [INFO] 
2026-10-06T10:29:41.9116698Z [INFO] --- compiler:3.14.1:testCompile (default-testCompile) @ workflow-engine ---
2026-10-06T10:29:41.9305568Z [INFO] Nothing to compile - all classes are up to date.
2026-10-06T10:29:41.9315220Z [INFO] 
2026-10-06T10:29:41.9316199Z [INFO] --- surefire:3.5.4:test (default-test) @ workflow-engine ---
2026-10-06T10:29:42.0591980Z [INFO] Using auto detected provider org.apache.maven.surefire.junitplatform.JUnitPlatformProvider
2026-10-06T10:29:42.0971992Z [INFO] 
2026-10-06T10:29:42.0973214Z [INFO] -------------------------------------------------------
2026-10-06T10:29:42.0979692Z [INFO]  T E S T S
2026-10-06T10:29:42.0980906Z [INFO] -------------------------------------------------------
2026-10-06T10:29:42.8304249Z [INFO] Running org.weaveos.workflow.RootCommandEnvelopeTest
2026-10-06T10:29:43.0094450Z [INFO] Tests run: 8, Failures: 0, Errors: 0, Skipped: 0, Time elapsed: 0.129 s -- in org.weaveos.workflow.RootCommandEnvelopeTest
2026-10-06T10:29:43.0593972Z [INFO] 
2026-10-06T10:29:43.0594384Z [INFO] Results:
2026-10-06T10:29:43.0594707Z [INFO] 
2026-10-06T10:29:43.0597097Z [INFO] Tests run: 8, Failures: 0, Errors: 0, Skipped: 0
2026-10-06T10:29:43.0597687Z [INFO] 
2026-10-06T10:29:43.0746495Z [INFO] ------------------------------------------------------------------------
2026-10-06T10:29:43.0747693Z [INFO] BUILD SUCCESS
2026-10-06T10:29:43.0748422Z [INFO] ------------------------------------------------------------------------
2026-10-06T10:29:43.0749430Z [INFO] Total time:  2.309 s
2026-10-06T10:29:43.0751454Z [INFO] Finished at: 2026-10-06T10:29:43Z
2026-10-06T10:29:43.0752085Z [INFO] ------------------------------------------------------------------------
2026-10-06T10:29:43.3370190Z ##[group]Run python3 services/workflow-engine/envelope_ci_gate.py services/workflow-engine/target/envelope-ci-reports services/workflow-engine/expected-envelope-tests.json 2>&1 | tee services/workflow-engine/ci-logs/envelope-report-gate.txt
2026-10-06T10:29:43.3371968Z [36;1mpython3 services/workflow-engine/envelope_ci_gate.py services/workflow-engine/target/envelope-ci-reports services/workflow-engine/expected-envelope-tests.json 2>&1 | tee services/workflow-engine/ci-logs/envelope-report-gate.txt[0m
2026-10-06T10:29:43.3436061Z shell: /usr/bin/bash --noprofile --norc -e -o pipefail {0}
2026-10-06T10:29:43.3436426Z ##[endgroup]
2026-10-06T10:29:43.3861270Z command envelope report gate passed: 8 exact cases, no failures/errors/skips
2026-10-06T10:29:43.3947761Z ##[group]Run python3 services/workflow-engine/execution_ci_gate_tests.py 2>&1 | tee services/workflow-engine/ci-logs/execution-gate-tests.txt
2026-10-06T10:29:43.3948782Z [36;1mpython3 services/workflow-engine/execution_ci_gate_tests.py 2>&1 | tee services/workflow-engine/ci-logs/execution-gate-tests.txt[0m
2026-10-06T10:29:43.4012035Z shell: /usr/bin/bash --noprofile --norc -e -o pipefail {0}
2026-10-06T10:29:43.4012660Z ##[endgroup]
2026-10-06T10:29:43.4888945Z ................
2026-10-06T10:29:43.4889495Z ----------------------------------------------------------------------
2026-10-06T10:29:43.4890056Z Ran 16 tests in 0.025s
2026-10-06T10:29:43.4890278Z 
2026-10-06T10:29:43.4890387Z OK
2026-10-06T10:29:43.5018602Z ##[group]Run bash services/workflow-engine/run-tests.sh -Dtest=RootExecutionRegistryTest,RootReturnCompatibilityTest -Dworkflow.reports=target/execution-ci-reports test 2>&1 | tee services/workflow-engine/ci-logs/execution-tests.txt
2026-10-06T10:29:43.5020528Z [36;1mbash services/workflow-engine/run-tests.sh -Dtest=RootExecutionRegistryTest,RootReturnCompatibilityTest -Dworkflow.reports=target/execution-ci-reports test 2>&1 | tee services/workflow-engine/ci-logs/execution-tests.txt[0m
2026-10-06T10:29:43.5086537Z shell: /usr/bin/bash --noprofile --norc -e -o pipefail {0}
2026-10-06T10:29:43.5086903Z ##[endgroup]
2026-10-06T10:29:44.9075818Z postgres (PostgreSQL) 18.6 (Debian 18.6-1.pgdg13+2)
2026-10-06T10:29:44.9240287Z fixture published ports={}
2026-10-06T10:29:44.9370313Z fixture network internal=true
2026-10-06T10:29:46.2993408Z [INFO] Scanning for projects...
2026-10-06T10:29:46.5483651Z [INFO] 
2026-10-06T10:29:46.5484419Z [INFO] --------------------< org.weaveos:workflow-engine >---------------------
2026-10-06T10:29:46.5485359Z [INFO] Building WeaveOS controlled workflow engine core 0.3.0-SNAPSHOT
2026-10-06T10:29:46.5486050Z [INFO]   from pom.xml
2026-10-06T10:29:46.5486596Z [INFO] --------------------------------[ jar ]---------------------------------
2026-10-06T10:29:47.0976784Z [INFO] 
2026-10-06T10:29:47.0977771Z [INFO] --- resources:3.3.1:resources (default-resources) @ workflow-engine ---
2026-10-06T10:29:47.2262743Z [INFO] skip non existing resourceDirectory /proof/src/main/resources
2026-10-06T10:29:47.2263742Z [INFO] skip non existing resourceDirectory /proof/src/main/resources
2026-10-06T10:29:47.2266071Z [INFO] 
2026-10-06T10:29:47.2268015Z [INFO] --- compiler:3.14.1:compile (default-compile) @ workflow-engine ---
2026-10-06T10:29:47.3300148Z [INFO] Nothing to compile - all classes are up to date.
2026-10-06T10:29:47.3309253Z [INFO] 
2026-10-06T10:29:47.3311444Z [INFO] --- resources:3.3.1:testResources (default-testResources) @ workflow-engine ---
2026-10-06T10:29:47.3373234Z [INFO] Copying 6 resources from src/test/resources to target/test-classes
2026-10-06T10:29:47.3406395Z [INFO] 
2026-10-06T10:29:47.3407783Z [INFO] --- compiler:3.14.1:testCompile (default-testCompile) @ workflow-engine ---
2026-10-06T10:29:47.3604947Z [INFO] Nothing to compile - all classes are up to date.
2026-10-06T10:29:47.3605858Z [INFO] 
2026-10-06T10:29:47.3606655Z [INFO] --- surefire:3.5.4:test (default-test) @ workflow-engine ---
2026-10-06T10:29:47.4954327Z [INFO] Using auto detected provider org.apache.maven.surefire.junitplatform.JUnitPlatformProvider
2026-10-06T10:29:47.5357719Z [INFO] 
2026-10-06T10:29:47.5365035Z [INFO] -------------------------------------------------------
2026-10-06T10:29:47.5365885Z [INFO]  T E S T S
2026-10-06T10:29:47.5366348Z [INFO] -------------------------------------------------------
2026-10-06T10:29:48.3984588Z [INFO] Running org.weaveos.workflow.RootExecutionRegistryTest
2026-10-06T10:29:50.2267990Z 10:29:50.174 [main] INFO org.flowable.common.engine.impl.async.DefaultAsyncTaskExecutor -- Creating thread pool queue of size 100
2026-10-06T10:29:50.2278457Z 10:29:50.178 [main] INFO org.flowable.common.engine.impl.async.DefaultAsyncTaskExecutor -- Creating thread factory with naming pattern flowable-async-task-invoker-thread-%d
2026-10-06T10:29:50.2281396Z 10:29:50.179 [main] INFO org.flowable.common.engine.impl.async.DefaultAsyncTaskExecutor -- Creating executor service with corePoolSize 8, maxPoolSize 8 and keepAliveTime 5000
2026-10-06T10:29:50.2284683Z 10:29:50.179 [main] INFO org.flowable.common.engine.impl.async.DefaultAsyncTaskExecutor -- Using rejectedExecutionHandler java.util.concurrent.ThreadPoolExecutor$CallerRunsPolicy@37e69c43
2026-10-06T10:29:50.2287355Z 10:29:50.180 [main] INFO org.flowable.common.engine.impl.async.DefaultAsyncTaskExecutor -- Creating thread pool queue of size 2048
2026-10-06T10:29:50.2290303Z 10:29:50.180 [main] INFO org.flowable.common.engine.impl.async.DefaultAsyncTaskExecutor -- Creating thread factory with naming pattern flowable-async-job-executor-thread-%d
2026-10-06T10:29:50.2293263Z 10:29:50.180 [main] INFO org.flowable.common.engine.impl.async.DefaultAsyncTaskExecutor -- Creating executor service with corePoolSize 8, maxPoolSize 8 and keepAliveTime 5000
2026-10-06T10:29:50.3220656Z 10:29:50.232 [main] INFO org.flowable.common.engine.impl.db.CommonDbSchemaManager -- performing create on common with resource org/flowable/common/db/create/flowable.postgres.create.common.sql
2026-10-06T10:29:50.4218958Z 10:29:50.336 [main] INFO org.flowable.engine.impl.db.ProcessDbSchemaManager -- performing create on engine with resource org/flowable/db/create/flowable.postgres.create.engine.sql
2026-10-06T10:29:50.4221844Z 10:29:50.401 [main] INFO org.flowable.engine.impl.db.ProcessDbSchemaManager -- performing create on history with resource org/flowable/db/create/flowable.postgres.create.history.sql
2026-10-06T10:29:50.5221640Z 10:29:50.425 [main] INFO org.flowable.engine.impl.ProcessEngineImpl -- ProcessEngine default created
2026-10-06T10:29:50.5225752Z 10:29:50.476 [main] INFO org.flowable.engine.impl.cmd.ValidateV5EntitiesCmd -- Total of v5 deployments found: 0
2026-10-06T10:29:51.7381114Z 10:29:51.663 [main] INFO org.flowable.common.engine.impl.async.DefaultAsyncTaskExecutor -- Creating thread pool queue of size 100
2026-10-06T10:29:51.7395897Z 10:29:51.663 [main] INFO org.flowable.common.engine.impl.async.DefaultAsyncTaskExecutor -- Creating thread factory with naming pattern flowable-async-task-invoker-thread-%d
2026-10-06T10:29:51.7400503Z 10:29:51.664 [main] INFO org.flowable.common.engine.impl.async.DefaultAsyncTaskExecutor -- Creating executor service with corePoolSize 8, maxPoolSize 8 and keepAliveTime 5000
2026-10-06T10:29:51.7405855Z 10:29:51.664 [main] INFO org.flowable.common.engine.impl.async.DefaultAsyncTaskExecutor -- Using rejectedExecutionHandler java.util.concurrent.ThreadPoolExecutor$CallerRunsPolicy@113f9078
2026-10-06T10:29:51.7410026Z 10:29:51.664 [main] INFO org.flowable.common.engine.impl.async.DefaultAsyncTaskExecutor -- Creating thread pool queue of size 2048
2026-10-06T10:29:51.7413346Z 10:29:51.664 [main] INFO org.flowable.common.engine.impl.async.DefaultAsyncTaskExecutor -- Creating thread factory with naming pattern flowable-async-job-executor-thread-%d
2026-10-06T10:29:51.7417764Z 10:29:51.664 [main] INFO org.flowable.common.engine.impl.async.DefaultAsyncTaskExecutor -- Creating executor service with corePoolSize 8, maxPoolSize 8 and keepAliveTime 5000
2026-10-06T10:29:51.7420385Z 10:29:51.679 [main] INFO org.flowable.common.engine.impl.db.CommonDbSchemaManager -- performing create on common with resource org/flowable/common/db/create/flowable.postgres.create.common.sql
2026-10-06T10:29:51.8378546Z 10:29:51.768 [main] INFO org.flowable.engine.impl.db.ProcessDbSchemaManager -- performing create on engine with resource org/flowable/db/create/flowable.postgres.create.engine.sql
2026-10-06T10:29:51.8387270Z 10:29:51.829 [main] INFO org.flowable.engine.impl.db.ProcessDbSchemaManager -- performing create on history with resource org/flowable/db/create/flowable.postgres.create.history.sql
2026-10-06T10:29:51.9382233Z 10:29:51.851 [main] INFO org.flowable.engine.impl.ProcessEngineImpl -- ProcessEngine default created
2026-10-06T10:29:51.9418859Z 10:29:51.866 [main] INFO org.flowable.engine.impl.cmd.ValidateV5EntitiesCmd -- Total of v5 deployments found: 0
2026-10-06T10:29:52.8465076Z 10:29:52.814 [main] INFO org.flowable.common.engine.impl.async.DefaultAsyncTaskExecutor -- Creating thread pool queue of size 100
2026-10-06T10:29:52.8474816Z 10:29:52.814 [main] INFO org.flowable.common.engine.impl.async.DefaultAsyncTaskExecutor -- Creating thread factory with naming pattern flowable-async-task-invoker-thread-%d
2026-10-06T10:29:52.8477214Z 10:29:52.814 [main] INFO org.flowable.common.engine.impl.async.DefaultAsyncTaskExecutor -- Creating executor service with corePoolSize 8, maxPoolSize 8 and keepAliveTime 5000
2026-10-06T10:29:52.8480203Z 10:29:52.814 [main] INFO org.flowable.common.engine.impl.async.DefaultAsyncTaskExecutor -- Using rejectedExecutionHandler java.util.concurrent.ThreadPoolExecutor$CallerRunsPolicy@34136bd1
2026-10-06T10:29:52.8482737Z 10:29:52.814 [main] INFO org.flowable.common.engine.impl.async.DefaultAsyncTaskExecutor -- Creating thread pool queue of size 2048
2026-10-06T10:29:52.8484961Z 10:29:52.815 [main] INFO org.flowable.common.engine.impl.async.DefaultAsyncTaskExecutor -- Creating thread factory with naming pattern flowable-async-job-executor-thread-%d
2026-10-06T10:29:52.8487774Z 10:29:52.815 [main] INFO org.flowable.common.engine.impl.async.DefaultAsyncTaskExecutor -- Creating executor service with corePoolSize 8, maxPoolSize 8 and keepAliveTime 5000
2026-10-06T10:29:52.8490468Z 10:29:52.831 [main] INFO org.flowable.common.engine.impl.db.CommonDbSchemaManager -- performing create on common with resource org/flowable/common/db/create/flowable.postgres.create.common.sql
2026-10-06T10:29:52.9452258Z 10:29:52.911 [main] INFO org.flowable.engine.impl.db.ProcessDbSchemaManager -- performing create on engine with resource org/flowable/db/create/flowable.postgres.create.engine.sql
2026-10-06T10:29:53.0453087Z 10:29:52.970 [main] INFO org.flowable.engine.impl.db.ProcessDbSchemaManager -- performing create on history with resource org/flowable/db/create/flowable.postgres.create.history.sql
2026-10-06T10:29:53.0526267Z 10:29:52.998 [main] INFO org.flowable.engine.impl.ProcessEngineImpl -- ProcessEngine default created
2026-10-06T10:29:53.0527866Z 10:29:53.011 [main] INFO org.flowable.engine.impl.cmd.ValidateV5EntitiesCmd -- Total of v5 deployments found: 0
2026-10-06T10:29:53.6480677Z 10:29:53.568 [main] INFO org.flowable.common.engine.impl.async.DefaultAsyncTaskExecutor -- Creating thread pool queue of size 100
2026-10-06T10:29:53.6483759Z 10:29:53.568 [main] INFO org.flowable.common.engine.impl.async.DefaultAsyncTaskExecutor -- Creating thread factory with naming pattern flowable-async-task-invoker-thread-%d
2026-10-06T10:29:53.6488155Z 10:29:53.569 [main] INFO org.flowable.common.engine.impl.async.DefaultAsyncTaskExecutor -- Creating executor service with corePoolSize 8, maxPoolSize 8 and keepAliveTime 5000
2026-10-06T10:29:53.6490861Z 10:29:53.569 [main] INFO org.flowable.common.engine.impl.async.DefaultAsyncTaskExecutor -- Using rejectedExecutionHandler java.util.concurrent.ThreadPoolExecutor$CallerRunsPolicy@7994a0d1
2026-10-06T10:29:53.6492690Z 10:29:53.569 [main] INFO org.flowable.common.engine.impl.async.DefaultAsyncTaskExecutor -- Creating thread pool queue of size 2048
2026-10-06T10:29:53.6493976Z 10:29:53.569 [main] INFO org.flowable.common.engine.impl.async.DefaultAsyncTaskExecutor -- Creating thread factory with naming pattern flowable-async-job-executor-thread-%d
2026-10-06T10:29:53.6495224Z 10:29:53.569 [main] INFO org.flowable.common.engine.impl.async.DefaultAsyncTaskExecutor -- Creating executor service with corePoolSize 8, maxPoolSize 8 and keepAliveTime 5000
2026-10-06T10:29:53.6496538Z 10:29:53.578 [main] INFO org.flowable.common.engine.impl.db.CommonDbSchemaManager -- performing create on common with resource org/flowable/common/db/create/flowable.postgres.create.common.sql
2026-10-06T10:29:53.6497901Z 10:29:53.637 [main] INFO org.flowable.engine.impl.db.ProcessDbSchemaManager -- performing create on engine with resource org/flowable/db/create/flowable.postgres.create.engine.sql
2026-10-06T10:29:53.7500822Z 10:29:53.680 [main] INFO org.flowable.engine.impl.db.ProcessDbSchemaManager -- performing create on history with resource org/flowable/db/create/flowable.postgres.create.history.sql
2026-10-06T10:29:53.7503499Z 10:29:53.692 [main] INFO org.flowable.engine.impl.ProcessEngineImpl -- ProcessEngine default created
2026-10-06T10:29:53.7505177Z 10:29:53.701 [main] INFO org.flowable.engine.impl.cmd.ValidateV5EntitiesCmd -- Total of v5 deployments found: 0
2026-10-06T10:29:54.5506607Z 10:29:54.524 [main] INFO org.flowable.common.engine.impl.async.DefaultAsyncTaskExecutor -- Creating thread pool queue of size 100
2026-10-06T10:29:54.5522203Z 10:29:54.524 [main] INFO org.flowable.common.engine.impl.async.DefaultAsyncTaskExecutor -- Creating thread factory with naming pattern flowable-async-task-invoker-thread-%d
2026-10-06T10:29:54.5535094Z 10:29:54.524 [main] INFO org.flowable.common.engine.impl.async.DefaultAsyncTaskExecutor -- Creating executor service with corePoolSize 8, maxPoolSize 8 and keepAliveTime 5000
2026-10-06T10:29:54.5546042Z 10:29:54.524 [main] INFO org.flowable.common.engine.impl.async.DefaultAsyncTaskExecutor -- Using rejectedExecutionHandler java.util.concurrent.ThreadPoolExecutor$CallerRunsPolicy@6ef4cbe1
2026-10-06T10:29:54.5548211Z 10:29:54.524 [main] INFO org.flowable.common.engine.impl.async.DefaultAsyncTaskExecutor -- Creating thread pool queue of size 2048
2026-10-06T10:29:54.5550388Z 10:29:54.524 [main] INFO org.flowable.common.engine.impl.async.DefaultAsyncTaskExecutor -- Creating thread factory with naming pattern flowable-async-job-executor-thread-%d
2026-10-06T10:29:54.5553154Z 10:29:54.524 [main] INFO org.flowable.common.engine.impl.async.DefaultAsyncTaskExecutor -- Creating executor service with corePoolSize 8, maxPoolSize 8 and keepAliveTime 5000
2026-10-06T10:29:54.5557087Z 10:29:54.540 [main] INFO org.flowable.common.engine.impl.db.CommonDbSchemaManager -- performing create on common with resource org/flowable/common/db/create/flowable.postgres.create.common.sql
2026-10-06T10:29:54.6509476Z 10:29:54.624 [main] INFO org.flowable.engine.impl.db.ProcessDbSchemaManager -- performing create on engine with resource org/flowable/db/create/flowable.postgres.create.engine.sql
2026-10-06T10:29:54.7510738Z 10:29:54.683 [main] INFO org.flowable.engine.impl.db.ProcessDbSchemaManager -- performing create on history with resource org/flowable/db/create/flowable.postgres.create.history.sql
2026-10-06T10:29:54.7511825Z 10:29:54.701 [main] INFO org.flowable.engine.impl.ProcessEngineImpl -- ProcessEngine default created
2026-10-06T10:29:54.7512843Z 10:29:54.710 [main] INFO org.flowable.engine.impl.cmd.ValidateV5EntitiesCmd -- Total of v5 deployments found: 0
2026-10-06T10:29:55.2536091Z 10:29:55.250 [main] INFO org.flowable.common.engine.impl.async.DefaultAsyncTaskExecutor -- Creating thread pool queue of size 100
2026-10-06T10:29:55.2538837Z 10:29:55.250 [main] INFO org.flowable.common.engine.impl.async.DefaultAsyncTaskExecutor -- Creating thread factory with naming pattern flowable-async-task-invoker-thread-%d
2026-10-06T10:29:55.2541545Z 10:29:55.250 [main] INFO org.flowable.common.engine.impl.async.DefaultAsyncTaskExecutor -- Creating executor service with corePoolSize 8, maxPoolSize 8 and keepAliveTime 5000
2026-10-06T10:29:55.2544543Z 10:29:55.251 [main] INFO org.flowable.common.engine.impl.async.DefaultAsyncTaskExecutor -- Using rejectedExecutionHandler java.util.concurrent.ThreadPoolExecutor$CallerRunsPolicy@54489296
2026-10-06T10:29:55.2546806Z 10:29:55.251 [main] INFO org.flowable.common.engine.impl.async.DefaultAsyncTaskExecutor -- Creating thread pool queue of size 2048
2026-10-06T10:29:55.2549391Z 10:29:55.251 [main] INFO org.flowable.common.engine.impl.async.DefaultAsyncTaskExecutor -- Creating thread factory with naming pattern flowable-async-job-executor-thread-%d
2026-10-06T10:29:55.2552054Z 10:29:55.251 [main] INFO org.flowable.common.engine.impl.async.DefaultAsyncTaskExecutor -- Creating executor service with corePoolSize 8, maxPoolSize 8 and keepAliveTime 5000
2026-10-06T10:29:55.3549739Z 10:29:55.267 [main] INFO org.flowable.common.engine.impl.db.CommonDbSchemaManager -- performing create on common with resource org/flowable/common/db/create/flowable.postgres.create.common.sql
2026-10-06T10:29:55.3572371Z 10:29:55.350 [main] INFO org.flowable.engine.impl.db.ProcessDbSchemaManager -- performing create on engine with resource org/flowable/db/create/flowable.postgres.create.engine.sql
2026-10-06T10:29:55.4545923Z 10:29:55.411 [main] INFO org.flowable.engine.impl.db.ProcessDbSchemaManager -- performing create on history with resource org/flowable/db/create/flowable.postgres.create.history.sql
2026-10-06T10:29:55.4547284Z 10:29:55.429 [main] INFO org.flowable.engine.impl.ProcessEngineImpl -- ProcessEngine default created
2026-10-06T10:29:55.4548079Z 10:29:55.439 [main] INFO org.flowable.engine.impl.cmd.ValidateV5EntitiesCmd -- Total of v5 deployments found: 0
2026-10-06T10:29:56.1555913Z 10:29:56.111 [main] INFO org.flowable.common.engine.impl.async.DefaultAsyncTaskExecutor -- Creating thread pool queue of size 100
2026-10-06T10:29:56.1558824Z 10:29:56.111 [main] INFO org.flowable.common.engine.impl.async.DefaultAsyncTaskExecutor -- Creating thread factory with naming pattern flowable-async-task-invoker-thread-%d
2026-10-06T10:29:56.1571365Z 10:29:56.111 [main] INFO org.flowable.common.engine.impl.async.DefaultAsyncTaskExecutor -- Creating executor service with corePoolSize 8, maxPoolSize 8 and keepAliveTime 5000
2026-10-06T10:29:56.1575882Z 10:29:56.111 [main] INFO org.flowable.common.engine.impl.async.DefaultAsyncTaskExecutor -- Using rejectedExecutionHandler java.util.concurrent.ThreadPoolExecutor$CallerRunsPolicy@1815577b
2026-10-06T10:29:56.1579237Z 10:29:56.111 [main] INFO org.flowable.common.engine.impl.async.DefaultAsyncTaskExecutor -- Creating thread pool queue of size 2048
2026-10-06T10:29:56.1582324Z 10:29:56.111 [main] INFO org.flowable.common.engine.impl.async.DefaultAsyncTaskExecutor -- Creating thread factory with naming pattern flowable-async-job-executor-thread-%d
2026-10-06T10:29:56.1586141Z 10:29:56.111 [main] INFO org.flowable.common.engine.impl.async.DefaultAsyncTaskExecutor -- Creating executor service with corePoolSize 8, maxPoolSize 8 and keepAliveTime 5000
2026-10-06T10:29:56.1589458Z 10:29:56.124 [main] INFO org.flowable.common.engine.impl.db.CommonDbSchemaManager -- performing create on common with resource org/flowable/common/db/create/flowable.postgres.create.common.sql
2026-10-06T10:29:56.2563229Z 10:29:56.195 [main] INFO org.flowable.engine.impl.db.ProcessDbSchemaManager -- performing create on engine with resource org/flowable/db/create/flowable.postgres.create.engine.sql
2026-10-06T10:29:56.2565641Z 10:29:56.241 [main] INFO org.flowable.engine.impl.db.ProcessDbSchemaManager -- performing create on history with resource org/flowable/db/create/flowable.postgres.create.history.sql
2026-10-06T10:29:56.3570014Z 10:29:56.254 [main] INFO org.flowable.engine.impl.ProcessEngineImpl -- ProcessEngine default created
2026-10-06T10:29:56.3572079Z 10:29:56.262 [main] INFO org.flowable.engine.impl.cmd.ValidateV5EntitiesCmd -- Total of v5 deployments found: 0
2026-10-06T10:29:56.8578293Z 10:29:56.793 [main] INFO org.flowable.common.engine.impl.async.DefaultAsyncTaskExecutor -- Creating thread pool queue of size 100
2026-10-06T10:29:56.8580601Z 10:29:56.794 [main] INFO org.flowable.common.engine.impl.async.DefaultAsyncTaskExecutor -- Creating thread factory with naming pattern flowable-async-task-invoker-thread-%d
2026-10-06T10:29:56.8583464Z 10:29:56.794 [main] INFO org.flowable.common.engine.impl.async.DefaultAsyncTaskExecutor -- Creating executor service with corePoolSize 8, maxPoolSize 8 and keepAliveTime 5000
2026-10-06T10:29:56.8586127Z 10:29:56.794 [main] INFO org.flowable.common.engine.impl.async.DefaultAsyncTaskExecutor -- Using rejectedExecutionHandler java.util.concurrent.ThreadPoolExecutor$CallerRunsPolicy@5b7308aa
2026-10-06T10:29:56.8588349Z 10:29:56.794 [main] INFO org.flowable.common.engine.impl.async.DefaultAsyncTaskExecutor -- Creating thread pool queue of size 2048
2026-10-06T10:29:56.8590529Z 10:29:56.794 [main] INFO org.flowable.common.engine.impl.async.DefaultAsyncTaskExecutor -- Creating thread factory with naming pattern flowable-async-job-executor-thread-%d
2026-10-06T10:29:56.8592766Z 10:29:56.794 [main] INFO org.flowable.common.engine.impl.async.DefaultAsyncTaskExecutor -- Creating executor service with corePoolSize 8, maxPoolSize 8 and keepAliveTime 5000
2026-10-06T10:29:56.8595374Z 10:29:56.807 [main] INFO org.flowable.common.engine.impl.db.CommonDbSchemaManager -- performing create on common with resource org/flowable/common/db/create/flowable.postgres.create.common.sql
2026-10-06T10:29:56.9575538Z 10:29:56.874 [main] INFO org.flowable.engine.impl.db.ProcessDbSchemaManager -- performing create on engine with resource org/flowable/db/create/flowable.postgres.create.engine.sql
2026-10-06T10:29:56.9577993Z 10:29:56.914 [main] INFO org.flowable.engine.impl.db.ProcessDbSchemaManager -- performing create on history with resource org/flowable/db/create/flowable.postgres.create.history.sql
2026-10-06T10:29:56.9593920Z 10:29:56.927 [main] INFO org.flowable.engine.impl.ProcessEngineImpl -- ProcessEngine default created
2026-10-06T10:29:56.9595223Z 10:29:56.935 [main] INFO org.flowable.engine.impl.cmd.ValidateV5EntitiesCmd -- Total of v5 deployments found: 0
2026-10-06T10:29:57.4605338Z 10:29:57.406 [main] INFO org.flowable.common.engine.impl.async.DefaultAsyncTaskExecutor -- Creating thread pool queue of size 100
2026-10-06T10:29:57.4607572Z 10:29:57.406 [main] INFO org.flowable.common.engine.impl.async.DefaultAsyncTaskExecutor -- Creating thread factory with naming pattern flowable-async-task-invoker-thread-%d
2026-10-06T10:29:57.4618897Z 10:29:57.407 [main] INFO org.flowable.common.engine.impl.async.DefaultAsyncTaskExecutor -- Creating executor service with corePoolSize 8, maxPoolSize 8 and keepAliveTime 5000
2026-10-06T10:29:57.4622735Z 10:29:57.407 [main] INFO org.flowable.common.engine.impl.async.DefaultAsyncTaskExecutor -- Using rejectedExecutionHandler java.util.concurrent.ThreadPoolExecutor$CallerRunsPolicy@4efb13f1
2026-10-06T10:29:57.4624995Z 10:29:57.407 [main] INFO org.flowable.common.engine.impl.async.DefaultAsyncTaskExecutor -- Creating thread pool queue of size 2048
2026-10-06T10:29:57.4627105Z 10:29:57.407 [main] INFO org.flowable.common.engine.impl.async.DefaultAsyncTaskExecutor -- Creating thread factory with naming pattern flowable-async-job-executor-thread-%d
2026-10-06T10:29:57.4629475Z 10:29:57.407 [main] INFO org.flowable.common.engine.impl.async.DefaultAsyncTaskExecutor -- Creating executor service with corePoolSize 8, maxPoolSize 8 and keepAliveTime 5000
2026-10-06T10:29:57.4635416Z 10:29:57.418 [main] INFO org.flowable.common.engine.impl.db.CommonDbSchemaManager -- performing create on common with resource org/flowable/common/db/create/flowable.postgres.create.common.sql
2026-10-06T10:29:57.5594932Z 10:29:57.485 [main] INFO org.flowable.engine.impl.db.ProcessDbSchemaManager -- performing create on engine with resource org/flowable/db/create/flowable.postgres.create.engine.sql
2026-10-06T10:29:57.5600596Z 10:29:57.538 [main] INFO org.flowable.engine.impl.db.ProcessDbSchemaManager -- performing create on history with resource org/flowable/db/create/flowable.postgres.create.history.sql
2026-10-06T10:29:57.5603538Z 10:29:57.550 [main] INFO org.flowable.engine.impl.ProcessEngineImpl -- ProcessEngine default created
2026-10-06T10:29:57.6600949Z 10:29:57.559 [main] INFO org.flowable.engine.impl.cmd.ValidateV5EntitiesCmd -- Total of v5 deployments found: 0
2026-10-06T10:29:58.1638591Z 10:29:58.081 [main] INFO org.flowable.common.engine.impl.async.DefaultAsyncTaskExecutor -- Creating thread pool queue of size 100
2026-10-06T10:29:58.1652931Z 10:29:58.081 [main] INFO org.flowable.common.engine.impl.async.DefaultAsyncTaskExecutor -- Creating thread factory with naming pattern flowable-async-task-invoker-thread-%d
2026-10-06T10:29:58.1656150Z 10:29:58.081 [main] INFO org.flowable.common.engine.impl.async.DefaultAsyncTaskExecutor -- Creating executor service with corePoolSize 8, maxPoolSize 8 and keepAliveTime 5000
2026-10-06T10:29:58.1659089Z 10:29:58.081 [main] INFO org.flowable.common.engine.impl.async.DefaultAsyncTaskExecutor -- Using rejectedExecutionHandler java.util.concurrent.ThreadPoolExecutor$CallerRunsPolicy@5c5f0edc
2026-10-06T10:29:58.1662848Z 10:29:58.081 [main] INFO org.flowable.common.engine.impl.async.DefaultAsyncTaskExecutor -- Creating thread pool queue of size 2048
2026-10-06T10:29:58.1676805Z 10:29:58.081 [main] INFO org.flowable.common.engine.impl.async.DefaultAsyncTaskExecutor -- Creating thread factory with naming pattern flowable-async-job-executor-thread-%d
2026-10-06T10:29:58.1686162Z 10:29:58.082 [main] INFO org.flowable.common.engine.impl.async.DefaultAsyncTaskExecutor -- Creating executor service with corePoolSize 8, maxPoolSize 8 and keepAliveTime 5000
2026-10-06T10:29:58.1689220Z 10:29:58.095 [main] INFO org.flowable.common.engine.impl.db.CommonDbSchemaManager -- performing create on common with resource org/flowable/common/db/create/flowable.postgres.create.common.sql
2026-10-06T10:29:58.2608849Z 10:29:58.180 [main] INFO org.flowable.engine.impl.db.ProcessDbSchemaManager -- performing create on engine with resource org/flowable/db/create/flowable.postgres.create.engine.sql
2026-10-06T10:29:58.2616947Z 10:29:58.239 [main] INFO org.flowable.engine.impl.db.ProcessDbSchemaManager -- performing create on history with resource org/flowable/db/create/flowable.postgres.create.history.sql
2026-10-06T10:29:58.2623690Z 10:29:58.258 [main] INFO org.flowable.engine.impl.ProcessEngineImpl -- ProcessEngine default created
2026-10-06T10:29:58.3613138Z 10:29:58.269 [main] INFO org.flowable.engine.impl.cmd.ValidateV5EntitiesCmd -- Total of v5 deployments found: 0
2026-10-06T10:29:58.8620969Z 10:29:58.781 [main] INFO org.flowable.common.engine.impl.async.DefaultAsyncTaskExecutor -- Creating thread pool queue of size 100
2026-10-06T10:29:58.8624124Z 10:29:58.782 [main] INFO org.flowable.common.engine.impl.async.DefaultAsyncTaskExecutor -- Creating thread factory with naming pattern flowable-async-task-invoker-thread-%d
2026-10-06T10:29:58.8627160Z 10:29:58.782 [main] INFO org.flowable.common.engine.impl.async.DefaultAsyncTaskExecutor -- Creating executor service with corePoolSize 8, maxPoolSize 8 and keepAliveTime 5000
2026-10-06T10:29:58.8629984Z 10:29:58.782 [main] INFO org.flowable.common.engine.impl.async.DefaultAsyncTaskExecutor -- Using rejectedExecutionHandler java.util.concurrent.ThreadPoolExecutor$CallerRunsPolicy@62108cd3
2026-10-06T10:29:58.8632321Z 10:29:58.782 [main] INFO org.flowable.common.engine.impl.async.DefaultAsyncTaskExecutor -- Creating thread pool queue of size 2048
2026-10-06T10:29:58.8634768Z 10:29:58.782 [main] INFO org.flowable.common.engine.impl.async.DefaultAsyncTaskExecutor -- Creating thread factory with naming pattern flowable-async-job-executor-thread-%d
2026-10-06T10:29:58.8637335Z 10:29:58.782 [main] INFO org.flowable.common.engine.impl.async.DefaultAsyncTaskExecutor -- Creating executor service with corePoolSize 8, maxPoolSize 8 and keepAliveTime 5000
2026-10-06T10:29:58.8639990Z 10:29:58.795 [main] INFO org.flowable.common.engine.impl.db.CommonDbSchemaManager -- performing create on common with resource org/flowable/common/db/create/flowable.postgres.create.common.sql
2026-10-06T10:29:58.9619750Z 10:29:58.866 [main] INFO org.flowable.engine.impl.db.ProcessDbSchemaManager -- performing create on engine with resource org/flowable/db/create/flowable.postgres.create.engine.sql
2026-10-06T10:29:58.9621181Z 10:29:58.907 [main] INFO org.flowable.engine.impl.db.ProcessDbSchemaManager -- performing create on history with resource org/flowable/db/create/flowable.postgres.create.history.sql
2026-10-06T10:29:58.9622282Z 10:29:58.919 [main] INFO org.flowable.engine.impl.ProcessEngineImpl -- ProcessEngine default created
2026-10-06T10:29:58.9623354Z 10:29:58.926 [main] INFO org.flowable.engine.impl.cmd.ValidateV5EntitiesCmd -- Total of v5 deployments found: 0
2026-10-06T10:29:59.6642649Z 10:29:59.637 [main] INFO org.flowable.common.engine.impl.async.DefaultAsyncTaskExecutor -- Creating thread pool queue of size 100
2026-10-06T10:29:59.6644739Z 10:29:59.637 [main] INFO org.flowable.common.engine.impl.async.DefaultAsyncTaskExecutor -- Creating thread factory with naming pattern flowable-async-task-invoker-thread-%d
2026-10-06T10:29:59.6646012Z 10:29:59.637 [main] INFO org.flowable.common.engine.impl.async.DefaultAsyncTaskExecutor -- Creating executor service with corePoolSize 8, maxPoolSize 8 and keepAliveTime 5000
2026-10-06T10:29:59.6647336Z 10:29:59.637 [main] INFO org.flowable.common.engine.impl.async.DefaultAsyncTaskExecutor -- Using rejectedExecutionHandler java.util.concurrent.ThreadPoolExecutor$CallerRunsPolicy@3bab95ca
2026-10-06T10:29:59.6648766Z 10:29:59.637 [main] INFO org.flowable.common.engine.impl.async.DefaultAsyncTaskExecutor -- Creating thread pool queue of size 2048
2026-10-06T10:29:59.6649866Z 10:29:59.637 [main] INFO org.flowable.common.engine.impl.async.DefaultAsyncTaskExecutor -- Creating thread factory with naming pattern flowable-async-job-executor-thread-%d
2026-10-06T10:29:59.6651512Z 10:29:59.637 [main] INFO org.flowable.common.engine.impl.async.DefaultAsyncTaskExecutor -- Creating executor service with corePoolSize 8, maxPoolSize 8 and keepAliveTime 5000
2026-10-06T10:29:59.6654071Z 10:29:59.647 [main] INFO org.flowable.common.engine.impl.db.CommonDbSchemaManager -- performing create on common with resource org/flowable/common/db/create/flowable.postgres.create.common.sql
2026-10-06T10:29:59.7641439Z 10:29:59.711 [main] INFO org.flowable.engine.impl.db.ProcessDbSchemaManager -- performing create on engine with resource org/flowable/db/create/flowable.postgres.create.engine.sql
2026-10-06T10:29:59.7644991Z 10:29:59.753 [main] INFO org.flowable.engine.impl.db.ProcessDbSchemaManager -- performing create on history with resource org/flowable/db/create/flowable.postgres.create.history.sql
2026-10-06T10:29:59.8665867Z 10:29:59.772 [main] INFO org.flowable.engine.impl.ProcessEngineImpl -- ProcessEngine default created
2026-10-06T10:29:59.8667351Z 10:29:59.780 [main] INFO org.flowable.engine.impl.cmd.ValidateV5EntitiesCmd -- Total of v5 deployments found: 0
2026-10-06T10:30:00.1662870Z 10:30:00.149 [main] INFO org.flowable.common.engine.impl.async.DefaultAsyncTaskExecutor -- Creating thread pool queue of size 100
2026-10-06T10:30:00.1665815Z 10:30:00.149 [main] INFO org.flowable.common.engine.impl.async.DefaultAsyncTaskExecutor -- Creating thread factory with naming pattern flowable-async-task-invoker-thread-%d
2026-10-06T10:30:00.1668637Z 10:30:00.149 [main] INFO org.flowable.common.engine.impl.async.DefaultAsyncTaskExecutor -- Creating executor service with corePoolSize 8, maxPoolSize 8 and keepAliveTime 5000
2026-10-06T10:30:00.1671601Z 10:30:00.149 [main] INFO org.flowable.common.engine.impl.async.DefaultAsyncTaskExecutor -- Using rejectedExecutionHandler java.util.concurrent.ThreadPoolExecutor$CallerRunsPolicy@5a8d676e
2026-10-06T10:30:00.1675732Z 10:30:00.149 [main] INFO org.flowable.common.engine.impl.async.DefaultAsyncTaskExecutor -- Creating thread pool queue of size 2048
2026-10-06T10:30:00.1679100Z 10:30:00.149 [main] INFO org.flowable.common.engine.impl.async.DefaultAsyncTaskExecutor -- Creating thread factory with naming pattern flowable-async-job-executor-thread-%d
2026-10-06T10:30:00.1681877Z 10:30:00.149 [main] INFO org.flowable.common.engine.impl.async.DefaultAsyncTaskExecutor -- Creating executor service with corePoolSize 8, maxPoolSize 8 and keepAliveTime 5000
2026-10-06T10:30:00.1685110Z 10:30:00.159 [main] INFO org.flowable.common.engine.impl.db.CommonDbSchemaManager -- performing create on common with resource org/flowable/common/db/create/flowable.postgres.create.common.sql
2026-10-06T10:30:00.2663686Z 10:30:00.219 [main] INFO org.flowable.engine.impl.db.ProcessDbSchemaManager -- performing create on engine with resource org/flowable/db/create/flowable.postgres.create.engine.sql
2026-10-06T10:30:00.2667872Z 10:30:00.264 [main] INFO org.flowable.engine.impl.db.ProcessDbSchemaManager -- performing create on history with resource org/flowable/db/create/flowable.postgres.create.history.sql
2026-10-06T10:30:00.3665724Z 10:30:00.278 [main] INFO org.flowable.engine.impl.ProcessEngineImpl -- ProcessEngine default created
2026-10-06T10:30:00.3667697Z 10:30:00.286 [main] INFO org.flowable.engine.impl.cmd.ValidateV5EntitiesCmd -- Total of v5 deployments found: 0
2026-10-06T10:30:00.9677384Z 10:30:00.886 [main] INFO org.flowable.common.engine.impl.async.DefaultAsyncTaskExecutor -- Creating thread pool queue of size 100
2026-10-06T10:30:00.9679155Z 10:30:00.886 [main] INFO org.flowable.common.engine.impl.async.DefaultAsyncTaskExecutor -- Creating thread factory with naming pattern flowable-async-task-invoker-thread-%d
2026-10-06T10:30:00.9680739Z 10:30:00.886 [main] INFO org.flowable.common.engine.impl.async.DefaultAsyncTaskExecutor -- Creating executor service with corePoolSize 8, maxPoolSize 8 and keepAliveTime 5000
2026-10-06T10:30:00.9682108Z 10:30:00.886 [main] INFO org.flowable.common.engine.impl.async.DefaultAsyncTaskExecutor -- Using rejectedExecutionHandler java.util.concurrent.ThreadPoolExecutor$CallerRunsPolicy@5f6e2ad9
2026-10-06T10:30:00.9684014Z 10:30:00.886 [main] INFO org.flowable.common.engine.impl.async.DefaultAsyncTaskExecutor -- Creating thread pool queue of size 2048
2026-10-06T10:30:00.9685116Z 10:30:00.886 [main] INFO org.flowable.common.engine.impl.async.DefaultAsyncTaskExecutor -- Creating thread factory with naming pattern flowable-async-job-executor-thread-%d
2026-10-06T10:30:00.9686359Z 10:30:00.886 [main] INFO org.flowable.common.engine.impl.async.DefaultAsyncTaskExecutor -- Creating executor service with corePoolSize 8, maxPoolSize 8 and keepAliveTime 5000
2026-10-06T10:30:00.9687656Z 10:30:00.895 [main] INFO org.flowable.common.engine.impl.db.CommonDbSchemaManager -- performing create on common with resource org/flowable/common/db/create/flowable.postgres.create.common.sql
2026-10-06T10:30:00.9689012Z 10:30:00.951 [main] INFO org.flowable.engine.impl.db.ProcessDbSchemaManager -- performing create on engine with resource org/flowable/db/create/flowable.postgres.create.engine.sql
2026-10-06T10:30:01.0679640Z 10:30:00.995 [main] INFO org.flowable.engine.impl.db.ProcessDbSchemaManager -- performing create on history with resource org/flowable/db/create/flowable.postgres.create.history.sql
2026-10-06T10:30:01.0681920Z 10:30:01.011 [main] INFO org.flowable.engine.impl.ProcessEngineImpl -- ProcessEngine default created
2026-10-06T10:30:01.0683649Z 10:30:01.018 [main] INFO org.flowable.engine.impl.cmd.ValidateV5EntitiesCmd -- Total of v5 deployments found: 0
2026-10-06T10:30:01.5689794Z 10:30:01.565 [main] INFO org.flowable.common.engine.impl.async.DefaultAsyncTaskExecutor -- Creating thread pool queue of size 100
2026-10-06T10:30:01.5697611Z 10:30:01.566 [main] INFO org.flowable.common.engine.impl.async.DefaultAsyncTaskExecutor -- Creating thread factory with naming pattern flowable-async-task-invoker-thread-%d
2026-10-06T10:30:01.5701324Z 10:30:01.566 [main] INFO org.flowable.common.engine.impl.async.DefaultAsyncTaskExecutor -- Creating executor service with corePoolSize 8, maxPoolSize 8 and keepAliveTime 5000
2026-10-06T10:30:01.5704628Z 10:30:01.566 [main] INFO org.flowable.common.engine.impl.async.DefaultAsyncTaskExecutor -- Using rejectedExecutionHandler java.util.concurrent.ThreadPoolExecutor$CallerRunsPolicy@69a73867
2026-10-06T10:30:01.5708265Z 10:30:01.566 [main] INFO org.flowable.common.engine.impl.async.DefaultAsyncTaskExecutor -- Creating thread pool queue of size 2048
2026-10-06T10:30:01.5711842Z 10:30:01.566 [main] INFO org.flowable.common.engine.impl.async.DefaultAsyncTaskExecutor -- Creating thread factory with naming pattern flowable-async-job-executor-thread-%d
2026-10-06T10:30:01.5714990Z 10:30:01.566 [main] INFO org.flowable.common.engine.impl.async.DefaultAsyncTaskExecutor -- Creating executor service with corePoolSize 8, maxPoolSize 8 and keepAliveTime 5000
2026-10-06T10:30:01.6691283Z 10:30:01.582 [main] INFO org.flowable.common.engine.impl.db.CommonDbSchemaManager -- performing create on common with resource org/flowable/common/db/create/flowable.postgres.create.common.sql
2026-10-06T10:30:01.6714110Z 10:30:01.664 [main] INFO org.flowable.engine.impl.db.ProcessDbSchemaManager -- performing create on engine with resource org/flowable/db/create/flowable.postgres.create.engine.sql
2026-10-06T10:30:01.7705378Z 10:30:01.726 [main] INFO org.flowable.engine.impl.db.ProcessDbSchemaManager -- performing create on history with resource org/flowable/db/create/flowable.postgres.create.history.sql
2026-10-06T10:30:01.7707370Z 10:30:01.739 [main] INFO org.flowable.engine.impl.ProcessEngineImpl -- ProcessEngine default created
2026-10-06T10:30:01.7709046Z 10:30:01.748 [main] INFO org.flowable.engine.impl.cmd.ValidateV5EntitiesCmd -- Total of v5 deployments found: 0
2026-10-06T10:30:02.4704626Z 10:30:02.429 [main] INFO org.flowable.common.engine.impl.async.DefaultAsyncTaskExecutor -- Creating thread pool queue of size 100
2026-10-06T10:30:02.4706536Z 10:30:02.429 [main] INFO org.flowable.common.engine.impl.async.DefaultAsyncTaskExecutor -- Creating thread factory with naming pattern flowable-async-task-invoker-thread-%d
2026-10-06T10:30:02.4708472Z 10:30:02.429 [main] INFO org.flowable.common.engine.impl.async.DefaultAsyncTaskExecutor -- Creating executor service with corePoolSize 8, maxPoolSize 8 and keepAliveTime 5000
2026-10-06T10:30:02.4710524Z 10:30:02.429 [main] INFO org.flowable.common.engine.impl.async.DefaultAsyncTaskExecutor -- Using rejectedExecutionHandler java.util.concurrent.ThreadPoolExecutor$CallerRunsPolicy@273293c8
2026-10-06T10:30:02.4712265Z 10:30:02.429 [main] INFO org.flowable.common.engine.impl.async.DefaultAsyncTaskExecutor -- Creating thread pool queue of size 2048
2026-10-06T10:30:02.4714514Z 10:30:02.429 [main] INFO org.flowable.common.engine.impl.async.DefaultAsyncTaskExecutor -- Creating thread factory with naming pattern flowable-async-job-executor-thread-%d
2026-10-06T10:30:02.4716469Z 10:30:02.429 [main] INFO org.flowable.common.engine.impl.async.DefaultAsyncTaskExecutor -- Creating executor service with corePoolSize 8, maxPoolSize 8 and keepAliveTime 5000
2026-10-06T10:30:02.4718440Z 10:30:02.438 [main] INFO org.flowable.common.engine.impl.db.CommonDbSchemaManager -- performing create on common with resource org/flowable/common/db/create/flowable.postgres.create.common.sql
2026-10-06T10:30:02.5703617Z 10:30:02.496 [main] INFO org.flowable.engine.impl.db.ProcessDbSchemaManager -- performing create on engine with resource org/flowable/db/create/flowable.postgres.create.engine.sql
2026-10-06T10:30:02.5705029Z 10:30:02.536 [main] INFO org.flowable.engine.impl.db.ProcessDbSchemaManager -- performing create on history with resource org/flowable/db/create/flowable.postgres.create.history.sql
2026-10-06T10:30:02.5706104Z 10:30:02.549 [main] INFO org.flowable.engine.impl.ProcessEngineImpl -- ProcessEngine default created
2026-10-06T10:30:02.5707607Z 10:30:02.557 [main] INFO org.flowable.engine.impl.cmd.ValidateV5EntitiesCmd -- Total of v5 deployments found: 0
2026-10-06T10:30:03.1719915Z 10:30:03.074 [main] INFO org.flowable.common.engine.impl.async.DefaultAsyncTaskExecutor -- Creating thread pool queue of size 100
2026-10-06T10:30:03.1722383Z 10:30:03.074 [main] INFO org.flowable.common.engine.impl.async.DefaultAsyncTaskExecutor -- Creating thread factory with naming pattern flowable-async-task-invoker-thread-%d
2026-10-06T10:30:03.1725300Z 10:30:03.074 [main] INFO org.flowable.common.engine.impl.async.DefaultAsyncTaskExecutor -- Creating executor service with corePoolSize 8, maxPoolSize 8 and keepAliveTime 5000
2026-10-06T10:30:03.1728116Z 10:30:03.074 [main] INFO org.flowable.common.engine.impl.async.DefaultAsyncTaskExecutor -- Using rejectedExecutionHandler java.util.concurrent.ThreadPoolExecutor$CallerRunsPolicy@2bb3f39e
2026-10-06T10:30:03.1730522Z 10:30:03.074 [main] INFO org.flowable.common.engine.impl.async.DefaultAsyncTaskExecutor -- Creating thread pool queue of size 2048
2026-10-06T10:30:03.1733026Z 10:30:03.074 [main] INFO org.flowable.common.engine.impl.async.DefaultAsyncTaskExecutor -- Creating thread factory with naming pattern flowable-async-job-executor-thread-%d
2026-10-06T10:30:03.1735586Z 10:30:03.074 [main] INFO org.flowable.common.engine.impl.async.DefaultAsyncTaskExecutor -- Creating executor service with corePoolSize 8, maxPoolSize 8 and keepAliveTime 5000
2026-10-06T10:30:03.1738063Z 10:30:03.083 [main] INFO org.flowable.common.engine.impl.db.CommonDbSchemaManager -- performing create on common with resource org/flowable/common/db/create/flowable.postgres.create.common.sql
2026-10-06T10:30:03.1740636Z 10:30:03.155 [main] INFO org.flowable.engine.impl.db.ProcessDbSchemaManager -- performing create on engine with resource org/flowable/db/create/flowable.postgres.create.engine.sql
2026-10-06T10:30:03.2719157Z 10:30:03.204 [main] INFO org.flowable.engine.impl.db.ProcessDbSchemaManager -- performing create on history with resource org/flowable/db/create/flowable.postgres.create.history.sql
2026-10-06T10:30:03.2734338Z 10:30:03.222 [main] INFO org.flowable.engine.impl.ProcessEngineImpl -- ProcessEngine default created
2026-10-06T10:30:03.2736222Z 10:30:03.230 [main] INFO org.flowable.engine.impl.cmd.ValidateV5EntitiesCmd -- Total of v5 deployments found: 0
2026-10-06T10:30:03.4720441Z 10:30:03.467 [main] INFO org.flowable.common.engine.impl.async.DefaultAsyncTaskExecutor -- Creating thread pool queue of size 100
2026-10-06T10:30:03.4722367Z 10:30:03.468 [main] INFO org.flowable.common.engine.impl.async.DefaultAsyncTaskExecutor -- Creating thread factory with naming pattern flowable-async-task-invoker-thread-%d
2026-10-06T10:30:03.4739686Z 10:30:03.468 [main] INFO org.flowable.common.engine.impl.async.DefaultAsyncTaskExecutor -- Creating executor service with corePoolSize 8, maxPoolSize 8 and keepAliveTime 5000
2026-10-06T10:30:03.4742047Z 10:30:03.468 [main] INFO org.flowable.common.engine.impl.async.DefaultAsyncTaskExecutor -- Using rejectedExecutionHandler java.util.concurrent.ThreadPoolExecutor$CallerRunsPolicy@69c33ea2
2026-10-06T10:30:03.4745695Z 10:30:03.468 [main] INFO org.flowable.common.engine.impl.async.DefaultAsyncTaskExecutor -- Creating thread pool queue of size 2048
2026-10-06T10:30:03.4747558Z 10:30:03.468 [main] INFO org.flowable.common.engine.impl.async.DefaultAsyncTaskExecutor -- Creating thread factory with naming pattern flowable-async-job-executor-thread-%d
2026-10-06T10:30:03.4748855Z 10:30:03.468 [main] INFO org.flowable.common.engine.impl.async.DefaultAsyncTaskExecutor -- Creating executor service with corePoolSize 8, maxPoolSize 8 and keepAliveTime 5000
2026-10-06T10:30:03.5720029Z 10:30:03.478 [main] INFO org.flowable.common.engine.impl.db.CommonDbSchemaManager -- performing create on common with resource org/flowable/common/db/create/flowable.postgres.create.common.sql
2026-10-06T10:30:03.5721498Z 10:30:03.535 [main] INFO org.flowable.engine.impl.db.ProcessDbSchemaManager -- performing create on engine with resource org/flowable/db/create/flowable.postgres.create.engine.sql
2026-10-06T10:30:03.6737521Z 10:30:03.577 [main] INFO org.flowable.engine.impl.db.ProcessDbSchemaManager -- performing create on history with resource org/flowable/db/create/flowable.postgres.create.history.sql
2026-10-06T10:30:03.6739447Z 10:30:03.589 [main] INFO org.flowable.engine.impl.ProcessEngineImpl -- ProcessEngine default created
2026-10-06T10:30:03.6741217Z 10:30:03.597 [main] INFO org.flowable.engine.impl.cmd.ValidateV5EntitiesCmd -- Total of v5 deployments found: 0
2026-10-06T10:30:03.9783205Z 10:30:03.881 [main] INFO org.flowable.common.engine.impl.async.DefaultAsyncTaskExecutor -- Creating thread pool queue of size 100
2026-10-06T10:30:03.9785545Z 10:30:03.881 [main] INFO org.flowable.common.engine.impl.async.DefaultAsyncTaskExecutor -- Creating thread factory with naming pattern flowable-async-task-invoker-thread-%d
2026-10-06T10:30:03.9787828Z 10:30:03.881 [main] INFO org.flowable.common.engine.impl.async.DefaultAsyncTaskExecutor -- Creating executor service with corePoolSize 8, maxPoolSize 8 and keepAliveTime 5000
2026-10-06T10:30:03.9795369Z 10:30:03.881 [main] INFO org.flowable.common.engine.impl.async.DefaultAsyncTaskExecutor -- Using rejectedExecutionHandler java.util.concurrent.ThreadPoolExecutor$CallerRunsPolicy@25216999
2026-10-06T10:30:03.9796970Z 10:30:03.881 [main] INFO org.flowable.common.engine.impl.async.DefaultAsyncTaskExecutor -- Creating thread pool queue of size 2048
2026-10-06T10:30:03.9798097Z 10:30:03.882 [main] INFO org.flowable.common.engine.impl.async.DefaultAsyncTaskExecutor -- Creating thread factory with naming pattern flowable-async-job-executor-thread-%d
2026-10-06T10:30:03.9799523Z 10:30:03.882 [main] INFO org.flowable.common.engine.impl.async.DefaultAsyncTaskExecutor -- Creating executor service with corePoolSize 8, maxPoolSize 8 and keepAliveTime 5000
2026-10-06T10:30:03.9802676Z 10:30:03.890 [main] INFO org.flowable.common.engine.impl.db.CommonDbSchemaManager -- performing create on common with resource org/flowable/common/db/create/flowable.postgres.create.common.sql
2026-10-06T10:30:03.9805342Z 10:30:03.944 [main] INFO org.flowable.engine.impl.db.ProcessDbSchemaManager -- performing create on engine with resource org/flowable/db/create/flowable.postgres.create.engine.sql
2026-10-06T10:30:04.0781863Z 10:30:03.986 [main] INFO org.flowable.engine.impl.db.ProcessDbSchemaManager -- performing create on history with resource org/flowable/db/create/flowable.postgres.create.history.sql
2026-10-06T10:30:04.0783416Z 10:30:03.998 [main] INFO org.flowable.engine.impl.ProcessEngineImpl -- ProcessEngine default created
2026-10-06T10:30:04.0784732Z 10:30:04.005 [main] INFO org.flowable.engine.impl.cmd.ValidateV5EntitiesCmd -- Total of v5 deployments found: 0
2026-10-06T10:30:04.8798718Z 10:30:04.873 [main] INFO org.flowable.common.engine.impl.async.DefaultAsyncTaskExecutor -- Creating thread pool queue of size 100
2026-10-06T10:30:04.8801020Z 10:30:04.873 [main] INFO org.flowable.common.engine.impl.async.DefaultAsyncTaskExecutor -- Creating thread factory with naming pattern flowable-async-task-invoker-thread-%d
2026-10-06T10:30:04.8803792Z 10:30:04.873 [main] INFO org.flowable.common.engine.impl.async.DefaultAsyncTaskExecutor -- Creating executor service with corePoolSize 8, maxPoolSize 8 and keepAliveTime 5000
2026-10-06T10:30:04.8806442Z 10:30:04.873 [main] INFO org.flowable.common.engine.impl.async.DefaultAsyncTaskExecutor -- Using rejectedExecutionHandler java.util.concurrent.ThreadPoolExecutor$CallerRunsPolicy@2b90cc1
2026-10-06T10:30:04.8808651Z 10:30:04.873 [main] INFO org.flowable.common.engine.impl.async.DefaultAsyncTaskExecutor -- Creating thread pool queue of size 2048
2026-10-06T10:30:04.8809887Z 10:30:04.873 [main] INFO org.flowable.common.engine.impl.async.DefaultAsyncTaskExecutor -- Creating thread factory with naming pattern flowable-async-job-executor-thread-%d
2026-10-06T10:30:04.8811237Z 10:30:04.873 [main] INFO org.flowable.common.engine.impl.async.DefaultAsyncTaskExecutor -- Creating executor service with corePoolSize 8, maxPoolSize 8 and keepAliveTime 5000
2026-10-06T10:30:04.9802150Z 10:30:04.885 [main] INFO org.flowable.common.engine.impl.db.CommonDbSchemaManager -- performing create on common with resource org/flowable/common/db/create/flowable.postgres.create.common.sql
2026-10-06T10:30:04.9805724Z 10:30:04.941 [main] INFO org.flowable.engine.impl.db.ProcessDbSchemaManager -- performing create on engine with resource org/flowable/db/create/flowable.postgres.create.engine.sql
2026-10-06T10:30:05.0799796Z 10:30:04.984 [main] INFO org.flowable.engine.impl.db.ProcessDbSchemaManager -- performing create on history with resource org/flowable/db/create/flowable.postgres.create.history.sql
2026-10-06T10:30:05.0801242Z 10:30:04.997 [main] INFO org.flowable.engine.impl.ProcessEngineImpl -- ProcessEngine default created
2026-10-06T10:30:05.0802852Z 10:30:05.005 [main] INFO org.flowable.engine.impl.cmd.ValidateV5EntitiesCmd -- Total of v5 deployments found: 0
2026-10-06T10:30:05.3805205Z 10:30:05.291 [main] INFO org.flowable.common.engine.impl.async.DefaultAsyncTaskExecutor -- Creating thread pool queue of size 100
2026-10-06T10:30:05.3808550Z 10:30:05.291 [main] INFO org.flowable.common.engine.impl.async.DefaultAsyncTaskExecutor -- Creating thread factory with naming pattern flowable-async-task-invoker-thread-%d
2026-10-06T10:30:05.3810875Z 10:30:05.291 [main] INFO org.flowable.common.engine.impl.async.DefaultAsyncTaskExecutor -- Creating executor service with corePoolSize 8, maxPoolSize 8 and keepAliveTime 5000
2026-10-06T10:30:05.3813057Z 10:30:05.291 [main] INFO org.flowable.common.engine.impl.async.DefaultAsyncTaskExecutor -- Using rejectedExecutionHandler java.util.concurrent.ThreadPoolExecutor$CallerRunsPolicy@17f41739
2026-10-06T10:30:05.3815304Z 10:30:05.291 [main] INFO org.flowable.common.engine.impl.async.DefaultAsyncTaskExecutor -- Creating thread pool queue of size 2048
2026-10-06T10:30:05.3816653Z 10:30:05.291 [main] INFO org.flowable.common.engine.impl.async.DefaultAsyncTaskExecutor -- Creating thread factory with naming pattern flowable-async-job-executor-thread-%d
2026-10-06T10:30:05.3818708Z 10:30:05.291 [main] INFO org.flowable.common.engine.impl.async.DefaultAsyncTaskExecutor -- Creating executor service with corePoolSize 8, maxPoolSize 8 and keepAliveTime 5000
2026-10-06T10:30:05.3820196Z 10:30:05.300 [main] INFO org.flowable.common.engine.impl.db.CommonDbSchemaManager -- performing create on common with resource org/flowable/common/db/create/flowable.postgres.create.common.sql
2026-10-06T10:30:05.3822216Z 10:30:05.355 [main] INFO org.flowable.engine.impl.db.ProcessDbSchemaManager -- performing create on engine with resource org/flowable/db/create/flowable.postgres.create.engine.sql
2026-10-06T10:30:05.4805211Z 10:30:05.403 [main] INFO org.flowable.engine.impl.db.ProcessDbSchemaManager -- performing create on history with resource org/flowable/db/create/flowable.postgres.create.history.sql
2026-10-06T10:30:05.4806289Z 10:30:05.416 [main] INFO org.flowable.engine.impl.ProcessEngineImpl -- ProcessEngine default created
2026-10-06T10:30:05.4807017Z 10:30:05.423 [main] INFO org.flowable.engine.impl.cmd.ValidateV5EntitiesCmd -- Total of v5 deployments found: 0
2026-10-06T10:30:05.6824941Z 10:30:05.655 [main] INFO org.flowable.common.engine.impl.async.DefaultAsyncTaskExecutor -- Creating thread pool queue of size 100
2026-10-06T10:30:05.6835187Z 10:30:05.655 [main] INFO org.flowable.common.engine.impl.async.DefaultAsyncTaskExecutor -- Creating thread factory with naming pattern flowable-async-task-invoker-thread-%d
2026-10-06T10:30:05.6845810Z 10:30:05.655 [main] INFO org.flowable.common.engine.impl.async.DefaultAsyncTaskExecutor -- Creating executor service with corePoolSize 8, maxPoolSize 8 and keepAliveTime 5000
2026-10-06T10:30:05.6849337Z 10:30:05.655 [main] INFO org.flowable.common.engine.impl.async.DefaultAsyncTaskExecutor -- Using rejectedExecutionHandler java.util.concurrent.ThreadPoolExecutor$CallerRunsPolicy@34bddf43
2026-10-06T10:30:05.6858628Z 10:30:05.655 [main] INFO org.flowable.common.engine.impl.async.DefaultAsyncTaskExecutor -- Creating thread pool queue of size 2048
2026-10-06T10:30:05.6867834Z 10:30:05.655 [main] INFO org.flowable.common.engine.impl.async.DefaultAsyncTaskExecutor -- Creating thread factory with naming pattern flowable-async-job-executor-thread-%d
2026-10-06T10:30:05.6877805Z 10:30:05.655 [main] INFO org.flowable.common.engine.impl.async.DefaultAsyncTaskExecutor -- Creating executor service with corePoolSize 8, maxPoolSize 8 and keepAliveTime 5000
2026-10-06T10:30:05.6880892Z 10:30:05.664 [main] INFO org.flowable.common.engine.impl.db.CommonDbSchemaManager -- performing create on common with resource org/flowable/common/db/create/flowable.postgres.create.common.sql
2026-10-06T10:30:05.7812845Z 10:30:05.733 [main] INFO org.flowable.engine.impl.db.ProcessDbSchemaManager -- performing create on engine with resource org/flowable/db/create/flowable.postgres.create.engine.sql
2026-10-06T10:30:05.7815638Z 10:30:05.775 [main] INFO org.flowable.engine.impl.db.ProcessDbSchemaManager -- performing create on history with resource org/flowable/db/create/flowable.postgres.create.history.sql
2026-10-06T10:30:05.8812204Z 10:30:05.789 [main] INFO org.flowable.engine.impl.ProcessEngineImpl -- ProcessEngine default created
2026-10-06T10:30:05.8813872Z 10:30:05.797 [main] INFO org.flowable.engine.impl.cmd.ValidateV5EntitiesCmd -- Total of v5 deployments found: 0
2026-10-06T10:30:06.4824089Z 10:30:06.406 [main] INFO org.flowable.common.engine.impl.async.DefaultAsyncTaskExecutor -- Creating thread pool queue of size 100
2026-10-06T10:30:06.4825370Z 10:30:06.406 [main] INFO org.flowable.common.engine.impl.async.DefaultAsyncTaskExecutor -- Creating thread factory with naming pattern flowable-async-task-invoker-thread-%d
2026-10-06T10:30:06.4828013Z 10:30:06.406 [main] INFO org.flowable.common.engine.impl.async.DefaultAsyncTaskExecutor -- Creating executor service with corePoolSize 8, maxPoolSize 8 and keepAliveTime 5000
2026-10-06T10:30:06.4829505Z 10:30:06.406 [main] INFO org.flowable.common.engine.impl.async.DefaultAsyncTaskExecutor -- Using rejectedExecutionHandler java.util.concurrent.ThreadPoolExecutor$CallerRunsPolicy@16944b58
2026-10-06T10:30:06.4830706Z 10:30:06.406 [main] INFO org.flowable.common.engine.impl.async.DefaultAsyncTaskExecutor -- Creating thread pool queue of size 2048
2026-10-06T10:30:06.4832178Z 10:30:06.406 [main] INFO org.flowable.common.engine.impl.async.DefaultAsyncTaskExecutor -- Creating thread factory with naming pattern flowable-async-job-executor-thread-%d
2026-10-06T10:30:06.4833871Z 10:30:06.406 [main] INFO org.flowable.common.engine.impl.async.DefaultAsyncTaskExecutor -- Creating executor service with corePoolSize 8, maxPoolSize 8 and keepAliveTime 5000
2026-10-06T10:30:06.4835413Z 10:30:06.417 [main] INFO org.flowable.common.engine.impl.db.CommonDbSchemaManager -- performing create on common with resource org/flowable/common/db/create/flowable.postgres.create.common.sql
2026-10-06T10:30:06.4837033Z 10:30:06.468 [main] INFO org.flowable.engine.impl.db.ProcessDbSchemaManager -- performing create on engine with resource org/flowable/db/create/flowable.postgres.create.engine.sql
2026-10-06T10:30:06.5823411Z 10:30:06.508 [main] INFO org.flowable.engine.impl.db.ProcessDbSchemaManager -- performing create on history with resource org/flowable/db/create/flowable.postgres.create.history.sql
2026-10-06T10:30:06.5825940Z 10:30:06.520 [main] INFO org.flowable.engine.impl.ProcessEngineImpl -- ProcessEngine default created
2026-10-06T10:30:06.5827130Z 10:30:06.528 [main] INFO org.flowable.engine.impl.cmd.ValidateV5EntitiesCmd -- Total of v5 deployments found: 0
2026-10-06T10:30:06.9831317Z 10:30:06.895 [main] INFO org.flowable.common.engine.impl.async.DefaultAsyncTaskExecutor -- Creating thread pool queue of size 100
2026-10-06T10:30:06.9833280Z 10:30:06.895 [main] INFO org.flowable.common.engine.impl.async.DefaultAsyncTaskExecutor -- Creating thread factory with naming pattern flowable-async-task-invoker-thread-%d
2026-10-06T10:30:06.9834948Z 10:30:06.895 [main] INFO org.flowable.common.engine.impl.async.DefaultAsyncTaskExecutor -- Creating executor service with corePoolSize 8, maxPoolSize 8 and keepAliveTime 5000
2026-10-06T10:30:06.9836315Z 10:30:06.895 [main] INFO org.flowable.common.engine.impl.async.DefaultAsyncTaskExecutor -- Using rejectedExecutionHandler java.util.concurrent.ThreadPoolExecutor$CallerRunsPolicy@3e8afc2d
2026-10-06T10:30:06.9837494Z 10:30:06.895 [main] INFO org.flowable.common.engine.impl.async.DefaultAsyncTaskExecutor -- Creating thread pool queue of size 2048
2026-10-06T10:30:06.9838996Z 10:30:06.895 [main] INFO org.flowable.common.engine.impl.async.DefaultAsyncTaskExecutor -- Creating thread factory with naming pattern flowable-async-job-executor-thread-%d
2026-10-06T10:30:06.9840270Z 10:30:06.895 [main] INFO org.flowable.common.engine.impl.async.DefaultAsyncTaskExecutor -- Creating executor service with corePoolSize 8, maxPoolSize 8 and keepAliveTime 5000
2026-10-06T10:30:06.9841948Z 10:30:06.903 [main] INFO org.flowable.common.engine.impl.db.CommonDbSchemaManager -- performing create on common with resource org/flowable/common/db/create/flowable.postgres.create.common.sql
2026-10-06T10:30:06.9843649Z 10:30:06.961 [main] INFO org.flowable.engine.impl.db.ProcessDbSchemaManager -- performing create on engine with resource org/flowable/db/create/flowable.postgres.create.engine.sql
2026-10-06T10:30:07.0835032Z 10:30:07.001 [main] INFO org.flowable.engine.impl.db.ProcessDbSchemaManager -- performing create on history with resource org/flowable/db/create/flowable.postgres.create.history.sql
2026-10-06T10:30:07.0836563Z 10:30:07.013 [main] INFO org.flowable.engine.impl.ProcessEngineImpl -- ProcessEngine default created
2026-10-06T10:30:07.0837849Z 10:30:07.020 [main] INFO org.flowable.engine.impl.cmd.ValidateV5EntitiesCmd -- Total of v5 deployments found: 0
2026-10-06T10:30:07.3837625Z 10:30:07.346 [main] INFO org.flowable.common.engine.impl.async.DefaultAsyncTaskExecutor -- Creating thread pool queue of size 100
2026-10-06T10:30:07.3839156Z 10:30:07.346 [main] INFO org.flowable.common.engine.impl.async.DefaultAsyncTaskExecutor -- Creating thread factory with naming pattern flowable-async-task-invoker-thread-%d
2026-10-06T10:30:07.3840783Z 10:30:07.346 [main] INFO org.flowable.common.engine.impl.async.DefaultAsyncTaskExecutor -- Creating executor service with corePoolSize 8, maxPoolSize 8 and keepAliveTime 5000
2026-10-06T10:30:07.3842822Z 10:30:07.346 [main] INFO org.flowable.common.engine.impl.async.DefaultAsyncTaskExecutor -- Using rejectedExecutionHandler java.util.concurrent.ThreadPoolExecutor$CallerRunsPolicy@4ec27c4c
2026-10-06T10:30:07.3844399Z 10:30:07.346 [main] INFO org.flowable.common.engine.impl.async.DefaultAsyncTaskExecutor -- Creating thread pool queue of size 2048
2026-10-06T10:30:07.3845816Z 10:30:07.346 [main] INFO org.flowable.common.engine.impl.async.DefaultAsyncTaskExecutor -- Creating thread factory with naming pattern flowable-async-job-executor-thread-%d
2026-10-06T10:30:07.3847614Z 10:30:07.346 [main] INFO org.flowable.common.engine.impl.async.DefaultAsyncTaskExecutor -- Creating executor service with corePoolSize 8, maxPoolSize 8 and keepAliveTime 5000
2026-10-06T10:30:07.3849061Z 10:30:07.357 [main] INFO org.flowable.common.engine.impl.db.CommonDbSchemaManager -- performing create on common with resource org/flowable/common/db/create/flowable.postgres.create.common.sql
2026-10-06T10:30:07.4836684Z 10:30:07.423 [main] INFO org.flowable.engine.impl.db.ProcessDbSchemaManager -- performing create on engine with resource org/flowable/db/create/flowable.postgres.create.engine.sql
2026-10-06T10:30:07.4838793Z 10:30:07.465 [main] INFO org.flowable.engine.impl.db.ProcessDbSchemaManager -- performing create on history with resource org/flowable/db/create/flowable.postgres.create.history.sql
2026-10-06T10:30:07.4840422Z 10:30:07.478 [main] INFO org.flowable.engine.impl.ProcessEngineImpl -- ProcessEngine default created
2026-10-06T10:30:07.5838939Z 10:30:07.485 [main] INFO org.flowable.engine.impl.cmd.ValidateV5EntitiesCmd -- Total of v5 deployments found: 0
2026-10-06T10:30:07.8847761Z 10:30:07.789 [main] INFO org.flowable.common.engine.impl.async.DefaultAsyncTaskExecutor -- Creating thread pool queue of size 100
2026-10-06T10:30:07.8851355Z 10:30:07.790 [main] INFO org.flowable.common.engine.impl.async.DefaultAsyncTaskExecutor -- Creating thread factory with naming pattern flowable-async-task-invoker-thread-%d
2026-10-06T10:30:07.8855624Z 10:30:07.790 [main] INFO org.flowable.common.engine.impl.async.DefaultAsyncTaskExecutor -- Creating executor service with corePoolSize 8, maxPoolSize 8 and keepAliveTime 5000
2026-10-06T10:30:07.8858246Z 10:30:07.790 [main] INFO org.flowable.common.engine.impl.async.DefaultAsyncTaskExecutor -- Using rejectedExecutionHandler java.util.concurrent.ThreadPoolExecutor$CallerRunsPolicy@cfb94fd
2026-10-06T10:30:07.8860769Z 10:30:07.790 [main] INFO org.flowable.common.engine.impl.async.DefaultAsyncTaskExecutor -- Creating thread pool queue of size 2048
2026-10-06T10:30:07.8863119Z 10:30:07.790 [main] INFO org.flowable.common.engine.impl.async.DefaultAsyncTaskExecutor -- Creating thread factory with naming pattern flowable-async-job-executor-thread-%d
2026-10-06T10:30:07.8865669Z 10:30:07.790 [main] INFO org.flowable.common.engine.impl.async.DefaultAsyncTaskExecutor -- Creating executor service with corePoolSize 8, maxPoolSize 8 and keepAliveTime 5000
2026-10-06T10:30:07.8868212Z 10:30:07.799 [main] INFO org.flowable.common.engine.impl.db.CommonDbSchemaManager -- performing create on common with resource org/flowable/common/db/create/flowable.postgres.create.common.sql
2026-10-06T10:30:07.8870735Z 10:30:07.852 [main] INFO org.flowable.engine.impl.db.ProcessDbSchemaManager -- performing create on engine with resource org/flowable/db/create/flowable.postgres.create.engine.sql
2026-10-06T10:30:07.9846270Z 10:30:07.893 [main] INFO org.flowable.engine.impl.db.ProcessDbSchemaManager -- performing create on history with resource org/flowable/db/create/flowable.postgres.create.history.sql
2026-10-06T10:30:07.9847858Z 10:30:07.905 [main] INFO org.flowable.engine.impl.ProcessEngineImpl -- ProcessEngine default created
2026-10-06T10:30:07.9848636Z 10:30:07.913 [main] INFO org.flowable.engine.impl.cmd.ValidateV5EntitiesCmd -- Total of v5 deployments found: 0
2026-10-06T10:30:08.3856958Z 10:30:08.342 [main] INFO org.flowable.common.engine.impl.async.DefaultAsyncTaskExecutor -- Creating thread pool queue of size 100
2026-10-06T10:30:08.3859825Z 10:30:08.343 [main] INFO org.flowable.common.engine.impl.async.DefaultAsyncTaskExecutor -- Creating thread factory with naming pattern flowable-async-task-invoker-thread-%d
2026-10-06T10:30:08.3862693Z 10:30:08.343 [main] INFO org.flowable.common.engine.impl.async.DefaultAsyncTaskExecutor -- Creating executor service with corePoolSize 8, maxPoolSize 8 and keepAliveTime 5000
2026-10-06T10:30:08.3865502Z 10:30:08.343 [main] INFO org.flowable.common.engine.impl.async.DefaultAsyncTaskExecutor -- Using rejectedExecutionHandler java.util.concurrent.ThreadPoolExecutor$CallerRunsPolicy@4d0b7fd5
2026-10-06T10:30:08.3868228Z 10:30:08.343 [main] INFO org.flowable.common.engine.impl.async.DefaultAsyncTaskExecutor -- Creating thread pool queue of size 2048
2026-10-06T10:30:08.3870546Z 10:30:08.343 [main] INFO org.flowable.common.engine.impl.async.DefaultAsyncTaskExecutor -- Creating thread factory with naming pattern flowable-async-job-executor-thread-%d
2026-10-06T10:30:08.3873535Z 10:30:08.343 [main] INFO org.flowable.common.engine.impl.async.DefaultAsyncTaskExecutor -- Creating executor service with corePoolSize 8, maxPoolSize 8 and keepAliveTime 5000
2026-10-06T10:30:08.3876286Z 10:30:08.351 [main] INFO org.flowable.common.engine.impl.db.CommonDbSchemaManager -- performing create on common with resource org/flowable/common/db/create/flowable.postgres.create.common.sql
2026-10-06T10:30:08.4853053Z 10:30:08.405 [main] INFO org.flowable.engine.impl.db.ProcessDbSchemaManager -- performing create on engine with resource org/flowable/db/create/flowable.postgres.create.engine.sql
2026-10-06T10:30:08.4855884Z 10:30:08.444 [main] INFO org.flowable.engine.impl.db.ProcessDbSchemaManager -- performing create on history with resource org/flowable/db/create/flowable.postgres.create.history.sql
2026-10-06T10:30:08.4857195Z 10:30:08.456 [main] INFO org.flowable.engine.impl.ProcessEngineImpl -- ProcessEngine default created
2026-10-06T10:30:08.4857989Z 10:30:08.462 [main] INFO org.flowable.engine.impl.cmd.ValidateV5EntitiesCmd -- Total of v5 deployments found: 0
2026-10-06T10:30:08.7863638Z 10:30:08.746 [main] INFO org.flowable.common.engine.impl.async.DefaultAsyncTaskExecutor -- Creating thread pool queue of size 100
2026-10-06T10:30:08.7866324Z 10:30:08.746 [main] INFO org.flowable.common.engine.impl.async.DefaultAsyncTaskExecutor -- Creating thread factory with naming pattern flowable-async-task-invoker-thread-%d
2026-10-06T10:30:08.7869073Z 10:30:08.746 [main] INFO org.flowable.common.engine.impl.async.DefaultAsyncTaskExecutor -- Creating executor service with corePoolSize 8, maxPoolSize 8 and keepAliveTime 5000
2026-10-06T10:30:08.7872037Z 10:30:08.746 [main] INFO org.flowable.common.engine.impl.async.DefaultAsyncTaskExecutor -- Using rejectedExecutionHandler java.util.concurrent.ThreadPoolExecutor$CallerRunsPolicy@2006fdaa
2026-10-06T10:30:08.7874993Z 10:30:08.746 [main] INFO org.flowable.common.engine.impl.async.DefaultAsyncTaskExecutor -- Creating thread pool queue of size 2048
2026-10-06T10:30:08.7877337Z 10:30:08.746 [main] INFO org.flowable.common.engine.impl.async.DefaultAsyncTaskExecutor -- Creating thread factory with naming pattern flowable-async-job-executor-thread-%d
2026-10-06T10:30:08.7880148Z 10:30:08.746 [main] INFO org.flowable.common.engine.impl.async.DefaultAsyncTaskExecutor -- Creating executor service with corePoolSize 8, maxPoolSize 8 and keepAliveTime 5000
2026-10-06T10:30:08.7883527Z 10:30:08.755 [main] INFO org.flowable.common.engine.impl.db.CommonDbSchemaManager -- performing create on common with resource org/flowable/common/db/create/flowable.postgres.create.common.sql
2026-10-06T10:30:08.8863778Z 10:30:08.811 [main] INFO org.flowable.engine.impl.db.ProcessDbSchemaManager -- performing create on engine with resource org/flowable/db/create/flowable.postgres.create.engine.sql
2026-10-06T10:30:08.8866517Z 10:30:08.853 [main] INFO org.flowable.engine.impl.db.ProcessDbSchemaManager -- performing create on history with resource org/flowable/db/create/flowable.postgres.create.history.sql
2026-10-06T10:30:08.8868577Z 10:30:08.866 [main] INFO org.flowable.engine.impl.ProcessEngineImpl -- ProcessEngine default created
2026-10-06T10:30:08.8869973Z 10:30:08.873 [main] INFO org.flowable.engine.impl.cmd.ValidateV5EntitiesCmd -- Total of v5 deployments found: 0
2026-10-06T10:30:09.2877459Z 10:30:09.186 [main] INFO org.flowable.common.engine.impl.async.DefaultAsyncTaskExecutor -- Creating thread pool queue of size 100
2026-10-06T10:30:09.2879600Z 10:30:09.186 [main] INFO org.flowable.common.engine.impl.async.DefaultAsyncTaskExecutor -- Creating thread factory with naming pattern flowable-async-task-invoker-thread-%d
2026-10-06T10:30:09.2881763Z 10:30:09.186 [main] INFO org.flowable.common.engine.impl.async.DefaultAsyncTaskExecutor -- Creating executor service with corePoolSize 8, maxPoolSize 8 and keepAliveTime 5000
2026-10-06T10:30:09.2884172Z 10:30:09.186 [main] INFO org.flowable.common.engine.impl.async.DefaultAsyncTaskExecutor -- Using rejectedExecutionHandler java.util.concurrent.ThreadPoolExecutor$CallerRunsPolicy@5ca86715
2026-10-06T10:30:09.2886497Z 10:30:09.186 [main] INFO org.flowable.common.engine.impl.async.DefaultAsyncTaskExecutor -- Creating thread pool queue of size 2048
2026-10-06T10:30:09.2888562Z 10:30:09.186 [main] INFO org.flowable.common.engine.impl.async.DefaultAsyncTaskExecutor -- Creating thread factory with naming pattern flowable-async-job-executor-thread-%d
2026-10-06T10:30:09.2890473Z 10:30:09.186 [main] INFO org.flowable.common.engine.impl.async.DefaultAsyncTaskExecutor -- Creating executor service with corePoolSize 8, maxPoolSize 8 and keepAliveTime 5000
2026-10-06T10:30:09.2892333Z 10:30:09.195 [main] INFO org.flowable.common.engine.impl.db.CommonDbSchemaManager -- performing create on common with resource org/flowable/common/db/create/flowable.postgres.create.common.sql
2026-10-06T10:30:09.2894413Z 10:30:09.250 [main] INFO org.flowable.engine.impl.db.ProcessDbSchemaManager -- performing create on engine with resource org/flowable/db/create/flowable.postgres.create.engine.sql
2026-10-06T10:30:09.3875979Z 10:30:09.292 [main] INFO org.flowable.engine.impl.db.ProcessDbSchemaManager -- performing create on history with resource org/flowable/db/create/flowable.postgres.create.history.sql
2026-10-06T10:30:09.3878117Z 10:30:09.304 [main] INFO org.flowable.engine.impl.ProcessEngineImpl -- ProcessEngine default created
2026-10-06T10:30:09.3879897Z 10:30:09.311 [main] INFO org.flowable.engine.impl.cmd.ValidateV5EntitiesCmd -- Total of v5 deployments found: 0
2026-10-06T10:30:09.7885426Z 10:30:09.690 [main] INFO org.flowable.common.engine.impl.async.DefaultAsyncTaskExecutor -- Creating thread pool queue of size 100
2026-10-06T10:30:09.7887705Z 10:30:09.690 [main] INFO org.flowable.common.engine.impl.async.DefaultAsyncTaskExecutor -- Creating thread factory with naming pattern flowable-async-task-invoker-thread-%d
2026-10-06T10:30:09.7890243Z 10:30:09.690 [main] INFO org.flowable.common.engine.impl.async.DefaultAsyncTaskExecutor -- Creating executor service with corePoolSize 8, maxPoolSize 8 and keepAliveTime 5000
2026-10-06T10:30:09.7893330Z 10:30:09.690 [main] INFO org.flowable.common.engine.impl.async.DefaultAsyncTaskExecutor -- Using rejectedExecutionHandler java.util.concurrent.ThreadPoolExecutor$CallerRunsPolicy@2e013ba1
2026-10-06T10:30:09.7895483Z 10:30:09.690 [main] INFO org.flowable.common.engine.impl.async.DefaultAsyncTaskExecutor -- Creating thread pool queue of size 2048
2026-10-06T10:30:09.7897908Z 10:30:09.690 [main] INFO org.flowable.common.engine.impl.async.DefaultAsyncTaskExecutor -- Creating thread factory with naming pattern flowable-async-job-executor-thread-%d
2026-10-06T10:30:09.7900424Z 10:30:09.690 [main] INFO org.flowable.common.engine.impl.async.DefaultAsyncTaskExecutor -- Creating executor service with corePoolSize 8, maxPoolSize 8 and keepAliveTime 5000
2026-10-06T10:30:09.7903317Z 10:30:09.700 [main] INFO org.flowable.common.engine.impl.db.CommonDbSchemaManager -- performing create on common with resource org/flowable/common/db/create/flowable.postgres.create.common.sql
2026-10-06T10:30:09.7905748Z 10:30:09.755 [main] INFO org.flowable.engine.impl.db.ProcessDbSchemaManager -- performing create on engine with resource org/flowable/db/create/flowable.postgres.create.engine.sql
2026-10-06T10:30:09.8878742Z 10:30:09.795 [main] INFO org.flowable.engine.impl.db.ProcessDbSchemaManager -- performing create on history with resource org/flowable/db/create/flowable.postgres.create.history.sql
2026-10-06T10:30:09.8880958Z 10:30:09.807 [main] INFO org.flowable.engine.impl.ProcessEngineImpl -- ProcessEngine default created
2026-10-06T10:30:09.8893719Z 10:30:09.814 [main] INFO org.flowable.engine.impl.cmd.ValidateV5EntitiesCmd -- Total of v5 deployments found: 0
2026-10-06T10:30:10.1883532Z 10:30:10.131 [main] INFO org.flowable.common.engine.impl.async.DefaultAsyncTaskExecutor -- Creating thread pool queue of size 100
2026-10-06T10:30:10.1885516Z 10:30:10.131 [main] INFO org.flowable.common.engine.impl.async.DefaultAsyncTaskExecutor -- Creating thread factory with naming pattern flowable-async-task-invoker-thread-%d
2026-10-06T10:30:10.1887857Z 10:30:10.131 [main] INFO org.flowable.common.engine.impl.async.DefaultAsyncTaskExecutor -- Creating executor service with corePoolSize 8, maxPoolSize 8 and keepAliveTime 5000
2026-10-06T10:30:10.1889801Z 10:30:10.132 [main] INFO org.flowable.common.engine.impl.async.DefaultAsyncTaskExecutor -- Using rejectedExecutionHandler java.util.concurrent.ThreadPoolExecutor$CallerRunsPolicy@6a07e6ca
2026-10-06T10:30:10.1891747Z 10:30:10.132 [main] INFO org.flowable.common.engine.impl.async.DefaultAsyncTaskExecutor -- Creating thread pool queue of size 2048
2026-10-06T10:30:10.1893576Z 10:30:10.132 [main] INFO org.flowable.common.engine.impl.async.DefaultAsyncTaskExecutor -- Creating thread factory with naming pattern flowable-async-job-executor-thread-%d
2026-10-06T10:30:10.1894999Z 10:30:10.132 [main] INFO org.flowable.common.engine.impl.async.DefaultAsyncTaskExecutor -- Creating executor service with corePoolSize 8, maxPoolSize 8 and keepAliveTime 5000
2026-10-06T10:30:10.1896462Z 10:30:10.140 [main] INFO org.flowable.common.engine.impl.db.CommonDbSchemaManager -- performing create on common with resource org/flowable/common/db/create/flowable.postgres.create.common.sql
2026-10-06T10:30:10.2881379Z 10:30:10.195 [main] INFO org.flowable.engine.impl.db.ProcessDbSchemaManager -- performing create on engine with resource org/flowable/db/create/flowable.postgres.create.engine.sql
2026-10-06T10:30:10.2884271Z 10:30:10.234 [main] INFO org.flowable.engine.impl.db.ProcessDbSchemaManager -- performing create on history with resource org/flowable/db/create/flowable.postgres.create.history.sql
2026-10-06T10:30:10.2886143Z 10:30:10.252 [main] INFO org.flowable.engine.impl.ProcessEngineImpl -- ProcessEngine default created
2026-10-06T10:30:10.2887569Z 10:30:10.259 [main] INFO org.flowable.engine.impl.cmd.ValidateV5EntitiesCmd -- Total of v5 deployments found: 0
2026-10-06T10:30:10.6891534Z 10:30:10.588 [main] INFO org.flowable.common.engine.impl.async.DefaultAsyncTaskExecutor -- Creating thread pool queue of size 100
2026-10-06T10:30:10.6894050Z 10:30:10.588 [main] INFO org.flowable.common.engine.impl.async.DefaultAsyncTaskExecutor -- Creating thread factory with naming pattern flowable-async-task-invoker-thread-%d
2026-10-06T10:30:10.6896526Z 10:30:10.588 [main] INFO org.flowable.common.engine.impl.async.DefaultAsyncTaskExecutor -- Creating executor service with corePoolSize 8, maxPoolSize 8 and keepAliveTime 5000
2026-10-06T10:30:10.6899493Z 10:30:10.588 [main] INFO org.flowable.common.engine.impl.async.DefaultAsyncTaskExecutor -- Using rejectedExecutionHandler java.util.concurrent.ThreadPoolExecutor$CallerRunsPolicy@6ca367aa
2026-10-06T10:30:10.6901786Z 10:30:10.588 [main] INFO org.flowable.common.engine.impl.async.DefaultAsyncTaskExecutor -- Creating thread pool queue of size 2048
2026-10-06T10:30:10.6904173Z 10:30:10.588 [main] INFO org.flowable.common.engine.impl.async.DefaultAsyncTaskExecutor -- Creating thread factory with naming pattern flowable-async-job-executor-thread-%d
2026-10-06T10:30:10.6906603Z 10:30:10.588 [main] INFO org.flowable.common.engine.impl.async.DefaultAsyncTaskExecutor -- Creating executor service with corePoolSize 8, maxPoolSize 8 and keepAliveTime 5000
2026-10-06T10:30:10.6908475Z 10:30:10.600 [main] INFO org.flowable.engine.impl.ProcessEngineImpl -- ProcessEngine default created
2026-10-06T10:30:10.6909857Z 10:30:10.608 [main] INFO org.flowable.engine.impl.cmd.ValidateV5EntitiesCmd -- Total of v5 deployments found: 0
2026-10-06T10:30:10.8895829Z 10:30:10.832 [main] INFO org.flowable.common.engine.impl.async.DefaultAsyncTaskExecutor -- Creating thread pool queue of size 100
2026-10-06T10:30:10.8898405Z 10:30:10.832 [main] INFO org.flowable.common.engine.impl.async.DefaultAsyncTaskExecutor -- Creating thread factory with naming pattern flowable-async-task-invoker-thread-%d
2026-10-06T10:30:10.8901415Z 10:30:10.832 [main] INFO org.flowable.common.engine.impl.async.DefaultAsyncTaskExecutor -- Creating executor service with corePoolSize 8, maxPoolSize 8 and keepAliveTime 5000
2026-10-06T10:30:10.8904592Z 10:30:10.832 [main] INFO org.flowable.common.engine.impl.async.DefaultAsyncTaskExecutor -- Using rejectedExecutionHandler java.util.concurrent.ThreadPoolExecutor$CallerRunsPolicy@215c6ec0
2026-10-06T10:30:10.8907195Z 10:30:10.832 [main] INFO org.flowable.common.engine.impl.async.DefaultAsyncTaskExecutor -- Creating thread pool queue of size 2048
2026-10-06T10:30:10.8909656Z 10:30:10.832 [main] INFO org.flowable.common.engine.impl.async.DefaultAsyncTaskExecutor -- Creating thread factory with naming pattern flowable-async-job-executor-thread-%d
2026-10-06T10:30:10.8913110Z 10:30:10.832 [main] INFO org.flowable.common.engine.impl.async.DefaultAsyncTaskExecutor -- Creating executor service with corePoolSize 8, maxPoolSize 8 and keepAliveTime 5000
2026-10-06T10:30:10.8915991Z 10:30:10.841 [main] INFO org.flowable.common.engine.impl.db.CommonDbSchemaManager -- performing create on common with resource org/flowable/common/db/create/flowable.postgres.create.common.sql
2026-10-06T10:30:10.9897881Z 10:30:10.900 [main] INFO org.flowable.engine.impl.db.ProcessDbSchemaManager -- performing create on engine with resource org/flowable/db/create/flowable.postgres.create.engine.sql
2026-10-06T10:30:10.9901279Z 10:30:10.942 [main] INFO org.flowable.engine.impl.db.ProcessDbSchemaManager -- performing create on history with resource org/flowable/db/create/flowable.postgres.create.history.sql
2026-10-06T10:30:10.9903923Z 10:30:10.955 [main] INFO org.flowable.engine.impl.ProcessEngineImpl -- ProcessEngine default created
2026-10-06T10:30:10.9905579Z 10:30:10.963 [main] INFO org.flowable.engine.impl.cmd.ValidateV5EntitiesCmd -- Total of v5 deployments found: 0
2026-10-06T10:30:11.3904418Z 10:30:11.332 [main] INFO org.flowable.common.engine.impl.async.DefaultAsyncTaskExecutor -- Creating thread pool queue of size 100
2026-10-06T10:30:11.3906151Z 10:30:11.332 [main] INFO org.flowable.common.engine.impl.async.DefaultAsyncTaskExecutor -- Creating thread factory with naming pattern flowable-async-task-invoker-thread-%d
2026-10-06T10:30:11.3907779Z 10:30:11.332 [main] INFO org.flowable.common.engine.impl.async.DefaultAsyncTaskExecutor -- Creating executor service with corePoolSize 8, maxPoolSize 8 and keepAliveTime 5000
2026-10-06T10:30:11.3909402Z 10:30:11.332 [main] INFO org.flowable.common.engine.impl.async.DefaultAsyncTaskExecutor -- Using rejectedExecutionHandler java.util.concurrent.ThreadPoolExecutor$CallerRunsPolicy@5db90818
2026-10-06T10:30:11.3911147Z 10:30:11.332 [main] INFO org.flowable.common.engine.impl.async.DefaultAsyncTaskExecutor -- Creating thread pool queue of size 2048
2026-10-06T10:30:11.3913076Z 10:30:11.332 [main] INFO org.flowable.common.engine.impl.async.DefaultAsyncTaskExecutor -- Creating thread factory with naming pattern flowable-async-job-executor-thread-%d
2026-10-06T10:30:11.3915396Z 10:30:11.332 [main] INFO org.flowable.common.engine.impl.async.DefaultAsyncTaskExecutor -- Creating executor service with corePoolSize 8, maxPoolSize 8 and keepAliveTime 5000
2026-10-06T10:30:11.3917449Z 10:30:11.341 [main] INFO org.flowable.common.engine.impl.db.CommonDbSchemaManager -- performing create on common with resource org/flowable/common/db/create/flowable.postgres.create.common.sql
2026-10-06T10:30:11.4901789Z 10:30:11.398 [main] INFO org.flowable.engine.impl.db.ProcessDbSchemaManager -- performing create on engine with resource org/flowable/db/create/flowable.postgres.create.engine.sql
2026-10-06T10:30:11.4903678Z 10:30:11.440 [main] INFO org.flowable.engine.impl.db.ProcessDbSchemaManager -- performing create on history with resource org/flowable/db/create/flowable.postgres.create.history.sql
2026-10-06T10:30:11.4904932Z 10:30:11.453 [main] INFO org.flowable.engine.impl.ProcessEngineImpl -- ProcessEngine default created
2026-10-06T10:30:11.4905835Z 10:30:11.460 [main] INFO org.flowable.engine.impl.cmd.ValidateV5EntitiesCmd -- Total of v5 deployments found: 0
2026-10-06T10:30:11.8921574Z 10:30:11.869 [main] INFO org.flowable.common.engine.impl.async.DefaultAsyncTaskExecutor -- Creating thread pool queue of size 100
2026-10-06T10:30:11.8924416Z 10:30:11.869 [main] INFO org.flowable.common.engine.impl.async.DefaultAsyncTaskExecutor -- Creating thread factory with naming pattern flowable-async-task-invoker-thread-%d
2026-10-06T10:30:11.8927177Z 10:30:11.869 [main] INFO org.flowable.common.engine.impl.async.DefaultAsyncTaskExecutor -- Creating executor service with corePoolSize 8, maxPoolSize 8 and keepAliveTime 5000
2026-10-06T10:30:11.8929083Z 10:30:11.869 [main] INFO org.flowable.common.engine.impl.async.DefaultAsyncTaskExecutor -- Using rejectedExecutionHandler java.util.concurrent.ThreadPoolExecutor$CallerRunsPolicy@7acb5200
2026-10-06T10:30:11.8930890Z 10:30:11.869 [main] INFO org.flowable.common.engine.impl.async.DefaultAsyncTaskExecutor -- Creating thread pool queue of size 2048
2026-10-06T10:30:11.8931997Z 10:30:11.869 [main] INFO org.flowable.common.engine.impl.async.DefaultAsyncTaskExecutor -- Creating thread factory with naming pattern flowable-async-job-executor-thread-%d
2026-10-06T10:30:11.8933596Z 10:30:11.869 [main] INFO org.flowable.common.engine.impl.async.DefaultAsyncTaskExecutor -- Creating executor service with corePoolSize 8, maxPoolSize 8 and keepAliveTime 5000
2026-10-06T10:30:11.8934908Z 10:30:11.877 [main] INFO org.flowable.common.engine.impl.db.CommonDbSchemaManager -- performing create on common with resource org/flowable/common/db/create/flowable.postgres.create.common.sql
2026-10-06T10:30:11.9916384Z 10:30:11.932 [main] INFO org.flowable.engine.impl.db.ProcessDbSchemaManager -- performing create on engine with resource org/flowable/db/create/flowable.postgres.create.engine.sql
2026-10-06T10:30:11.9919085Z 10:30:11.973 [main] INFO org.flowable.engine.impl.db.ProcessDbSchemaManager -- performing create on history with resource org/flowable/db/create/flowable.postgres.create.history.sql
2026-10-06T10:30:11.9920967Z 10:30:11.985 [main] INFO org.flowable.engine.impl.ProcessEngineImpl -- ProcessEngine default created
2026-10-06T10:30:12.0918081Z 10:30:11.992 [main] INFO org.flowable.engine.impl.cmd.ValidateV5EntitiesCmd -- Total of v5 deployments found: 0
2026-10-06T10:30:12.3932725Z 10:30:12.371 [main] INFO org.flowable.common.engine.impl.async.DefaultAsyncTaskExecutor -- Creating thread pool queue of size 100
2026-10-06T10:30:12.3935529Z 10:30:12.371 [main] INFO org.flowable.common.engine.impl.async.DefaultAsyncTaskExecutor -- Creating thread factory with naming pattern flowable-async-task-invoker-thread-%d
2026-10-06T10:30:12.3938623Z 10:30:12.371 [main] INFO org.flowable.common.engine.impl.async.DefaultAsyncTaskExecutor -- Creating executor service with corePoolSize 8, maxPoolSize 8 and keepAliveTime 5000
2026-10-06T10:30:12.3941680Z 10:30:12.371 [main] INFO org.flowable.common.engine.impl.async.DefaultAsyncTaskExecutor -- Using rejectedExecutionHandler java.util.concurrent.ThreadPoolExecutor$CallerRunsPolicy@1405aa6a
2026-10-06T10:30:12.3944663Z 10:30:12.371 [main] INFO org.flowable.common.engine.impl.async.DefaultAsyncTaskExecutor -- Creating thread pool queue of size 2048
2026-10-06T10:30:12.3946783Z 10:30:12.372 [main] INFO org.flowable.common.engine.impl.async.DefaultAsyncTaskExecutor -- Creating thread factory with naming pattern flowable-async-job-executor-thread-%d
2026-10-06T10:30:12.3949203Z 10:30:12.372 [main] INFO org.flowable.common.engine.impl.async.DefaultAsyncTaskExecutor -- Creating executor service with corePoolSize 8, maxPoolSize 8 and keepAliveTime 5000
2026-10-06T10:30:12.3951649Z 10:30:12.381 [main] INFO org.flowable.common.engine.impl.db.CommonDbSchemaManager -- performing create on common with resource org/flowable/common/db/create/flowable.postgres.create.common.sql
2026-10-06T10:30:12.4928193Z 10:30:12.436 [main] INFO org.flowable.engine.impl.db.ProcessDbSchemaManager -- performing create on engine with resource org/flowable/db/create/flowable.postgres.create.engine.sql
2026-10-06T10:30:12.4930403Z 10:30:12.477 [main] INFO org.flowable.engine.impl.db.ProcessDbSchemaManager -- performing create on history with resource org/flowable/db/create/flowable.postgres.create.history.sql
2026-10-06T10:30:12.4932316Z 10:30:12.488 [main] INFO org.flowable.engine.impl.ProcessEngineImpl -- ProcessEngine default created
2026-10-06T10:30:12.5940678Z 10:30:12.496 [main] INFO org.flowable.engine.impl.cmd.ValidateV5EntitiesCmd -- Total of v5 deployments found: 0
2026-10-06T10:30:12.8939054Z 10:30:12.843 [main] INFO org.flowable.common.engine.impl.async.DefaultAsyncTaskExecutor -- Creating thread pool queue of size 100
2026-10-06T10:30:12.8941331Z 10:30:12.843 [main] INFO org.flowable.common.engine.impl.async.DefaultAsyncTaskExecutor -- Creating thread factory with naming pattern flowable-async-task-invoker-thread-%d
2026-10-06T10:30:12.8944399Z 10:30:12.843 [main] INFO org.flowable.common.engine.impl.async.DefaultAsyncTaskExecutor -- Creating executor service with corePoolSize 8, maxPoolSize 8 and keepAliveTime 5000
2026-10-06T10:30:12.8946788Z 10:30:12.843 [main] INFO org.flowable.common.engine.impl.async.DefaultAsyncTaskExecutor -- Using rejectedExecutionHandler java.util.concurrent.ThreadPoolExecutor$CallerRunsPolicy@34f24a11
2026-10-06T10:30:12.8949111Z 10:30:12.843 [main] INFO org.flowable.common.engine.impl.async.DefaultAsyncTaskExecutor -- Creating thread pool queue of size 2048
2026-10-06T10:30:12.8951288Z 10:30:12.843 [main] INFO org.flowable.common.engine.impl.async.DefaultAsyncTaskExecutor -- Creating thread factory with naming pattern flowable-async-job-executor-thread-%d
2026-10-06T10:30:12.8954002Z 10:30:12.843 [main] INFO org.flowable.common.engine.impl.async.DefaultAsyncTaskExecutor -- Creating executor service with corePoolSize 8, maxPoolSize 8 and keepAliveTime 5000
2026-10-06T10:30:12.8956559Z 10:30:12.851 [main] INFO org.flowable.common.engine.impl.db.CommonDbSchemaManager -- performing create on common with resource org/flowable/common/db/create/flowable.postgres.create.common.sql
2026-10-06T10:30:12.9938519Z 10:30:12.906 [main] INFO org.flowable.engine.impl.db.ProcessDbSchemaManager -- performing create on engine with resource org/flowable/db/create/flowable.postgres.create.engine.sql
2026-10-06T10:30:12.9941395Z 10:30:12.945 [main] INFO org.flowable.engine.impl.db.ProcessDbSchemaManager -- performing create on history with resource org/flowable/db/create/flowable.postgres.create.history.sql
2026-10-06T10:30:12.9944393Z 10:30:12.956 [main] INFO org.flowable.engine.impl.ProcessEngineImpl -- ProcessEngine default created
2026-10-06T10:30:12.9946216Z 10:30:12.964 [main] INFO org.flowable.engine.impl.cmd.ValidateV5EntitiesCmd -- Total of v5 deployments found: 0
2026-10-06T10:30:13.2995732Z [INFO] Tests run: 36, Failures: 0, Errors: 0, Skipped: 0, Time elapsed: 24.86 s -- in org.weaveos.workflow.RootExecutionRegistryTest
2026-10-06T10:30:13.3006489Z [INFO] Running org.weaveos.workflow.RootReturnCompatibilityTest
2026-10-06T10:30:13.4988215Z 10:30:13.403 [main] INFO org.flowable.common.engine.impl.async.DefaultAsyncTaskExecutor -- Creating thread pool queue of size 100
2026-10-06T10:30:13.4990272Z 10:30:13.403 [main] INFO org.flowable.common.engine.impl.async.DefaultAsyncTaskExecutor -- Creating thread factory with naming pattern flowable-async-task-invoker-thread-%d
2026-10-06T10:30:13.4992297Z 10:30:13.403 [main] INFO org.flowable.common.engine.impl.async.DefaultAsyncTaskExecutor -- Creating executor service with corePoolSize 8, maxPoolSize 8 and keepAliveTime 5000
2026-10-06T10:30:13.4994854Z 10:30:13.403 [main] INFO org.flowable.common.engine.impl.async.DefaultAsyncTaskExecutor -- Using rejectedExecutionHandler java.util.concurrent.ThreadPoolExecutor$CallerRunsPolicy@45635ae1
2026-10-06T10:30:13.4997031Z 10:30:13.403 [main] INFO org.flowable.common.engine.impl.async.DefaultAsyncTaskExecutor -- Creating thread pool queue of size 2048
2026-10-06T10:30:13.4998753Z 10:30:13.403 [main] INFO org.flowable.common.engine.impl.async.DefaultAsyncTaskExecutor -- Creating thread factory with naming pattern flowable-async-job-executor-thread-%d
2026-10-06T10:30:13.5000960Z 10:30:13.403 [main] INFO org.flowable.common.engine.impl.async.DefaultAsyncTaskExecutor -- Creating executor service with corePoolSize 8, maxPoolSize 8 and keepAliveTime 5000
2026-10-06T10:30:13.5002393Z 10:30:13.411 [main] INFO org.flowable.common.engine.impl.db.CommonDbSchemaManager -- performing create on common with resource org/flowable/common/db/create/flowable.postgres.create.common.sql
2026-10-06T10:30:13.5004032Z 10:30:13.463 [main] INFO org.flowable.engine.impl.db.ProcessDbSchemaManager -- performing create on engine with resource org/flowable/db/create/flowable.postgres.create.engine.sql
2026-10-06T10:30:13.5987579Z 10:30:13.503 [main] INFO org.flowable.engine.impl.db.ProcessDbSchemaManager -- performing create on history with resource org/flowable/db/create/flowable.postgres.create.history.sql
2026-10-06T10:30:13.5989147Z 10:30:13.514 [main] INFO org.flowable.engine.impl.ProcessEngineImpl -- ProcessEngine default created
2026-10-06T10:30:13.5990041Z 10:30:13.521 [main] INFO org.flowable.engine.impl.cmd.ValidateV5EntitiesCmd -- Total of v5 deployments found: 0
2026-10-06T10:30:14.0997561Z 10:30:14.036 [main] INFO org.flowable.common.engine.impl.async.DefaultAsyncTaskExecutor -- Creating thread pool queue of size 100
2026-10-06T10:30:14.0999483Z 10:30:14.036 [main] INFO org.flowable.common.engine.impl.async.DefaultAsyncTaskExecutor -- Creating thread factory with naming pattern flowable-async-task-invoker-thread-%d
2026-10-06T10:30:14.1001635Z 10:30:14.036 [main] INFO org.flowable.common.engine.impl.async.DefaultAsyncTaskExecutor -- Creating executor service with corePoolSize 8, maxPoolSize 8 and keepAliveTime 5000
2026-10-06T10:30:14.1004832Z 10:30:14.036 [main] INFO org.flowable.common.engine.impl.async.DefaultAsyncTaskExecutor -- Using rejectedExecutionHandler java.util.concurrent.ThreadPoolExecutor$CallerRunsPolicy@6d87253e
2026-10-06T10:30:14.1007270Z 10:30:14.036 [main] INFO org.flowable.common.engine.impl.async.DefaultAsyncTaskExecutor -- Creating thread pool queue of size 2048
2026-10-06T10:30:14.1008731Z 10:30:14.036 [main] INFO org.flowable.common.engine.impl.async.DefaultAsyncTaskExecutor -- Creating thread factory with naming pattern flowable-async-job-executor-thread-%d
2026-10-06T10:30:14.1010224Z 10:30:14.036 [main] INFO org.flowable.common.engine.impl.async.DefaultAsyncTaskExecutor -- Creating executor service with corePoolSize 8, maxPoolSize 8 and keepAliveTime 5000
2026-10-06T10:30:14.1011783Z 10:30:14.044 [main] INFO org.flowable.common.engine.impl.db.CommonDbSchemaManager -- performing create on common with resource org/flowable/common/db/create/flowable.postgres.create.common.sql
2026-10-06T10:30:14.1013932Z 10:30:14.096 [main] INFO org.flowable.engine.impl.db.ProcessDbSchemaManager -- performing create on engine with resource org/flowable/db/create/flowable.postgres.create.engine.sql
2026-10-06T10:30:14.1998584Z 10:30:14.136 [main] INFO org.flowable.engine.impl.db.ProcessDbSchemaManager -- performing create on history with resource org/flowable/db/create/flowable.postgres.create.history.sql
2026-10-06T10:30:14.2000613Z 10:30:14.148 [main] INFO org.flowable.engine.impl.ProcessEngineImpl -- ProcessEngine default created
2026-10-06T10:30:14.2001952Z 10:30:14.155 [main] INFO org.flowable.engine.impl.cmd.ValidateV5EntitiesCmd -- Total of v5 deployments found: 0
2026-10-06T10:30:15.0010922Z 10:30:14.971 [main] INFO org.flowable.common.engine.impl.async.DefaultAsyncTaskExecutor -- Creating thread pool queue of size 100
2026-10-06T10:30:15.0013701Z 10:30:14.972 [main] INFO org.flowable.common.engine.impl.async.DefaultAsyncTaskExecutor -- Creating thread factory with naming pattern flowable-async-task-invoker-thread-%d
2026-10-06T10:30:15.0015809Z 10:30:14.972 [main] INFO org.flowable.common.engine.impl.async.DefaultAsyncTaskExecutor -- Creating executor service with corePoolSize 8, maxPoolSize 8 and keepAliveTime 5000
2026-10-06T10:30:15.0017671Z 10:30:14.972 [main] INFO org.flowable.common.engine.impl.async.DefaultAsyncTaskExecutor -- Using rejectedExecutionHandler java.util.concurrent.ThreadPoolExecutor$CallerRunsPolicy@629de8
2026-10-06T10:30:15.0019103Z 10:30:14.972 [main] INFO org.flowable.common.engine.impl.async.DefaultAsyncTaskExecutor -- Creating thread pool queue of size 2048
2026-10-06T10:30:15.0020212Z 10:30:14.972 [main] INFO org.flowable.common.engine.impl.async.DefaultAsyncTaskExecutor -- Creating thread factory with naming pattern flowable-async-job-executor-thread-%d
2026-10-06T10:30:15.0021493Z 10:30:14.972 [main] INFO org.flowable.common.engine.impl.async.DefaultAsyncTaskExecutor -- Creating executor service with corePoolSize 8, maxPoolSize 8 and keepAliveTime 5000
2026-10-06T10:30:15.0023078Z 10:30:14.982 [main] INFO org.flowable.common.engine.impl.db.CommonDbSchemaManager -- performing create on common with resource org/flowable/common/db/create/flowable.postgres.create.common.sql
2026-10-06T10:30:15.1009067Z 10:30:15.035 [main] INFO org.flowable.engine.impl.db.ProcessDbSchemaManager -- performing create on engine with resource org/flowable/db/create/flowable.postgres.create.engine.sql
2026-10-06T10:30:15.1011487Z 10:30:15.075 [main] INFO org.flowable.engine.impl.db.ProcessDbSchemaManager -- performing create on history with resource org/flowable/db/create/flowable.postgres.create.history.sql
2026-10-06T10:30:15.1013648Z 10:30:15.094 [main] INFO org.flowable.engine.impl.ProcessEngineImpl -- ProcessEngine default created
2026-10-06T10:30:15.2011671Z 10:30:15.101 [main] INFO org.flowable.engine.impl.cmd.ValidateV5EntitiesCmd -- Total of v5 deployments found: 0
2026-10-06T10:30:15.9023873Z 10:30:15.819 [main] INFO org.flowable.common.engine.impl.async.DefaultAsyncTaskExecutor -- Creating thread pool queue of size 100
2026-10-06T10:30:15.9025743Z 10:30:15.819 [main] INFO org.flowable.common.engine.impl.async.DefaultAsyncTaskExecutor -- Creating thread factory with naming pattern flowable-async-task-invoker-thread-%d
2026-10-06T10:30:15.9027700Z 10:30:15.819 [main] INFO org.flowable.common.engine.impl.async.DefaultAsyncTaskExecutor -- Creating executor service with corePoolSize 8, maxPoolSize 8 and keepAliveTime 5000
2026-10-06T10:30:15.9030029Z 10:30:15.819 [main] INFO org.flowable.common.engine.impl.async.DefaultAsyncTaskExecutor -- Using rejectedExecutionHandler java.util.concurrent.ThreadPoolExecutor$CallerRunsPolicy@7d2be319
2026-10-06T10:30:15.9031827Z 10:30:15.819 [main] INFO org.flowable.common.engine.impl.async.DefaultAsyncTaskExecutor -- Creating thread pool queue of size 2048
2026-10-06T10:30:15.9033976Z 10:30:15.819 [main] INFO org.flowable.common.engine.impl.async.DefaultAsyncTaskExecutor -- Creating thread factory with naming pattern flowable-async-job-executor-thread-%d
2026-10-06T10:30:15.9036065Z 10:30:15.819 [main] INFO org.flowable.common.engine.impl.async.DefaultAsyncTaskExecutor -- Creating executor service with corePoolSize 8, maxPoolSize 8 and keepAliveTime 5000
2026-10-06T10:30:15.9037523Z 10:30:15.827 [main] INFO org.flowable.common.engine.impl.db.CommonDbSchemaManager -- performing create on common with resource org/flowable/common/db/create/flowable.postgres.create.common.sql
2026-10-06T10:30:15.9039289Z 10:30:15.880 [main] INFO org.flowable.engine.impl.db.ProcessDbSchemaManager -- performing create on engine with resource org/flowable/db/create/flowable.postgres.create.engine.sql
2026-10-06T10:30:16.0021855Z 10:30:15.920 [main] INFO org.flowable.engine.impl.db.ProcessDbSchemaManager -- performing create on history with resource org/flowable/db/create/flowable.postgres.create.history.sql
2026-10-06T10:30:16.0023847Z 10:30:15.932 [main] INFO org.flowable.engine.impl.ProcessEngineImpl -- ProcessEngine default created
2026-10-06T10:30:16.0025770Z 10:30:15.939 [main] INFO org.flowable.engine.impl.cmd.ValidateV5EntitiesCmd -- Total of v5 deployments found: 0
2026-10-06T10:30:16.5035812Z 10:30:16.435 [main] INFO org.flowable.common.engine.impl.async.DefaultAsyncTaskExecutor -- Creating thread pool queue of size 100
2026-10-06T10:30:16.5038098Z 10:30:16.435 [main] INFO org.flowable.common.engine.impl.async.DefaultAsyncTaskExecutor -- Creating thread factory with naming pattern flowable-async-task-invoker-thread-%d
2026-10-06T10:30:16.5040573Z 10:30:16.435 [main] INFO org.flowable.common.engine.impl.async.DefaultAsyncTaskExecutor -- Creating executor service with corePoolSize 8, maxPoolSize 8 and keepAliveTime 5000
2026-10-06T10:30:16.5043491Z 10:30:16.435 [main] INFO org.flowable.common.engine.impl.async.DefaultAsyncTaskExecutor -- Using rejectedExecutionHandler java.util.concurrent.ThreadPoolExecutor$CallerRunsPolicy@31cd0efa
2026-10-06T10:30:16.5045821Z 10:30:16.435 [main] INFO org.flowable.common.engine.impl.async.DefaultAsyncTaskExecutor -- Creating thread pool queue of size 2048
2026-10-06T10:30:16.5047577Z 10:30:16.435 [main] INFO org.flowable.common.engine.impl.async.DefaultAsyncTaskExecutor -- Creating thread factory with naming pattern flowable-async-job-executor-thread-%d
2026-10-06T10:30:16.5049175Z 10:30:16.435 [main] INFO org.flowable.common.engine.impl.async.DefaultAsyncTaskExecutor -- Creating executor service with corePoolSize 8, maxPoolSize 8 and keepAliveTime 5000
2026-10-06T10:30:16.5050504Z 10:30:16.443 [main] INFO org.flowable.common.engine.impl.db.CommonDbSchemaManager -- performing create on common with resource org/flowable/common/db/create/flowable.postgres.create.common.sql
2026-10-06T10:30:16.5051808Z 10:30:16.497 [main] INFO org.flowable.engine.impl.db.ProcessDbSchemaManager -- performing create on engine with resource org/flowable/db/create/flowable.postgres.create.engine.sql
2026-10-06T10:30:16.6036008Z 10:30:16.538 [main] INFO org.flowable.engine.impl.db.ProcessDbSchemaManager -- performing create on history with resource org/flowable/db/create/flowable.postgres.create.history.sql
2026-10-06T10:30:16.6047307Z 10:30:16.549 [main] INFO org.flowable.engine.impl.ProcessEngineImpl -- ProcessEngine default created
2026-10-06T10:30:16.6052512Z 10:30:16.556 [main] INFO org.flowable.engine.impl.cmd.ValidateV5EntitiesCmd -- Total of v5 deployments found: 0
2026-10-06T10:30:16.9964990Z [INFO] Tests run: 5, Failures: 0, Errors: 0, Skipped: 0, Time elapsed: 3.750 s -- in org.weaveos.workflow.RootReturnCompatibilityTest
2026-10-06T10:30:17.0226720Z [INFO] 
2026-10-06T10:30:17.0227126Z [INFO] Results:
2026-10-06T10:30:17.0227489Z [INFO] 
2026-10-06T10:30:17.0229707Z [INFO] Tests run: 41, Failures: 0, Errors: 0, Skipped: 0
2026-10-06T10:30:17.0230596Z [INFO] 
2026-10-06T10:30:17.0260929Z [INFO] ------------------------------------------------------------------------
2026-10-06T10:30:17.0261603Z [INFO] BUILD SUCCESS
2026-10-06T10:30:17.0262151Z [INFO] ------------------------------------------------------------------------
2026-10-06T10:30:17.0271335Z [INFO] Total time:  30.747 s
2026-10-06T10:30:17.0274508Z [INFO] Finished at: 2026-10-06T10:30:17Z
2026-10-06T10:30:17.0275366Z [INFO] ------------------------------------------------------------------------
2026-10-06T10:30:17.3217714Z ##[group]Run python3 services/workflow-engine/execution_ci_gate.py services/workflow-engine/target/execution-ci-reports services/workflow-engine/expected-execution-tests.json 2>&1 | tee services/workflow-engine/ci-logs/execution-report-gate.txt
2026-10-06T10:30:17.3219564Z [36;1mpython3 services/workflow-engine/execution_ci_gate.py services/workflow-engine/target/execution-ci-reports services/workflow-engine/expected-execution-tests.json 2>&1 | tee services/workflow-engine/ci-logs/execution-report-gate.txt[0m
2026-10-06T10:30:17.3282904Z shell: /usr/bin/bash --noprofile --norc -e -o pipefail {0}
2026-10-06T10:30:17.3283263Z ##[endgroup]
2026-10-06T10:30:17.3732360Z execution gate passed: 41 exact cases, no failures/errors/skips
2026-10-06T10:30:17.3885454Z ##[group]Run actions/upload-artifact@330a01c490aca151604b8cf639adc76d48f6c5d4
2026-10-06T10:30:17.3885900Z with:
2026-10-06T10:30:17.3886114Z   name: workflow-engine-37449808961
2026-10-06T10:30:17.3886997Z   path: services/workflow-engine/target/surefire-reports/
services/workflow-engine/target/envelope-ci-reports/
services/workflow-engine/target/execution-ci-reports/
services/workflow-engine/ci-logs/

2026-10-06T10:30:17.3887882Z   if-no-files-found: warn
2026-10-06T10:30:17.3888114Z   retention-days: 14
2026-10-06T10:30:17.3888327Z   compression-level: 6
2026-10-06T10:30:17.3888539Z   overwrite: false
2026-10-06T10:30:17.3888759Z   include-hidden-files: false
2026-10-06T10:30:17.3889000Z ##[endgroup]
2026-10-06T10:30:17.5598391Z (node:10505) [DEP0040] DeprecationWarning: The `punycode` module is deprecated. Please use a userland alternative instead.
2026-10-06T10:30:17.5599369Z (Use `node --trace-deprecation ...` to show where the warning was created)
2026-10-06T10:30:17.5779322Z Multiple search paths detected. Calculating the least common ancestor of all paths
2026-10-06T10:30:17.5783549Z The least common ancestor is /home/runner/work/WeaveOS/WeaveOS/services/workflow-engine. This will be the root directory of the artifact
2026-10-06T10:30:17.5785395Z With the provided path, there will be 33 files uploaded
2026-10-06T10:30:17.5793175Z Artifact name is valid!
2026-10-06T10:30:17.5793887Z Root directory input is valid!
2026-10-06T10:30:17.7880293Z Beginning upload of artifact content to blob storage
2026-10-06T10:30:17.8537478Z (node:10505) [DEP0169] DeprecationWarning: `url.parse()` behavior is not standardized and prone to errors that have security implications. Use the WHATWG URL API instead. CVEs are not issued for `url.parse()` vulnerabilities.
2026-10-06T10:30:17.9128889Z Uploaded bytes 68258
2026-10-06T10:30:17.9301909Z Finished uploading artifact content to blob storage!
2026-10-06T10:30:17.9303840Z SHA256 digest of uploaded artifact zip is 1262e6217a934294cf4ed259ff01f9ce48ceb93754c265efed9e728032a018c3
2026-10-06T10:30:17.9305199Z Finalizing artifact upload
2026-10-06T10:30:18.1732922Z Artifact workflow-engine-37449808961.zip successfully finalized. Artifact ID 11406506097
2026-10-06T10:30:18.1734734Z Artifact workflow-engine-37449808961 has been successfully uploaded! Final size is 68258 bytes. Artifact ID is 11406506097
2026-10-06T10:30:18.1741048Z Artifact download URL: https://github.com/Hubujiu/WeaveOS/actions/runs/37449808961/artifacts/11406506097
2026-10-06T10:30:18.1961015Z Post job cleanup.
2026-10-06T10:30:18.2849482Z [command]/usr/bin/git version
2026-10-06T10:30:18.2899390Z git version 2.55.0
2026-10-06T10:30:18.2943607Z Temporarily overriding HOME='/home/runner/work/_temp/4c6635a8-7446-40f1-b8ea-2447acaeac26' before making global git config changes
2026-10-06T10:30:18.2945369Z Adding repository directory to the temporary git global config as a safe directory
2026-10-06T10:30:18.2950110Z [command]/usr/bin/git config --global --add safe.directory /home/runner/work/WeaveOS/WeaveOS
2026-10-06T10:30:18.2996083Z [command]/usr/bin/git config --local --name-only --get-regexp core\.sshCommand
2026-10-06T10:30:18.3033411Z [command]/usr/bin/git submodule foreach --recursive sh -c "git config --local --name-only --get-regexp 'core\.sshCommand' && git config --local --unset-all 'core.sshCommand' || :"
2026-10-06T10:30:18.3309591Z [command]/usr/bin/git config --local --name-only --get-regexp http\.https\:\/\/github\.com\/\.extraheader
2026-10-06T10:30:18.3350870Z [command]/usr/bin/git submodule foreach --recursive sh -c "git config --local --name-only --get-regexp 'http\.https\:\/\/github\.com\/\.extraheader' && git config --local --unset-all 'http.https://github.com/.extraheader' || :"
2026-10-06T10:30:18.3631599Z [command]/usr/bin/git config --local --name-only --get-regexp ^includeIf\.gitdir:
2026-10-06T10:30:18.3675769Z [command]/usr/bin/git submodule foreach --recursive git config --local --show-origin --name-only --get-regexp remote.origin.url
2026-10-06T10:30:18.4155329Z Cleaning up orphan processes
2026-10-06T10:30:18.4618993Z ##[warning]Node.js 20 is deprecated. The following actions target Node.js 20 but are being forced to run on Node.js 24: actions/checkout@11d5960a326750d5838078e36cf38b85af677262, actions/upload-artifact@330a01c490aca151604b8cf639adc76d48f6c5d4. For more information see: https://github.blog/changelog/2025-09-19-deprecation-of-node-20-on-github-actions-runners/
