2026-10-06T10:05:24.2832969Z Current runner version: '2.337.0'
2026-10-06T10:05:24.2859151Z ##[group]Runner Image Provisioner
2026-10-06T10:05:24.2860188Z Hosted Compute Agent
2026-10-06T10:05:24.2860779Z Version: 20260901.588
2026-10-06T10:05:24.2861525Z Commit: f88ec8081b781fac6c440065ac7ff9e710ce3d0b
2026-10-06T10:05:24.2862261Z Build Date: 2026-09-01T19:56:44Z
2026-10-06T10:05:24.2862978Z Worker ID: {3a78899b-3010-4bef-a2c1-357afc6dc502}
2026-10-06T10:05:24.2863703Z Azure Region: eastus
2026-10-06T10:05:24.2864260Z ##[endgroup]
2026-10-06T10:05:24.2865963Z ##[group]Operating System
2026-10-06T10:05:24.2866693Z Ubuntu
2026-10-06T10:05:24.2867741Z 24.04.5
2026-10-06T10:05:24.2868319Z LTS
2026-10-06T10:05:24.2868852Z ##[endgroup]
2026-10-06T10:05:24.2869540Z ##[group]Runner Image
2026-10-06T10:05:24.2870175Z Image: ubuntu-24.04
2026-10-06T10:05:24.2870796Z Version: 20260927.320.1
2026-10-06T10:05:24.2872090Z Included Software: https://github.com/actions/runner-images/blob/ubuntu24/20260927.320/images/ubuntu/Ubuntu2404-Readme.md
2026-10-06T10:05:24.2873813Z Image Release: https://github.com/actions/runner-images/releases/tag/ubuntu24%2F20260927.320
2026-10-06T10:05:24.2874801Z ##[endgroup]
2026-10-06T10:05:24.2875966Z ##[group]GITHUB_TOKEN Permissions
2026-10-06T10:05:24.2878104Z Contents: read
2026-10-06T10:05:24.2878867Z Metadata: read
2026-10-06T10:05:24.2879431Z ##[endgroup]
2026-10-06T10:05:24.2881711Z Secret source: Actions
2026-10-06T10:05:24.2882750Z Cache mode: write
2026-10-06T10:05:24.2883528Z Prepare workflow directory
2026-10-06T10:05:24.3298072Z Prepare all required actions
2026-10-06T10:05:24.3346573Z Getting action download info
2026-10-06T10:05:24.5206519Z Download action repository 'actions/checkout@11d5960a326750d5838078e36cf38b85af677262' (SHA:11d5960a326750d5838078e36cf38b85af677262)
2026-10-06T10:05:24.6104122Z Download action repository 'actions/upload-artifact@330a01c490aca151604b8cf639adc76d48f6c5d4' (SHA:330a01c490aca151604b8cf639adc76d48f6c5d4)
2026-10-06T10:05:24.8901567Z Complete job name: workflow-engine
2026-10-06T10:05:24.9766941Z ##[group]Run actions/checkout@11d5960a326750d5838078e36cf38b85af677262
2026-10-06T10:05:24.9768339Z with:
2026-10-06T10:05:24.9768795Z   persist-credentials: false
2026-10-06T10:05:24.9769320Z   repository: Hubujiu/WeaveOS
2026-10-06T10:05:24.9773347Z   token: ***
2026-10-06T10:05:24.9773776Z   ssh-strict: true
2026-10-06T10:05:24.9774207Z   ssh-user: git
2026-10-06T10:05:24.9774637Z   clean: true
2026-10-06T10:05:24.9775071Z   sparse-checkout-cone-mode: true
2026-10-06T10:05:24.9775592Z   fetch-depth: 1
2026-10-06T10:05:24.9776018Z   fetch-tags: false
2026-10-06T10:05:24.9776462Z   show-progress: true
2026-10-06T10:05:24.9776899Z   lfs: false
2026-10-06T10:05:24.9777476Z   submodules: false
2026-10-06T10:05:24.9777932Z   set-safe-directory: true
2026-10-06T10:05:24.9778441Z   allow-unsafe-pr-checkout: false
2026-10-06T10:05:24.9779233Z ##[endgroup]
2026-10-06T10:05:25.0816808Z Syncing repository: Hubujiu/WeaveOS
2026-10-06T10:05:25.0819640Z ##[group]Getting Git version info
2026-10-06T10:05:25.0820850Z Working directory is '/home/runner/work/WeaveOS/WeaveOS'
2026-10-06T10:05:25.0822421Z [command]/usr/bin/git version
2026-10-06T10:05:25.0879393Z git version 2.55.0
2026-10-06T10:05:25.0900592Z ##[endgroup]
2026-10-06T10:05:25.0919271Z Temporarily overriding HOME='/home/runner/work/_temp/b71e99d9-ccb4-40dc-8a2f-6f4917393e2b' before making global git config changes
2026-10-06T10:05:25.0921565Z Adding repository directory to the temporary git global config as a safe directory
2026-10-06T10:05:25.0923402Z [command]/usr/bin/git config --global --add safe.directory /home/runner/work/WeaveOS/WeaveOS
2026-10-06T10:05:25.0978634Z Deleting the contents of '/home/runner/work/WeaveOS/WeaveOS'
2026-10-06T10:05:25.0987521Z ##[group]Initializing the repository
2026-10-06T10:05:25.0988658Z [command]/usr/bin/git init /home/runner/work/WeaveOS/WeaveOS
2026-10-06T10:05:25.1104415Z hint: Using 'master' as the name for the initial branch. This default branch name
2026-10-06T10:05:25.1107662Z hint: will change to "main" in Git 3.0. To configure the initial branch name
2026-10-06T10:05:25.1110445Z hint: to use in all of your new repositories, which will suppress this warning,
2026-10-06T10:05:25.1112275Z hint: call:
2026-10-06T10:05:25.1113263Z hint:
2026-10-06T10:05:25.1114499Z hint: 	git config --global init.defaultBranch <name>
2026-10-06T10:05:25.1115784Z hint:
2026-10-06T10:05:25.1116766Z hint: Names commonly chosen instead of 'master' are 'main', 'trunk' and
2026-10-06T10:05:25.1118809Z hint: 'development'. The just-created branch can be renamed via this command:
2026-10-06T10:05:25.1120415Z hint:
2026-10-06T10:05:25.1121270Z hint: 	git branch -m <name>
2026-10-06T10:05:25.1122076Z hint:
2026-10-06T10:05:25.1123133Z hint: Disable this message with "git config set advice.defaultBranchName false"
2026-10-06T10:05:25.1125521Z Initialized empty Git repository in /home/runner/work/WeaveOS/WeaveOS/.git/
2026-10-06T10:05:25.1128885Z [command]/usr/bin/git remote add origin https://github.com/Hubujiu/WeaveOS
2026-10-06T10:05:25.1173584Z ##[endgroup]
2026-10-06T10:05:25.1174850Z ##[group]Disabling automatic garbage collection
2026-10-06T10:05:25.1179058Z [command]/usr/bin/git config --local gc.auto 0
2026-10-06T10:05:25.1212733Z ##[endgroup]
2026-10-06T10:05:25.1213863Z ##[group]Setting up auth
2026-10-06T10:05:25.1219647Z [command]/usr/bin/git config --local --name-only --get-regexp core\.sshCommand
2026-10-06T10:05:25.1255256Z [command]/usr/bin/git submodule foreach --recursive sh -c "git config --local --name-only --get-regexp 'core\.sshCommand' && git config --local --unset-all 'core.sshCommand' || :"
2026-10-06T10:05:25.1668231Z [command]/usr/bin/git config --local --name-only --get-regexp http\.https\:\/\/github\.com\/\.extraheader
2026-10-06T10:05:25.1708334Z [command]/usr/bin/git submodule foreach --recursive sh -c "git config --local --name-only --get-regexp 'http\.https\:\/\/github\.com\/\.extraheader' && git config --local --unset-all 'http.https://github.com/.extraheader' || :"
2026-10-06T10:05:25.1943023Z [command]/usr/bin/git config --local --name-only --get-regexp ^includeIf\.gitdir:
2026-10-06T10:05:25.1979303Z [command]/usr/bin/git submodule foreach --recursive git config --local --show-origin --name-only --get-regexp remote.origin.url
2026-10-06T10:05:25.2204249Z [command]/usr/bin/git config --local http.https://github.com/.extraheader AUTHORIZATION: basic ***
2026-10-06T10:05:25.2245582Z ##[endgroup]
2026-10-06T10:05:25.2246414Z ##[group]Fetching the repository
2026-10-06T10:05:25.2255479Z [command]/usr/bin/git -c protocol.version=2 fetch --no-tags --prune --no-recurse-submodules --depth=1 origin +54ff7a23a63cbdf6fd356fb78406df2b76c5e75a:refs/remotes/pull/52/merge
2026-10-06T10:05:28.2579279Z From https://github.com/Hubujiu/WeaveOS
2026-10-06T10:05:28.2581450Z  * [new ref]         54ff7a23a63cbdf6fd356fb78406df2b76c5e75a -> pull/52/merge
2026-10-06T10:05:28.2586316Z ##[endgroup]
2026-10-06T10:05:28.2587903Z ##[group]Determining the checkout info
2026-10-06T10:05:28.2589414Z ##[endgroup]
2026-10-06T10:05:28.2599224Z [command]/usr/bin/git sparse-checkout disable
2026-10-06T10:05:28.2660155Z [command]/usr/bin/git config --local --unset-all extensions.worktreeConfig
2026-10-06T10:05:28.2703371Z ##[group]Checking out the ref
2026-10-06T10:05:28.2707498Z [command]/usr/bin/git checkout --progress --force refs/remotes/pull/52/merge
2026-10-06T10:05:29.0586119Z Note: switching to 'refs/remotes/pull/52/merge'.
2026-10-06T10:05:29.0586850Z 
2026-10-06T10:05:29.0587749Z You are in 'detached HEAD' state. You can look around, make experimental
2026-10-06T10:05:29.0588866Z changes and commit them, and you can discard any commits you make in this
2026-10-06T10:05:29.0589919Z state without impacting any branches by switching back to a branch.
2026-10-06T10:05:29.0590521Z 
2026-10-06T10:05:29.0591009Z If you want to create a new branch to retain commits you create, you may
2026-10-06T10:05:29.0592007Z do so (now or later) by using -c with the switch command. Example:
2026-10-06T10:05:29.0592367Z 
2026-10-06T10:05:29.0592589Z   git switch -c <new-branch-name>
2026-10-06T10:05:29.0593110Z 
2026-10-06T10:05:29.0593284Z Or undo this operation with:
2026-10-06T10:05:29.0593501Z 
2026-10-06T10:05:29.0593635Z   git switch -
2026-10-06T10:05:29.0593854Z 
2026-10-06T10:05:29.0594139Z Turn off this advice by setting config variable advice.detachedHead to false
2026-10-06T10:05:29.0594515Z 
2026-10-06T10:05:29.0594936Z HEAD is now at 54ff7a2 Merge 44e96f2258be769dff24a0322a35d977e90f879c into 8fc8f2955d8c956de2c39f505f56c822f75a3405
2026-10-06T10:05:29.0679495Z ##[endgroup]
2026-10-06T10:05:29.0684121Z [command]/usr/bin/git log -1 --format=%H
2026-10-06T10:05:29.0711757Z 54ff7a23a63cbdf6fd356fb78406df2b76c5e75a
2026-10-06T10:05:29.0721794Z ##[group]Removing auth
2026-10-06T10:05:29.0725848Z [command]/usr/bin/git config --local --name-only --get-regexp core\.sshCommand
2026-10-06T10:05:29.0760747Z [command]/usr/bin/git submodule foreach --recursive sh -c "git config --local --name-only --get-regexp 'core\.sshCommand' && git config --local --unset-all 'core.sshCommand' || :"
2026-10-06T10:05:29.0994888Z [command]/usr/bin/git config --local --name-only --get-regexp http\.https\:\/\/github\.com\/\.extraheader
2026-10-06T10:05:29.1024331Z http.https://github.com/.extraheader
2026-10-06T10:05:29.1032055Z [command]/usr/bin/git config --local --unset-all http.https://github.com/.extraheader
2026-10-06T10:05:29.1067623Z [command]/usr/bin/git submodule foreach --recursive sh -c "git config --local --name-only --get-regexp 'http\.https\:\/\/github\.com\/\.extraheader' && git config --local --unset-all 'http.https://github.com/.extraheader' || :"
2026-10-06T10:05:29.1297729Z [command]/usr/bin/git config --local --name-only --get-regexp ^includeIf\.gitdir:
2026-10-06T10:05:29.1329860Z [command]/usr/bin/git submodule foreach --recursive git config --local --show-origin --name-only --get-regexp remote.origin.url
2026-10-06T10:05:29.1557114Z ##[endgroup]
2026-10-06T10:05:29.1775374Z ##[group]Run mkdir -p services/workflow-engine/ci-logs
2026-10-06T10:05:29.1776020Z [36;1mmkdir -p services/workflow-engine/ci-logs[0m
2026-10-06T10:05:29.1776792Z [36;1mpython3 services/workflow-engine/ci_gate_tests.py 2>&1 | tee services/workflow-engine/ci-logs/gate-tests.txt[0m
2026-10-06T10:05:29.2033214Z shell: /usr/bin/bash --noprofile --norc -e -o pipefail {0}
2026-10-06T10:05:29.2033770Z ##[endgroup]
2026-10-06T10:05:29.2795692Z ............
2026-10-06T10:05:29.2796537Z ----------------------------------------------------------------------
2026-10-06T10:05:29.2797484Z Ran 12 tests in 0.011s
2026-10-06T10:05:29.2797744Z 
2026-10-06T10:05:29.2797897Z OK
2026-10-06T10:05:29.2924781Z ##[group]Run bash services/workflow-engine/prepare-build.sh 2>&1 | tee services/workflow-engine/ci-logs/prepare.txt
2026-10-06T10:05:29.2925830Z [36;1mbash services/workflow-engine/prepare-build.sh 2>&1 | tee services/workflow-engine/ci-logs/prepare.txt[0m
2026-10-06T10:05:29.2992554Z shell: /usr/bin/bash --noprofile --norc -e -o pipefail {0}
2026-10-06T10:05:29.2993024Z ##[endgroup]
2026-10-06T10:05:29.3914439Z Unable to find image 'mirror.gcr.io/library/maven@sha256:fa7aa19829157d299ff05f631b51697a388dcd2f6955e84249ecc652015f217b' locally
2026-10-06T10:05:29.9587821Z mirror.gcr.io/library/maven@sha256:fa7aa19829157d299ff05f631b51697a388dcd2f6955e84249ecc652015f217b: Pulling from library/maven
2026-10-06T10:05:29.9599900Z 20043066d3d5: Pulling fs layer
2026-10-06T10:05:29.9600994Z 077c4ca28173: Pulling fs layer
2026-10-06T10:05:29.9601900Z b88b6ae1b108: Pulling fs layer
2026-10-06T10:05:29.9602501Z 67cf99ea3a75: Pulling fs layer
2026-10-06T10:05:29.9603143Z 02d80376fd82: Pulling fs layer
2026-10-06T10:05:29.9603636Z a48539624cab: Pulling fs layer
2026-10-06T10:05:29.9604057Z 066840a279be: Pulling fs layer
2026-10-06T10:05:29.9604338Z 00ce8eef72b0: Pulling fs layer
2026-10-06T10:05:29.9604810Z a00511e1babb: Pulling fs layer
2026-10-06T10:05:29.9605079Z 8f9d993fddb9: Pulling fs layer
2026-10-06T10:05:29.9605332Z 67cf99ea3a75: Waiting
2026-10-06T10:05:29.9605584Z 02d80376fd82: Waiting
2026-10-06T10:05:29.9606146Z a48539624cab: Waiting
2026-10-06T10:05:29.9606456Z 066840a279be: Waiting
2026-10-06T10:05:29.9606897Z a00511e1babb: Waiting
2026-10-06T10:05:29.9607563Z 8f9d993fddb9: Waiting
2026-10-06T10:05:29.9607824Z 00ce8eef72b0: Waiting
2026-10-06T10:05:30.5776288Z 077c4ca28173: Verifying Checksum
2026-10-06T10:05:30.5777650Z 077c4ca28173: Download complete
2026-10-06T10:05:30.7488559Z 20043066d3d5: Verifying Checksum
2026-10-06T10:05:30.7489190Z 20043066d3d5: Download complete
2026-10-06T10:05:30.9093329Z 67cf99ea3a75: Verifying Checksum
2026-10-06T10:05:30.9094544Z 67cf99ea3a75: Download complete
2026-10-06T10:05:31.0751874Z 02d80376fd82: Verifying Checksum
2026-10-06T10:05:31.0752814Z 02d80376fd82: Download complete
2026-10-06T10:05:31.5434803Z b88b6ae1b108: Verifying Checksum
2026-10-06T10:05:31.5435524Z b88b6ae1b108: Download complete
2026-10-06T10:05:31.7366272Z 066840a279be: Verifying Checksum
2026-10-06T10:05:31.7368528Z 066840a279be: Download complete
2026-10-06T10:05:31.8887484Z 00ce8eef72b0: Verifying Checksum
2026-10-06T10:05:31.8888270Z 00ce8eef72b0: Download complete
2026-10-06T10:05:31.8972757Z a48539624cab: Download complete
2026-10-06T10:05:31.9215932Z 20043066d3d5: Pull complete
2026-10-06T10:05:32.0631629Z a00511e1babb: Verifying Checksum
2026-10-06T10:05:32.0632067Z a00511e1babb: Download complete
2026-10-06T10:05:32.2315723Z 8f9d993fddb9: Verifying Checksum
2026-10-06T10:05:32.2316298Z 8f9d993fddb9: Download complete
2026-10-06T10:05:35.8107636Z 077c4ca28173: Pull complete
2026-10-06T10:05:37.4607138Z b88b6ae1b108: Pull complete
2026-10-06T10:05:37.4728875Z 67cf99ea3a75: Pull complete
2026-10-06T10:05:37.4805312Z 02d80376fd82: Pull complete
2026-10-06T10:05:38.3472068Z a48539624cab: Pull complete
2026-10-06T10:05:38.4310774Z 066840a279be: Pull complete
2026-10-06T10:05:38.4396767Z 00ce8eef72b0: Pull complete
2026-10-06T10:05:38.4481426Z a00511e1babb: Pull complete
2026-10-06T10:05:38.4605763Z 8f9d993fddb9: Pull complete
2026-10-06T10:05:38.4639450Z Digest: sha256:fa7aa19829157d299ff05f631b51697a388dcd2f6955e84249ecc652015f217b
2026-10-06T10:05:38.4647790Z Status: Downloaded newer image for mirror.gcr.io/library/maven@sha256:fa7aa19829157d299ff05f631b51697a388dcd2f6955e84249ecc652015f217b
2026-10-06T10:05:40.8247422Z [INFO] Scanning for projects...
2026-10-06T10:05:45.2344087Z [INFO] 
2026-10-06T10:05:45.2359043Z [INFO] --------------------< org.weaveos:workflow-engine >---------------------
2026-10-06T10:05:45.2360390Z [INFO] Building WeaveOS controlled workflow engine core 0.3.0-SNAPSHOT
2026-10-06T10:05:45.2361344Z [INFO]   from pom.xml
2026-10-06T10:05:45.2362790Z [INFO] --------------------------------[ jar ]---------------------------------
2026-10-06T10:05:45.2387288Z [INFO] 
2026-10-06T10:05:45.2404106Z [INFO] --- dependency:3.9.0:go-offline (default-cli) @ workflow-engine ---
2026-10-06T10:05:50.7438635Z [INFO] Resolved plugin: maven-compiler-plugin-3.14.1.jar
2026-10-06T10:05:50.7458071Z [INFO] Resolved plugin dependency:
2026-10-06T10:05:51.0528488Z [INFO]       maven-compiler-plugin-3.14.1.jar
2026-10-06T10:05:51.0529173Z [INFO]       asm-9.8.jar
2026-10-06T10:05:51.0533688Z [INFO]       maven-shared-utils-3.4.2.jar
2026-10-06T10:05:51.0534744Z [INFO]       slf4j-api-1.7.36.jar
2026-10-06T10:05:51.0535615Z [INFO]       commons-io-2.11.0.jar
2026-10-06T10:05:51.0536378Z [INFO]       maven-shared-incremental-1.1.jar
2026-10-06T10:05:51.0536918Z [INFO]       plexus-java-1.5.0.jar
2026-10-06T10:05:51.0537627Z [INFO]       qdox-2.2.0.jar
2026-10-06T10:05:51.0538083Z [INFO]       plexus-compiler-api-2.15.0.jar
2026-10-06T10:05:51.0538689Z [INFO]       plexus-compiler-manager-2.15.0.jar
2026-10-06T10:05:51.0539224Z [INFO]       javax.inject-1.jar
2026-10-06T10:05:51.0539664Z [INFO]       plexus-xml-3.0.1.jar
2026-10-06T10:05:51.0540178Z [INFO]       plexus-compiler-javac-2.15.0.jar
2026-10-06T10:05:51.0540721Z [INFO]       plexus-utils-4.0.2.jar
2026-10-06T10:05:51.0548445Z [INFO] Resolved plugin: maven-surefire-plugin-3.5.4.jar
2026-10-06T10:05:51.0549317Z [INFO] Resolved plugin dependency:
2026-10-06T10:05:51.3103629Z [INFO]       maven-surefire-plugin-3.5.4.jar
2026-10-06T10:05:51.3127903Z [INFO]       surefire-api-3.5.4.jar
2026-10-06T10:05:51.3128522Z [INFO]       surefire-logger-api-3.5.4.jar
2026-10-06T10:05:51.3148305Z [INFO]       surefire-shared-utils-3.5.4.jar
2026-10-06T10:05:51.3157965Z [INFO]       surefire-extensions-api-3.5.4.jar
2026-10-06T10:05:51.3187871Z [INFO]       maven-surefire-common-3.5.4.jar
2026-10-06T10:05:51.3204571Z [INFO]       surefire-booter-3.5.4.jar
2026-10-06T10:05:51.3228204Z [INFO]       surefire-extensions-spi-3.5.4.jar
2026-10-06T10:05:51.3245903Z [INFO]       maven-resolver-util-1.4.1.jar
2026-10-06T10:05:51.3254742Z [INFO]       maven-resolver-api-1.4.1.jar
2026-10-06T10:05:51.3255369Z [INFO]       maven-common-artifact-filters-3.4.0.jar
2026-10-06T10:05:51.3255948Z [INFO]       slf4j-api-1.7.36.jar
2026-10-06T10:05:51.3256366Z [INFO]       plexus-java-1.5.0.jar
2026-10-06T10:05:51.3256622Z [INFO]       asm-9.8.jar
2026-10-06T10:05:51.3256856Z [INFO]       qdox-2.2.0.jar
2026-10-06T10:05:51.3257401Z [INFO] Resolved plugin: maven-jar-plugin-3.4.2.jar
2026-10-06T10:05:51.3257973Z [INFO] Resolved plugin dependency:
2026-10-06T10:05:51.5209345Z [INFO]       maven-jar-plugin-3.4.2.jar
2026-10-06T10:05:51.5211630Z [INFO]       file-management-3.1.0.jar
2026-10-06T10:05:51.5267051Z [INFO]       plexus-utils-4.0.1.jar
2026-10-06T10:05:51.5268286Z [INFO]       commons-io-2.16.1.jar
2026-10-06T10:05:51.5268917Z [INFO]       maven-archiver-3.6.2.jar
2026-10-06T10:05:51.5269563Z [INFO]       plexus-interpolation-1.27.jar
2026-10-06T10:05:51.5270234Z [INFO]       plexus-archiver-4.9.2.jar
2026-10-06T10:05:51.5270825Z [INFO]       plexus-io-3.4.2.jar
2026-10-06T10:05:51.5284566Z [INFO]       commons-compress-1.26.1.jar
2026-10-06T10:05:51.5285252Z [INFO]       commons-lang3-3.14.0.jar
2026-10-06T10:05:51.5285855Z [INFO]       commons-codec-1.16.1.jar
2026-10-06T10:05:51.5286456Z [INFO]       snappy-0.4.jar
2026-10-06T10:05:51.5287030Z [INFO]       xz-1.9.jar
2026-10-06T10:05:51.5287813Z [INFO]       zstd-jni-1.5.5-11.jar
2026-10-06T10:05:51.5288478Z [INFO]       javax.inject-1.jar
2026-10-06T10:05:51.5288944Z [INFO]       slf4j-api-1.7.36.jar
2026-10-06T10:05:51.5289463Z [INFO] Resolved plugin: maven-clean-plugin-3.5.0.jar
2026-10-06T10:05:51.5290025Z [INFO] Resolved plugin dependency:
2026-10-06T10:05:51.5290492Z [INFO]       maven-clean-plugin-3.5.0.jar
2026-10-06T10:05:51.5290977Z [INFO]       plexus-utils-4.0.2.jar
2026-10-06T10:05:51.5291505Z [INFO] Resolved plugin: protobuf-maven-plugin-0.6.1.jar
2026-10-06T10:05:51.5292532Z [INFO] Resolved plugin dependency:
2026-10-06T10:05:52.3770096Z [INFO]       protobuf-maven-plugin-0.6.1.jar
2026-10-06T10:05:52.3788292Z [INFO]       maven-plugin-api-3.0.jar
2026-10-06T10:05:52.3788936Z [INFO]       maven-model-3.0.jar
2026-10-06T10:05:52.3789579Z [INFO]       sisu-inject-plexus-1.4.2.jar
2026-10-06T10:05:52.3790306Z [INFO]       sisu-inject-bean-1.4.2.jar
2026-10-06T10:05:52.3790943Z [INFO]       sisu-guice-2.1.7-noaop.jar
2026-10-06T10:05:52.3791668Z [INFO]       maven-plugin-annotations-3.5.2.jar
2026-10-06T10:05:52.3792329Z [INFO]       plexus-utils-3.1.0.jar
2026-10-06T10:05:52.3792998Z [INFO]       plexus-component-annotations-1.7.1.jar
2026-10-06T10:05:52.3793703Z [INFO]       plexus-build-api-0.0.7.jar
2026-10-06T10:05:52.3794325Z [INFO]       maven-core-3.0.jar
2026-10-06T10:05:52.3794918Z [INFO]       maven-settings-3.0.jar
2026-10-06T10:05:52.3795559Z [INFO]       maven-settings-builder-3.0.jar
2026-10-06T10:05:52.3796272Z [INFO]       maven-repository-metadata-3.0.jar
2026-10-06T10:05:52.3796986Z [INFO]       maven-model-builder-3.0.jar
2026-10-06T10:05:52.3798050Z [INFO]       maven-aether-provider-3.0.jar
2026-10-06T10:05:52.3798720Z [INFO]       aether-impl-1.7.jar
2026-10-06T10:05:52.3799311Z [INFO]       aether-spi-1.7.jar
2026-10-06T10:05:52.3799883Z [INFO]       aether-api-1.7.jar
2026-10-06T10:05:52.3800436Z [INFO]       aether-util-1.7.jar
2026-10-06T10:05:52.3801030Z [INFO]       plexus-interpolation-1.14.jar
2026-10-06T10:05:52.3801983Z [INFO]       plexus-classworlds-2.2.3.jar
2026-10-06T10:05:52.3802641Z [INFO]       plexus-sec-dispatcher-1.3.jar
2026-10-06T10:05:52.3803288Z [INFO]       plexus-cipher-1.4.jar
2026-10-06T10:05:52.3803899Z [INFO]       maven-artifact-3.0.jar
2026-10-06T10:05:52.3804491Z [INFO]       maven-compat-3.0.jar
2026-10-06T10:05:52.3805115Z [INFO]       wagon-provider-api-1.0-beta-6.jar
2026-10-06T10:05:52.3805844Z [INFO] Resolved plugin: maven-install-plugin-3.1.4.jar
2026-10-06T10:05:52.3806551Z [INFO] Resolved plugin dependency:
2026-10-06T10:05:52.5171320Z [INFO]       maven-install-plugin-3.1.4.jar
2026-10-06T10:05:52.5188433Z [INFO]       maven-resolver-util-1.9.22.jar
2026-10-06T10:05:52.5188841Z [INFO]       maven-resolver-api-1.9.22.jar
2026-10-06T10:05:52.5189202Z [INFO]       plexus-utils-4.0.1.jar
2026-10-06T10:05:52.5189526Z [INFO]       plexus-xml-3.0.1.jar
2026-10-06T10:05:52.5189892Z [INFO] Resolved plugin: maven-site-plugin-3.12.1.jar
2026-10-06T10:05:52.5190284Z [INFO] Resolved plugin dependency:
2026-10-06T10:05:58.9668149Z [INFO]       maven-site-plugin-3.12.1.jar
2026-10-06T10:05:58.9676038Z [INFO]       maven-reporting-api-3.1.1.jar
2026-10-06T10:05:58.9676795Z [INFO]       maven-reporting-exec-1.6.0.jar
2026-10-06T10:05:58.9677928Z [INFO]       maven-artifact-3.2.5.jar
2026-10-06T10:05:58.9678566Z [INFO]       maven-core-3.2.5.jar
2026-10-06T10:05:58.9679214Z [INFO]       maven-repository-metadata-3.2.5.jar
2026-10-06T10:05:58.9679822Z [INFO]       maven-model-builder-3.2.5.jar
2026-10-06T10:05:58.9680397Z [INFO]       maven-aether-provider-3.2.5.jar
2026-10-06T10:05:58.9680971Z [INFO]       aether-spi-1.0.0.v20140518.jar
2026-10-06T10:05:58.9681507Z [INFO]       aether-impl-1.0.0.v20140518.jar
2026-10-06T10:05:58.9682035Z [INFO]       aether-api-1.0.0.v20140518.jar
2026-10-06T10:05:58.9682601Z [INFO]       org.eclipse.sisu.plexus-0.3.5.jar
2026-10-06T10:05:58.9683183Z [INFO]       javax.annotation-api-1.2.jar
2026-10-06T10:05:58.9683720Z [INFO]       cdi-api-1.2.jar
2026-10-06T10:05:58.9684229Z [INFO]       org.eclipse.sisu.inject-0.3.5.jar
2026-10-06T10:05:58.9684791Z [INFO]       sisu-guice-3.2.3-no_aop.jar
2026-10-06T10:05:58.9685290Z [INFO]       javax.inject-1.jar
2026-10-06T10:05:58.9685754Z [INFO]       aopalliance-1.0.jar
2026-10-06T10:05:58.9686201Z [INFO]       guava-16.0.1.jar
2026-10-06T10:05:58.9686656Z [INFO]       plexus-classworlds-2.5.2.jar
2026-10-06T10:05:58.9687466Z [INFO]       plexus-sec-dispatcher-1.3.jar
2026-10-06T10:05:58.9688010Z [INFO]       plexus-cipher-1.4.jar
2026-10-06T10:05:58.9688511Z [INFO]       maven-model-3.2.5.jar
2026-10-06T10:05:58.9689330Z [INFO]       maven-plugin-api-3.2.5.jar
2026-10-06T10:05:58.9689904Z [INFO]       maven-settings-3.2.5.jar
2026-10-06T10:05:58.9690470Z [INFO]       maven-settings-builder-3.2.5.jar
2026-10-06T10:05:58.9691062Z [INFO]       aether-util-1.0.0.v20140518.jar
2026-10-06T10:05:58.9691607Z [INFO]       maven-shared-utils-3.3.4.jar
2026-10-06T10:05:58.9692107Z [INFO]       commons-io-2.6.jar
2026-10-06T10:05:58.9692709Z [INFO]       maven-archiver-3.5.2.jar
2026-10-06T10:05:58.9693225Z [INFO]       commons-compress-1.20.jar
2026-10-06T10:05:58.9693778Z [INFO]       plexus-interpolation-1.26.jar
2026-10-06T10:05:58.9694340Z [INFO]       plexus-archiver-4.2.7.jar
2026-10-06T10:05:58.9694823Z [INFO]       plexus-io-3.2.0.jar
2026-10-06T10:05:58.9695281Z [INFO]       snappy-0.4.jar
2026-10-06T10:05:58.9695725Z [INFO]       xz-1.9.jar
2026-10-06T10:05:58.9696225Z [INFO]       plexus-i18n-1.0-beta-10.jar
2026-10-06T10:05:58.9696740Z [INFO]       plexus-utils-3.4.2.jar
2026-10-06T10:05:58.9697441Z [INFO]       doxia-sink-api-1.11.1.jar
2026-10-06T10:05:58.9698129Z [INFO]       doxia-logging-api-1.11.1.jar
2026-10-06T10:05:58.9698900Z [INFO]       doxia-core-1.11.1.jar
2026-10-06T10:05:58.9699554Z [INFO]       plexus-container-default-2.1.0.jar
2026-10-06T10:05:58.9700474Z [INFO]       xbean-reflect-3.7.jar
2026-10-06T10:05:58.9701185Z [INFO]       google-collections-1.0.jar
2026-10-06T10:05:58.9701831Z [INFO]       plexus-component-annotations-2.1.1.jar
2026-10-06T10:05:58.9702736Z [INFO]       commons-lang3-3.8.1.jar
2026-10-06T10:05:58.9703236Z [INFO]       commons-text-1.3.jar
2026-10-06T10:05:58.9703739Z [INFO]       httpclient-4.5.13.jar
2026-10-06T10:05:58.9704227Z [INFO]       commons-logging-1.2.jar
2026-10-06T10:05:58.9704568Z [INFO]       commons-codec-1.11.jar
2026-10-06T10:05:58.9705173Z [INFO]       httpcore-4.4.14.jar
2026-10-06T10:05:58.9705992Z [INFO]       doxia-module-xhtml-1.11.1.jar
2026-10-06T10:05:58.9706842Z [INFO]       doxia-module-xhtml5-1.11.1.jar
2026-10-06T10:05:58.9707941Z [INFO]       doxia-module-apt-1.11.1.jar
2026-10-06T10:05:58.9708751Z [INFO]       doxia-module-xdoc-1.11.1.jar
2026-10-06T10:05:58.9709556Z [INFO]       doxia-module-fml-1.11.1.jar
2026-10-06T10:05:58.9710396Z [INFO]       doxia-module-markdown-1.11.1.jar
2026-10-06T10:05:58.9711232Z [INFO]       flexmark-all-0.42.14.jar
2026-10-06T10:05:58.9711985Z [INFO]       flexmark-0.42.14.jar
2026-10-06T10:05:58.9712786Z [INFO]       flexmark-ext-abbreviation-0.42.14.jar
2026-10-06T10:05:58.9713733Z [INFO]       flexmark-ext-admonition-0.42.14.jar
2026-10-06T10:05:58.9714645Z [INFO]       flexmark-ext-anchorlink-0.42.14.jar
2026-10-06T10:05:58.9715523Z [INFO]       flexmark-ext-aside-0.42.14.jar
2026-10-06T10:05:58.9716373Z [INFO]       flexmark-ext-attributes-0.42.14.jar
2026-10-06T10:05:58.9717481Z [INFO]       flexmark-ext-autolink-0.42.14.jar
2026-10-06T10:05:58.9718355Z [INFO]       autolink-0.6.0.jar
2026-10-06T10:05:58.9719220Z [INFO]       flexmark-ext-definition-0.42.14.jar
2026-10-06T10:05:58.9720062Z [INFO]       flexmark-ext-emoji-0.42.14.jar
2026-10-06T10:05:58.9720995Z [INFO]       flexmark-ext-enumerated-reference-0.42.14.jar
2026-10-06T10:05:58.9721979Z [INFO]       flexmark-ext-escaped-character-0.42.14.jar
2026-10-06T10:05:58.9722888Z [INFO]       flexmark-ext-footnotes-0.42.14.jar
2026-10-06T10:05:58.9723766Z [INFO]       flexmark-ext-gfm-issues-0.42.14.jar
2026-10-06T10:05:58.9724698Z [INFO]       flexmark-ext-gfm-strikethrough-0.42.14.jar
2026-10-06T10:05:58.9725669Z [INFO]       flexmark-ext-gfm-tables-0.42.14.jar
2026-10-06T10:05:58.9726540Z [INFO]       flexmark-ext-gfm-tasklist-0.42.14.jar
2026-10-06T10:05:58.9727680Z [INFO]       flexmark-ext-gfm-users-0.42.14.jar
2026-10-06T10:05:58.9728676Z [INFO]       flexmark-ext-gitlab-0.42.14.jar
2026-10-06T10:05:58.9729597Z [INFO]       flexmark-ext-jekyll-front-matter-0.42.14.jar
2026-10-06T10:05:58.9730554Z [INFO]       flexmark-ext-jekyll-tag-0.42.14.jar
2026-10-06T10:05:58.9731443Z [INFO]       flexmark-ext-media-tags-0.42.14.jar
2026-10-06T10:05:58.9732734Z [INFO]       flexmark-ext-macros-0.42.14.jar
2026-10-06T10:05:58.9735860Z [INFO]       flexmark-ext-ins-0.42.14.jar
2026-10-06T10:05:58.9736741Z [INFO]       flexmark-ext-xwiki-macros-0.42.14.jar
2026-10-06T10:05:58.9737819Z [INFO]       flexmark-ext-superscript-0.42.14.jar
2026-10-06T10:05:58.9738628Z [INFO]       flexmark-ext-tables-0.42.14.jar
2026-10-06T10:05:58.9739386Z [INFO]       flexmark-ext-toc-0.42.14.jar
2026-10-06T10:05:58.9740232Z [INFO]       flexmark-ext-typographic-0.42.14.jar
2026-10-06T10:05:58.9741068Z [INFO]       flexmark-ext-wikilink-0.42.14.jar
2026-10-06T10:05:58.9742024Z [INFO]       flexmark-ext-yaml-front-matter-0.42.14.jar
2026-10-06T10:05:58.9742887Z [INFO]       flexmark-ext-youtube-embedded-0.42.14.jar
2026-10-06T10:05:58.9743735Z [INFO]       flexmark-formatter-0.42.14.jar
2026-10-06T10:05:58.9744498Z [INFO]       flexmark-html-parser-0.42.14.jar
2026-10-06T10:05:58.9745230Z [INFO]       jsoup-1.10.2.jar
2026-10-06T10:05:58.9745928Z [INFO]       flexmark-jira-converter-0.42.14.jar
2026-10-06T10:05:58.9746760Z [INFO]       flexmark-profile-pegdown-0.42.14.jar
2026-10-06T10:05:58.9747871Z [INFO]       flexmark-util-0.42.14.jar
2026-10-06T10:05:58.9748672Z [INFO]       flexmark-youtrack-converter-0.42.14.jar
2026-10-06T10:05:58.9749547Z [INFO]       doxia-module-confluence-1.11.1.jar
2026-10-06T10:05:58.9750363Z [INFO]       doxia-module-docbook-simple-1.11.1.jar
2026-10-06T10:05:58.9751218Z [INFO]       doxia-module-twiki-1.11.1.jar
2026-10-06T10:05:58.9752298Z [INFO]       doxia-decoration-model-1.11.1.jar
2026-10-06T10:05:58.9753094Z [INFO]       doxia-site-renderer-1.11.1.jar
2026-10-06T10:05:58.9753821Z [INFO]       doxia-skin-model-1.11.1.jar
2026-10-06T10:05:58.9754539Z [INFO]       plexus-velocity-1.2.jar
2026-10-06T10:05:58.9755283Z [INFO]       velocity-1.7.jar
2026-10-06T10:05:58.9755977Z [INFO]       commons-lang-2.4.jar
2026-10-06T10:05:58.9756649Z [INFO]       velocity-tools-2.0.jar
2026-10-06T10:05:58.9757656Z [INFO]       commons-beanutils-1.7.0.jar
2026-10-06T10:05:58.9758443Z [INFO]       commons-digester-1.8.jar
2026-10-06T10:05:58.9759178Z [INFO]       commons-chain-1.1.jar
2026-10-06T10:05:58.9759923Z [INFO]       dom4j-1.1.jar
2026-10-06T10:05:58.9760570Z [INFO]       oro-2.0.8.jar
2026-10-06T10:05:58.9761241Z [INFO]       commons-collections-3.2.2.jar
2026-10-06T10:05:58.9762012Z [INFO]       doxia-integration-tools-1.11.1.jar
2026-10-06T10:05:58.9762870Z [INFO]       jetty-server-9.4.46.v20220331.jar
2026-10-06T10:05:58.9763609Z [INFO]       javax.servlet-api-3.1.0.jar
2026-10-06T10:05:58.9764670Z [INFO]       jetty-http-9.4.46.v20220331.jar
2026-10-06T10:05:58.9765361Z [INFO]       jetty-io-9.4.46.v20220331.jar
2026-10-06T10:05:58.9766069Z [INFO]       jetty-servlet-9.4.46.v20220331.jar
2026-10-06T10:05:58.9766797Z [INFO]       jetty-security-9.4.46.v20220331.jar
2026-10-06T10:05:58.9767776Z [INFO]       jetty-util-ajax-9.4.46.v20220331.jar
2026-10-06T10:05:58.9768598Z [INFO]       jetty-webapp-9.4.46.v20220331.jar
2026-10-06T10:05:58.9769228Z [INFO]       jetty-xml-9.4.46.v20220331.jar
2026-10-06T10:05:58.9769679Z [INFO]       jetty-util-9.4.46.v20220331.jar
2026-10-06T10:05:58.9770173Z [INFO] Resolved plugin: maven-resources-plugin-3.3.1.jar
2026-10-06T10:05:58.9770657Z [INFO] Resolved plugin dependency:
2026-10-06T10:05:59.1953488Z [INFO]       maven-resources-plugin-3.3.1.jar
2026-10-06T10:05:59.1954859Z [INFO]       plexus-interpolation-1.26.jar
2026-10-06T10:05:59.1955715Z [INFO]       plexus-utils-3.5.1.jar
2026-10-06T10:05:59.1956424Z [INFO]       maven-filtering-3.3.1.jar
2026-10-06T10:05:59.1957468Z [INFO]       javax.inject-1.jar
2026-10-06T10:05:59.1958148Z [INFO]       slf4j-api-1.7.36.jar
2026-10-06T10:05:59.1959008Z [INFO]       plexus-build-api-0.0.7.jar
2026-10-06T10:05:59.1968619Z [INFO]       commons-io-2.11.0.jar
2026-10-06T10:05:59.1969388Z [INFO]       commons-lang3-3.12.0.jar
2026-10-06T10:05:59.1970146Z [INFO] Resolved plugin: maven-deploy-plugin-3.1.4.jar
2026-10-06T10:05:59.1970933Z [INFO] Resolved plugin dependency:
2026-10-06T10:05:59.1985047Z [INFO]       maven-deploy-plugin-3.1.4.jar
2026-10-06T10:05:59.1986131Z [INFO]       plexus-utils-4.0.1.jar
2026-10-06T10:05:59.1986874Z [INFO]       plexus-xml-3.0.1.jar
2026-10-06T10:05:59.1988188Z [INFO]       maven-resolver-util-1.9.22.jar
2026-10-06T10:05:59.1988991Z [INFO]       maven-resolver-api-1.9.22.jar
2026-10-06T10:06:03.0246120Z [INFO] Resolved dependency: flowable-spring-8.0.0.jar
2026-10-06T10:06:03.0247890Z [INFO] Resolved dependency: flowable-engine-8.0.0.jar
2026-10-06T10:06:03.0249211Z [INFO] Resolved dependency: flowable-bpmn-converter-8.0.0.jar
2026-10-06T10:06:03.0250572Z [INFO] Resolved dependency: flowable-bpmn-model-8.0.0.jar
2026-10-06T10:06:03.0251931Z [INFO] Resolved dependency: flowable-process-validation-8.0.0.jar
2026-10-06T10:06:03.0253328Z [INFO] Resolved dependency: flowable-image-generator-8.0.0.jar
2026-10-06T10:06:03.0254837Z [INFO] Resolved dependency: flowable-engine-common-api-8.0.0.jar
2026-10-06T10:06:03.0256167Z [INFO] Resolved dependency: flowable-engine-common-8.0.0.jar
2026-10-06T10:06:03.0257769Z [INFO] Resolved dependency: flowable-variable-service-api-8.0.0.jar
2026-10-06T10:06:03.0259200Z [INFO] Resolved dependency: flowable-event-registry-api-8.0.0.jar
2026-10-06T10:06:03.0262302Z [INFO] Resolved dependency: jackson-databind-3.0.4.jar
2026-10-06T10:06:03.0263006Z [INFO] Resolved dependency: jackson-core-3.0.4.jar
2026-10-06T10:06:03.0268573Z [INFO] Resolved dependency: flowable-variable-service-8.0.0.jar
2026-10-06T10:06:03.0269642Z [INFO] Resolved dependency: flowable-identitylink-service-8.0.0.jar
2026-10-06T10:06:03.0270624Z [INFO] Resolved dependency: flowable-identitylink-service-api-8.0.0.jar
2026-10-06T10:06:03.0271789Z [INFO] Resolved dependency: flowable-entitylink-service-8.0.0.jar
2026-10-06T10:06:03.0272756Z [INFO] Resolved dependency: flowable-entitylink-service-api-8.0.0.jar
2026-10-06T10:06:03.0273693Z [INFO] Resolved dependency: flowable-event-registry-8.0.0.jar
2026-10-06T10:06:03.0274487Z [INFO] Resolved dependency: flowable-event-registry-model-8.0.0.jar
2026-10-06T10:06:03.0275367Z [INFO] Resolved dependency: flowable-event-registry-json-converter-8.0.0.jar
2026-10-06T10:06:03.0276321Z [INFO] Resolved dependency: flowable-eventsubscription-service-api-8.0.0.jar
2026-10-06T10:06:03.0277090Z [INFO] Resolved dependency: commons-io-2.21.0.jar
2026-10-06T10:06:03.0277873Z [INFO] Resolved dependency: java-uuid-generator-5.1.0.jar
2026-10-06T10:06:03.0278346Z [INFO] Resolved dependency: flowable-event-registry-configurator-8.0.0.jar
2026-10-06T10:06:03.0278880Z [INFO] Resolved dependency: flowable-eventsubscription-service-8.0.0.jar
2026-10-06T10:06:03.0279614Z [INFO] Resolved dependency: flowable-task-service-8.0.0.jar
2026-10-06T10:06:03.0280036Z [INFO] Resolved dependency: flowable-task-service-api-8.0.0.jar
2026-10-06T10:06:03.0280459Z [INFO] Resolved dependency: flowable-job-service-8.0.0.jar
2026-10-06T10:06:03.0280876Z [INFO] Resolved dependency: flowable-job-service-api-8.0.0.jar
2026-10-06T10:06:03.0281304Z [INFO] Resolved dependency: flowable-batch-service-8.0.0.jar
2026-10-06T10:06:03.0281724Z [INFO] Resolved dependency: flowable-batch-service-api-8.0.0.jar
2026-10-06T10:06:03.0282124Z [INFO] Resolved dependency: flowable-idm-api-8.0.0.jar
2026-10-06T10:06:03.0282850Z [INFO] Resolved dependency: flowable-idm-engine-8.0.0.jar
2026-10-06T10:06:03.0283220Z [INFO] Resolved dependency: commons-codec-1.19.0.jar
2026-10-06T10:06:03.0283656Z [INFO] Resolved dependency: flowable-idm-engine-configurator-8.0.0.jar
2026-10-06T10:06:03.0284100Z [INFO] Resolved dependency: flowable-cmmn-api-8.0.0.jar
2026-10-06T10:06:03.0284488Z [INFO] Resolved dependency: flowable-cmmn-model-8.0.0.jar
2026-10-06T10:06:03.0284855Z [INFO] Resolved dependency: flowable-dmn-api-8.0.0.jar
2026-10-06T10:06:03.0285221Z [INFO] Resolved dependency: flowable-dmn-model-8.0.0.jar
2026-10-06T10:06:03.0285587Z [INFO] Resolved dependency: flowable-form-model-8.0.0.jar
2026-10-06T10:06:03.0285950Z [INFO] Resolved dependency: flowable-form-api-8.0.0.jar
2026-10-06T10:06:03.0286530Z [INFO] Resolved dependency: jackson-annotations-2.20.jar
2026-10-06T10:06:03.0286915Z [INFO] Resolved dependency: flowable-content-api-8.0.0.jar
2026-10-06T10:06:03.0287621Z [INFO] Resolved dependency: flowable-http-common-8.0.0.jar
2026-10-06T10:06:03.0288289Z [INFO] Resolved dependency: flowable-mail-8.0.0.jar
2026-10-06T10:06:03.0288877Z [INFO] Resolved dependency: angus-mail-2.0.5.jar
2026-10-06T10:06:03.0289508Z [INFO] Resolved dependency: jakarta.activation-api-2.1.4.jar
2026-10-06T10:06:03.0290186Z [INFO] Resolved dependency: jakarta.mail-api-2.1.5.jar
2026-10-06T10:06:03.0290847Z [INFO] Resolved dependency: angus-activation-2.0.3.jar
2026-10-06T10:06:03.0291438Z [INFO] Resolved dependency: mybatis-3.5.19.jar
2026-10-06T10:06:03.0291995Z [INFO] Resolved dependency: spring-beans-7.0.3.jar
2026-10-06T10:06:03.0292561Z [INFO] Resolved dependency: joda-time-2.14.0.jar
2026-10-06T10:06:03.0293198Z [INFO] Resolved dependency: flowable-spring-common-8.0.0.jar
2026-10-06T10:06:03.0293946Z [INFO] Resolved dependency: flowable-job-spring-service-8.0.0.jar
2026-10-06T10:06:03.0294852Z [INFO] Resolved dependency: flowable-event-registry-spring-configurator-8.0.0.jar
2026-10-06T10:06:03.0295780Z [INFO] Resolved dependency: flowable-event-registry-spring-8.0.0.jar
2026-10-06T10:06:03.0296492Z [INFO] Resolved dependency: spring-context-7.0.3.jar
2026-10-06T10:06:03.0297085Z [INFO] Resolved dependency: spring-aop-7.0.3.jar
2026-10-06T10:06:03.0298157Z [INFO] Resolved dependency: spring-core-7.0.3.jar
2026-10-06T10:06:03.0298758Z [INFO] Resolved dependency: commons-logging-1.3.5.jar
2026-10-06T10:06:03.0299389Z [INFO] Resolved dependency: spring-expression-7.0.3.jar
2026-10-06T10:06:03.0300067Z [INFO] Resolved dependency: micrometer-observation-1.16.2.jar
2026-10-06T10:06:03.0300753Z [INFO] Resolved dependency: micrometer-commons-1.16.2.jar
2026-10-06T10:06:03.0301366Z [INFO] Resolved dependency: spring-jdbc-7.0.3.jar
2026-10-06T10:06:03.0301993Z [INFO] Resolved dependency: spring-tx-7.0.3.jar
2026-10-06T10:06:03.0302573Z [INFO] Resolved dependency: commons-lang3-3.19.0.jar
2026-10-06T10:06:03.0303184Z [INFO] Resolved dependency: spring-orm-7.0.3.jar
2026-10-06T10:06:03.0303817Z [INFO] Resolved dependency: slf4j-api-2.0.17.jar
2026-10-06T10:06:03.0304198Z [INFO] Resolved dependency: jcl-over-slf4j-2.0.17.jar
2026-10-06T10:06:03.0304554Z [INFO] Resolved dependency: grpc-protobuf-1.84.0.jar
2026-10-06T10:06:03.0304890Z [INFO] Resolved dependency: grpc-api-1.84.0.jar
2026-10-06T10:06:03.0305212Z [INFO] Resolved dependency: jsr305-3.0.2.jar
2026-10-06T10:06:03.0305582Z [INFO] Resolved dependency: proto-google-common-protos-2.64.1.jar
2026-10-06T10:06:03.0305976Z [INFO] Resolved dependency: guava-33.6.0-android.jar
2026-10-06T10:06:03.0306316Z [INFO] Resolved dependency: failureaccess-1.0.3.jar
2026-10-06T10:06:03.0306806Z [INFO] Resolved dependency: listenablefuture-9999.0-empty-to-avoid-conflict-with-guava.jar
2026-10-06T10:06:03.0307682Z [INFO] Resolved dependency: j2objc-annotations-3.1.jar
2026-10-06T10:06:03.0331294Z [INFO] Resolved dependency: grpc-protobuf-lite-1.84.0.jar
2026-10-06T10:06:03.0352931Z [INFO] Resolved dependency: protobuf-java-3.25.9.jar
2026-10-06T10:06:03.0353681Z [INFO] Resolved dependency: junit-platform-launcher-6.0.2.jar
2026-10-06T10:06:03.0354449Z [INFO] Resolved dependency: junit-platform-engine-6.0.2.jar
2026-10-06T10:06:03.0355098Z [INFO] Resolved dependency: opentest4j-1.3.0.jar
2026-10-06T10:06:03.0355762Z [INFO] Resolved dependency: junit-platform-commons-6.0.2.jar
2026-10-06T10:06:03.0356568Z [INFO] Resolved dependency: apiguardian-api-1.1.2.jar
2026-10-06T10:06:03.0357482Z [INFO] Resolved dependency: jspecify-1.0.0.jar
2026-10-06T10:06:03.0358106Z [INFO] Resolved dependency: spring-boot-starter-4.0.2.jar
2026-10-06T10:06:03.0358549Z [INFO] Resolved dependency: spring-boot-starter-logging-4.0.2.jar
2026-10-06T10:06:03.0358974Z [INFO] Resolved dependency: logback-classic-1.5.25.jar
2026-10-06T10:06:03.0359334Z [INFO] Resolved dependency: logback-core-1.5.25.jar
2026-10-06T10:06:03.0359876Z [INFO] Resolved dependency: log4j-to-slf4j-2.25.3.jar
2026-10-06T10:06:03.0360220Z [INFO] Resolved dependency: log4j-api-2.25.3.jar
2026-10-06T10:06:03.0360550Z [INFO] Resolved dependency: jul-to-slf4j-2.0.17.jar
2026-10-06T10:06:03.0360930Z [INFO] Resolved dependency: spring-boot-autoconfigure-4.0.2.jar
2026-10-06T10:06:03.0361308Z [INFO] Resolved dependency: spring-boot-4.0.2.jar
2026-10-06T10:06:03.0361671Z [INFO] Resolved dependency: jakarta.annotation-api-3.0.0.jar
2026-10-06T10:06:03.0362033Z [INFO] Resolved dependency: snakeyaml-2.5.jar
2026-10-06T10:06:03.0362351Z [INFO] Resolved dependency: junit-jupiter-6.0.2.jar
2026-10-06T10:06:03.0362697Z [INFO] Resolved dependency: junit-jupiter-api-6.0.2.jar
2026-10-06T10:06:03.0363067Z [INFO] Resolved dependency: junit-jupiter-params-6.0.2.jar
2026-10-06T10:06:03.0363449Z [INFO] Resolved dependency: junit-jupiter-engine-6.0.2.jar
2026-10-06T10:06:03.0363815Z [INFO] Resolved dependency: grpc-netty-shaded-1.84.0.jar
2026-10-06T10:06:03.0364175Z [INFO] Resolved dependency: grpc-util-1.84.0.jar
2026-10-06T10:06:03.0364486Z [INFO] Resolved dependency: grpc-core-1.84.0.jar
2026-10-06T10:06:03.0364784Z [INFO] Resolved dependency: gson-2.13.2.jar
2026-10-06T10:06:03.0365096Z [INFO] Resolved dependency: annotations-4.1.1.4.jar
2026-10-06T10:06:03.0365434Z [INFO] Resolved dependency: grpc-context-1.84.0.jar
2026-10-06T10:06:03.0365833Z [INFO] Resolved dependency: error_prone_annotations-2.50.0.jar
2026-10-06T10:06:03.0366325Z [INFO] Resolved dependency: perfmark-api-0.27.0.jar
2026-10-06T10:06:03.0366698Z [INFO] Resolved dependency: animal-sniffer-annotations-1.27.jar
2026-10-06T10:06:03.0367065Z [INFO] Resolved dependency: grpc-stub-1.84.0.jar
2026-10-06T10:06:03.0367639Z [INFO] Resolved dependency: postgresql-42.7.9.jar
2026-10-06T10:06:03.0367960Z [INFO] Resolved dependency: checker-qual-3.52.0.jar
2026-10-06T10:06:03.0368335Z [INFO] ------------------------------------------------------------------------
2026-10-06T10:06:03.0368681Z [INFO] BUILD SUCCESS
2026-10-06T10:06:03.0368970Z [INFO] ------------------------------------------------------------------------
2026-10-06T10:06:03.0369313Z [INFO] Total time:  22.229 s
2026-10-06T10:06:03.0369561Z [INFO] Finished at: 2026-10-06T10:06:03Z
2026-10-06T10:06:03.0369901Z [INFO] ------------------------------------------------------------------------
2026-10-06T10:06:04.2609289Z [INFO] Scanning for projects...
2026-10-06T10:06:04.4018696Z [INFO] 
2026-10-06T10:06:04.4028230Z [INFO] --------------< org.weaveos.proof:test-provider-prefetch >--------------
2026-10-06T10:06:04.4047942Z [INFO] Building test-provider-prefetch 1
2026-10-06T10:06:04.4048517Z [INFO]   from provider-pom.xml
2026-10-06T10:06:04.4049125Z [INFO] --------------------------------[ jar ]---------------------------------
2026-10-06T10:06:04.4057855Z [INFO] 
2026-10-06T10:06:04.4058791Z [INFO] --- dependency:3.9.0:go-offline (default-cli) @ test-provider-prefetch ---
2026-10-06T10:06:05.6700463Z [INFO] Resolved plugin: maven-compiler-plugin-3.13.0.jar
2026-10-06T10:06:05.6701147Z [INFO] Resolved plugin dependency:
2026-10-06T10:06:06.1318361Z [INFO]       maven-compiler-plugin-3.13.0.jar
2026-10-06T10:06:06.1343476Z [INFO]       maven-shared-utils-3.4.2.jar
2026-10-06T10:06:06.1344646Z [INFO]       slf4j-api-1.7.36.jar
2026-10-06T10:06:06.1345335Z [INFO]       commons-io-2.11.0.jar
2026-10-06T10:06:06.1346070Z [INFO]       maven-shared-incremental-1.1.jar
2026-10-06T10:06:06.1346819Z [INFO]       plexus-java-1.2.0.jar
2026-10-06T10:06:06.1347857Z [INFO]       asm-9.6.jar
2026-10-06T10:06:06.1348475Z [INFO]       qdox-2.0.3.jar
2026-10-06T10:06:06.1349164Z [INFO]       plexus-compiler-api-2.15.0.jar
2026-10-06T10:06:06.1349944Z [INFO]       plexus-compiler-manager-2.15.0.jar
2026-10-06T10:06:06.1350688Z [INFO]       javax.inject-1.jar
2026-10-06T10:06:06.1351371Z [INFO]       plexus-xml-3.0.0.jar
2026-10-06T10:06:06.1352136Z [INFO]       plexus-compiler-javac-2.15.0.jar
2026-10-06T10:06:06.1352934Z [INFO]       plexus-utils-4.0.0.jar
2026-10-06T10:06:06.1564456Z [INFO] Resolved plugin: maven-surefire-plugin-3.2.5.jar
2026-10-06T10:06:06.1574769Z [INFO] Resolved plugin dependency:
2026-10-06T10:06:06.7548680Z [INFO]       maven-surefire-plugin-3.2.5.jar
2026-10-06T10:06:06.7562638Z [INFO]       maven-surefire-common-3.2.5.jar
2026-10-06T10:06:06.7563261Z [INFO]       surefire-api-3.2.5.jar
2026-10-06T10:06:06.7563806Z [INFO]       surefire-logger-api-3.2.5.jar
2026-10-06T10:06:06.7564402Z [INFO]       surefire-extensions-api-3.2.5.jar
2026-10-06T10:06:06.7565012Z [INFO]       surefire-booter-3.2.5.jar
2026-10-06T10:06:06.7565565Z [INFO]       surefire-extensions-spi-3.2.5.jar
2026-10-06T10:06:06.7566153Z [INFO]       aether-util-1.0.0.v20140518.jar
2026-10-06T10:06:06.7566708Z [INFO]       aether-api-1.0.0.v20140518.jar
2026-10-06T10:06:06.7567689Z [INFO]       maven-common-artifact-filters-3.1.1.jar
2026-10-06T10:06:06.7568297Z [INFO]       maven-artifact-3.2.5.jar
2026-10-06T10:06:06.7568796Z [INFO]       plexus-utils-4.0.0.jar
2026-10-06T10:06:06.7569300Z [INFO]       maven-core-3.2.5.jar
2026-10-06T10:06:06.7569775Z [INFO]       maven-settings-3.2.5.jar
2026-10-06T10:06:06.7570320Z [INFO]       maven-settings-builder-3.2.5.jar
2026-10-06T10:06:06.7570713Z [INFO]       maven-repository-metadata-3.2.5.jar
2026-10-06T10:06:06.7571047Z [INFO]       maven-model-builder-3.2.5.jar
2026-10-06T10:06:06.7571368Z [INFO]       maven-aether-provider-3.2.5.jar
2026-10-06T10:06:06.7571677Z [INFO]       aether-spi-1.0.0.v20140518.jar
2026-10-06T10:06:06.7572195Z [INFO]       aether-impl-1.0.0.v20140518.jar
2026-10-06T10:06:06.7572504Z [INFO]       org.eclipse.sisu.plexus-0.9.0.M2.jar
2026-10-06T10:06:06.7572823Z [INFO]       javax.annotation-api-1.2.jar
2026-10-06T10:06:06.7573115Z [INFO]       cdi-api-1.2.jar
2026-10-06T10:06:06.7573390Z [INFO]       org.eclipse.sisu.inject-0.9.0.M2.jar
2026-10-06T10:06:06.7573695Z [INFO]       sisu-guice-3.2.3-no_aop.jar
2026-10-06T10:06:06.7573968Z [INFO]       javax.inject-1.jar
2026-10-06T10:06:06.7574218Z [INFO]       aopalliance-1.0.jar
2026-10-06T10:06:06.7574477Z [INFO]       guava-16.0.1.jar
2026-10-06T10:06:06.7574737Z [INFO]       plexus-interpolation-1.21.jar
2026-10-06T10:06:06.7575041Z [INFO]       plexus-classworlds-2.5.2.jar
2026-10-06T10:06:06.7575504Z [INFO]       plexus-component-annotations-1.5.5.jar
2026-10-06T10:06:06.7576135Z [INFO]       plexus-sec-dispatcher-1.3.jar
2026-10-06T10:06:06.7576776Z [INFO]       plexus-cipher-1.4.jar
2026-10-06T10:06:06.7577578Z [INFO]       maven-plugin-api-3.2.5.jar
2026-10-06T10:06:06.7578143Z [INFO]       commons-io-2.15.1.jar
2026-10-06T10:06:06.7578666Z [INFO]       plexus-java-1.2.0.jar
2026-10-06T10:06:06.7588317Z [INFO]       asm-9.6.jar
2026-10-06T10:06:06.7588873Z [INFO]       qdox-2.0.3.jar
2026-10-06T10:06:06.7589471Z [INFO]       surefire-shared-utils-3.2.5.jar
2026-10-06T10:06:06.7770136Z [INFO] Resolved plugin: maven-jar-plugin-3.4.1.jar
2026-10-06T10:06:06.7770826Z [INFO] Resolved plugin dependency:
2026-10-06T10:06:06.8068138Z [INFO]       maven-jar-plugin-3.4.1.jar
2026-10-06T10:06:06.8068891Z [INFO]       file-management-3.1.0.jar
2026-10-06T10:06:06.8069411Z [INFO]       commons-io-2.16.1.jar
2026-10-06T10:06:06.8078098Z [INFO]       maven-archiver-3.6.2.jar
2026-10-06T10:06:06.8078874Z [INFO]       plexus-interpolation-1.27.jar
2026-10-06T10:06:06.8079574Z [INFO]       plexus-utils-4.0.1.jar
2026-10-06T10:06:06.8080252Z [INFO]       plexus-archiver-4.9.2.jar
2026-10-06T10:06:06.8080922Z [INFO]       plexus-io-3.4.2.jar
2026-10-06T10:06:06.8081563Z [INFO]       commons-compress-1.26.1.jar
2026-10-06T10:06:06.8082226Z [INFO]       commons-lang3-3.14.0.jar
2026-10-06T10:06:06.8082824Z [INFO]       commons-codec-1.16.1.jar
2026-10-06T10:06:06.8083450Z [INFO]       snappy-0.4.jar
2026-10-06T10:06:06.8084002Z [INFO]       xz-1.9.jar
2026-10-06T10:06:06.8084541Z [INFO]       zstd-jni-1.5.5-11.jar
2026-10-06T10:06:06.8085090Z [INFO]       javax.inject-1.jar
2026-10-06T10:06:06.8085683Z [INFO]       slf4j-api-1.7.36.jar
2026-10-06T10:06:06.8261878Z [INFO] Resolved plugin: maven-clean-plugin-3.2.0.jar
2026-10-06T10:06:06.8263447Z [INFO] Resolved plugin dependency:
2026-10-06T10:06:06.9068460Z [INFO]       maven-clean-plugin-3.2.0.jar
2026-10-06T10:06:06.9069083Z [INFO]       maven-shared-utils-3.3.4.jar
2026-10-06T10:06:06.9069575Z [INFO]       commons-io-2.6.jar
2026-10-06T10:06:06.9272313Z [INFO] Resolved plugin: maven-install-plugin-3.1.2.jar
2026-10-06T10:06:06.9272735Z [INFO] Resolved plugin dependency:
2026-10-06T10:06:07.0437621Z [INFO]       maven-install-plugin-3.1.2.jar
2026-10-06T10:06:07.0448270Z [INFO]       maven-resolver-util-1.9.18.jar
2026-10-06T10:06:07.0449228Z [INFO]       maven-resolver-api-1.9.18.jar
2026-10-06T10:06:07.0449935Z [INFO]       plexus-utils-4.0.1.jar
2026-10-06T10:06:07.0450608Z [INFO]       plexus-xml-3.0.0.jar
2026-10-06T10:06:07.0451309Z [INFO] Resolved plugin: maven-site-plugin-3.12.1.jar
2026-10-06T10:06:07.0452057Z [INFO] Resolved plugin dependency:
2026-10-06T10:06:07.2947050Z [INFO]       maven-site-plugin-3.12.1.jar
2026-10-06T10:06:07.2948814Z [INFO]       maven-reporting-api-3.1.1.jar
2026-10-06T10:06:07.2949727Z [INFO]       maven-reporting-exec-1.6.0.jar
2026-10-06T10:06:07.2950523Z [INFO]       maven-artifact-3.2.5.jar
2026-10-06T10:06:07.2951248Z [INFO]       maven-core-3.2.5.jar
2026-10-06T10:06:07.2977835Z [INFO]       maven-repository-metadata-3.2.5.jar
2026-10-06T10:06:07.2985649Z [INFO]       maven-model-builder-3.2.5.jar
2026-10-06T10:06:07.2986501Z [INFO]       maven-aether-provider-3.2.5.jar
2026-10-06T10:06:07.2987908Z [INFO]       aether-spi-1.0.0.v20140518.jar
2026-10-06T10:06:07.3006671Z [INFO]       aether-impl-1.0.0.v20140518.jar
2026-10-06T10:06:07.3007866Z [INFO]       aether-api-1.0.0.v20140518.jar
2026-10-06T10:06:07.3008698Z [INFO]       org.eclipse.sisu.plexus-0.3.5.jar
2026-10-06T10:06:07.3009523Z [INFO]       javax.annotation-api-1.2.jar
2026-10-06T10:06:07.3010279Z [INFO]       cdi-api-1.2.jar
2026-10-06T10:06:07.3011007Z [INFO]       org.eclipse.sisu.inject-0.3.5.jar
2026-10-06T10:06:07.3011801Z [INFO]       sisu-guice-3.2.3-no_aop.jar
2026-10-06T10:06:07.3012536Z [INFO]       javax.inject-1.jar
2026-10-06T10:06:07.3037824Z [INFO]       aopalliance-1.0.jar
2026-10-06T10:06:07.3039962Z [INFO]       guava-16.0.1.jar
2026-10-06T10:06:07.3040682Z [INFO]       plexus-classworlds-2.5.2.jar
2026-10-06T10:06:07.3041432Z [INFO]       plexus-sec-dispatcher-1.3.jar
2026-10-06T10:06:07.3042162Z [INFO]       plexus-cipher-1.4.jar
2026-10-06T10:06:07.3042819Z [INFO]       maven-model-3.2.5.jar
2026-10-06T10:06:07.3043497Z [INFO]       maven-plugin-api-3.2.5.jar
2026-10-06T10:06:07.3086569Z [INFO]       maven-settings-3.2.5.jar
2026-10-06T10:06:07.3087723Z [INFO]       maven-settings-builder-3.2.5.jar
2026-10-06T10:06:07.3088561Z [INFO]       aether-util-1.0.0.v20140518.jar
2026-10-06T10:06:07.3089387Z [INFO]       maven-shared-utils-3.3.4.jar
2026-10-06T10:06:07.3090127Z [INFO]       commons-io-2.6.jar
2026-10-06T10:06:07.3090850Z [INFO]       maven-archiver-3.5.2.jar
2026-10-06T10:06:07.3091580Z [INFO]       commons-compress-1.20.jar
2026-10-06T10:06:07.3092367Z [INFO]       plexus-interpolation-1.26.jar
2026-10-06T10:06:07.3093234Z [INFO]       plexus-archiver-4.2.7.jar
2026-10-06T10:06:07.3093979Z [INFO]       plexus-io-3.2.0.jar
2026-10-06T10:06:07.3094654Z [INFO]       snappy-0.4.jar
2026-10-06T10:06:07.3095325Z [INFO]       xz-1.9.jar
2026-10-06T10:06:07.3104671Z [INFO]       plexus-i18n-1.0-beta-10.jar
2026-10-06T10:06:07.3105469Z [INFO]       plexus-utils-3.4.2.jar
2026-10-06T10:06:07.3106223Z [INFO]       doxia-sink-api-1.11.1.jar
2026-10-06T10:06:07.3106975Z [INFO]       doxia-logging-api-1.11.1.jar
2026-10-06T10:06:07.3107999Z [INFO]       doxia-core-1.11.1.jar
2026-10-06T10:06:07.3108728Z [INFO]       plexus-container-default-2.1.0.jar
2026-10-06T10:06:07.3109495Z [INFO]       xbean-reflect-3.7.jar
2026-10-06T10:06:07.3110206Z [INFO]       google-collections-1.0.jar
2026-10-06T10:06:07.3111077Z [INFO]       plexus-component-annotations-2.1.1.jar
2026-10-06T10:06:07.3111932Z [INFO]       commons-lang3-3.8.1.jar
2026-10-06T10:06:07.3112983Z [INFO]       commons-text-1.3.jar
2026-10-06T10:06:07.3113764Z [INFO]       httpclient-4.5.13.jar
2026-10-06T10:06:07.3117065Z [INFO]       commons-logging-1.2.jar
2026-10-06T10:06:07.3118121Z [INFO]       commons-codec-1.11.jar
2026-10-06T10:06:07.3118883Z [INFO]       httpcore-4.4.14.jar
2026-10-06T10:06:07.3119600Z [INFO]       doxia-module-xhtml-1.11.1.jar
2026-10-06T10:06:07.3120425Z [INFO]       doxia-module-xhtml5-1.11.1.jar
2026-10-06T10:06:07.3121226Z [INFO]       doxia-module-apt-1.11.1.jar
2026-10-06T10:06:07.3121957Z [INFO]       doxia-module-xdoc-1.11.1.jar
2026-10-06T10:06:07.3122661Z [INFO]       doxia-module-fml-1.11.1.jar
2026-10-06T10:06:07.3123397Z [INFO]       doxia-module-markdown-1.11.1.jar
2026-10-06T10:06:07.3124145Z [INFO]       flexmark-all-0.42.14.jar
2026-10-06T10:06:07.3124855Z [INFO]       flexmark-0.42.14.jar
2026-10-06T10:06:07.3125579Z [INFO]       flexmark-ext-abbreviation-0.42.14.jar
2026-10-06T10:06:07.3126435Z [INFO]       flexmark-ext-admonition-0.42.14.jar
2026-10-06T10:06:07.3127557Z [INFO]       flexmark-ext-anchorlink-0.42.14.jar
2026-10-06T10:06:07.3128392Z [INFO]       flexmark-ext-aside-0.42.14.jar
2026-10-06T10:06:07.3129128Z [INFO]       flexmark-ext-attributes-0.42.14.jar
2026-10-06T10:06:07.3129892Z [INFO]       flexmark-ext-autolink-0.42.14.jar
2026-10-06T10:06:07.3130636Z [INFO]       autolink-0.6.0.jar
2026-10-06T10:06:07.3131385Z [INFO]       flexmark-ext-definition-0.42.14.jar
2026-10-06T10:06:07.3132710Z [INFO]       flexmark-ext-emoji-0.42.14.jar
2026-10-06T10:06:07.3133653Z [INFO]       flexmark-ext-enumerated-reference-0.42.14.jar
2026-10-06T10:06:07.3134635Z [INFO]       flexmark-ext-escaped-character-0.42.14.jar
2026-10-06T10:06:07.3135498Z [INFO]       flexmark-ext-footnotes-0.42.14.jar
2026-10-06T10:06:07.3136294Z [INFO]       flexmark-ext-gfm-issues-0.42.14.jar
2026-10-06T10:06:07.3137424Z [INFO]       flexmark-ext-gfm-strikethrough-0.42.14.jar
2026-10-06T10:06:07.3138337Z [INFO]       flexmark-ext-gfm-tables-0.42.14.jar
2026-10-06T10:06:07.3139171Z [INFO]       flexmark-ext-gfm-tasklist-0.42.14.jar
2026-10-06T10:06:07.3139981Z [INFO]       flexmark-ext-gfm-users-0.42.14.jar
2026-10-06T10:06:07.3140775Z [INFO]       flexmark-ext-gitlab-0.42.14.jar
2026-10-06T10:06:07.3141654Z [INFO]       flexmark-ext-jekyll-front-matter-0.42.14.jar
2026-10-06T10:06:07.3142585Z [INFO]       flexmark-ext-jekyll-tag-0.42.14.jar
2026-10-06T10:06:07.3143416Z [INFO]       flexmark-ext-media-tags-0.42.14.jar
2026-10-06T10:06:07.3144264Z [INFO]       flexmark-ext-macros-0.42.14.jar
2026-10-06T10:06:07.3145037Z [INFO]       flexmark-ext-ins-0.42.14.jar
2026-10-06T10:06:07.3145864Z [INFO]       flexmark-ext-xwiki-macros-0.42.14.jar
2026-10-06T10:06:07.3146758Z [INFO]       flexmark-ext-superscript-0.42.14.jar
2026-10-06T10:06:07.3147869Z [INFO]       flexmark-ext-tables-0.42.14.jar
2026-10-06T10:06:07.3148654Z [INFO]       flexmark-ext-toc-0.42.14.jar
2026-10-06T10:06:07.3149453Z [INFO]       flexmark-ext-typographic-0.42.14.jar
2026-10-06T10:06:07.3150259Z [INFO]       flexmark-ext-wikilink-0.42.14.jar
2026-10-06T10:06:07.3151229Z [INFO]       flexmark-ext-yaml-front-matter-0.42.14.jar
2026-10-06T10:06:07.3162652Z [INFO]       flexmark-ext-youtube-embedded-0.42.14.jar
2026-10-06T10:06:07.3163552Z [INFO]       flexmark-formatter-0.42.14.jar
2026-10-06T10:06:07.3166799Z [INFO]       flexmark-html-parser-0.42.14.jar
2026-10-06T10:06:07.3168135Z [INFO]       jsoup-1.10.2.jar
2026-10-06T10:06:07.3168901Z [INFO]       flexmark-jira-converter-0.42.14.jar
2026-10-06T10:06:07.3169778Z [INFO]       flexmark-profile-pegdown-0.42.14.jar
2026-10-06T10:06:07.3170612Z [INFO]       flexmark-util-0.42.14.jar
2026-10-06T10:06:07.3171400Z [INFO]       flexmark-youtrack-converter-0.42.14.jar
2026-10-06T10:06:07.3172278Z [INFO]       doxia-module-confluence-1.11.1.jar
2026-10-06T10:06:07.3173115Z [INFO]       doxia-module-docbook-simple-1.11.1.jar
2026-10-06T10:06:07.3178403Z [INFO]       doxia-module-twiki-1.11.1.jar
2026-10-06T10:06:07.3179665Z [INFO]       doxia-decoration-model-1.11.1.jar
2026-10-06T10:06:07.3180681Z [INFO]       doxia-site-renderer-1.11.1.jar
2026-10-06T10:06:07.3181440Z [INFO]       doxia-skin-model-1.11.1.jar
2026-10-06T10:06:07.3182128Z [INFO]       plexus-velocity-1.2.jar
2026-10-06T10:06:07.3182783Z [INFO]       velocity-1.7.jar
2026-10-06T10:06:07.3183408Z [INFO]       commons-lang-2.4.jar
2026-10-06T10:06:07.3184039Z [INFO]       velocity-tools-2.0.jar
2026-10-06T10:06:07.3184717Z [INFO]       commons-beanutils-1.7.0.jar
2026-10-06T10:06:07.3185406Z [INFO]       commons-digester-1.8.jar
2026-10-06T10:06:07.3186051Z [INFO]       commons-chain-1.1.jar
2026-10-06T10:06:07.3186656Z [INFO]       dom4j-1.1.jar
2026-10-06T10:06:07.3187483Z [INFO]       oro-2.0.8.jar
2026-10-06T10:06:07.3188126Z [INFO]       commons-collections-3.2.2.jar
2026-10-06T10:06:07.3188870Z [INFO]       doxia-integration-tools-1.11.1.jar
2026-10-06T10:06:07.3189474Z [INFO]       jetty-server-9.4.46.v20220331.jar
2026-10-06T10:06:07.3189912Z [INFO]       javax.servlet-api-3.1.0.jar
2026-10-06T10:06:07.3190361Z [INFO]       jetty-http-9.4.46.v20220331.jar
2026-10-06T10:06:07.3190790Z [INFO]       jetty-io-9.4.46.v20220331.jar
2026-10-06T10:06:07.3191248Z [INFO]       jetty-servlet-9.4.46.v20220331.jar
2026-10-06T10:06:07.3191707Z [INFO]       jetty-security-9.4.46.v20220331.jar
2026-10-06T10:06:07.3192159Z [INFO]       jetty-util-ajax-9.4.46.v20220331.jar
2026-10-06T10:06:07.3192604Z [INFO]       jetty-webapp-9.4.46.v20220331.jar
2026-10-06T10:06:07.3193340Z [INFO]       jetty-xml-9.4.46.v20220331.jar
2026-10-06T10:06:07.3193788Z [INFO]       jetty-util-9.4.46.v20220331.jar
2026-10-06T10:06:07.3194279Z [INFO] Resolved plugin: maven-resources-plugin-3.3.1.jar
2026-10-06T10:06:07.3194755Z [INFO] Resolved plugin dependency:
2026-10-06T10:06:07.3195214Z [INFO]       maven-resources-plugin-3.3.1.jar
2026-10-06T10:06:07.3195668Z [INFO]       plexus-interpolation-1.26.jar
2026-10-06T10:06:07.3196092Z [INFO]       plexus-utils-3.5.1.jar
2026-10-06T10:06:07.3196539Z [INFO]       maven-filtering-3.3.1.jar
2026-10-06T10:06:07.3196950Z [INFO]       javax.inject-1.jar
2026-10-06T10:06:07.3197757Z [INFO]       slf4j-api-1.7.36.jar
2026-10-06T10:06:07.3198378Z [INFO]       plexus-build-api-0.0.7.jar
2026-10-06T10:06:07.3198866Z [INFO]       commons-io-2.11.0.jar
2026-10-06T10:06:07.3199315Z [INFO]       commons-lang3-3.12.0.jar
2026-10-06T10:06:07.3393920Z [INFO] Resolved plugin: maven-deploy-plugin-3.1.2.jar
2026-10-06T10:06:07.3410550Z [INFO] Resolved plugin dependency:
2026-10-06T10:06:07.3589244Z [INFO]       maven-deploy-plugin-3.1.2.jar
2026-10-06T10:06:07.3590339Z [INFO]       plexus-utils-4.0.1.jar
2026-10-06T10:06:07.3590956Z [INFO]       plexus-xml-3.0.0.jar
2026-10-06T10:06:07.3591563Z [INFO]       maven-resolver-util-1.9.18.jar
2026-10-06T10:06:07.3592217Z [INFO]       maven-resolver-api-1.9.18.jar
2026-10-06T10:06:07.8802285Z [INFO] Resolved dependency: protoc-3.25.9-linux-x86_64.exe
2026-10-06T10:06:07.8803172Z [INFO] Resolved dependency: junit-platform-launcher-1.12.1.jar
2026-10-06T10:06:07.8804105Z [INFO] Resolved dependency: junit-platform-engine-1.12.1.jar
2026-10-06T10:06:07.8804963Z [INFO] Resolved dependency: opentest4j-1.3.0.jar
2026-10-06T10:06:07.8805728Z [INFO] Resolved dependency: junit-platform-commons-1.12.1.jar
2026-10-06T10:06:07.8806612Z [INFO] Resolved dependency: apiguardian-api-1.1.2.jar
2026-10-06T10:06:07.8810657Z [INFO] Resolved dependency: protoc-gen-grpc-java-1.84.0-linux-x86_64.exe
2026-10-06T10:06:07.8811495Z [INFO] Resolved dependency: surefire-junit-platform-3.5.4.jar
2026-10-06T10:06:07.8812213Z [INFO] Resolved dependency: common-java5-3.5.4.jar
2026-10-06T10:06:07.8812973Z [INFO] Resolved dependency: surefire-shared-utils-3.5.4.jar
2026-10-06T10:06:07.8813698Z [INFO] Resolved dependency: surefire-api-3.5.4.jar
2026-10-06T10:06:07.8814404Z [INFO] Resolved dependency: surefire-logger-api-3.5.4.jar
2026-10-06T10:06:07.8818319Z [INFO] ------------------------------------------------------------------------
2026-10-06T10:06:07.8819318Z [INFO] BUILD SUCCESS
2026-10-06T10:06:07.8820331Z [INFO] ------------------------------------------------------------------------
2026-10-06T10:06:07.8827734Z [INFO] Total time:  3.641 s
2026-10-06T10:06:07.8829550Z [INFO] Finished at: 2026-10-06T10:06:07Z
2026-10-06T10:06:07.8832247Z [INFO] ------------------------------------------------------------------------
2026-10-06T10:06:07.9047721Z ##[group]Run bash services/workflow-engine/run-tests.sh clean -Dtest=RootServiceTokenInterceptorTest -Dworkflow.reports=ci-logs/service-token-reports test 2>&1 | tee services/workflow-engine/ci-logs/service-token-tests.txt
2026-10-06T10:06:07.9049358Z [36;1mbash services/workflow-engine/run-tests.sh clean -Dtest=RootServiceTokenInterceptorTest -Dworkflow.reports=ci-logs/service-token-reports test 2>&1 | tee services/workflow-engine/ci-logs/service-token-tests.txt[0m
2026-10-06T10:06:07.9116240Z shell: /usr/bin/bash --noprofile --norc -e -o pipefail {0}
2026-10-06T10:06:07.9116590Z ##[endgroup]
2026-10-06T10:06:07.9760315Z Unable to find image 'postgres@sha256:5a5a84b19854a9ffaa54082c166ff4ec27473a361e496e5ea167f298f2da9722' locally
2026-10-06T10:06:08.1495812Z docker.io/library/postgres@sha256:5a5a84b19854a9ffaa54082c166ff4ec27473a361e496e5ea167f298f2da9722: Pulling from library/postgres
2026-10-06T10:06:08.2212721Z 6b37362b3da7: Pulling fs layer
2026-10-06T10:06:08.2213725Z 646f8088ba62: Pulling fs layer
2026-10-06T10:06:08.2214568Z 61c7e2f79e69: Pulling fs layer
2026-10-06T10:06:08.2215387Z 4640014a8e88: Pulling fs layer
2026-10-06T10:06:08.2216527Z 21e9cf2c46c2: Pulling fs layer
2026-10-06T10:06:08.2217516Z 7ee6b8b2d259: Pulling fs layer
2026-10-06T10:06:08.2218342Z 580a6c126420: Pulling fs layer
2026-10-06T10:06:08.2219082Z 41837be3e54d: Pulling fs layer
2026-10-06T10:06:08.2219754Z bba753ffc208: Pulling fs layer
2026-10-06T10:06:08.2220425Z 0e422c951642: Pulling fs layer
2026-10-06T10:06:08.2221126Z dc5a76842a4c: Pulling fs layer
2026-10-06T10:06:08.2221849Z 5696a7190adf: Pulling fs layer
2026-10-06T10:06:08.2222533Z 3b0757c8de7f: Pulling fs layer
2026-10-06T10:06:08.2223269Z 41837be3e54d: Waiting
2026-10-06T10:06:08.2223924Z bba753ffc208: Waiting
2026-10-06T10:06:08.2224557Z 0e422c951642: Waiting
2026-10-06T10:06:08.2224939Z 4640014a8e88: Waiting
2026-10-06T10:06:08.2225507Z 21e9cf2c46c2: Waiting
2026-10-06T10:06:08.2226053Z 7ee6b8b2d259: Waiting
2026-10-06T10:06:08.2226428Z 580a6c126420: Waiting
2026-10-06T10:06:08.2226766Z dc5a76842a4c: Waiting
2026-10-06T10:06:08.2227357Z 5696a7190adf: Waiting
2026-10-06T10:06:08.2227718Z 3b0757c8de7f: Waiting
2026-10-06T10:06:08.2512072Z 646f8088ba62: Download complete
2026-10-06T10:06:08.2799649Z 61c7e2f79e69: Verifying Checksum
2026-10-06T10:06:08.2799974Z 61c7e2f79e69: Download complete
2026-10-06T10:06:08.2928600Z 4640014a8e88: Verifying Checksum
2026-10-06T10:06:08.2929882Z 4640014a8e88: Download complete
2026-10-06T10:06:08.3391664Z 7ee6b8b2d259: Download complete
2026-10-06T10:06:08.3499356Z 21e9cf2c46c2: Verifying Checksum
2026-10-06T10:06:08.3499983Z 21e9cf2c46c2: Download complete
2026-10-06T10:06:08.3500435Z 6b37362b3da7: Verifying Checksum
2026-10-06T10:06:08.3500894Z 6b37362b3da7: Download complete
2026-10-06T10:06:08.3704987Z 580a6c126420: Verifying Checksum
2026-10-06T10:06:08.3710585Z 580a6c126420: Download complete
2026-10-06T10:06:08.3778868Z 41837be3e54d: Verifying Checksum
2026-10-06T10:06:08.3779204Z 41837be3e54d: Download complete
2026-10-06T10:06:08.3980121Z 0e422c951642: Verifying Checksum
2026-10-06T10:06:08.3981086Z 0e422c951642: Download complete
2026-10-06T10:06:08.4032393Z dc5a76842a4c: Download complete
2026-10-06T10:06:08.4264151Z 5696a7190adf: Download complete
2026-10-06T10:06:08.4300872Z 3b0757c8de7f: Verifying Checksum
2026-10-06T10:06:08.4301608Z 3b0757c8de7f: Download complete
2026-10-06T10:06:08.7686648Z bba753ffc208: Verifying Checksum
2026-10-06T10:06:08.7687489Z bba753ffc208: Download complete
2026-10-06T10:06:09.4570467Z 6b37362b3da7: Pull complete
2026-10-06T10:06:10.1132289Z 646f8088ba62: Pull complete
2026-10-06T10:06:10.2836004Z 61c7e2f79e69: Pull complete
2026-10-06T10:06:10.3202831Z 4640014a8e88: Pull complete
2026-10-06T10:06:10.6241078Z 21e9cf2c46c2: Pull complete
2026-10-06T10:06:10.7015519Z 7ee6b8b2d259: Pull complete
2026-10-06T10:06:10.7116957Z 580a6c126420: Pull complete
2026-10-06T10:06:10.7198363Z 41837be3e54d: Pull complete
2026-10-06T10:06:13.7664032Z bba753ffc208: Pull complete
2026-10-06T10:06:13.7930008Z 0e422c951642: Pull complete
2026-10-06T10:06:13.8022287Z dc5a76842a4c: Pull complete
2026-10-06T10:06:13.8111562Z 5696a7190adf: Pull complete
2026-10-06T10:06:13.8191261Z 3b0757c8de7f: Pull complete
2026-10-06T10:06:13.8241550Z Digest: sha256:5a5a84b19854a9ffaa54082c166ff4ec27473a361e496e5ea167f298f2da9722
2026-10-06T10:06:13.8247044Z Status: Downloaded newer image for postgres@sha256:5a5a84b19854a9ffaa54082c166ff4ec27473a361e496e5ea167f298f2da9722
2026-10-06T10:06:15.2065385Z postgres (PostgreSQL) 18.6 (Debian 18.6-1.pgdg13+2)
2026-10-06T10:06:15.2217085Z fixture published ports={}
2026-10-06T10:06:15.2338083Z fixture network internal=true
2026-10-06T10:06:16.5688674Z [INFO] Scanning for projects...
2026-10-06T10:06:16.8229660Z [INFO] 
2026-10-06T10:06:16.8230718Z [INFO] --------------------< org.weaveos:workflow-engine >---------------------
2026-10-06T10:06:16.8235039Z [INFO] Building WeaveOS controlled workflow engine core 0.3.0-SNAPSHOT
2026-10-06T10:06:16.8235964Z [INFO]   from pom.xml
2026-10-06T10:06:16.8236695Z [INFO] --------------------------------[ jar ]---------------------------------
2026-10-06T10:06:17.4477102Z [INFO] 
2026-10-06T10:06:17.4480686Z [INFO] --- clean:3.5.0:clean (default-clean) @ workflow-engine ---
2026-10-06T10:06:17.5034493Z [INFO] 
2026-10-06T10:06:17.5058250Z [INFO] --- resources:3.3.1:resources (default-resources) @ workflow-engine ---
2026-10-06T10:06:17.5964926Z [INFO] skip non existing resourceDirectory /proof/src/main/resources
2026-10-06T10:06:17.5966181Z [INFO] skip non existing resourceDirectory /proof/src/main/resources
2026-10-06T10:06:17.5974100Z [INFO] 
2026-10-06T10:06:17.5974954Z [INFO] --- compiler:3.14.1:compile (default-compile) @ workflow-engine ---
2026-10-06T10:06:17.7051114Z [INFO] Recompiling the module because of changed source code.
2026-10-06T10:06:17.7125097Z [INFO] Compiling 30 source files with javac [debug parameters release 17] to target/classes
2026-10-06T10:06:20.1688460Z [INFO] 
2026-10-06T10:06:20.1689515Z [INFO] --- resources:3.3.1:testResources (default-testResources) @ workflow-engine ---
2026-10-06T10:06:20.1776606Z [INFO] Copying 6 resources from src/test/resources to target/test-classes
2026-10-06T10:06:20.1806241Z [INFO] 
2026-10-06T10:06:20.1808176Z [INFO] --- compiler:3.14.1:testCompile (default-testCompile) @ workflow-engine ---
2026-10-06T10:06:20.1898096Z [INFO] Recompiling the module because of changed dependency.
2026-10-06T10:06:20.1908679Z [INFO] Compiling 12 source files with javac [debug parameters release 17] to target/test-classes
2026-10-06T10:06:21.3346292Z [INFO] 
2026-10-06T10:06:21.3350596Z [INFO] --- surefire:3.5.4:test (default-test) @ workflow-engine ---
2026-10-06T10:06:21.4562227Z [INFO] Using auto detected provider org.apache.maven.surefire.junitplatform.JUnitPlatformProvider
2026-10-06T10:06:21.4931482Z [INFO] 
2026-10-06T10:06:21.4932974Z [INFO] -------------------------------------------------------
2026-10-06T10:06:21.4933987Z [INFO]  T E S T S
2026-10-06T10:06:21.4934709Z [INFO] -------------------------------------------------------
2026-10-06T10:06:22.2600958Z [INFO] Running org.weaveos.workflow.RootServiceTokenInterceptorTest
2026-10-06T10:06:22.9097102Z [INFO] Tests run: 8, Failures: 0, Errors: 0, Skipped: 0, Time elapsed: 0.636 s -- in org.weaveos.workflow.RootServiceTokenInterceptorTest
2026-10-06T10:06:23.2372586Z [INFO] 
2026-10-06T10:06:23.2372953Z [INFO] Results:
2026-10-06T10:06:23.2373341Z [INFO] 
2026-10-06T10:06:23.2375910Z [INFO] Tests run: 8, Failures: 0, Errors: 0, Skipped: 0
2026-10-06T10:06:23.2376467Z [INFO] 
2026-10-06T10:06:23.2407823Z [INFO] ------------------------------------------------------------------------
2026-10-06T10:06:23.2409348Z [INFO] BUILD SUCCESS
2026-10-06T10:06:23.2409671Z [INFO] ------------------------------------------------------------------------
2026-10-06T10:06:23.2417788Z [INFO] Total time:  6.690 s
2026-10-06T10:06:23.2421304Z [INFO] Finished at: 2026-10-06T10:06:23Z
2026-10-06T10:06:23.2422644Z [INFO] ------------------------------------------------------------------------
2026-10-06T10:06:23.5095202Z ##[group]Run python3 - <<'PYCODE'
2026-10-06T10:06:23.5095564Z [36;1mpython3 - <<'PYCODE'[0m
2026-10-06T10:06:23.5095860Z [36;1mfrom rpc_ci_gate import _java[0m
2026-10-06T10:06:23.5096385Z [36;1m_java("ci-logs/service-token-reports", "org.weaveos.workflow.RootServiceTokenInterceptorTest", [[0m
2026-10-06T10:06:23.5097009Z [36;1m    "rejectsInvalidConfiguredTokensWithoutEchoingInput",[0m
2026-10-06T10:06:23.5097878Z [36;1m    "acceptsConfiguredBoundaryTokensAndRedactsIdentity",[0m
2026-10-06T10:06:23.5098328Z [36;1m    "validIdentityInvokesHandlerExactlyOnce",[0m
2026-10-06T10:06:23.5098697Z [36;1m    "missingIdentityIsRejectedBeforeHandler",[0m
2026-10-06T10:06:23.5099067Z [36;1m    "incorrectIdentityIsRejectedBeforeHandler",[0m
2026-10-06T10:06:23.5099501Z [36;1m    "duplicateIdentityIsRejectedEvenWhenOneOrBothAreValid",[0m
2026-10-06T10:06:23.5099919Z [36;1m    "ambiguousBearerFormattingIsRejected",[0m
2026-10-06T10:06:23.5100324Z [36;1m    "badIdentityDoesNotPoisonLaterValidRequest",[0m
2026-10-06T10:06:23.5100645Z [36;1m])[0m
2026-10-06T10:06:23.5100828Z [36;1mPYCODE[0m
2026-10-06T10:06:23.5164861Z shell: /usr/bin/bash --noprofile --norc -e -o pipefail {0}
2026-10-06T10:06:23.5165205Z ##[endgroup]
2026-10-06T10:06:23.5706915Z ##[group]Run python3 services/workflow-engine/native_version_ci_gate_tests.py
2026-10-06T10:06:23.5707830Z [36;1mpython3 services/workflow-engine/native_version_ci_gate_tests.py[0m
2026-10-06T10:06:23.5771624Z shell: /usr/bin/bash --noprofile --norc -e -o pipefail {0}
2026-10-06T10:06:23.5771983Z ##[endgroup]
2026-10-06T10:06:23.6527685Z .........
2026-10-06T10:06:23.6528181Z ----------------------------------------------------------------------
2026-10-06T10:06:23.6529411Z Ran 9 tests in 0.009s
2026-10-06T10:06:23.6529630Z 
2026-10-06T10:06:23.6529751Z OK
2026-10-06T10:06:23.6690067Z ##[group]Run bash services/workflow-engine/run-tests.sh clean -Dtest=RootNativeVersioningTest -Dworkflow.reports=ci-logs/native-version-reports test 2>&1 | tee services/workflow-engine/ci-logs/native-version-tests.txt
2026-10-06T10:06:23.6691666Z [36;1mbash services/workflow-engine/run-tests.sh clean -Dtest=RootNativeVersioningTest -Dworkflow.reports=ci-logs/native-version-reports test 2>&1 | tee services/workflow-engine/ci-logs/native-version-tests.txt[0m
2026-10-06T10:06:23.6757853Z shell: /usr/bin/bash --noprofile --norc -e -o pipefail {0}
2026-10-06T10:06:23.6758220Z ##[endgroup]
2026-10-06T10:06:25.1085936Z postgres (PostgreSQL) 18.6 (Debian 18.6-1.pgdg13+2)
2026-10-06T10:06:25.1239473Z fixture published ports={}
2026-10-06T10:06:25.1377332Z fixture network internal=true
2026-10-06T10:06:26.5178383Z [INFO] Scanning for projects...
2026-10-06T10:06:26.7709751Z [INFO] 
2026-10-06T10:06:26.7710702Z [INFO] --------------------< org.weaveos:workflow-engine >---------------------
2026-10-06T10:06:26.7738908Z [INFO] Building WeaveOS controlled workflow engine core 0.3.0-SNAPSHOT
2026-10-06T10:06:26.7739888Z [INFO]   from pom.xml
2026-10-06T10:06:26.7740722Z [INFO] --------------------------------[ jar ]---------------------------------
2026-10-06T10:06:27.4089703Z [INFO] 
2026-10-06T10:06:27.4091725Z [INFO] --- clean:3.5.0:clean (default-clean) @ workflow-engine ---
2026-10-06T10:06:27.4669804Z [INFO] Deleting /proof/target
2026-10-06T10:06:27.4998517Z [INFO] 
2026-10-06T10:06:27.4999155Z [INFO] --- resources:3.3.1:resources (default-resources) @ workflow-engine ---
2026-10-06T10:06:27.5864727Z [INFO] skip non existing resourceDirectory /proof/src/main/resources
2026-10-06T10:06:27.5865518Z [INFO] skip non existing resourceDirectory /proof/src/main/resources
2026-10-06T10:06:27.5880168Z [INFO] 
2026-10-06T10:06:27.5880735Z [INFO] --- compiler:3.14.1:compile (default-compile) @ workflow-engine ---
2026-10-06T10:06:27.6925577Z [INFO] Recompiling the module because of changed source code.
2026-10-06T10:06:27.6991221Z [INFO] Compiling 30 source files with javac [debug parameters release 17] to target/classes
2026-10-06T10:06:30.2198030Z [INFO] 
2026-10-06T10:06:30.2199125Z [INFO] --- resources:3.3.1:testResources (default-testResources) @ workflow-engine ---
2026-10-06T10:06:30.2266372Z [INFO] Copying 6 resources from src/test/resources to target/test-classes
2026-10-06T10:06:30.2320750Z [INFO] 
2026-10-06T10:06:30.2321399Z [INFO] --- compiler:3.14.1:testCompile (default-testCompile) @ workflow-engine ---
2026-10-06T10:06:30.2398990Z [INFO] Recompiling the module because of changed dependency.
2026-10-06T10:06:30.2405540Z [INFO] Compiling 12 source files with javac [debug parameters release 17] to target/test-classes
2026-10-06T10:06:31.4181881Z [INFO] 
2026-10-06T10:06:31.4182481Z [INFO] --- surefire:3.5.4:test (default-test) @ workflow-engine ---
2026-10-06T10:06:31.5278405Z [INFO] Using auto detected provider org.apache.maven.surefire.junitplatform.JUnitPlatformProvider
2026-10-06T10:06:31.5606276Z [INFO] 
2026-10-06T10:06:31.5607530Z [INFO] -------------------------------------------------------
2026-10-06T10:06:31.5608481Z [INFO]  T E S T S
2026-10-06T10:06:31.5609218Z [INFO] -------------------------------------------------------
2026-10-06T10:06:32.2935648Z [INFO] Running org.weaveos.workflow.RootNativeVersioningTest
2026-10-06T10:06:33.9221054Z 10:06:33.909 [main] INFO org.flowable.common.engine.impl.async.DefaultAsyncTaskExecutor -- Creating thread pool queue of size 100
2026-10-06T10:06:33.9233236Z 10:06:33.912 [main] INFO org.flowable.common.engine.impl.async.DefaultAsyncTaskExecutor -- Creating thread factory with naming pattern flowable-async-task-invoker-thread-%d
2026-10-06T10:06:33.9234530Z 10:06:33.913 [main] INFO org.flowable.common.engine.impl.async.DefaultAsyncTaskExecutor -- Creating executor service with corePoolSize 8, maxPoolSize 8 and keepAliveTime 5000
2026-10-06T10:06:33.9236153Z 10:06:33.913 [main] INFO org.flowable.common.engine.impl.async.DefaultAsyncTaskExecutor -- Using rejectedExecutionHandler java.util.concurrent.ThreadPoolExecutor$CallerRunsPolicy@3b8ec001
2026-10-06T10:06:33.9244425Z 10:06:33.913 [main] INFO org.flowable.common.engine.impl.async.DefaultAsyncTaskExecutor -- Creating thread pool queue of size 2048
2026-10-06T10:06:33.9279551Z 10:06:33.913 [main] INFO org.flowable.common.engine.impl.async.DefaultAsyncTaskExecutor -- Creating thread factory with naming pattern flowable-async-job-executor-thread-%d
2026-10-06T10:06:33.9289215Z 10:06:33.913 [main] INFO org.flowable.common.engine.impl.async.DefaultAsyncTaskExecutor -- Creating executor service with corePoolSize 8, maxPoolSize 8 and keepAliveTime 5000
2026-10-06T10:06:34.0197471Z 10:06:33.954 [main] INFO org.flowable.common.engine.impl.db.CommonDbSchemaManager -- performing create on common with resource org/flowable/common/db/create/flowable.postgres.create.common.sql
2026-10-06T10:06:34.1214221Z 10:06:34.039 [main] INFO org.flowable.engine.impl.db.ProcessDbSchemaManager -- performing create on engine with resource org/flowable/db/create/flowable.postgres.create.engine.sql
2026-10-06T10:06:34.1220866Z 10:06:34.094 [main] INFO org.flowable.engine.impl.db.ProcessDbSchemaManager -- performing create on history with resource org/flowable/db/create/flowable.postgres.create.history.sql
2026-10-06T10:06:34.1222464Z 10:06:34.114 [main] INFO org.flowable.engine.impl.ProcessEngineImpl -- ProcessEngine default created
2026-10-06T10:06:34.2203558Z 10:06:34.153 [main] INFO org.flowable.engine.impl.cmd.ValidateV5EntitiesCmd -- Total of v5 deployments found: 0
2026-10-06T10:06:35.0220628Z 10:06:34.987 [main] INFO org.flowable.common.engine.impl.async.DefaultAsyncTaskExecutor -- Creating thread pool queue of size 100
2026-10-06T10:06:35.0236352Z 10:06:34.988 [main] INFO org.flowable.common.engine.impl.async.DefaultAsyncTaskExecutor -- Creating thread factory with naming pattern flowable-async-task-invoker-thread-%d
2026-10-06T10:06:35.0246367Z 10:06:34.988 [main] INFO org.flowable.common.engine.impl.async.DefaultAsyncTaskExecutor -- Creating executor service with corePoolSize 8, maxPoolSize 8 and keepAliveTime 5000
2026-10-06T10:06:35.0250021Z 10:06:34.988 [main] INFO org.flowable.common.engine.impl.async.DefaultAsyncTaskExecutor -- Using rejectedExecutionHandler java.util.concurrent.ThreadPoolExecutor$CallerRunsPolicy@488f3dd1
2026-10-06T10:06:35.0252634Z 10:06:34.988 [main] INFO org.flowable.common.engine.impl.async.DefaultAsyncTaskExecutor -- Creating thread pool queue of size 2048
2026-10-06T10:06:35.0254946Z 10:06:34.988 [main] INFO org.flowable.common.engine.impl.async.DefaultAsyncTaskExecutor -- Creating thread factory with naming pattern flowable-async-job-executor-thread-%d
2026-10-06T10:06:35.0257810Z 10:06:34.988 [main] INFO org.flowable.common.engine.impl.async.DefaultAsyncTaskExecutor -- Creating executor service with corePoolSize 8, maxPoolSize 8 and keepAliveTime 5000
2026-10-06T10:06:35.0260487Z 10:06:35.005 [main] INFO org.flowable.common.engine.impl.db.CommonDbSchemaManager -- performing create on common with resource org/flowable/common/db/create/flowable.postgres.create.common.sql
2026-10-06T10:06:35.1226053Z 10:06:35.103 [main] INFO org.flowable.engine.impl.db.ProcessDbSchemaManager -- performing create on engine with resource org/flowable/db/create/flowable.postgres.create.engine.sql
2026-10-06T10:06:35.2239030Z 10:06:35.165 [main] INFO org.flowable.engine.impl.db.ProcessDbSchemaManager -- performing create on history with resource org/flowable/db/create/flowable.postgres.create.history.sql
2026-10-06T10:06:35.2241072Z 10:06:35.179 [main] INFO org.flowable.engine.impl.ProcessEngineImpl -- ProcessEngine default created
2026-10-06T10:06:35.2242491Z 10:06:35.190 [main] INFO org.flowable.engine.impl.cmd.ValidateV5EntitiesCmd -- Total of v5 deployments found: 0
2026-10-06T10:06:36.6300221Z 10:06:36.602 [main] INFO org.flowable.common.engine.impl.async.DefaultAsyncTaskExecutor -- Creating thread pool queue of size 100
2026-10-06T10:06:36.6302902Z 10:06:36.602 [main] INFO org.flowable.common.engine.impl.async.DefaultAsyncTaskExecutor -- Creating thread factory with naming pattern flowable-async-task-invoker-thread-%d
2026-10-06T10:06:36.6305467Z 10:06:36.603 [main] INFO org.flowable.common.engine.impl.async.DefaultAsyncTaskExecutor -- Creating executor service with corePoolSize 8, maxPoolSize 8 and keepAliveTime 5000
2026-10-06T10:06:36.6308925Z 10:06:36.603 [main] INFO org.flowable.common.engine.impl.async.DefaultAsyncTaskExecutor -- Using rejectedExecutionHandler java.util.concurrent.ThreadPoolExecutor$CallerRunsPolicy@1a9ec80e
2026-10-06T10:06:36.6310796Z 10:06:36.603 [main] INFO org.flowable.common.engine.impl.async.DefaultAsyncTaskExecutor -- Creating thread pool queue of size 2048
2026-10-06T10:06:36.6311882Z 10:06:36.603 [main] INFO org.flowable.common.engine.impl.async.DefaultAsyncTaskExecutor -- Creating thread factory with naming pattern flowable-async-job-executor-thread-%d
2026-10-06T10:06:36.6313104Z 10:06:36.603 [main] INFO org.flowable.common.engine.impl.async.DefaultAsyncTaskExecutor -- Creating executor service with corePoolSize 8, maxPoolSize 8 and keepAliveTime 5000
2026-10-06T10:06:36.6314385Z 10:06:36.613 [main] INFO org.flowable.common.engine.impl.db.CommonDbSchemaManager -- performing create on common with resource org/flowable/common/db/create/flowable.postgres.create.common.sql
2026-10-06T10:06:36.7300606Z 10:06:36.673 [main] INFO org.flowable.engine.impl.db.ProcessDbSchemaManager -- performing create on engine with resource org/flowable/db/create/flowable.postgres.create.engine.sql
2026-10-06T10:06:36.7305132Z 10:06:36.717 [main] INFO org.flowable.engine.impl.db.ProcessDbSchemaManager -- performing create on history with resource org/flowable/db/create/flowable.postgres.create.history.sql
2026-10-06T10:06:36.8292693Z 10:06:36.737 [main] INFO org.flowable.engine.impl.ProcessEngineImpl -- ProcessEngine default created
2026-10-06T10:06:36.8294437Z 10:06:36.747 [main] INFO org.flowable.engine.impl.cmd.ValidateV5EntitiesCmd -- Total of v5 deployments found: 0
2026-10-06T10:06:37.3341478Z 10:06:37.273 [main] INFO org.flowable.common.engine.impl.async.DefaultAsyncTaskExecutor -- Creating thread pool queue of size 100
2026-10-06T10:06:37.3343270Z 10:06:37.273 [main] INFO org.flowable.common.engine.impl.async.DefaultAsyncTaskExecutor -- Creating thread factory with naming pattern flowable-async-task-invoker-thread-%d
2026-10-06T10:06:37.3372847Z 10:06:37.273 [main] INFO org.flowable.common.engine.impl.async.DefaultAsyncTaskExecutor -- Creating executor service with corePoolSize 8, maxPoolSize 8 and keepAliveTime 5000
2026-10-06T10:06:37.3376469Z 10:06:37.273 [main] INFO org.flowable.common.engine.impl.async.DefaultAsyncTaskExecutor -- Using rejectedExecutionHandler java.util.concurrent.ThreadPoolExecutor$CallerRunsPolicy@1e30db85
2026-10-06T10:06:37.3379250Z 10:06:37.273 [main] INFO org.flowable.common.engine.impl.async.DefaultAsyncTaskExecutor -- Creating thread pool queue of size 2048
2026-10-06T10:06:37.3381539Z 10:06:37.274 [main] INFO org.flowable.common.engine.impl.async.DefaultAsyncTaskExecutor -- Creating thread factory with naming pattern flowable-async-job-executor-thread-%d
2026-10-06T10:06:37.3384070Z 10:06:37.274 [main] INFO org.flowable.common.engine.impl.async.DefaultAsyncTaskExecutor -- Creating executor service with corePoolSize 8, maxPoolSize 8 and keepAliveTime 5000
2026-10-06T10:06:37.3386958Z 10:06:37.286 [main] INFO org.flowable.common.engine.impl.db.CommonDbSchemaManager -- performing create on common with resource org/flowable/common/db/create/flowable.postgres.create.common.sql
2026-10-06T10:06:37.4340155Z 10:06:37.369 [main] INFO org.flowable.engine.impl.db.ProcessDbSchemaManager -- performing create on engine with resource org/flowable/db/create/flowable.postgres.create.engine.sql
2026-10-06T10:06:37.4343534Z 10:06:37.413 [main] INFO org.flowable.engine.impl.db.ProcessDbSchemaManager -- performing create on history with resource org/flowable/db/create/flowable.postgres.create.history.sql
2026-10-06T10:06:37.4345767Z 10:06:37.426 [main] INFO org.flowable.engine.impl.ProcessEngineImpl -- ProcessEngine default created
2026-10-06T10:06:37.5348928Z 10:06:37.437 [main] INFO org.flowable.engine.impl.cmd.ValidateV5EntitiesCmd -- Total of v5 deployments found: 0
2026-10-06T10:06:37.8385050Z 10:06:37.802 [main] INFO org.flowable.common.engine.impl.async.DefaultAsyncTaskExecutor -- Creating thread pool queue of size 100
2026-10-06T10:06:37.8387104Z 10:06:37.802 [main] INFO org.flowable.common.engine.impl.async.DefaultAsyncTaskExecutor -- Creating thread factory with naming pattern flowable-async-task-invoker-thread-%d
2026-10-06T10:06:37.8391682Z 10:06:37.802 [main] INFO org.flowable.common.engine.impl.async.DefaultAsyncTaskExecutor -- Creating executor service with corePoolSize 8, maxPoolSize 8 and keepAliveTime 5000
2026-10-06T10:06:37.8394014Z 10:06:37.802 [main] INFO org.flowable.common.engine.impl.async.DefaultAsyncTaskExecutor -- Using rejectedExecutionHandler java.util.concurrent.ThreadPoolExecutor$CallerRunsPolicy@1b37fbec
2026-10-06T10:06:37.8396183Z 10:06:37.802 [main] INFO org.flowable.common.engine.impl.async.DefaultAsyncTaskExecutor -- Creating thread pool queue of size 2048
2026-10-06T10:06:37.8398379Z 10:06:37.802 [main] INFO org.flowable.common.engine.impl.async.DefaultAsyncTaskExecutor -- Creating thread factory with naming pattern flowable-async-job-executor-thread-%d
2026-10-06T10:06:37.8400751Z 10:06:37.803 [main] INFO org.flowable.common.engine.impl.async.DefaultAsyncTaskExecutor -- Creating executor service with corePoolSize 8, maxPoolSize 8 and keepAliveTime 5000
2026-10-06T10:06:37.8402623Z 10:06:37.821 [main] INFO org.flowable.engine.impl.ProcessEngineImpl -- ProcessEngine default created
2026-10-06T10:06:37.8403884Z 10:06:37.831 [main] INFO org.flowable.engine.impl.cmd.ValidateV5EntitiesCmd -- Total of v5 deployments found: 0
2026-10-06T10:06:38.3395820Z 10:06:38.243 [main] INFO org.flowable.common.engine.impl.async.DefaultAsyncTaskExecutor -- Creating thread pool queue of size 100
2026-10-06T10:06:38.3399247Z 10:06:38.243 [main] INFO org.flowable.common.engine.impl.async.DefaultAsyncTaskExecutor -- Creating thread factory with naming pattern flowable-async-task-invoker-thread-%d
2026-10-06T10:06:38.3401978Z 10:06:38.243 [main] INFO org.flowable.common.engine.impl.async.DefaultAsyncTaskExecutor -- Creating executor service with corePoolSize 8, maxPoolSize 8 and keepAliveTime 5000
2026-10-06T10:06:38.3404757Z 10:06:38.243 [main] INFO org.flowable.common.engine.impl.async.DefaultAsyncTaskExecutor -- Using rejectedExecutionHandler java.util.concurrent.ThreadPoolExecutor$CallerRunsPolicy@601d6622
2026-10-06T10:06:38.3407109Z 10:06:38.243 [main] INFO org.flowable.common.engine.impl.async.DefaultAsyncTaskExecutor -- Creating thread pool queue of size 2048
2026-10-06T10:06:38.3409285Z 10:06:38.243 [main] INFO org.flowable.common.engine.impl.async.DefaultAsyncTaskExecutor -- Creating thread factory with naming pattern flowable-async-job-executor-thread-%d
2026-10-06T10:06:38.3410747Z 10:06:38.243 [main] INFO org.flowable.common.engine.impl.async.DefaultAsyncTaskExecutor -- Creating executor service with corePoolSize 8, maxPoolSize 8 and keepAliveTime 5000
2026-10-06T10:06:38.3412187Z 10:06:38.256 [main] INFO org.flowable.common.engine.impl.db.CommonDbSchemaManager -- performing create on common with resource org/flowable/common/db/create/flowable.postgres.create.common.sql
2026-10-06T10:06:38.3413959Z 10:06:38.316 [main] INFO org.flowable.engine.impl.db.ProcessDbSchemaManager -- performing create on engine with resource org/flowable/db/create/flowable.postgres.create.engine.sql
2026-10-06T10:06:38.4421179Z 10:06:38.362 [main] INFO org.flowable.engine.impl.db.ProcessDbSchemaManager -- performing create on history with resource org/flowable/db/create/flowable.postgres.create.history.sql
2026-10-06T10:06:38.4422912Z 10:06:38.374 [main] INFO org.flowable.engine.impl.ProcessEngineImpl -- ProcessEngine default created
2026-10-06T10:06:38.4424199Z 10:06:38.383 [main] INFO org.flowable.engine.impl.cmd.ValidateV5EntitiesCmd -- Total of v5 deployments found: 0
2026-10-06T10:06:39.1423132Z 10:06:39.049 [main] INFO org.flowable.common.engine.impl.async.DefaultAsyncTaskExecutor -- Creating thread pool queue of size 100
2026-10-06T10:06:39.1424729Z 10:06:39.049 [main] INFO org.flowable.common.engine.impl.async.DefaultAsyncTaskExecutor -- Creating thread factory with naming pattern flowable-async-task-invoker-thread-%d
2026-10-06T10:06:39.1426193Z 10:06:39.049 [main] INFO org.flowable.common.engine.impl.async.DefaultAsyncTaskExecutor -- Creating executor service with corePoolSize 8, maxPoolSize 8 and keepAliveTime 5000
2026-10-06T10:06:39.1430124Z 10:06:39.049 [main] INFO org.flowable.common.engine.impl.async.DefaultAsyncTaskExecutor -- Using rejectedExecutionHandler java.util.concurrent.ThreadPoolExecutor$CallerRunsPolicy@72c9ebfa
2026-10-06T10:06:39.1433213Z 10:06:39.049 [main] INFO org.flowable.common.engine.impl.async.DefaultAsyncTaskExecutor -- Creating thread pool queue of size 2048
2026-10-06T10:06:39.1437383Z 10:06:39.049 [main] INFO org.flowable.common.engine.impl.async.DefaultAsyncTaskExecutor -- Creating thread factory with naming pattern flowable-async-job-executor-thread-%d
2026-10-06T10:06:39.1441018Z 10:06:39.049 [main] INFO org.flowable.common.engine.impl.async.DefaultAsyncTaskExecutor -- Creating executor service with corePoolSize 8, maxPoolSize 8 and keepAliveTime 5000
2026-10-06T10:06:39.1444945Z 10:06:39.058 [main] INFO org.flowable.common.engine.impl.db.CommonDbSchemaManager -- performing create on common with resource org/flowable/common/db/create/flowable.postgres.create.common.sql
2026-10-06T10:06:39.1447981Z 10:06:39.115 [main] INFO org.flowable.engine.impl.db.ProcessDbSchemaManager -- performing create on engine with resource org/flowable/db/create/flowable.postgres.create.engine.sql
2026-10-06T10:06:39.2429705Z 10:06:39.160 [main] INFO org.flowable.engine.impl.db.ProcessDbSchemaManager -- performing create on history with resource org/flowable/db/create/flowable.postgres.create.history.sql
2026-10-06T10:06:39.2437871Z 10:06:39.174 [main] INFO org.flowable.engine.impl.ProcessEngineImpl -- ProcessEngine default created
2026-10-06T10:06:39.2439457Z 10:06:39.183 [main] INFO org.flowable.engine.impl.cmd.ValidateV5EntitiesCmd -- Total of v5 deployments found: 0
2026-10-06T10:06:39.6448371Z 10:06:39.621 [main] INFO org.flowable.common.engine.impl.async.DefaultAsyncTaskExecutor -- Creating thread pool queue of size 100
2026-10-06T10:06:39.6461909Z 10:06:39.621 [main] INFO org.flowable.common.engine.impl.async.DefaultAsyncTaskExecutor -- Creating thread factory with naming pattern flowable-async-task-invoker-thread-%d
2026-10-06T10:06:39.6464943Z 10:06:39.622 [main] INFO org.flowable.common.engine.impl.async.DefaultAsyncTaskExecutor -- Creating executor service with corePoolSize 8, maxPoolSize 8 and keepAliveTime 5000
2026-10-06T10:06:39.6468435Z 10:06:39.622 [main] INFO org.flowable.common.engine.impl.async.DefaultAsyncTaskExecutor -- Using rejectedExecutionHandler java.util.concurrent.ThreadPoolExecutor$CallerRunsPolicy@47187f50
2026-10-06T10:06:39.6470177Z 10:06:39.622 [main] INFO org.flowable.common.engine.impl.async.DefaultAsyncTaskExecutor -- Creating thread pool queue of size 2048
2026-10-06T10:06:39.6471451Z 10:06:39.622 [main] INFO org.flowable.common.engine.impl.async.DefaultAsyncTaskExecutor -- Creating thread factory with naming pattern flowable-async-job-executor-thread-%d
2026-10-06T10:06:39.6473177Z 10:06:39.622 [main] INFO org.flowable.common.engine.impl.async.DefaultAsyncTaskExecutor -- Creating executor service with corePoolSize 8, maxPoolSize 8 and keepAliveTime 5000
2026-10-06T10:06:39.6474613Z 10:06:39.634 [main] INFO org.flowable.common.engine.impl.db.CommonDbSchemaManager -- performing create on common with resource org/flowable/common/db/create/flowable.postgres.create.common.sql
2026-10-06T10:06:39.7455099Z 10:06:39.711 [main] INFO org.flowable.engine.impl.db.ProcessDbSchemaManager -- performing create on engine with resource org/flowable/db/create/flowable.postgres.create.engine.sql
2026-10-06T10:06:39.8458325Z 10:06:39.759 [main] INFO org.flowable.engine.impl.db.ProcessDbSchemaManager -- performing create on history with resource org/flowable/db/create/flowable.postgres.create.history.sql
2026-10-06T10:06:39.8460919Z 10:06:39.772 [main] INFO org.flowable.engine.impl.ProcessEngineImpl -- ProcessEngine default created
2026-10-06T10:06:39.8462614Z 10:06:39.779 [main] INFO org.flowable.engine.impl.cmd.ValidateV5EntitiesCmd -- Total of v5 deployments found: 0
2026-10-06T10:06:40.1509118Z 10:06:40.142 [main] INFO org.flowable.common.engine.impl.async.DefaultAsyncTaskExecutor -- Creating thread pool queue of size 100
2026-10-06T10:06:40.1511539Z 10:06:40.142 [main] INFO org.flowable.common.engine.impl.async.DefaultAsyncTaskExecutor -- Creating thread factory with naming pattern flowable-async-task-invoker-thread-%d
2026-10-06T10:06:40.1514020Z 10:06:40.142 [main] INFO org.flowable.common.engine.impl.async.DefaultAsyncTaskExecutor -- Creating executor service with corePoolSize 8, maxPoolSize 8 and keepAliveTime 5000
2026-10-06T10:06:40.1516637Z 10:06:40.142 [main] INFO org.flowable.common.engine.impl.async.DefaultAsyncTaskExecutor -- Using rejectedExecutionHandler java.util.concurrent.ThreadPoolExecutor$CallerRunsPolicy@62ea8931
2026-10-06T10:06:40.1519260Z 10:06:40.142 [main] INFO org.flowable.common.engine.impl.async.DefaultAsyncTaskExecutor -- Creating thread pool queue of size 2048
2026-10-06T10:06:40.1521486Z 10:06:40.142 [main] INFO org.flowable.common.engine.impl.async.DefaultAsyncTaskExecutor -- Creating thread factory with naming pattern flowable-async-job-executor-thread-%d
2026-10-06T10:06:40.1523989Z 10:06:40.142 [main] INFO org.flowable.common.engine.impl.async.DefaultAsyncTaskExecutor -- Creating executor service with corePoolSize 8, maxPoolSize 8 and keepAliveTime 5000
2026-10-06T10:06:40.2471634Z 10:06:40.155 [main] INFO org.flowable.common.engine.impl.db.CommonDbSchemaManager -- performing create on common with resource org/flowable/common/db/create/flowable.postgres.create.common.sql
2026-10-06T10:06:40.2474089Z 10:06:40.234 [main] INFO org.flowable.engine.impl.db.ProcessDbSchemaManager -- performing create on engine with resource org/flowable/db/create/flowable.postgres.create.engine.sql
2026-10-06T10:06:40.3487777Z 10:06:40.295 [main] INFO org.flowable.engine.impl.db.ProcessDbSchemaManager -- performing create on history with resource org/flowable/db/create/flowable.postgres.create.history.sql
2026-10-06T10:06:40.3497885Z 10:06:40.312 [main] INFO org.flowable.engine.impl.ProcessEngineImpl -- ProcessEngine default created
2026-10-06T10:06:40.3512904Z 10:06:40.327 [main] INFO org.flowable.engine.impl.cmd.ValidateV5EntitiesCmd -- Total of v5 deployments found: 0
2026-10-06T10:06:40.9032782Z [INFO] Tests run: 8, Failures: 0, Errors: 0, Skipped: 0, Time elapsed: 8.591 s -- in org.weaveos.workflow.RootNativeVersioningTest
2026-10-06T10:06:40.9325851Z [INFO] 
2026-10-06T10:06:40.9326277Z [INFO] Results:
2026-10-06T10:06:40.9329663Z [INFO] 
2026-10-06T10:06:40.9330581Z [INFO] Tests run: 8, Failures: 0, Errors: 0, Skipped: 0
2026-10-06T10:06:40.9331461Z [INFO] 
2026-10-06T10:06:40.9366672Z [INFO] ------------------------------------------------------------------------
2026-10-06T10:06:40.9367701Z [INFO] BUILD SUCCESS
2026-10-06T10:06:40.9368419Z [INFO] ------------------------------------------------------------------------
2026-10-06T10:06:40.9377011Z [INFO] Total time:  14.438 s
2026-10-06T10:06:40.9379760Z [INFO] Finished at: 2026-10-06T10:06:40Z
2026-10-06T10:06:40.9389962Z [INFO] ------------------------------------------------------------------------
2026-10-06T10:06:41.1931957Z ##[group]Run python3 services/workflow-engine/native_version_ci_gate.py services/workflow-engine/ci-logs/native-version-reports
2026-10-06T10:06:41.1932922Z [36;1mpython3 services/workflow-engine/native_version_ci_gate.py services/workflow-engine/ci-logs/native-version-reports[0m
2026-10-06T10:06:41.1995537Z shell: /usr/bin/bash --noprofile --norc -e -o pipefail {0}
2026-10-06T10:06:41.1995890Z ##[endgroup]
2026-10-06T10:06:41.2400055Z native-version gate passed: 8 exact cases, no failures/errors/skips
2026-10-06T10:06:41.2477555Z ##[group]Run python3 services/workflow-engine/native_history_ci_gate_tests.py
2026-10-06T10:06:41.2478154Z [36;1mpython3 services/workflow-engine/native_history_ci_gate_tests.py[0m
2026-10-06T10:06:41.2536593Z shell: /usr/bin/bash --noprofile --norc -e -o pipefail {0}
2026-10-06T10:06:41.2536974Z ##[endgroup]
2026-10-06T10:06:41.3137395Z .........
2026-10-06T10:06:41.3138062Z ----------------------------------------------------------------------
2026-10-06T10:06:41.3138648Z Ran 9 tests in 0.005s
2026-10-06T10:06:41.3138897Z 
2026-10-06T10:06:41.3139027Z OK
2026-10-06T10:06:41.3245640Z ##[group]Run bash services/workflow-engine/run-tests.sh clean -Dtest=RootNativeHistoryTest -Dworkflow.reports=ci-logs/native-history-reports test 2>&1 | tee services/workflow-engine/ci-logs/native-history-tests.txt
2026-10-06T10:06:41.3247509Z [36;1mbash services/workflow-engine/run-tests.sh clean -Dtest=RootNativeHistoryTest -Dworkflow.reports=ci-logs/native-history-reports test 2>&1 | tee services/workflow-engine/ci-logs/native-history-tests.txt[0m
2026-10-06T10:06:41.3309266Z shell: /usr/bin/bash --noprofile --norc -e -o pipefail {0}
2026-10-06T10:06:41.3309618Z ##[endgroup]
2026-10-06T10:06:42.7284459Z postgres (PostgreSQL) 18.6 (Debian 18.6-1.pgdg13+2)
2026-10-06T10:06:42.7442374Z fixture published ports={}
2026-10-06T10:06:42.7567507Z fixture network internal=true
2026-10-06T10:06:44.0782769Z [INFO] Scanning for projects...
2026-10-06T10:06:44.3173793Z [INFO] 
2026-10-06T10:06:44.3178492Z [INFO] --------------------< org.weaveos:workflow-engine >---------------------
2026-10-06T10:06:44.3202056Z [INFO] Building WeaveOS controlled workflow engine core 0.3.0-SNAPSHOT
2026-10-06T10:06:44.3202712Z [INFO]   from pom.xml
2026-10-06T10:06:44.3203233Z [INFO] --------------------------------[ jar ]---------------------------------
2026-10-06T10:06:44.9108280Z [INFO] 
2026-10-06T10:06:44.9114321Z [INFO] --- clean:3.5.0:clean (default-clean) @ workflow-engine ---
2026-10-06T10:06:44.9667540Z [INFO] Deleting /proof/target
2026-10-06T10:06:44.9990821Z [INFO] 
2026-10-06T10:06:44.9995024Z [INFO] --- resources:3.3.1:resources (default-resources) @ workflow-engine ---
2026-10-06T10:06:45.0849994Z [INFO] skip non existing resourceDirectory /proof/src/main/resources
2026-10-06T10:06:45.0851597Z [INFO] skip non existing resourceDirectory /proof/src/main/resources
2026-10-06T10:06:45.0858308Z [INFO] 
2026-10-06T10:06:45.0859786Z [INFO] --- compiler:3.14.1:compile (default-compile) @ workflow-engine ---
2026-10-06T10:06:45.1923201Z [INFO] Recompiling the module because of changed source code.
2026-10-06T10:06:45.1992547Z [INFO] Compiling 30 source files with javac [debug parameters release 17] to target/classes
2026-10-06T10:06:47.6708649Z [INFO] 
2026-10-06T10:06:47.6709687Z [INFO] --- resources:3.3.1:testResources (default-testResources) @ workflow-engine ---
2026-10-06T10:06:47.6819134Z [INFO] Copying 6 resources from src/test/resources to target/test-classes
2026-10-06T10:06:47.6861196Z [INFO] 
2026-10-06T10:06:47.6861895Z [INFO] --- compiler:3.14.1:testCompile (default-testCompile) @ workflow-engine ---
2026-10-06T10:06:47.6942809Z [INFO] Recompiling the module because of changed dependency.
2026-10-06T10:06:47.6950239Z [INFO] Compiling 12 source files with javac [debug parameters release 17] to target/test-classes
2026-10-06T10:06:48.7224998Z [INFO] 
2026-10-06T10:06:48.7225738Z [INFO] --- surefire:3.5.4:test (default-test) @ workflow-engine ---
2026-10-06T10:06:48.8241875Z [INFO] Using auto detected provider org.apache.maven.surefire.junitplatform.JUnitPlatformProvider
2026-10-06T10:06:48.8562427Z [INFO] 
2026-10-06T10:06:48.8562946Z [INFO] -------------------------------------------------------
2026-10-06T10:06:48.8563577Z [INFO]  T E S T S
2026-10-06T10:06:48.8564013Z [INFO] -------------------------------------------------------
2026-10-06T10:06:49.5828987Z [INFO] Running org.weaveos.workflow.RootNativeHistoryTest
2026-10-06T10:06:51.4204229Z 10:06:51.358 [main] INFO org.flowable.common.engine.impl.async.DefaultAsyncTaskExecutor -- Creating thread pool queue of size 100
2026-10-06T10:06:51.4214117Z 10:06:51.361 [main] INFO org.flowable.common.engine.impl.async.DefaultAsyncTaskExecutor -- Creating thread factory with naming pattern flowable-async-task-invoker-thread-%d
2026-10-06T10:06:51.4217567Z 10:06:51.361 [main] INFO org.flowable.common.engine.impl.async.DefaultAsyncTaskExecutor -- Creating executor service with corePoolSize 8, maxPoolSize 8 and keepAliveTime 5000
2026-10-06T10:06:51.4221250Z 10:06:51.361 [main] INFO org.flowable.common.engine.impl.async.DefaultAsyncTaskExecutor -- Using rejectedExecutionHandler java.util.concurrent.ThreadPoolExecutor$CallerRunsPolicy@3b8ec001
2026-10-06T10:06:51.4235405Z 10:06:51.362 [main] INFO org.flowable.common.engine.impl.async.DefaultAsyncTaskExecutor -- Creating thread pool queue of size 2048
2026-10-06T10:06:51.4238111Z 10:06:51.362 [main] INFO org.flowable.common.engine.impl.async.DefaultAsyncTaskExecutor -- Creating thread factory with naming pattern flowable-async-job-executor-thread-%d
2026-10-06T10:06:51.4246688Z 10:06:51.362 [main] INFO org.flowable.common.engine.impl.async.DefaultAsyncTaskExecutor -- Creating executor service with corePoolSize 8, maxPoolSize 8 and keepAliveTime 5000
2026-10-06T10:06:51.4250154Z 10:06:51.406 [main] INFO org.flowable.common.engine.impl.db.CommonDbSchemaManager -- performing create on common with resource org/flowable/common/db/create/flowable.postgres.create.common.sql
2026-10-06T10:06:51.5149732Z 10:06:51.502 [main] INFO org.flowable.engine.impl.db.ProcessDbSchemaManager -- performing create on engine with resource org/flowable/db/create/flowable.postgres.create.engine.sql
2026-10-06T10:06:51.6149936Z 10:06:51.570 [main] INFO org.flowable.engine.impl.db.ProcessDbSchemaManager -- performing create on history with resource org/flowable/db/create/flowable.postgres.create.history.sql
2026-10-06T10:06:51.6151394Z 10:06:51.589 [main] INFO org.flowable.engine.impl.ProcessEngineImpl -- ProcessEngine default created
2026-10-06T10:06:51.7152343Z 10:06:51.635 [main] INFO org.flowable.engine.impl.cmd.ValidateV5EntitiesCmd -- Total of v5 deployments found: 0
2026-10-06T10:06:53.1229536Z 10:06:53.070 [main] INFO org.flowable.common.engine.impl.async.DefaultAsyncTaskExecutor -- Creating thread pool queue of size 100
2026-10-06T10:06:53.1233778Z 10:06:53.070 [main] INFO org.flowable.common.engine.impl.async.DefaultAsyncTaskExecutor -- Creating thread factory with naming pattern flowable-async-task-invoker-thread-%d
2026-10-06T10:06:53.1236167Z 10:06:53.071 [main] INFO org.flowable.common.engine.impl.async.DefaultAsyncTaskExecutor -- Creating executor service with corePoolSize 8, maxPoolSize 8 and keepAliveTime 5000
2026-10-06T10:06:53.1239224Z 10:06:53.071 [main] INFO org.flowable.common.engine.impl.async.DefaultAsyncTaskExecutor -- Using rejectedExecutionHandler java.util.concurrent.ThreadPoolExecutor$CallerRunsPolicy@3313d477
2026-10-06T10:06:53.1241407Z 10:06:53.071 [main] INFO org.flowable.common.engine.impl.async.DefaultAsyncTaskExecutor -- Creating thread pool queue of size 2048
2026-10-06T10:06:53.1243454Z 10:06:53.071 [main] INFO org.flowable.common.engine.impl.async.DefaultAsyncTaskExecutor -- Creating thread factory with naming pattern flowable-async-job-executor-thread-%d
2026-10-06T10:06:53.1260635Z 10:06:53.071 [main] INFO org.flowable.common.engine.impl.async.DefaultAsyncTaskExecutor -- Creating executor service with corePoolSize 8, maxPoolSize 8 and keepAliveTime 5000
2026-10-06T10:06:53.1271284Z 10:06:53.081 [main] INFO org.flowable.common.engine.impl.db.CommonDbSchemaManager -- performing create on common with resource org/flowable/common/db/create/flowable.postgres.create.common.sql
2026-10-06T10:06:53.2233759Z 10:06:53.154 [main] INFO org.flowable.engine.impl.db.ProcessDbSchemaManager -- performing create on engine with resource org/flowable/db/create/flowable.postgres.create.engine.sql
2026-10-06T10:06:53.2236943Z 10:06:53.216 [main] INFO org.flowable.engine.impl.db.ProcessDbSchemaManager -- performing create on history with resource org/flowable/db/create/flowable.postgres.create.history.sql
2026-10-06T10:06:53.3218125Z 10:06:53.237 [main] INFO org.flowable.engine.impl.ProcessEngineImpl -- ProcessEngine default created
2026-10-06T10:06:53.3241258Z 10:06:53.248 [main] INFO org.flowable.engine.impl.cmd.ValidateV5EntitiesCmd -- Total of v5 deployments found: 0
2026-10-06T10:06:55.0292944Z 10:06:54.937 [main] INFO org.flowable.common.engine.impl.async.DefaultAsyncTaskExecutor -- Creating thread pool queue of size 100
2026-10-06T10:06:55.0297003Z 10:06:54.937 [main] INFO org.flowable.common.engine.impl.async.DefaultAsyncTaskExecutor -- Creating thread factory with naming pattern flowable-async-task-invoker-thread-%d
2026-10-06T10:06:55.0300839Z 10:06:54.937 [main] INFO org.flowable.common.engine.impl.async.DefaultAsyncTaskExecutor -- Creating executor service with corePoolSize 8, maxPoolSize 8 and keepAliveTime 5000
2026-10-06T10:06:55.0303652Z 10:06:54.937 [main] INFO org.flowable.common.engine.impl.async.DefaultAsyncTaskExecutor -- Using rejectedExecutionHandler java.util.concurrent.ThreadPoolExecutor$CallerRunsPolicy@70fede7d
2026-10-06T10:06:55.0308708Z 10:06:54.937 [main] INFO org.flowable.common.engine.impl.async.DefaultAsyncTaskExecutor -- Creating thread pool queue of size 2048
2026-10-06T10:06:55.0310941Z 10:06:54.938 [main] INFO org.flowable.common.engine.impl.async.DefaultAsyncTaskExecutor -- Creating thread factory with naming pattern flowable-async-job-executor-thread-%d
2026-10-06T10:06:55.0313424Z 10:06:54.938 [main] INFO org.flowable.common.engine.impl.async.DefaultAsyncTaskExecutor -- Creating executor service with corePoolSize 8, maxPoolSize 8 and keepAliveTime 5000
2026-10-06T10:06:55.0316070Z 10:06:54.950 [main] INFO org.flowable.common.engine.impl.db.CommonDbSchemaManager -- performing create on common with resource org/flowable/common/db/create/flowable.postgres.create.common.sql
2026-10-06T10:06:55.1266404Z 10:06:55.033 [main] INFO org.flowable.engine.impl.db.ProcessDbSchemaManager -- performing create on engine with resource org/flowable/db/create/flowable.postgres.create.engine.sql
2026-10-06T10:06:55.1269432Z 10:06:55.086 [main] INFO org.flowable.engine.impl.db.ProcessDbSchemaManager -- performing create on history with resource org/flowable/db/create/flowable.postgres.create.history.sql
2026-10-06T10:06:55.1280491Z 10:06:55.105 [main] INFO org.flowable.engine.impl.ProcessEngineImpl -- ProcessEngine default created
2026-10-06T10:06:55.1282023Z 10:06:55.114 [main] INFO org.flowable.engine.impl.cmd.ValidateV5EntitiesCmd -- Total of v5 deployments found: 0
2026-10-06T10:06:55.7299470Z 10:06:55.635 [main] INFO org.flowable.common.engine.impl.async.DefaultAsyncTaskExecutor -- Creating thread pool queue of size 100
2026-10-06T10:06:55.7301603Z 10:06:55.635 [main] INFO org.flowable.common.engine.impl.async.DefaultAsyncTaskExecutor -- Creating thread factory with naming pattern flowable-async-task-invoker-thread-%d
2026-10-06T10:06:55.7303774Z 10:06:55.635 [main] INFO org.flowable.common.engine.impl.async.DefaultAsyncTaskExecutor -- Creating executor service with corePoolSize 8, maxPoolSize 8 and keepAliveTime 5000
2026-10-06T10:06:55.7306103Z 10:06:55.635 [main] INFO org.flowable.common.engine.impl.async.DefaultAsyncTaskExecutor -- Using rejectedExecutionHandler java.util.concurrent.ThreadPoolExecutor$CallerRunsPolicy@167a21b
2026-10-06T10:06:55.7308689Z 10:06:55.635 [main] INFO org.flowable.common.engine.impl.async.DefaultAsyncTaskExecutor -- Creating thread pool queue of size 2048
2026-10-06T10:06:55.7310773Z 10:06:55.636 [main] INFO org.flowable.common.engine.impl.async.DefaultAsyncTaskExecutor -- Creating thread factory with naming pattern flowable-async-job-executor-thread-%d
2026-10-06T10:06:55.7313085Z 10:06:55.636 [main] INFO org.flowable.common.engine.impl.async.DefaultAsyncTaskExecutor -- Creating executor service with corePoolSize 8, maxPoolSize 8 and keepAliveTime 5000
2026-10-06T10:06:55.7315483Z 10:06:55.648 [main] INFO org.flowable.common.engine.impl.db.CommonDbSchemaManager -- performing create on common with resource org/flowable/common/db/create/flowable.postgres.create.common.sql
2026-10-06T10:06:55.7317738Z 10:06:55.716 [main] INFO org.flowable.engine.impl.db.ProcessDbSchemaManager -- performing create on engine with resource org/flowable/db/create/flowable.postgres.create.engine.sql
2026-10-06T10:06:55.8282754Z 10:06:55.758 [main] INFO org.flowable.engine.impl.db.ProcessDbSchemaManager -- performing create on history with resource org/flowable/db/create/flowable.postgres.create.history.sql
2026-10-06T10:06:55.8285000Z 10:06:55.770 [main] INFO org.flowable.engine.impl.ProcessEngineImpl -- ProcessEngine default created
2026-10-06T10:06:55.8286349Z 10:06:55.778 [main] INFO org.flowable.engine.impl.cmd.ValidateV5EntitiesCmd -- Total of v5 deployments found: 0
2026-10-06T10:06:56.2299913Z 10:06:56.194 [main] INFO org.flowable.common.engine.impl.async.DefaultAsyncTaskExecutor -- Creating thread pool queue of size 100
2026-10-06T10:06:56.2301874Z 10:06:56.195 [main] INFO org.flowable.common.engine.impl.async.DefaultAsyncTaskExecutor -- Creating thread factory with naming pattern flowable-async-task-invoker-thread-%d
2026-10-06T10:06:56.2304106Z 10:06:56.195 [main] INFO org.flowable.common.engine.impl.async.DefaultAsyncTaskExecutor -- Creating executor service with corePoolSize 8, maxPoolSize 8 and keepAliveTime 5000
2026-10-06T10:06:56.2306463Z 10:06:56.195 [main] INFO org.flowable.common.engine.impl.async.DefaultAsyncTaskExecutor -- Using rejectedExecutionHandler java.util.concurrent.ThreadPoolExecutor$CallerRunsPolicy@13e00016
2026-10-06T10:06:56.2308648Z 10:06:56.195 [main] INFO org.flowable.common.engine.impl.async.DefaultAsyncTaskExecutor -- Creating thread pool queue of size 2048
2026-10-06T10:06:56.2310523Z 10:06:56.195 [main] INFO org.flowable.common.engine.impl.async.DefaultAsyncTaskExecutor -- Creating thread factory with naming pattern flowable-async-job-executor-thread-%d
2026-10-06T10:06:56.2312642Z 10:06:56.195 [main] INFO org.flowable.common.engine.impl.async.DefaultAsyncTaskExecutor -- Creating executor service with corePoolSize 8, maxPoolSize 8 and keepAliveTime 5000
2026-10-06T10:06:56.2314925Z 10:06:56.207 [main] INFO org.flowable.common.engine.impl.db.CommonDbSchemaManager -- performing create on common with resource org/flowable/common/db/create/flowable.postgres.create.common.sql
2026-10-06T10:06:56.3293885Z 10:06:56.277 [main] INFO org.flowable.engine.impl.db.ProcessDbSchemaManager -- performing create on engine with resource org/flowable/db/create/flowable.postgres.create.engine.sql
2026-10-06T10:06:56.4296089Z 10:06:56.335 [main] INFO org.flowable.engine.impl.db.ProcessDbSchemaManager -- performing create on history with resource org/flowable/db/create/flowable.postgres.create.history.sql
2026-10-06T10:06:56.4297943Z 10:06:56.347 [main] INFO org.flowable.engine.impl.ProcessEngineImpl -- ProcessEngine default created
2026-10-06T10:06:56.4299259Z 10:06:56.354 [main] INFO org.flowable.engine.impl.cmd.ValidateV5EntitiesCmd -- Total of v5 deployments found: 0
2026-10-06T10:06:57.1335601Z 10:06:57.112 [main] INFO org.flowable.common.engine.impl.async.DefaultAsyncTaskExecutor -- Creating thread pool queue of size 100
2026-10-06T10:06:57.1338569Z 10:06:57.113 [main] INFO org.flowable.common.engine.impl.async.DefaultAsyncTaskExecutor -- Creating thread factory with naming pattern flowable-async-task-invoker-thread-%d
2026-10-06T10:06:57.1341853Z 10:06:57.113 [main] INFO org.flowable.common.engine.impl.async.DefaultAsyncTaskExecutor -- Creating executor service with corePoolSize 8, maxPoolSize 8 and keepAliveTime 5000
2026-10-06T10:06:57.1350001Z 10:06:57.113 [main] INFO org.flowable.common.engine.impl.async.DefaultAsyncTaskExecutor -- Using rejectedExecutionHandler java.util.concurrent.ThreadPoolExecutor$CallerRunsPolicy@7de35070
2026-10-06T10:06:57.1368659Z 10:06:57.113 [main] INFO org.flowable.common.engine.impl.async.DefaultAsyncTaskExecutor -- Creating thread pool queue of size 2048
2026-10-06T10:06:57.1370905Z 10:06:57.113 [main] INFO org.flowable.common.engine.impl.async.DefaultAsyncTaskExecutor -- Creating thread factory with naming pattern flowable-async-job-executor-thread-%d
2026-10-06T10:06:57.1373421Z 10:06:57.113 [main] INFO org.flowable.common.engine.impl.async.DefaultAsyncTaskExecutor -- Creating executor service with corePoolSize 8, maxPoolSize 8 and keepAliveTime 5000
2026-10-06T10:06:57.1376022Z 10:06:57.125 [main] INFO org.flowable.common.engine.impl.db.CommonDbSchemaManager -- performing create on common with resource org/flowable/common/db/create/flowable.postgres.create.common.sql
2026-10-06T10:06:57.2321963Z 10:06:57.194 [main] INFO org.flowable.engine.impl.db.ProcessDbSchemaManager -- performing create on engine with resource org/flowable/db/create/flowable.postgres.create.engine.sql
2026-10-06T10:06:57.3355837Z 10:06:57.237 [main] INFO org.flowable.engine.impl.db.ProcessDbSchemaManager -- performing create on history with resource org/flowable/db/create/flowable.postgres.create.history.sql
2026-10-06T10:06:57.3358347Z 10:06:57.250 [main] INFO org.flowable.engine.impl.ProcessEngineImpl -- ProcessEngine default created
2026-10-06T10:06:57.3360167Z 10:06:57.258 [main] INFO org.flowable.engine.impl.cmd.ValidateV5EntitiesCmd -- Total of v5 deployments found: 0
2026-10-06T10:06:57.7340873Z 10:06:57.723 [main] INFO org.flowable.common.engine.impl.async.DefaultAsyncTaskExecutor -- Creating thread pool queue of size 100
2026-10-06T10:06:57.7355124Z 10:06:57.723 [main] INFO org.flowable.common.engine.impl.async.DefaultAsyncTaskExecutor -- Creating thread factory with naming pattern flowable-async-task-invoker-thread-%d
2026-10-06T10:06:57.7357991Z 10:06:57.723 [main] INFO org.flowable.common.engine.impl.async.DefaultAsyncTaskExecutor -- Creating executor service with corePoolSize 8, maxPoolSize 8 and keepAliveTime 5000
2026-10-06T10:06:57.7360370Z 10:06:57.723 [main] INFO org.flowable.common.engine.impl.async.DefaultAsyncTaskExecutor -- Using rejectedExecutionHandler java.util.concurrent.ThreadPoolExecutor$CallerRunsPolicy@4e50ae56
2026-10-06T10:06:57.7362765Z 10:06:57.723 [main] INFO org.flowable.common.engine.impl.async.DefaultAsyncTaskExecutor -- Creating thread pool queue of size 2048
2026-10-06T10:06:57.7373644Z 10:06:57.723 [main] INFO org.flowable.common.engine.impl.async.DefaultAsyncTaskExecutor -- Creating thread factory with naming pattern flowable-async-job-executor-thread-%d
2026-10-06T10:06:57.7376136Z 10:06:57.723 [main] INFO org.flowable.common.engine.impl.async.DefaultAsyncTaskExecutor -- Creating executor service with corePoolSize 8, maxPoolSize 8 and keepAliveTime 5000
2026-10-06T10:06:57.8340064Z 10:06:57.736 [main] INFO org.flowable.common.engine.impl.db.CommonDbSchemaManager -- performing create on common with resource org/flowable/common/db/create/flowable.postgres.create.common.sql
2026-10-06T10:06:57.8349773Z 10:06:57.815 [main] INFO org.flowable.engine.impl.db.ProcessDbSchemaManager -- performing create on engine with resource org/flowable/db/create/flowable.postgres.create.engine.sql
2026-10-06T10:06:57.9340429Z 10:06:57.876 [main] INFO org.flowable.engine.impl.db.ProcessDbSchemaManager -- performing create on history with resource org/flowable/db/create/flowable.postgres.create.history.sql
2026-10-06T10:06:57.9341494Z 10:06:57.893 [main] INFO org.flowable.engine.impl.ProcessEngineImpl -- ProcessEngine default created
2026-10-06T10:06:57.9342247Z 10:06:57.903 [main] INFO org.flowable.engine.impl.cmd.ValidateV5EntitiesCmd -- Total of v5 deployments found: 0
2026-10-06T10:06:58.6361817Z 10:06:58.587 [main] INFO org.flowable.common.engine.impl.async.DefaultAsyncTaskExecutor -- Creating thread pool queue of size 100
2026-10-06T10:06:58.6363792Z 10:06:58.588 [main] INFO org.flowable.common.engine.impl.async.DefaultAsyncTaskExecutor -- Creating thread factory with naming pattern flowable-async-task-invoker-thread-%d
2026-10-06T10:06:58.6365777Z 10:06:58.588 [main] INFO org.flowable.common.engine.impl.async.DefaultAsyncTaskExecutor -- Creating executor service with corePoolSize 8, maxPoolSize 8 and keepAliveTime 5000
2026-10-06T10:06:58.6367303Z 10:06:58.588 [main] INFO org.flowable.common.engine.impl.async.DefaultAsyncTaskExecutor -- Using rejectedExecutionHandler java.util.concurrent.ThreadPoolExecutor$CallerRunsPolicy@227a933d
2026-10-06T10:06:58.6368719Z 10:06:58.588 [main] INFO org.flowable.common.engine.impl.async.DefaultAsyncTaskExecutor -- Creating thread pool queue of size 2048
2026-10-06T10:06:58.6370104Z 10:06:58.588 [main] INFO org.flowable.common.engine.impl.async.DefaultAsyncTaskExecutor -- Creating thread factory with naming pattern flowable-async-job-executor-thread-%d
2026-10-06T10:06:58.6371653Z 10:06:58.588 [main] INFO org.flowable.common.engine.impl.async.DefaultAsyncTaskExecutor -- Creating executor service with corePoolSize 8, maxPoolSize 8 and keepAliveTime 5000
2026-10-06T10:06:58.6373434Z 10:06:58.597 [main] INFO org.flowable.common.engine.impl.db.CommonDbSchemaManager -- performing create on common with resource org/flowable/common/db/create/flowable.postgres.create.common.sql
2026-10-06T10:06:58.7360128Z 10:06:58.657 [main] INFO org.flowable.engine.impl.db.ProcessDbSchemaManager -- performing create on engine with resource org/flowable/db/create/flowable.postgres.create.engine.sql
2026-10-06T10:06:58.7362099Z 10:06:58.696 [main] INFO org.flowable.engine.impl.db.ProcessDbSchemaManager -- performing create on history with resource org/flowable/db/create/flowable.postgres.create.history.sql
2026-10-06T10:06:58.7363134Z 10:06:58.708 [main] INFO org.flowable.engine.impl.ProcessEngineImpl -- ProcessEngine default created
2026-10-06T10:06:58.7364344Z 10:06:58.715 [main] INFO org.flowable.engine.impl.cmd.ValidateV5EntitiesCmd -- Total of v5 deployments found: 0
2026-10-06T10:06:59.1396885Z 10:06:59.134 [main] INFO org.flowable.common.engine.impl.async.DefaultAsyncTaskExecutor -- Creating thread pool queue of size 100
2026-10-06T10:06:59.1400058Z 10:06:59.135 [main] INFO org.flowable.common.engine.impl.async.DefaultAsyncTaskExecutor -- Creating thread factory with naming pattern flowable-async-task-invoker-thread-%d
2026-10-06T10:06:59.1402618Z 10:06:59.135 [main] INFO org.flowable.common.engine.impl.async.DefaultAsyncTaskExecutor -- Creating executor service with corePoolSize 8, maxPoolSize 8 and keepAliveTime 5000
2026-10-06T10:06:59.1405383Z 10:06:59.135 [main] INFO org.flowable.common.engine.impl.async.DefaultAsyncTaskExecutor -- Using rejectedExecutionHandler java.util.concurrent.ThreadPoolExecutor$CallerRunsPolicy@44fb6ebd
2026-10-06T10:06:59.1407957Z 10:06:59.135 [main] INFO org.flowable.common.engine.impl.async.DefaultAsyncTaskExecutor -- Creating thread pool queue of size 2048
2026-10-06T10:06:59.1410229Z 10:06:59.135 [main] INFO org.flowable.common.engine.impl.async.DefaultAsyncTaskExecutor -- Creating thread factory with naming pattern flowable-async-job-executor-thread-%d
2026-10-06T10:06:59.1412581Z 10:06:59.135 [main] INFO org.flowable.common.engine.impl.async.DefaultAsyncTaskExecutor -- Creating executor service with corePoolSize 8, maxPoolSize 8 and keepAliveTime 5000
2026-10-06T10:06:59.2378456Z 10:06:59.148 [main] INFO org.flowable.engine.impl.ProcessEngineImpl -- ProcessEngine default created
2026-10-06T10:06:59.2390514Z 10:06:59.154 [main] INFO org.flowable.engine.impl.cmd.ValidateV5EntitiesCmd -- Total of v5 deployments found: 0
2026-10-06T10:06:59.4314187Z [INFO] Tests run: 8, Failures: 0, Errors: 0, Skipped: 0, Time elapsed: 9.834 s -- in org.weaveos.workflow.RootNativeHistoryTest
2026-10-06T10:06:59.4570621Z [INFO] 
2026-10-06T10:06:59.4570858Z [INFO] Results:
2026-10-06T10:06:59.4571070Z [INFO] 
2026-10-06T10:06:59.4573038Z [INFO] Tests run: 8, Failures: 0, Errors: 0, Skipped: 0
2026-10-06T10:06:59.4573572Z [INFO] 
2026-10-06T10:06:59.4600736Z [INFO] ------------------------------------------------------------------------
2026-10-06T10:06:59.4601288Z [INFO] BUILD SUCCESS
2026-10-06T10:06:59.4601608Z [INFO] ------------------------------------------------------------------------
2026-10-06T10:06:59.4609627Z [INFO] Total time:  15.402 s
2026-10-06T10:06:59.4612491Z [INFO] Finished at: 2026-10-06T10:06:59Z
2026-10-06T10:06:59.4613346Z [INFO] ------------------------------------------------------------------------
2026-10-06T10:06:59.7049539Z ##[group]Run python3 services/workflow-engine/native_history_ci_gate.py services/workflow-engine/ci-logs/native-history-reports
2026-10-06T10:06:59.7050504Z [36;1mpython3 services/workflow-engine/native_history_ci_gate.py services/workflow-engine/ci-logs/native-history-reports[0m
2026-10-06T10:06:59.7112940Z shell: /usr/bin/bash --noprofile --norc -e -o pipefail {0}
2026-10-06T10:06:59.7113291Z ##[endgroup]
2026-10-06T10:06:59.7511744Z native-history gate passed: 8 exact cases, no failures/errors/skips
2026-10-06T10:06:59.7590010Z ##[group]Run bash services/workflow-engine/run-tests.sh -Dtest=RootNativeHistoryCostTest -Dworkflow.reports=ci-logs/native-history-cost-reports test 2>&1 | tee services/workflow-engine/ci-logs/native-history-cost.txt
2026-10-06T10:06:59.7591581Z [36;1mbash services/workflow-engine/run-tests.sh -Dtest=RootNativeHistoryCostTest -Dworkflow.reports=ci-logs/native-history-cost-reports test 2>&1 | tee services/workflow-engine/ci-logs/native-history-cost.txt[0m
2026-10-06T10:06:59.7653463Z shell: /usr/bin/bash --noprofile --norc -e -o pipefail {0}
2026-10-06T10:06:59.7653803Z ##[endgroup]
2026-10-06T10:07:01.1493726Z postgres (PostgreSQL) 18.6 (Debian 18.6-1.pgdg13+2)
2026-10-06T10:07:01.1639703Z fixture published ports={}
2026-10-06T10:07:01.1760907Z fixture network internal=true
2026-10-06T10:07:02.4941162Z [INFO] Scanning for projects...
2026-10-06T10:07:02.7387101Z [INFO] 
2026-10-06T10:07:02.7394154Z [INFO] --------------------< org.weaveos:workflow-engine >---------------------
2026-10-06T10:07:02.7395126Z [INFO] Building WeaveOS controlled workflow engine core 0.3.0-SNAPSHOT
2026-10-06T10:07:02.7395803Z [INFO]   from pom.xml
2026-10-06T10:07:02.7396335Z [INFO] --------------------------------[ jar ]---------------------------------
2026-10-06T10:07:03.3312404Z [INFO] 
2026-10-06T10:07:03.3317205Z [INFO] --- resources:3.3.1:resources (default-resources) @ workflow-engine ---
2026-10-06T10:07:03.4582063Z [INFO] skip non existing resourceDirectory /proof/src/main/resources
2026-10-06T10:07:03.4582923Z [INFO] skip non existing resourceDirectory /proof/src/main/resources
2026-10-06T10:07:03.4588169Z [INFO] 
2026-10-06T10:07:03.4588755Z [INFO] --- compiler:3.14.1:compile (default-compile) @ workflow-engine ---
2026-10-06T10:07:03.5662117Z [INFO] Nothing to compile - all classes are up to date.
2026-10-06T10:07:03.5671328Z [INFO] 
2026-10-06T10:07:03.5672183Z [INFO] --- resources:3.3.1:testResources (default-testResources) @ workflow-engine ---
2026-10-06T10:07:03.5749253Z [INFO] Copying 6 resources from src/test/resources to target/test-classes
2026-10-06T10:07:03.5767864Z [INFO] 
2026-10-06T10:07:03.5769164Z [INFO] --- compiler:3.14.1:testCompile (default-testCompile) @ workflow-engine ---
2026-10-06T10:07:03.5960532Z [INFO] Nothing to compile - all classes are up to date.
2026-10-06T10:07:03.5961912Z [INFO] 
2026-10-06T10:07:03.5962738Z [INFO] --- surefire:3.5.4:test (default-test) @ workflow-engine ---
2026-10-06T10:07:03.7265269Z [INFO] Using auto detected provider org.apache.maven.surefire.junitplatform.JUnitPlatformProvider
2026-10-06T10:07:03.7658773Z [INFO] 
2026-10-06T10:07:03.7659336Z [INFO] -------------------------------------------------------
2026-10-06T10:07:03.7688201Z [INFO]  T E S T S
2026-10-06T10:07:03.7688691Z [INFO] -------------------------------------------------------
2026-10-06T10:07:04.4699908Z [INFO] Running org.weaveos.workflow.RootNativeHistoryCostTest
2026-10-06T10:07:06.2253905Z 10:07:06.178 [main] INFO org.flowable.common.engine.impl.async.DefaultAsyncTaskExecutor -- Creating thread pool queue of size 100
2026-10-06T10:07:06.2256863Z 10:07:06.181 [main] INFO org.flowable.common.engine.impl.async.DefaultAsyncTaskExecutor -- Creating thread factory with naming pattern flowable-async-task-invoker-thread-%d
2026-10-06T10:07:06.2259810Z 10:07:06.182 [main] INFO org.flowable.common.engine.impl.async.DefaultAsyncTaskExecutor -- Creating executor service with corePoolSize 8, maxPoolSize 8 and keepAliveTime 5000
2026-10-06T10:07:06.2262320Z 10:07:06.182 [main] INFO org.flowable.common.engine.impl.async.DefaultAsyncTaskExecutor -- Using rejectedExecutionHandler java.util.concurrent.ThreadPoolExecutor$CallerRunsPolicy@346f41a9
2026-10-06T10:07:06.2301100Z 10:07:06.182 [main] INFO org.flowable.common.engine.impl.async.DefaultAsyncTaskExecutor -- Creating thread pool queue of size 2048
2026-10-06T10:07:06.2303759Z 10:07:06.182 [main] INFO org.flowable.common.engine.impl.async.DefaultAsyncTaskExecutor -- Creating thread factory with naming pattern flowable-async-job-executor-thread-%d
2026-10-06T10:07:06.2306157Z 10:07:06.182 [main] INFO org.flowable.common.engine.impl.async.DefaultAsyncTaskExecutor -- Creating executor service with corePoolSize 8, maxPoolSize 8 and keepAliveTime 5000
2026-10-06T10:07:06.3195490Z 10:07:06.224 [main] INFO org.flowable.common.engine.impl.db.CommonDbSchemaManager -- performing create on common with resource org/flowable/common/db/create/flowable.postgres.create.common.sql
2026-10-06T10:07:06.4196563Z 10:07:06.329 [main] INFO org.flowable.engine.impl.db.ProcessDbSchemaManager -- performing create on engine with resource org/flowable/db/create/flowable.postgres.create.engine.sql
2026-10-06T10:07:06.4199291Z 10:07:06.397 [main] INFO org.flowable.engine.impl.db.ProcessDbSchemaManager -- performing create on history with resource org/flowable/db/create/flowable.postgres.create.history.sql
2026-10-06T10:07:06.5198262Z 10:07:06.421 [main] INFO org.flowable.engine.impl.ProcessEngineImpl -- ProcessEngine default created
2026-10-06T10:07:06.5199685Z 10:07:06.463 [main] INFO org.flowable.engine.impl.cmd.ValidateV5EntitiesCmd -- Total of v5 deployments found: 0
2026-10-06T10:07:09.1274135Z NATIVE_HISTORY_COST rounds=0 samples=100 nativeActivityRows=10 oldVisitRows=2 oldJdbcMedianNs=7263177 oldJdbcP95Ns=10564797 nativeApiMedianNs=7494482 nativeApiP95Ns=11847672 nativeExistingRelationBytes=98304 duplicateRelationBytes=40960 heapUsedBefore=99526408 heapUsedAfter=95431680 gcDelta=1
2026-10-06T10:07:09.1309239Z NATIVE_HISTORY_PLAN rounds=0 [   {     "Plan": {       "Node Type": "Limit",       "Parallel Aware": false,       "Async Capable": false,       "Startup Cost": 0.14,       "Total Cost": 8.16,       "Plan Rows": 1,       "Plan Width": 4520,       "Actual Startup Time": 0.024,       "Actual Total Time": 0.025,       "Actual Rows": 1.00,       "Actual Loops": 1,       "Disabled": false,       "Shared Hit Blocks": 2,       "Shared Read Blocks": 0,       "Shared Dirtied Blocks": 0,       "Shared Written Blocks": 0,       "Local Hit Blocks": 0,       "Local Read Blocks": 0,       "Local Dirtied Blocks": 0,       "Local Written Blocks": 0,       "Temp Read Blocks": 0,       "Temp Written Blocks": 0,       "Plans": [         {           "Node Type": "Index Scan",           "Parent Relationship": "Outer",           "Parallel Aware": false,           "Async Capable": false,           "Scan Direction": "Forward",           "Index Name": "act_idx_hi_act_inst_procinst",           "Relation Name": "act_hi_actinst",           "Alias": "res",           "Startup Cost": 0.14,           "Total Cost": 8.16,           "Plan Rows": 1,           "Plan Width": 4520,           "Actual Startup Time": 0.024,           "Actual Total Time": 0.024,           "Actual Rows": 1.00,           "Actual Loops": 1,           "Disabled": false,           "Index Cond": "(((proc_inst_id_)::text = '4'::text) AND ((act_id_)::text = 'n_00000002000040008000000000000002'::text))",           "Rows Removed by Index Recheck": 0,           "Filter": "((act_type_)::text = 'userTask'::text)",           "Rows Removed by Filter": 0,           "Index Searches": 1,           "Shared Hit Blocks": 2,           "Shared Read Blocks": 0,           "Shared Dirtied Blocks": 0,           "Shared Written Blocks": 0,           "Local Hit Blocks": 0,           "Local Read Blocks": 0,           "Local Dirtied Blocks": 0,           "Local Written Blocks": 0,           "Temp Read Blocks": 0,           "Temp Written Blocks": 0         }       ]     },     "Planning": {       "Shared Hit Blocks": 152,       "Shared Read Blocks": 0,       "Shared Dirtied Blocks": 0,       "Shared Written Blocks": 0,       "Local Hit Blocks": 0,       "Local Read Blocks": 0,       "Local Dirtied Blocks": 0,       "Local Written Blocks": 0,       "Temp Read Blocks": 0,       "Temp Written Blocks": 0     },     "Planning Time": 0.348,     "Triggers": [     ],     "Execution Time": 0.048   } ]
2026-10-06T10:07:09.1334155Z OLD_VISIT_PLAN rounds=0 [   {     "Plan": {       "Node Type": "Aggregate",       "Strategy": "Plain",       "Partial Mode": "Simple",       "Parallel Aware": false,       "Async Capable": false,       "Startup Cost": 8.17,       "Total Cost": 8.18,       "Plan Rows": 1,       "Plan Width": 8,       "Actual Startup Time": 0.021,       "Actual Total Time": 0.048,       "Actual Rows": 1.00,       "Actual Loops": 1,       "Disabled": false,       "Shared Hit Blocks": 2,       "Shared Read Blocks": 0,       "Shared Dirtied Blocks": 0,       "Shared Written Blocks": 0,       "Local Hit Blocks": 0,       "Local Read Blocks": 0,       "Local Dirtied Blocks": 0,       "Local Written Blocks": 0,       "Temp Read Blocks": 0,       "Temp Written Blocks": 0,       "Plans": [         {           "Node Type": "Index Only Scan",           "Parent Relationship": "Outer",           "Parallel Aware": false,           "Async Capable": false,           "Scan Direction": "Forward",           "Index Name": "wf_execution_visits_pkey",           "Relation Name": "wf_execution_visits",           "Alias": "wf_execution_visits",           "Startup Cost": 0.15,           "Total Cost": 8.17,           "Plan Rows": 1,           "Plan Width": 0,           "Actual Startup Time": 0.017,           "Actual Total Time": 0.017,           "Actual Rows": 1.00,           "Actual Loops": 1,           "Disabled": false,           "Index Cond": "((instance_id = 'c2f37864-5fc8-4df6-8b8d-b116c82361d8'::uuid) AND (node_id = '00000002-0000-4000-8000-000000000002'::uuid))",           "Rows Removed by Index Recheck": 0,           "Heap Fetches": 1,           "Index Searches": 1,           "Shared Hit Blocks": 2,           "Shared Read Blocks": 0,           "Shared Dirtied Blocks": 0,           "Shared Written Blocks": 0,           "Local Hit Blocks": 0,           "Local Read Blocks": 0,           "Local Dirtied Blocks": 0,           "Local Written Blocks": 0,           "Temp Read Blocks": 0,           "Temp Written Blocks": 0         }       ]     },     "Planning": {       "Shared Hit Blocks": 98,       "Shared Read Blocks": 0,       "Shared Dirtied Blocks": 0,       "Shared Written Blocks": 0,       "Local Hit Blocks": 0,       "Local Read Blocks": 0,       "Local Dirtied Blocks": 0,       "Local Written Blocks": 0,       "Temp Read Blocks": 0,       "Temp Written Blocks": 0     },     "Planning Time": 0.273,     "Triggers": [     ],     "Execution Time": 0.073   } ]
2026-10-06T10:07:24.8658067Z NATIVE_HISTORY_COST rounds=100 samples=100 nativeActivityRows=810 oldVisitRows=202 oldJdbcMedianNs=4513368 oldJdbcP95Ns=5852369 nativeApiMedianNs=5941019 nativeApiP95Ns=7367868 nativeExistingRelationBytes=516096 duplicateRelationBytes=98304 heapUsedBefore=83874208 heapUsedAfter=65227600 gcDelta=1
2026-10-06T10:07:24.8666501Z NATIVE_HISTORY_PLAN rounds=100 [   {     "Plan": {       "Node Type": "Limit",       "Parallel Aware": false,       "Async Capable": false,       "Startup Cost": 0.14,       "Total Cost": 8.16,       "Plan Rows": 1,       "Plan Width": 4520,       "Actual Startup Time": 0.029,       "Actual Total Time": 0.029,       "Actual Rows": 1.00,       "Actual Loops": 1,       "Disabled": false,       "Shared Hit Blocks": 2,       "Shared Read Blocks": 0,       "Shared Dirtied Blocks": 0,       "Shared Written Blocks": 0,       "Local Hit Blocks": 0,       "Local Read Blocks": 0,       "Local Dirtied Blocks": 0,       "Local Written Blocks": 0,       "Temp Read Blocks": 0,       "Temp Written Blocks": 0,       "Plans": [         {           "Node Type": "Index Scan",           "Parent Relationship": "Outer",           "Parallel Aware": false,           "Async Capable": false,           "Scan Direction": "Forward",           "Index Name": "act_idx_hi_act_inst_procinst",           "Relation Name": "act_hi_actinst",           "Alias": "res",           "Startup Cost": 0.14,           "Total Cost": 8.16,           "Plan Rows": 1,           "Plan Width": 4520,           "Actual Startup Time": 0.028,           "Actual Total Time": 0.028,           "Actual Rows": 1.00,           "Actual Loops": 1,           "Disabled": false,           "Index Cond": "(((proc_inst_id_)::text = '4'::text) AND ((act_id_)::text = 'n_00000002000040008000000000000002'::text))",           "Rows Removed by Index Recheck": 0,           "Filter": "((act_type_)::text = 'userTask'::text)",           "Rows Removed by Filter": 0,           "Index Searches": 1,           "Shared Hit Blocks": 2,           "Shared Read Blocks": 0,           "Shared Dirtied Blocks": 0,           "Shared Written Blocks": 0,           "Local Hit Blocks": 0,           "Local Read Blocks": 0,           "Local Dirtied Blocks": 0,           "Local Written Blocks": 0,           "Temp Read Blocks": 0,           "Temp Written Blocks": 0         }       ]     },     "Planning": {       "Shared Hit Blocks": 152,       "Shared Read Blocks": 0,       "Shared Dirtied Blocks": 0,       "Shared Written Blocks": 0,       "Local Hit Blocks": 0,       "Local Read Blocks": 0,       "Local Dirtied Blocks": 0,       "Local Written Blocks": 0,       "Temp Read Blocks": 0,       "Temp Written Blocks": 0     },     "Planning Time": 0.366,     "Triggers": [     ],     "Execution Time": 0.052   } ]
2026-10-06T10:07:24.8680847Z OLD_VISIT_PLAN rounds=100 [   {     "Plan": {       "Node Type": "Aggregate",       "Strategy": "Plain",       "Partial Mode": "Simple",       "Parallel Aware": false,       "Async Capable": false,       "Startup Cost": 8.30,       "Total Cost": 8.31,       "Plan Rows": 1,       "Plan Width": 8,       "Actual Startup Time": 0.063,       "Actual Total Time": 0.064,       "Actual Rows": 1.00,       "Actual Loops": 1,       "Disabled": false,       "Shared Hit Blocks": 51,       "Shared Read Blocks": 0,       "Shared Dirtied Blocks": 0,       "Shared Written Blocks": 0,       "Local Hit Blocks": 0,       "Local Read Blocks": 0,       "Local Dirtied Blocks": 0,       "Local Written Blocks": 0,       "Temp Read Blocks": 0,       "Temp Written Blocks": 0,       "Plans": [         {           "Node Type": "Index Only Scan",           "Parent Relationship": "Outer",           "Parallel Aware": false,           "Async Capable": false,           "Scan Direction": "Forward",           "Index Name": "wf_execution_visits_pkey",           "Relation Name": "wf_execution_visits",           "Alias": "wf_execution_visits",           "Startup Cost": 0.28,           "Total Cost": 8.30,           "Plan Rows": 1,           "Plan Width": 0,           "Actual Startup Time": 0.031,           "Actual Total Time": 0.055,           "Actual Rows": 101.00,           "Actual Loops": 1,           "Disabled": false,           "Index Cond": "((instance_id = 'c2f37864-5fc8-4df6-8b8d-b116c82361d8'::uuid) AND (node_id = '00000002-0000-4000-8000-000000000002'::uuid))",           "Rows Removed by Index Recheck": 0,           "Heap Fetches": 101,           "Index Searches": 1,           "Shared Hit Blocks": 51,           "Shared Read Blocks": 0,           "Shared Dirtied Blocks": 0,           "Shared Written Blocks": 0,           "Local Hit Blocks": 0,           "Local Read Blocks": 0,           "Local Dirtied Blocks": 0,           "Local Written Blocks": 0,           "Temp Read Blocks": 0,           "Temp Written Blocks": 0         }       ]     },     "Planning": {       "Shared Hit Blocks": 98,       "Shared Read Blocks": 0,       "Shared Dirtied Blocks": 0,       "Shared Written Blocks": 0,       "Local Hit Blocks": 0,       "Local Read Blocks": 0,       "Local Dirtied Blocks": 0,       "Local Written Blocks": 0,       "Temp Read Blocks": 0,       "Temp Written Blocks": 0     },     "Planning Time": 0.284,     "Triggers": [     ],     "Execution Time": 0.090   } ]
2026-10-06T10:07:24.9381535Z [INFO] Tests run: 1, Failures: 0, Errors: 0, Skipped: 0, Time elapsed: 20.45 s -- in org.weaveos.workflow.RootNativeHistoryCostTest
2026-10-06T10:07:24.9620523Z [INFO] 
2026-10-06T10:07:24.9620917Z [INFO] Results:
2026-10-06T10:07:24.9621283Z [INFO] 
2026-10-06T10:07:24.9626728Z [INFO] Tests run: 1, Failures: 0, Errors: 0, Skipped: 0
2026-10-06T10:07:24.9627945Z [INFO] 
2026-10-06T10:07:24.9736992Z [INFO] ------------------------------------------------------------------------
2026-10-06T10:07:24.9738269Z [INFO] BUILD SUCCESS
2026-10-06T10:07:24.9758605Z [INFO] ------------------------------------------------------------------------
2026-10-06T10:07:24.9771752Z [INFO] Total time:  22.497 s
2026-10-06T10:07:24.9772189Z [INFO] Finished at: 2026-10-06T10:07:24Z
2026-10-06T10:07:24.9772880Z [INFO] ------------------------------------------------------------------------
2026-10-06T10:07:25.2306685Z ##[group]Run python3 -c 'from rpc_ci_gate import _java; _java("ci-logs/native-history-cost-reports", "org.weaveos.workflow.RootNativeHistoryCostTest", ["observeNativeAndDuplicateCostsAtTwoActualHistorySizes"])'
2026-10-06T10:07:25.2308754Z [36;1mpython3 -c 'from rpc_ci_gate import _java; _java("ci-logs/native-history-cost-reports", "org.weaveos.workflow.RootNativeHistoryCostTest", ["observeNativeAndDuplicateCostsAtTwoActualHistorySizes"])'[0m
2026-10-06T10:07:25.2371787Z shell: /usr/bin/bash --noprofile --norc -e -o pipefail {0}
2026-10-06T10:07:25.2372145Z ##[endgroup]
2026-10-06T10:07:25.2821957Z ##[group]Run bash services/workflow-engine/run-tests.sh clean -Dtest=RootDeploymentRegistryTest verify 2>&1 | tee services/workflow-engine/ci-logs/verify.txt
2026-10-06T10:07:25.2823102Z [36;1mbash services/workflow-engine/run-tests.sh clean -Dtest=RootDeploymentRegistryTest verify 2>&1 | tee services/workflow-engine/ci-logs/verify.txt[0m
2026-10-06T10:07:25.2885664Z shell: /usr/bin/bash --noprofile --norc -e -o pipefail {0}
2026-10-06T10:07:25.2886018Z ##[endgroup]
2026-10-06T10:07:26.6877122Z postgres (PostgreSQL) 18.6 (Debian 18.6-1.pgdg13+2)
2026-10-06T10:07:26.7028008Z fixture published ports={}
2026-10-06T10:07:26.7150002Z fixture network internal=true
2026-10-06T10:07:28.0519778Z [INFO] Scanning for projects...
2026-10-06T10:07:28.2913144Z [INFO] 
2026-10-06T10:07:28.2916870Z [INFO] --------------------< org.weaveos:workflow-engine >---------------------
2026-10-06T10:07:28.2918439Z [INFO] Building WeaveOS controlled workflow engine core 0.3.0-SNAPSHOT
2026-10-06T10:07:28.2939631Z [INFO]   from pom.xml
2026-10-06T10:07:28.2940747Z [INFO] --------------------------------[ jar ]---------------------------------
2026-10-06T10:07:28.8958471Z [INFO] 
2026-10-06T10:07:28.8960131Z [INFO] --- clean:3.5.0:clean (default-clean) @ workflow-engine ---
2026-10-06T10:07:28.9503012Z [INFO] Deleting /proof/target
2026-10-06T10:07:28.9851766Z [INFO] 
2026-10-06T10:07:28.9860240Z [INFO] --- resources:3.3.1:resources (default-resources) @ workflow-engine ---
2026-10-06T10:07:29.0700865Z [INFO] skip non existing resourceDirectory /proof/src/main/resources
2026-10-06T10:07:29.0706507Z [INFO] skip non existing resourceDirectory /proof/src/main/resources
2026-10-06T10:07:29.0713773Z [INFO] 
2026-10-06T10:07:29.0715176Z [INFO] --- compiler:3.14.1:compile (default-compile) @ workflow-engine ---
2026-10-06T10:07:29.1733872Z [INFO] Recompiling the module because of changed source code.
2026-10-06T10:07:29.1804988Z [INFO] Compiling 30 source files with javac [debug parameters release 17] to target/classes
2026-10-06T10:07:31.6119276Z [INFO] 
2026-10-06T10:07:31.6120509Z [INFO] --- resources:3.3.1:testResources (default-testResources) @ workflow-engine ---
2026-10-06T10:07:31.6181396Z [INFO] Copying 6 resources from src/test/resources to target/test-classes
2026-10-06T10:07:31.6225078Z [INFO] 
2026-10-06T10:07:31.6231830Z [INFO] --- compiler:3.14.1:testCompile (default-testCompile) @ workflow-engine ---
2026-10-06T10:07:31.6305765Z [INFO] Recompiling the module because of changed dependency.
2026-10-06T10:07:31.6313058Z [INFO] Compiling 12 source files with javac [debug parameters release 17] to target/test-classes
2026-10-06T10:07:32.6801686Z [INFO] 
2026-10-06T10:07:32.6808591Z [INFO] --- surefire:3.5.4:test (default-test) @ workflow-engine ---
2026-10-06T10:07:32.8143877Z [INFO] Using auto detected provider org.apache.maven.surefire.junitplatform.JUnitPlatformProvider
2026-10-06T10:07:32.8524289Z [INFO] 
2026-10-06T10:07:32.8533665Z [INFO] -------------------------------------------------------
2026-10-06T10:07:32.8540806Z [INFO]  T E S T S
2026-10-06T10:07:32.8546207Z [INFO] -------------------------------------------------------
2026-10-06T10:07:33.6567248Z [INFO] Running org.weaveos.workflow.RootDeploymentRegistryTest
2026-10-06T10:07:35.4496609Z 10:07:35.384 [main] INFO org.flowable.common.engine.impl.async.DefaultAsyncTaskExecutor -- Creating thread pool queue of size 100
2026-10-06T10:07:35.4498714Z 10:07:35.388 [main] INFO org.flowable.common.engine.impl.async.DefaultAsyncTaskExecutor -- Creating thread factory with naming pattern flowable-async-task-invoker-thread-%d
2026-10-06T10:07:35.4500928Z 10:07:35.388 [main] INFO org.flowable.common.engine.impl.async.DefaultAsyncTaskExecutor -- Creating executor service with corePoolSize 8, maxPoolSize 8 and keepAliveTime 5000
2026-10-06T10:07:35.4503292Z 10:07:35.389 [main] INFO org.flowable.common.engine.impl.async.DefaultAsyncTaskExecutor -- Using rejectedExecutionHandler java.util.concurrent.ThreadPoolExecutor$CallerRunsPolicy@67774e29
2026-10-06T10:07:35.4505185Z 10:07:35.389 [main] INFO org.flowable.common.engine.impl.async.DefaultAsyncTaskExecutor -- Creating thread pool queue of size 2048
2026-10-06T10:07:35.4506303Z 10:07:35.389 [main] INFO org.flowable.common.engine.impl.async.DefaultAsyncTaskExecutor -- Creating thread factory with naming pattern flowable-async-job-executor-thread-%d
2026-10-06T10:07:35.4520326Z 10:07:35.389 [main] INFO org.flowable.common.engine.impl.async.DefaultAsyncTaskExecutor -- Creating executor service with corePoolSize 8, maxPoolSize 8 and keepAliveTime 5000
2026-10-06T10:07:35.4521669Z 10:07:35.426 [main] INFO org.flowable.common.engine.impl.db.CommonDbSchemaManager -- performing create on common with resource org/flowable/common/db/create/flowable.postgres.create.common.sql
2026-10-06T10:07:35.5466057Z 10:07:35.506 [main] INFO org.flowable.engine.impl.db.ProcessDbSchemaManager -- performing create on engine with resource org/flowable/db/create/flowable.postgres.create.engine.sql
2026-10-06T10:07:35.6481682Z 10:07:35.555 [main] INFO org.flowable.engine.impl.db.ProcessDbSchemaManager -- performing create on history with resource org/flowable/db/create/flowable.postgres.create.history.sql
2026-10-06T10:07:35.6482802Z 10:07:35.573 [main] INFO org.flowable.engine.impl.ProcessEngineImpl -- ProcessEngine default created
2026-10-06T10:07:35.6483532Z 10:07:35.612 [main] INFO org.flowable.engine.impl.cmd.ValidateV5EntitiesCmd -- Total of v5 deployments found: 0
2026-10-06T10:07:36.4521394Z 10:07:36.377 [main] INFO org.flowable.common.engine.impl.async.DefaultAsyncTaskExecutor -- Creating thread pool queue of size 100
2026-10-06T10:07:36.4523522Z 10:07:36.377 [main] INFO org.flowable.common.engine.impl.async.DefaultAsyncTaskExecutor -- Creating thread factory with naming pattern flowable-async-task-invoker-thread-%d
2026-10-06T10:07:36.4530802Z 10:07:36.377 [main] INFO org.flowable.common.engine.impl.async.DefaultAsyncTaskExecutor -- Creating executor service with corePoolSize 8, maxPoolSize 8 and keepAliveTime 5000
2026-10-06T10:07:36.4538737Z 10:07:36.378 [main] INFO org.flowable.common.engine.impl.async.DefaultAsyncTaskExecutor -- Using rejectedExecutionHandler java.util.concurrent.ThreadPoolExecutor$CallerRunsPolicy@2c719bd4
2026-10-06T10:07:36.4545442Z 10:07:36.378 [main] INFO org.flowable.common.engine.impl.async.DefaultAsyncTaskExecutor -- Creating thread pool queue of size 2048
2026-10-06T10:07:36.4548048Z 10:07:36.378 [main] INFO org.flowable.common.engine.impl.async.DefaultAsyncTaskExecutor -- Creating thread factory with naming pattern flowable-async-job-executor-thread-%d
2026-10-06T10:07:36.4555053Z 10:07:36.378 [main] INFO org.flowable.common.engine.impl.async.DefaultAsyncTaskExecutor -- Creating executor service with corePoolSize 8, maxPoolSize 8 and keepAliveTime 5000
2026-10-06T10:07:36.4557971Z 10:07:36.395 [main] INFO org.flowable.common.engine.impl.db.CommonDbSchemaManager -- performing create on common with resource org/flowable/common/db/create/flowable.postgres.create.common.sql
2026-10-06T10:07:36.5532071Z 10:07:36.489 [main] INFO org.flowable.engine.impl.db.ProcessDbSchemaManager -- performing create on engine with resource org/flowable/db/create/flowable.postgres.create.engine.sql
2026-10-06T10:07:36.5535344Z 10:07:36.545 [main] INFO org.flowable.engine.impl.db.ProcessDbSchemaManager -- performing create on history with resource org/flowable/db/create/flowable.postgres.create.history.sql
2026-10-06T10:07:36.6570636Z 10:07:36.564 [main] INFO org.flowable.engine.impl.ProcessEngineImpl -- ProcessEngine default created
2026-10-06T10:07:36.6572867Z 10:07:36.577 [main] INFO org.flowable.engine.impl.cmd.ValidateV5EntitiesCmd -- Total of v5 deployments found: 0
2026-10-06T10:07:37.0574140Z 10:07:37.018 [main] INFO org.flowable.common.engine.impl.async.DefaultAsyncTaskExecutor -- Creating thread pool queue of size 100
2026-10-06T10:07:37.0575760Z 10:07:37.019 [main] INFO org.flowable.common.engine.impl.async.DefaultAsyncTaskExecutor -- Creating thread factory with naming pattern flowable-async-task-invoker-thread-%d
2026-10-06T10:07:37.0578021Z 10:07:37.019 [main] INFO org.flowable.common.engine.impl.async.DefaultAsyncTaskExecutor -- Creating executor service with corePoolSize 8, maxPoolSize 8 and keepAliveTime 5000
2026-10-06T10:07:37.0582171Z 10:07:37.019 [main] INFO org.flowable.common.engine.impl.async.DefaultAsyncTaskExecutor -- Using rejectedExecutionHandler java.util.concurrent.ThreadPoolExecutor$CallerRunsPolicy@1b57c345
2026-10-06T10:07:37.0584878Z 10:07:37.019 [main] INFO org.flowable.common.engine.impl.async.DefaultAsyncTaskExecutor -- Creating thread pool queue of size 2048
2026-10-06T10:07:37.0587906Z 10:07:37.019 [main] INFO org.flowable.common.engine.impl.async.DefaultAsyncTaskExecutor -- Creating thread factory with naming pattern flowable-async-job-executor-thread-%d
2026-10-06T10:07:37.0590776Z 10:07:37.019 [main] INFO org.flowable.common.engine.impl.async.DefaultAsyncTaskExecutor -- Creating executor service with corePoolSize 8, maxPoolSize 8 and keepAliveTime 5000
2026-10-06T10:07:37.0592642Z 10:07:37.033 [main] INFO org.flowable.engine.impl.ProcessEngineImpl -- ProcessEngine default created
2026-10-06T10:07:37.0594131Z 10:07:37.044 [main] INFO org.flowable.engine.impl.cmd.ValidateV5EntitiesCmd -- Total of v5 deployments found: 0
2026-10-06T10:07:37.5561968Z 10:07:37.505 [main] INFO org.flowable.common.engine.impl.async.DefaultAsyncTaskExecutor -- Creating thread pool queue of size 100
2026-10-06T10:07:37.5572203Z 10:07:37.505 [main] INFO org.flowable.common.engine.impl.async.DefaultAsyncTaskExecutor -- Creating thread factory with naming pattern flowable-async-task-invoker-thread-%d
2026-10-06T10:07:37.5574944Z 10:07:37.506 [main] INFO org.flowable.common.engine.impl.async.DefaultAsyncTaskExecutor -- Creating executor service with corePoolSize 8, maxPoolSize 8 and keepAliveTime 5000
2026-10-06T10:07:37.5584148Z 10:07:37.506 [main] INFO org.flowable.common.engine.impl.async.DefaultAsyncTaskExecutor -- Using rejectedExecutionHandler java.util.concurrent.ThreadPoolExecutor$CallerRunsPolicy@36359723
2026-10-06T10:07:37.5587023Z 10:07:37.506 [main] INFO org.flowable.common.engine.impl.async.DefaultAsyncTaskExecutor -- Creating thread pool queue of size 2048
2026-10-06T10:07:37.5589595Z 10:07:37.506 [main] INFO org.flowable.common.engine.impl.async.DefaultAsyncTaskExecutor -- Creating thread factory with naming pattern flowable-async-job-executor-thread-%d
2026-10-06T10:07:37.5599518Z 10:07:37.506 [main] INFO org.flowable.common.engine.impl.async.DefaultAsyncTaskExecutor -- Creating executor service with corePoolSize 8, maxPoolSize 8 and keepAliveTime 5000
2026-10-06T10:07:37.5606763Z 10:07:37.518 [main] INFO org.flowable.common.engine.impl.db.CommonDbSchemaManager -- performing create on common with resource org/flowable/common/db/create/flowable.postgres.create.common.sql
2026-10-06T10:07:37.6567848Z 10:07:37.591 [main] INFO org.flowable.engine.impl.db.ProcessDbSchemaManager -- performing create on engine with resource org/flowable/db/create/flowable.postgres.create.engine.sql
2026-10-06T10:07:37.6570865Z 10:07:37.645 [main] INFO org.flowable.engine.impl.db.ProcessDbSchemaManager -- performing create on history with resource org/flowable/db/create/flowable.postgres.create.history.sql
2026-10-06T10:07:37.7575953Z 10:07:37.664 [main] INFO org.flowable.engine.impl.ProcessEngineImpl -- ProcessEngine default created
2026-10-06T10:07:37.7577980Z 10:07:37.676 [main] INFO org.flowable.engine.impl.cmd.ValidateV5EntitiesCmd -- Total of v5 deployments found: 0
2026-10-06T10:07:38.1601107Z 10:07:38.078 [main] INFO org.flowable.common.engine.impl.async.DefaultAsyncTaskExecutor -- Creating thread pool queue of size 100
2026-10-06T10:07:38.1603577Z 10:07:38.078 [main] INFO org.flowable.common.engine.impl.async.DefaultAsyncTaskExecutor -- Creating thread factory with naming pattern flowable-async-task-invoker-thread-%d
2026-10-06T10:07:38.1606095Z 10:07:38.078 [main] INFO org.flowable.common.engine.impl.async.DefaultAsyncTaskExecutor -- Creating executor service with corePoolSize 8, maxPoolSize 8 and keepAliveTime 5000
2026-10-06T10:07:38.1609324Z 10:07:38.078 [main] INFO org.flowable.common.engine.impl.async.DefaultAsyncTaskExecutor -- Using rejectedExecutionHandler java.util.concurrent.ThreadPoolExecutor$CallerRunsPolicy@14b31e37
2026-10-06T10:07:38.1611846Z 10:07:38.078 [main] INFO org.flowable.common.engine.impl.async.DefaultAsyncTaskExecutor -- Creating thread pool queue of size 2048
2026-10-06T10:07:38.1614106Z 10:07:38.078 [main] INFO org.flowable.common.engine.impl.async.DefaultAsyncTaskExecutor -- Creating thread factory with naming pattern flowable-async-job-executor-thread-%d
2026-10-06T10:07:38.1616590Z 10:07:38.078 [main] INFO org.flowable.common.engine.impl.async.DefaultAsyncTaskExecutor -- Creating executor service with corePoolSize 8, maxPoolSize 8 and keepAliveTime 5000
2026-10-06T10:07:38.1619397Z 10:07:38.088 [main] INFO org.flowable.common.engine.impl.db.CommonDbSchemaManager -- performing create on common with resource org/flowable/common/db/create/flowable.postgres.create.common.sql
2026-10-06T10:07:38.1621980Z 10:07:38.145 [main] INFO org.flowable.engine.impl.db.ProcessDbSchemaManager -- performing create on engine with resource org/flowable/db/create/flowable.postgres.create.engine.sql
2026-10-06T10:07:38.2601861Z 10:07:38.191 [main] INFO org.flowable.engine.impl.db.ProcessDbSchemaManager -- performing create on history with resource org/flowable/db/create/flowable.postgres.create.history.sql
2026-10-06T10:07:38.2604341Z 10:07:38.204 [main] INFO org.flowable.engine.impl.ProcessEngineImpl -- ProcessEngine default created
2026-10-06T10:07:38.2605901Z 10:07:38.214 [main] INFO org.flowable.engine.impl.cmd.ValidateV5EntitiesCmd -- Total of v5 deployments found: 0
2026-10-06T10:07:38.7619720Z 10:07:38.690 [main] INFO org.flowable.common.engine.impl.async.DefaultAsyncTaskExecutor -- Creating thread pool queue of size 100
2026-10-06T10:07:38.7621356Z 10:07:38.691 [main] INFO org.flowable.common.engine.impl.async.DefaultAsyncTaskExecutor -- Creating thread factory with naming pattern flowable-async-task-invoker-thread-%d
2026-10-06T10:07:38.7623372Z 10:07:38.691 [main] INFO org.flowable.common.engine.impl.async.DefaultAsyncTaskExecutor -- Creating executor service with corePoolSize 8, maxPoolSize 8 and keepAliveTime 5000
2026-10-06T10:07:38.7625364Z 10:07:38.691 [main] INFO org.flowable.common.engine.impl.async.DefaultAsyncTaskExecutor -- Using rejectedExecutionHandler java.util.concurrent.ThreadPoolExecutor$CallerRunsPolicy@5ec88f9e
2026-10-06T10:07:38.7626998Z 10:07:38.691 [main] INFO org.flowable.common.engine.impl.async.DefaultAsyncTaskExecutor -- Creating thread pool queue of size 2048
2026-10-06T10:07:38.7628889Z 10:07:38.691 [main] INFO org.flowable.common.engine.impl.async.DefaultAsyncTaskExecutor -- Creating thread factory with naming pattern flowable-async-job-executor-thread-%d
2026-10-06T10:07:38.7630551Z 10:07:38.691 [main] INFO org.flowable.common.engine.impl.async.DefaultAsyncTaskExecutor -- Creating executor service with corePoolSize 8, maxPoolSize 8 and keepAliveTime 5000
2026-10-06T10:07:38.7632294Z 10:07:38.704 [main] INFO org.flowable.common.engine.impl.db.CommonDbSchemaManager -- performing create on common with resource org/flowable/common/db/create/flowable.postgres.create.common.sql
2026-10-06T10:07:38.7633947Z 10:07:38.759 [main] INFO org.flowable.engine.impl.db.ProcessDbSchemaManager -- performing create on engine with resource org/flowable/db/create/flowable.postgres.create.engine.sql
2026-10-06T10:07:38.8625640Z 10:07:38.803 [main] INFO org.flowable.engine.impl.db.ProcessDbSchemaManager -- performing create on history with resource org/flowable/db/create/flowable.postgres.create.history.sql
2026-10-06T10:07:38.8628565Z 10:07:38.816 [main] INFO org.flowable.engine.impl.ProcessEngineImpl -- ProcessEngine default created
2026-10-06T10:07:38.8630042Z 10:07:38.824 [main] INFO org.flowable.engine.impl.cmd.ValidateV5EntitiesCmd -- Total of v5 deployments found: 0
2026-10-06T10:07:39.5645490Z 10:07:39.547 [main] INFO org.flowable.common.engine.impl.async.DefaultAsyncTaskExecutor -- Creating thread pool queue of size 100
2026-10-06T10:07:39.5648130Z 10:07:39.547 [main] INFO org.flowable.common.engine.impl.async.DefaultAsyncTaskExecutor -- Creating thread factory with naming pattern flowable-async-task-invoker-thread-%d
2026-10-06T10:07:39.5650362Z 10:07:39.547 [main] INFO org.flowable.common.engine.impl.async.DefaultAsyncTaskExecutor -- Creating executor service with corePoolSize 8, maxPoolSize 8 and keepAliveTime 5000
2026-10-06T10:07:39.5652691Z 10:07:39.548 [main] INFO org.flowable.common.engine.impl.async.DefaultAsyncTaskExecutor -- Using rejectedExecutionHandler java.util.concurrent.ThreadPoolExecutor$CallerRunsPolicy@59918c8f
2026-10-06T10:07:39.5654643Z 10:07:39.548 [main] INFO org.flowable.common.engine.impl.async.DefaultAsyncTaskExecutor -- Creating thread pool queue of size 2048
2026-10-06T10:07:39.5656899Z 10:07:39.548 [main] INFO org.flowable.common.engine.impl.async.DefaultAsyncTaskExecutor -- Creating thread factory with naming pattern flowable-async-job-executor-thread-%d
2026-10-06T10:07:39.5659608Z 10:07:39.548 [main] INFO org.flowable.common.engine.impl.async.DefaultAsyncTaskExecutor -- Creating executor service with corePoolSize 8, maxPoolSize 8 and keepAliveTime 5000
2026-10-06T10:07:39.5662229Z 10:07:39.559 [main] INFO org.flowable.common.engine.impl.db.CommonDbSchemaManager -- performing create on common with resource org/flowable/common/db/create/flowable.postgres.create.common.sql
2026-10-06T10:07:39.6637996Z 10:07:39.623 [main] INFO org.flowable.engine.impl.db.ProcessDbSchemaManager -- performing create on engine with resource org/flowable/db/create/flowable.postgres.create.engine.sql
2026-10-06T10:07:39.7657668Z 10:07:39.668 [main] INFO org.flowable.engine.impl.db.ProcessDbSchemaManager -- performing create on history with resource org/flowable/db/create/flowable.postgres.create.history.sql
2026-10-06T10:07:39.7659619Z 10:07:39.686 [main] INFO org.flowable.engine.impl.ProcessEngineImpl -- ProcessEngine default created
2026-10-06T10:07:39.7661753Z 10:07:39.699 [main] INFO org.flowable.engine.impl.cmd.ValidateV5EntitiesCmd -- Total of v5 deployments found: 0
2026-10-06T10:07:40.2670405Z 10:07:40.223 [main] INFO org.flowable.common.engine.impl.async.DefaultAsyncTaskExecutor -- Creating thread pool queue of size 100
2026-10-06T10:07:40.2676269Z 10:07:40.223 [main] INFO org.flowable.common.engine.impl.async.DefaultAsyncTaskExecutor -- Creating thread factory with naming pattern flowable-async-task-invoker-thread-%d
2026-10-06T10:07:40.2679156Z 10:07:40.223 [main] INFO org.flowable.common.engine.impl.async.DefaultAsyncTaskExecutor -- Creating executor service with corePoolSize 8, maxPoolSize 8 and keepAliveTime 5000
2026-10-06T10:07:40.2682065Z 10:07:40.223 [main] INFO org.flowable.common.engine.impl.async.DefaultAsyncTaskExecutor -- Using rejectedExecutionHandler java.util.concurrent.ThreadPoolExecutor$CallerRunsPolicy@621624b1
2026-10-06T10:07:40.2684540Z 10:07:40.223 [main] INFO org.flowable.common.engine.impl.async.DefaultAsyncTaskExecutor -- Creating thread pool queue of size 2048
2026-10-06T10:07:40.2687151Z 10:07:40.223 [main] INFO org.flowable.common.engine.impl.async.DefaultAsyncTaskExecutor -- Creating thread factory with naming pattern flowable-async-job-executor-thread-%d
2026-10-06T10:07:40.2706835Z 10:07:40.223 [main] INFO org.flowable.common.engine.impl.async.DefaultAsyncTaskExecutor -- Creating executor service with corePoolSize 8, maxPoolSize 8 and keepAliveTime 5000
2026-10-06T10:07:40.2709375Z 10:07:40.233 [main] INFO org.flowable.common.engine.impl.db.CommonDbSchemaManager -- performing create on common with resource org/flowable/common/db/create/flowable.postgres.create.common.sql
2026-10-06T10:07:40.3689763Z 10:07:40.295 [main] INFO org.flowable.engine.impl.db.ProcessDbSchemaManager -- performing create on engine with resource org/flowable/db/create/flowable.postgres.create.engine.sql
2026-10-06T10:07:40.3694390Z 10:07:40.344 [main] INFO org.flowable.engine.impl.db.ProcessDbSchemaManager -- performing create on history with resource org/flowable/db/create/flowable.postgres.create.history.sql
2026-10-06T10:07:40.3697067Z 10:07:40.358 [main] INFO org.flowable.engine.impl.ProcessEngineImpl -- ProcessEngine default created
2026-10-06T10:07:40.4658755Z 10:07:40.367 [main] INFO org.flowable.engine.impl.cmd.ValidateV5EntitiesCmd -- Total of v5 deployments found: 0
2026-10-06T10:07:40.7683299Z 10:07:40.699 [main] INFO org.flowable.common.engine.impl.async.DefaultAsyncTaskExecutor -- Creating thread pool queue of size 100
2026-10-06T10:07:40.7684953Z 10:07:40.699 [main] INFO org.flowable.common.engine.impl.async.DefaultAsyncTaskExecutor -- Creating thread factory with naming pattern flowable-async-task-invoker-thread-%d
2026-10-06T10:07:40.7687083Z 10:07:40.699 [main] INFO org.flowable.common.engine.impl.async.DefaultAsyncTaskExecutor -- Creating executor service with corePoolSize 8, maxPoolSize 8 and keepAliveTime 5000
2026-10-06T10:07:40.7688892Z 10:07:40.699 [main] INFO org.flowable.common.engine.impl.async.DefaultAsyncTaskExecutor -- Using rejectedExecutionHandler java.util.concurrent.ThreadPoolExecutor$CallerRunsPolicy@4e4894d
2026-10-06T10:07:40.7690251Z 10:07:40.699 [main] INFO org.flowable.common.engine.impl.async.DefaultAsyncTaskExecutor -- Creating thread pool queue of size 2048
2026-10-06T10:07:40.7691509Z 10:07:40.699 [main] INFO org.flowable.common.engine.impl.async.DefaultAsyncTaskExecutor -- Creating thread factory with naming pattern flowable-async-job-executor-thread-%d
2026-10-06T10:07:40.7698963Z 10:07:40.699 [main] INFO org.flowable.common.engine.impl.async.DefaultAsyncTaskExecutor -- Creating executor service with corePoolSize 8, maxPoolSize 8 and keepAliveTime 5000
2026-10-06T10:07:40.7700965Z 10:07:40.709 [main] INFO org.flowable.common.engine.impl.db.CommonDbSchemaManager -- performing create on common with resource org/flowable/common/db/create/flowable.postgres.create.common.sql
2026-10-06T10:07:40.8696566Z 10:07:40.767 [main] INFO org.flowable.engine.impl.db.ProcessDbSchemaManager -- performing create on engine with resource org/flowable/db/create/flowable.postgres.create.engine.sql
2026-10-06T10:07:40.8698585Z 10:07:40.809 [main] INFO org.flowable.engine.impl.db.ProcessDbSchemaManager -- performing create on history with resource org/flowable/db/create/flowable.postgres.create.history.sql
2026-10-06T10:07:40.8699615Z 10:07:40.822 [main] INFO org.flowable.engine.impl.ProcessEngineImpl -- ProcessEngine default created
2026-10-06T10:07:40.8700325Z 10:07:40.832 [main] INFO org.flowable.engine.impl.cmd.ValidateV5EntitiesCmd -- Total of v5 deployments found: 0
2026-10-06T10:07:41.2735377Z 10:07:41.258 [main] INFO org.flowable.common.engine.impl.async.DefaultAsyncTaskExecutor -- Creating thread pool queue of size 100
2026-10-06T10:07:41.2738942Z 10:07:41.258 [main] INFO org.flowable.common.engine.impl.async.DefaultAsyncTaskExecutor -- Creating thread factory with naming pattern flowable-async-task-invoker-thread-%d
2026-10-06T10:07:41.2741915Z 10:07:41.258 [main] INFO org.flowable.common.engine.impl.async.DefaultAsyncTaskExecutor -- Creating executor service with corePoolSize 8, maxPoolSize 8 and keepAliveTime 5000
2026-10-06T10:07:41.2744655Z 10:07:41.258 [main] INFO org.flowable.common.engine.impl.async.DefaultAsyncTaskExecutor -- Using rejectedExecutionHandler java.util.concurrent.ThreadPoolExecutor$CallerRunsPolicy@7c2b6acb
2026-10-06T10:07:41.2747152Z 10:07:41.259 [main] INFO org.flowable.common.engine.impl.async.DefaultAsyncTaskExecutor -- Creating thread pool queue of size 2048
2026-10-06T10:07:41.2749777Z 10:07:41.259 [main] INFO org.flowable.common.engine.impl.async.DefaultAsyncTaskExecutor -- Creating thread factory with naming pattern flowable-async-job-executor-thread-%d
2026-10-06T10:07:41.2752329Z 10:07:41.259 [main] INFO org.flowable.common.engine.impl.async.DefaultAsyncTaskExecutor -- Creating executor service with corePoolSize 8, maxPoolSize 8 and keepAliveTime 5000
2026-10-06T10:07:41.3712509Z 10:07:41.272 [main] INFO org.flowable.common.engine.impl.db.CommonDbSchemaManager -- performing create on common with resource org/flowable/common/db/create/flowable.postgres.create.common.sql
2026-10-06T10:07:41.3720528Z 10:07:41.331 [main] INFO org.flowable.engine.impl.db.ProcessDbSchemaManager -- performing create on engine with resource org/flowable/db/create/flowable.postgres.create.engine.sql
2026-10-06T10:07:41.4713480Z 10:07:41.377 [main] INFO org.flowable.engine.impl.db.ProcessDbSchemaManager -- performing create on history with resource org/flowable/db/create/flowable.postgres.create.history.sql
2026-10-06T10:07:41.4738330Z 10:07:41.390 [main] INFO org.flowable.engine.impl.ProcessEngineImpl -- ProcessEngine default created
2026-10-06T10:07:41.4739940Z 10:07:41.410 [main] INFO org.flowable.engine.impl.cmd.ValidateV5EntitiesCmd -- Total of v5 deployments found: 0
2026-10-06T10:07:41.7729036Z 10:07:41.732 [main] INFO org.flowable.common.engine.impl.async.DefaultAsyncTaskExecutor -- Creating thread pool queue of size 100
2026-10-06T10:07:41.7741117Z 10:07:41.732 [main] INFO org.flowable.common.engine.impl.async.DefaultAsyncTaskExecutor -- Creating thread factory with naming pattern flowable-async-task-invoker-thread-%d
2026-10-06T10:07:41.7744371Z 10:07:41.732 [main] INFO org.flowable.common.engine.impl.async.DefaultAsyncTaskExecutor -- Creating executor service with corePoolSize 8, maxPoolSize 8 and keepAliveTime 5000
2026-10-06T10:07:41.7747728Z 10:07:41.732 [main] INFO org.flowable.common.engine.impl.async.DefaultAsyncTaskExecutor -- Using rejectedExecutionHandler java.util.concurrent.ThreadPoolExecutor$CallerRunsPolicy@7c7ed72a
2026-10-06T10:07:41.7750349Z 10:07:41.732 [main] INFO org.flowable.common.engine.impl.async.DefaultAsyncTaskExecutor -- Creating thread pool queue of size 2048
2026-10-06T10:07:41.7762064Z 10:07:41.732 [main] INFO org.flowable.common.engine.impl.async.DefaultAsyncTaskExecutor -- Creating thread factory with naming pattern flowable-async-job-executor-thread-%d
2026-10-06T10:07:41.7773649Z 10:07:41.732 [main] INFO org.flowable.common.engine.impl.async.DefaultAsyncTaskExecutor -- Creating executor service with corePoolSize 8, maxPoolSize 8 and keepAliveTime 5000
2026-10-06T10:07:41.7785309Z 10:07:41.742 [main] INFO org.flowable.common.engine.impl.db.CommonDbSchemaManager -- performing create on common with resource org/flowable/common/db/create/flowable.postgres.create.common.sql
2026-10-06T10:07:41.8719172Z 10:07:41.801 [main] INFO org.flowable.engine.impl.db.ProcessDbSchemaManager -- performing create on engine with resource org/flowable/db/create/flowable.postgres.create.engine.sql
2026-10-06T10:07:41.8722058Z 10:07:41.844 [main] INFO org.flowable.engine.impl.db.ProcessDbSchemaManager -- performing create on history with resource org/flowable/db/create/flowable.postgres.create.history.sql
2026-10-06T10:07:41.8727277Z 10:07:41.857 [main] INFO org.flowable.engine.impl.ProcessEngineImpl -- ProcessEngine default created
2026-10-06T10:07:41.8730262Z 10:07:41.867 [main] INFO org.flowable.engine.impl.cmd.ValidateV5EntitiesCmd -- Total of v5 deployments found: 0
2026-10-06T10:07:42.2727662Z 10:07:42.211 [main] INFO org.flowable.common.engine.impl.async.DefaultAsyncTaskExecutor -- Creating thread pool queue of size 100
2026-10-06T10:07:42.2735689Z 10:07:42.211 [main] INFO org.flowable.common.engine.impl.async.DefaultAsyncTaskExecutor -- Creating thread factory with naming pattern flowable-async-task-invoker-thread-%d
2026-10-06T10:07:42.2742080Z 10:07:42.212 [main] INFO org.flowable.common.engine.impl.async.DefaultAsyncTaskExecutor -- Creating executor service with corePoolSize 8, maxPoolSize 8 and keepAliveTime 5000
2026-10-06T10:07:42.2748598Z 10:07:42.212 [main] INFO org.flowable.common.engine.impl.async.DefaultAsyncTaskExecutor -- Using rejectedExecutionHandler java.util.concurrent.ThreadPoolExecutor$CallerRunsPolicy@7e27f603
2026-10-06T10:07:42.2751025Z 10:07:42.212 [main] INFO org.flowable.common.engine.impl.async.DefaultAsyncTaskExecutor -- Creating thread pool queue of size 2048
2026-10-06T10:07:42.2758966Z 10:07:42.212 [main] INFO org.flowable.common.engine.impl.async.DefaultAsyncTaskExecutor -- Creating thread factory with naming pattern flowable-async-job-executor-thread-%d
2026-10-06T10:07:42.2769377Z 10:07:42.212 [main] INFO org.flowable.common.engine.impl.async.DefaultAsyncTaskExecutor -- Creating executor service with corePoolSize 8, maxPoolSize 8 and keepAliveTime 5000
2026-10-06T10:07:42.2771941Z 10:07:42.221 [main] INFO org.flowable.common.engine.impl.db.CommonDbSchemaManager -- performing create on common with resource org/flowable/common/db/create/flowable.postgres.create.common.sql
2026-10-06T10:07:42.3759756Z 10:07:42.279 [main] INFO org.flowable.engine.impl.db.ProcessDbSchemaManager -- performing create on engine with resource org/flowable/db/create/flowable.postgres.create.engine.sql
2026-10-06T10:07:42.3762482Z 10:07:42.319 [main] INFO org.flowable.engine.impl.db.ProcessDbSchemaManager -- performing create on history with resource org/flowable/db/create/flowable.postgres.create.history.sql
2026-10-06T10:07:42.3764679Z 10:07:42.331 [main] INFO org.flowable.engine.impl.ProcessEngineImpl -- ProcessEngine default created
2026-10-06T10:07:42.3766241Z 10:07:42.338 [main] INFO org.flowable.engine.impl.cmd.ValidateV5EntitiesCmd -- Total of v5 deployments found: 0
2026-10-06T10:07:42.7739299Z 10:07:42.692 [main] INFO org.flowable.common.engine.impl.async.DefaultAsyncTaskExecutor -- Creating thread pool queue of size 100
2026-10-06T10:07:42.7741428Z 10:07:42.693 [main] INFO org.flowable.common.engine.impl.async.DefaultAsyncTaskExecutor -- Creating thread factory with naming pattern flowable-async-task-invoker-thread-%d
2026-10-06T10:07:42.7743732Z 10:07:42.693 [main] INFO org.flowable.common.engine.impl.async.DefaultAsyncTaskExecutor -- Creating executor service with corePoolSize 8, maxPoolSize 8 and keepAliveTime 5000
2026-10-06T10:07:42.7745661Z 10:07:42.693 [main] INFO org.flowable.common.engine.impl.async.DefaultAsyncTaskExecutor -- Using rejectedExecutionHandler java.util.concurrent.ThreadPoolExecutor$CallerRunsPolicy@3303e89e
2026-10-06T10:07:42.7748315Z 10:07:42.693 [main] INFO org.flowable.common.engine.impl.async.DefaultAsyncTaskExecutor -- Creating thread pool queue of size 2048
2026-10-06T10:07:42.7750347Z 10:07:42.693 [main] INFO org.flowable.common.engine.impl.async.DefaultAsyncTaskExecutor -- Creating thread factory with naming pattern flowable-async-job-executor-thread-%d
2026-10-06T10:07:42.7752716Z 10:07:42.693 [main] INFO org.flowable.common.engine.impl.async.DefaultAsyncTaskExecutor -- Creating executor service with corePoolSize 8, maxPoolSize 8 and keepAliveTime 5000
2026-10-06T10:07:42.7755101Z 10:07:42.706 [main] INFO org.flowable.common.engine.impl.db.CommonDbSchemaManager -- performing create on common with resource org/flowable/common/db/create/flowable.postgres.create.common.sql
2026-10-06T10:07:42.7758053Z 10:07:42.770 [main] INFO org.flowable.engine.impl.db.ProcessDbSchemaManager -- performing create on engine with resource org/flowable/db/create/flowable.postgres.create.engine.sql
2026-10-06T10:07:42.8770291Z 10:07:42.811 [main] INFO org.flowable.engine.impl.db.ProcessDbSchemaManager -- performing create on history with resource org/flowable/db/create/flowable.postgres.create.history.sql
2026-10-06T10:07:42.8771377Z 10:07:42.823 [main] INFO org.flowable.engine.impl.ProcessEngineImpl -- ProcessEngine default created
2026-10-06T10:07:42.8772107Z 10:07:42.830 [main] INFO org.flowable.engine.impl.cmd.ValidateV5EntitiesCmd -- Total of v5 deployments found: 0
2026-10-06T10:07:43.1754132Z 10:07:43.118 [main] INFO org.flowable.common.engine.impl.async.DefaultAsyncTaskExecutor -- Creating thread pool queue of size 100
2026-10-06T10:07:43.1765555Z 10:07:43.118 [main] INFO org.flowable.common.engine.impl.async.DefaultAsyncTaskExecutor -- Creating thread factory with naming pattern flowable-async-task-invoker-thread-%d
2026-10-06T10:07:43.1774652Z 10:07:43.118 [main] INFO org.flowable.common.engine.impl.async.DefaultAsyncTaskExecutor -- Creating executor service with corePoolSize 8, maxPoolSize 8 and keepAliveTime 5000
2026-10-06T10:07:43.1778479Z 10:07:43.119 [main] INFO org.flowable.common.engine.impl.async.DefaultAsyncTaskExecutor -- Using rejectedExecutionHandler java.util.concurrent.ThreadPoolExecutor$CallerRunsPolicy@1d2def55
2026-10-06T10:07:43.1781079Z 10:07:43.119 [main] INFO org.flowable.common.engine.impl.async.DefaultAsyncTaskExecutor -- Creating thread pool queue of size 2048
2026-10-06T10:07:43.1783322Z 10:07:43.119 [main] INFO org.flowable.common.engine.impl.async.DefaultAsyncTaskExecutor -- Creating thread factory with naming pattern flowable-async-job-executor-thread-%d
2026-10-06T10:07:43.1785882Z 10:07:43.119 [main] INFO org.flowable.common.engine.impl.async.DefaultAsyncTaskExecutor -- Creating executor service with corePoolSize 8, maxPoolSize 8 and keepAliveTime 5000
2026-10-06T10:07:43.1794936Z 10:07:43.128 [main] INFO org.flowable.common.engine.impl.db.CommonDbSchemaManager -- performing create on common with resource org/flowable/common/db/create/flowable.postgres.create.common.sql
2026-10-06T10:07:43.2755424Z 10:07:43.187 [main] INFO org.flowable.engine.impl.db.ProcessDbSchemaManager -- performing create on engine with resource org/flowable/db/create/flowable.postgres.create.engine.sql
2026-10-06T10:07:43.2758160Z 10:07:43.230 [main] INFO org.flowable.engine.impl.db.ProcessDbSchemaManager -- performing create on history with resource org/flowable/db/create/flowable.postgres.create.history.sql
2026-10-06T10:07:43.2759650Z 10:07:43.243 [main] INFO org.flowable.engine.impl.ProcessEngineImpl -- ProcessEngine default created
2026-10-06T10:07:43.2760571Z 10:07:43.251 [main] INFO org.flowable.engine.impl.cmd.ValidateV5EntitiesCmd -- Total of v5 deployments found: 0
2026-10-06T10:07:43.6769408Z 10:07:43.594 [main] INFO org.flowable.common.engine.impl.async.DefaultAsyncTaskExecutor -- Creating thread pool queue of size 100
2026-10-06T10:07:43.6771587Z 10:07:43.594 [main] INFO org.flowable.common.engine.impl.async.DefaultAsyncTaskExecutor -- Creating thread factory with naming pattern flowable-async-task-invoker-thread-%d
2026-10-06T10:07:43.6779329Z 10:07:43.594 [main] INFO org.flowable.common.engine.impl.async.DefaultAsyncTaskExecutor -- Creating executor service with corePoolSize 8, maxPoolSize 8 and keepAliveTime 5000
2026-10-06T10:07:43.6786345Z 10:07:43.594 [main] INFO org.flowable.common.engine.impl.async.DefaultAsyncTaskExecutor -- Using rejectedExecutionHandler java.util.concurrent.ThreadPoolExecutor$CallerRunsPolicy@d66502
2026-10-06T10:07:43.6793182Z 10:07:43.594 [main] INFO org.flowable.common.engine.impl.async.DefaultAsyncTaskExecutor -- Creating thread pool queue of size 2048
2026-10-06T10:07:43.6799492Z 10:07:43.594 [main] INFO org.flowable.common.engine.impl.async.DefaultAsyncTaskExecutor -- Creating thread factory with naming pattern flowable-async-job-executor-thread-%d
2026-10-06T10:07:43.6807673Z 10:07:43.594 [main] INFO org.flowable.common.engine.impl.async.DefaultAsyncTaskExecutor -- Creating executor service with corePoolSize 8, maxPoolSize 8 and keepAliveTime 5000
2026-10-06T10:07:43.6815304Z 10:07:43.604 [main] INFO org.flowable.common.engine.impl.db.CommonDbSchemaManager -- performing create on common with resource org/flowable/common/db/create/flowable.postgres.create.common.sql
2026-10-06T10:07:43.6828784Z 10:07:43.660 [main] INFO org.flowable.engine.impl.db.ProcessDbSchemaManager -- performing create on engine with resource org/flowable/db/create/flowable.postgres.create.engine.sql
2026-10-06T10:07:43.7787559Z 10:07:43.705 [main] INFO org.flowable.engine.impl.db.ProcessDbSchemaManager -- performing create on history with resource org/flowable/db/create/flowable.postgres.create.history.sql
2026-10-06T10:07:43.7789644Z 10:07:43.725 [main] INFO org.flowable.engine.impl.ProcessEngineImpl -- ProcessEngine default created
2026-10-06T10:07:43.7791380Z 10:07:43.734 [main] INFO org.flowable.engine.impl.cmd.ValidateV5EntitiesCmd -- Total of v5 deployments found: 0
2026-10-06T10:07:44.0785821Z 10:07:44.039 [main] INFO org.flowable.common.engine.impl.async.DefaultAsyncTaskExecutor -- Creating thread pool queue of size 100
2026-10-06T10:07:44.0787908Z 10:07:44.039 [main] INFO org.flowable.common.engine.impl.async.DefaultAsyncTaskExecutor -- Creating thread factory with naming pattern flowable-async-task-invoker-thread-%d
2026-10-06T10:07:44.0798514Z 10:07:44.040 [main] INFO org.flowable.common.engine.impl.async.DefaultAsyncTaskExecutor -- Creating executor service with corePoolSize 8, maxPoolSize 8 and keepAliveTime 5000
2026-10-06T10:07:44.0801342Z 10:07:44.040 [main] INFO org.flowable.common.engine.impl.async.DefaultAsyncTaskExecutor -- Using rejectedExecutionHandler java.util.concurrent.ThreadPoolExecutor$CallerRunsPolicy@37ffe4f3
2026-10-06T10:07:44.0803976Z 10:07:44.040 [main] INFO org.flowable.common.engine.impl.async.DefaultAsyncTaskExecutor -- Creating thread pool queue of size 2048
2026-10-06T10:07:44.0806337Z 10:07:44.040 [main] INFO org.flowable.common.engine.impl.async.DefaultAsyncTaskExecutor -- Creating thread factory with naming pattern flowable-async-job-executor-thread-%d
2026-10-06T10:07:44.0809263Z 10:07:44.040 [main] INFO org.flowable.common.engine.impl.async.DefaultAsyncTaskExecutor -- Creating executor service with corePoolSize 8, maxPoolSize 8 and keepAliveTime 5000
2026-10-06T10:07:44.0812095Z 10:07:44.049 [main] INFO org.flowable.common.engine.impl.db.CommonDbSchemaManager -- performing create on common with resource org/flowable/common/db/create/flowable.postgres.create.common.sql
2026-10-06T10:07:44.1786458Z 10:07:44.105 [main] INFO org.flowable.engine.impl.db.ProcessDbSchemaManager -- performing create on engine with resource org/flowable/db/create/flowable.postgres.create.engine.sql
2026-10-06T10:07:44.1794130Z 10:07:44.146 [main] INFO org.flowable.engine.impl.db.ProcessDbSchemaManager -- performing create on history with resource org/flowable/db/create/flowable.postgres.create.history.sql
2026-10-06T10:07:44.1797051Z 10:07:44.158 [main] INFO org.flowable.engine.impl.ProcessEngineImpl -- ProcessEngine default created
2026-10-06T10:07:44.1798713Z 10:07:44.168 [main] INFO org.flowable.engine.impl.cmd.ValidateV5EntitiesCmd -- Total of v5 deployments found: 0
2026-10-06T10:07:44.4802770Z 10:07:44.460 [main] INFO org.flowable.common.engine.impl.async.DefaultAsyncTaskExecutor -- Creating thread pool queue of size 100
2026-10-06T10:07:44.4804999Z 10:07:44.460 [main] INFO org.flowable.common.engine.impl.async.DefaultAsyncTaskExecutor -- Creating thread factory with naming pattern flowable-async-task-invoker-thread-%d
2026-10-06T10:07:44.4807641Z 10:07:44.460 [main] INFO org.flowable.common.engine.impl.async.DefaultAsyncTaskExecutor -- Creating executor service with corePoolSize 8, maxPoolSize 8 and keepAliveTime 5000
2026-10-06T10:07:44.4810124Z 10:07:44.460 [main] INFO org.flowable.common.engine.impl.async.DefaultAsyncTaskExecutor -- Using rejectedExecutionHandler java.util.concurrent.ThreadPoolExecutor$CallerRunsPolicy@995ad50
2026-10-06T10:07:44.4812338Z 10:07:44.460 [main] INFO org.flowable.common.engine.impl.async.DefaultAsyncTaskExecutor -- Creating thread pool queue of size 2048
2026-10-06T10:07:44.4814444Z 10:07:44.460 [main] INFO org.flowable.common.engine.impl.async.DefaultAsyncTaskExecutor -- Creating thread factory with naming pattern flowable-async-job-executor-thread-%d
2026-10-06T10:07:44.4816807Z 10:07:44.460 [main] INFO org.flowable.common.engine.impl.async.DefaultAsyncTaskExecutor -- Creating executor service with corePoolSize 8, maxPoolSize 8 and keepAliveTime 5000
2026-10-06T10:07:44.4834919Z 10:07:44.470 [main] INFO org.flowable.common.engine.impl.db.CommonDbSchemaManager -- performing create on common with resource org/flowable/common/db/create/flowable.postgres.create.common.sql
2026-10-06T10:07:44.5802714Z 10:07:44.543 [main] INFO org.flowable.engine.impl.db.ProcessDbSchemaManager -- performing create on engine with resource org/flowable/db/create/flowable.postgres.create.engine.sql
2026-10-06T10:07:44.6806086Z 10:07:44.586 [main] INFO org.flowable.engine.impl.db.ProcessDbSchemaManager -- performing create on history with resource org/flowable/db/create/flowable.postgres.create.history.sql
2026-10-06T10:07:44.6808249Z 10:07:44.599 [main] INFO org.flowable.engine.impl.ProcessEngineImpl -- ProcessEngine default created
2026-10-06T10:07:44.6809881Z 10:07:44.608 [main] INFO org.flowable.engine.impl.cmd.ValidateV5EntitiesCmd -- Total of v5 deployments found: 0
2026-10-06T10:07:44.8809947Z 10:07:44.869 [main] INFO org.flowable.common.engine.impl.async.DefaultAsyncTaskExecutor -- Creating thread pool queue of size 100
2026-10-06T10:07:44.8812746Z 10:07:44.869 [main] INFO org.flowable.common.engine.impl.async.DefaultAsyncTaskExecutor -- Creating thread factory with naming pattern flowable-async-task-invoker-thread-%d
2026-10-06T10:07:44.8815442Z 10:07:44.869 [main] INFO org.flowable.common.engine.impl.async.DefaultAsyncTaskExecutor -- Creating executor service with corePoolSize 8, maxPoolSize 8 and keepAliveTime 5000
2026-10-06T10:07:44.8818535Z 10:07:44.869 [main] INFO org.flowable.common.engine.impl.async.DefaultAsyncTaskExecutor -- Using rejectedExecutionHandler java.util.concurrent.ThreadPoolExecutor$CallerRunsPolicy@44aed6a4
2026-10-06T10:07:44.8820928Z 10:07:44.869 [main] INFO org.flowable.common.engine.impl.async.DefaultAsyncTaskExecutor -- Creating thread pool queue of size 2048
2026-10-06T10:07:44.8823193Z 10:07:44.869 [main] INFO org.flowable.common.engine.impl.async.DefaultAsyncTaskExecutor -- Creating thread factory with naming pattern flowable-async-job-executor-thread-%d
2026-10-06T10:07:44.8825705Z 10:07:44.869 [main] INFO org.flowable.common.engine.impl.async.DefaultAsyncTaskExecutor -- Creating executor service with corePoolSize 8, maxPoolSize 8 and keepAliveTime 5000
2026-10-06T10:07:44.9808362Z 10:07:44.880 [main] INFO org.flowable.common.engine.impl.db.CommonDbSchemaManager -- performing create on common with resource org/flowable/common/db/create/flowable.postgres.create.common.sql
2026-10-06T10:07:45.0810530Z 10:07:44.941 [main] INFO org.flowable.engine.impl.db.ProcessDbSchemaManager -- performing create on engine with resource org/flowable/db/create/flowable.postgres.create.engine.sql
2026-10-06T10:07:45.0813261Z 10:07:44.983 [main] INFO org.flowable.engine.impl.db.ProcessDbSchemaManager -- performing create on history with resource org/flowable/db/create/flowable.postgres.create.history.sql
2026-10-06T10:07:45.0815230Z 10:07:44.996 [main] INFO org.flowable.engine.impl.ProcessEngineImpl -- ProcessEngine default created
2026-10-06T10:07:45.0816744Z 10:07:45.003 [main] INFO org.flowable.engine.impl.cmd.ValidateV5EntitiesCmd -- Total of v5 deployments found: 0
2026-10-06T10:07:45.3843200Z 10:07:45.324 [main] INFO org.flowable.common.engine.impl.async.DefaultAsyncTaskExecutor -- Creating thread pool queue of size 100
2026-10-06T10:07:45.3845578Z 10:07:45.325 [main] INFO org.flowable.common.engine.impl.async.DefaultAsyncTaskExecutor -- Creating thread factory with naming pattern flowable-async-task-invoker-thread-%d
2026-10-06T10:07:45.3848796Z 10:07:45.325 [main] INFO org.flowable.common.engine.impl.async.DefaultAsyncTaskExecutor -- Creating executor service with corePoolSize 8, maxPoolSize 8 and keepAliveTime 5000
2026-10-06T10:07:45.3851324Z 10:07:45.325 [main] INFO org.flowable.common.engine.impl.async.DefaultAsyncTaskExecutor -- Using rejectedExecutionHandler java.util.concurrent.ThreadPoolExecutor$CallerRunsPolicy@38e00b47
2026-10-06T10:07:45.3853569Z 10:07:45.325 [main] INFO org.flowable.common.engine.impl.async.DefaultAsyncTaskExecutor -- Creating thread pool queue of size 2048
2026-10-06T10:07:45.3855557Z 10:07:45.325 [main] INFO org.flowable.common.engine.impl.async.DefaultAsyncTaskExecutor -- Creating thread factory with naming pattern flowable-async-job-executor-thread-%d
2026-10-06T10:07:45.3858157Z 10:07:45.325 [main] INFO org.flowable.common.engine.impl.async.DefaultAsyncTaskExecutor -- Creating executor service with corePoolSize 8, maxPoolSize 8 and keepAliveTime 5000
2026-10-06T10:07:45.3861799Z 10:07:45.334 [main] INFO org.flowable.common.engine.impl.db.CommonDbSchemaManager -- performing create on common with resource org/flowable/common/db/create/flowable.postgres.create.common.sql
2026-10-06T10:07:45.4844838Z 10:07:45.391 [main] INFO org.flowable.engine.impl.db.ProcessDbSchemaManager -- performing create on engine with resource org/flowable/db/create/flowable.postgres.create.engine.sql
2026-10-06T10:07:45.4847948Z 10:07:45.431 [main] INFO org.flowable.engine.impl.db.ProcessDbSchemaManager -- performing create on history with resource org/flowable/db/create/flowable.postgres.create.history.sql
2026-10-06T10:07:45.4850269Z 10:07:45.444 [main] INFO org.flowable.engine.impl.ProcessEngineImpl -- ProcessEngine default created
2026-10-06T10:07:45.4852098Z 10:07:45.451 [main] INFO org.flowable.engine.impl.cmd.ValidateV5EntitiesCmd -- Total of v5 deployments found: 0
2026-10-06T10:07:45.6170398Z [INFO] Tests run: 18, Failures: 0, Errors: 0, Skipped: 0, Time elapsed: 11.94 s -- in org.weaveos.workflow.RootDeploymentRegistryTest
2026-10-06T10:07:45.6548161Z [INFO] 
2026-10-06T10:07:45.6548889Z [INFO] Results:
2026-10-06T10:07:45.6549913Z [INFO] 
2026-10-06T10:07:45.6552378Z [INFO] Tests run: 18, Failures: 0, Errors: 0, Skipped: 0
2026-10-06T10:07:45.6559849Z [INFO] 
2026-10-06T10:07:45.6596506Z [INFO] 
2026-10-06T10:07:45.6598061Z [INFO] --- jar:3.4.2:jar (default-jar) @ workflow-engine ---
2026-10-06T10:07:45.8951540Z [INFO] Building jar: /proof/target/workflow-engine-0.3.0-SNAPSHOT.jar
2026-10-06T10:07:45.9478332Z [INFO] ------------------------------------------------------------------------
2026-10-06T10:07:45.9485984Z [INFO] BUILD SUCCESS
2026-10-06T10:07:45.9487008Z [INFO] ------------------------------------------------------------------------
2026-10-06T10:07:45.9497936Z [INFO] Total time:  17.915 s
2026-10-06T10:07:45.9498441Z [INFO] Finished at: 2026-10-06T10:07:45Z
2026-10-06T10:07:45.9499086Z [INFO] ------------------------------------------------------------------------
2026-10-06T10:07:46.2160147Z ##[group]Run python3 services/workflow-engine/ci_gate.py services/workflow-engine/target/surefire-reports services/workflow-engine/expected-tests.json 2>&1 | tee services/workflow-engine/ci-logs/report-gate.txt
2026-10-06T10:07:46.2162060Z [36;1mpython3 services/workflow-engine/ci_gate.py services/workflow-engine/target/surefire-reports services/workflow-engine/expected-tests.json 2>&1 | tee services/workflow-engine/ci-logs/report-gate.txt[0m
2026-10-06T10:07:46.2224813Z shell: /usr/bin/bash --noprofile --norc -e -o pipefail {0}
2026-10-06T10:07:46.2225181Z ##[endgroup]
2026-10-06T10:07:46.2639867Z workflow-engine report gate passed: 18 exact cases, no failures/errors/skips
2026-10-06T10:07:46.2722219Z ##[group]Run python3 services/workflow-engine/envelope_ci_gate_tests.py 2>&1 | tee services/workflow-engine/ci-logs/envelope-gate-tests.txt
2026-10-06T10:07:46.2723191Z [36;1mpython3 services/workflow-engine/envelope_ci_gate_tests.py 2>&1 | tee services/workflow-engine/ci-logs/envelope-gate-tests.txt[0m
2026-10-06T10:07:46.2785529Z shell: /usr/bin/bash --noprofile --norc -e -o pipefail {0}
2026-10-06T10:07:46.2785883Z ##[endgroup]
2026-10-06T10:07:46.3449122Z ............
2026-10-06T10:07:46.3449633Z ----------------------------------------------------------------------
2026-10-06T10:07:46.3450190Z Ran 12 tests in 0.009s
2026-10-06T10:07:46.3450414Z 
2026-10-06T10:07:46.3450540Z OK
2026-10-06T10:07:46.3559386Z ##[group]Run bash services/workflow-engine/run-tests.sh -Dtest=RootCommandEnvelopeTest -Dworkflow.reports=target/envelope-ci-reports test 2>&1 | tee services/workflow-engine/ci-logs/envelope-tests.txt
2026-10-06T10:07:46.3560849Z [36;1mbash services/workflow-engine/run-tests.sh -Dtest=RootCommandEnvelopeTest -Dworkflow.reports=target/envelope-ci-reports test 2>&1 | tee services/workflow-engine/ci-logs/envelope-tests.txt[0m
2026-10-06T10:07:46.3623060Z shell: /usr/bin/bash --noprofile --norc -e -o pipefail {0}
2026-10-06T10:07:46.3623411Z ##[endgroup]
2026-10-06T10:07:47.7442006Z postgres (PostgreSQL) 18.6 (Debian 18.6-1.pgdg13+2)
2026-10-06T10:07:47.7589803Z fixture published ports={}
2026-10-06T10:07:47.7713294Z fixture network internal=true
2026-10-06T10:07:49.1112245Z [INFO] Scanning for projects...
2026-10-06T10:07:49.3412464Z [INFO] 
2026-10-06T10:07:49.3413123Z [INFO] --------------------< org.weaveos:workflow-engine >---------------------
2026-10-06T10:07:49.3414097Z [INFO] Building WeaveOS controlled workflow engine core 0.3.0-SNAPSHOT
2026-10-06T10:07:49.3415575Z [INFO]   from pom.xml
2026-10-06T10:07:49.3416136Z [INFO] --------------------------------[ jar ]---------------------------------
2026-10-06T10:07:49.8664269Z [INFO] 
2026-10-06T10:07:49.8668023Z [INFO] --- resources:3.3.1:resources (default-resources) @ workflow-engine ---
2026-10-06T10:07:49.9791882Z [INFO] skip non existing resourceDirectory /proof/src/main/resources
2026-10-06T10:07:49.9808500Z [INFO] skip non existing resourceDirectory /proof/src/main/resources
2026-10-06T10:07:49.9809221Z [INFO] 
2026-10-06T10:07:49.9809753Z [INFO] --- compiler:3.14.1:compile (default-compile) @ workflow-engine ---
2026-10-06T10:07:50.0795605Z [INFO] Nothing to compile - all classes are up to date.
2026-10-06T10:07:50.0807449Z [INFO] 
2026-10-06T10:07:50.0808442Z [INFO] --- resources:3.3.1:testResources (default-testResources) @ workflow-engine ---
2026-10-06T10:07:50.0865440Z [INFO] Copying 6 resources from src/test/resources to target/test-classes
2026-10-06T10:07:50.0897385Z [INFO] 
2026-10-06T10:07:50.0898850Z [INFO] --- compiler:3.14.1:testCompile (default-testCompile) @ workflow-engine ---
2026-10-06T10:07:50.1090960Z [INFO] Nothing to compile - all classes are up to date.
2026-10-06T10:07:50.1099004Z [INFO] 
2026-10-06T10:07:50.1100284Z [INFO] --- surefire:3.5.4:test (default-test) @ workflow-engine ---
2026-10-06T10:07:50.2169924Z [INFO] Using auto detected provider org.apache.maven.surefire.junitplatform.JUnitPlatformProvider
2026-10-06T10:07:50.2520687Z [INFO] 
2026-10-06T10:07:50.2521878Z [INFO] -------------------------------------------------------
2026-10-06T10:07:50.2522803Z [INFO]  T E S T S
2026-10-06T10:07:50.2523446Z [INFO] -------------------------------------------------------
2026-10-06T10:07:50.9670812Z [INFO] Running org.weaveos.workflow.RootCommandEnvelopeTest
2026-10-06T10:07:51.1298990Z [INFO] Tests run: 8, Failures: 0, Errors: 0, Skipped: 0, Time elapsed: 0.137 s -- in org.weaveos.workflow.RootCommandEnvelopeTest
2026-10-06T10:07:51.1570539Z [INFO] 
2026-10-06T10:07:51.1572213Z [INFO] Results:
2026-10-06T10:07:51.1572603Z [INFO] 
2026-10-06T10:07:51.1574688Z [INFO] Tests run: 8, Failures: 0, Errors: 0, Skipped: 0
2026-10-06T10:07:51.1575146Z [INFO] 
2026-10-06T10:07:51.1692520Z [INFO] ------------------------------------------------------------------------
2026-10-06T10:07:51.1695808Z [INFO] BUILD SUCCESS
2026-10-06T10:07:51.1696335Z [INFO] ------------------------------------------------------------------------
2026-10-06T10:07:51.1708018Z [INFO] Total time:  2.076 s
2026-10-06T10:07:51.1709152Z [INFO] Finished at: 2026-10-06T10:07:51Z
2026-10-06T10:07:51.1710024Z [INFO] ------------------------------------------------------------------------
2026-10-06T10:07:51.4096092Z ##[group]Run python3 services/workflow-engine/envelope_ci_gate.py services/workflow-engine/target/envelope-ci-reports services/workflow-engine/expected-envelope-tests.json 2>&1 | tee services/workflow-engine/ci-logs/envelope-report-gate.txt
2026-10-06T10:07:51.4098482Z [36;1mpython3 services/workflow-engine/envelope_ci_gate.py services/workflow-engine/target/envelope-ci-reports services/workflow-engine/expected-envelope-tests.json 2>&1 | tee services/workflow-engine/ci-logs/envelope-report-gate.txt[0m
2026-10-06T10:07:51.4161911Z shell: /usr/bin/bash --noprofile --norc -e -o pipefail {0}
2026-10-06T10:07:51.4162264Z ##[endgroup]
2026-10-06T10:07:51.4575312Z command envelope report gate passed: 8 exact cases, no failures/errors/skips
2026-10-06T10:07:51.4652507Z ##[group]Run python3 services/workflow-engine/execution_ci_gate_tests.py 2>&1 | tee services/workflow-engine/ci-logs/execution-gate-tests.txt
2026-10-06T10:07:51.4653508Z [36;1mpython3 services/workflow-engine/execution_ci_gate_tests.py 2>&1 | tee services/workflow-engine/ci-logs/execution-gate-tests.txt[0m
2026-10-06T10:07:51.4714415Z shell: /usr/bin/bash --noprofile --norc -e -o pipefail {0}
2026-10-06T10:07:51.4714767Z ##[endgroup]
2026-10-06T10:07:51.5621852Z ................
2026-10-06T10:07:51.5622495Z ----------------------------------------------------------------------
2026-10-06T10:07:51.5623109Z Ran 16 tests in 0.027s
2026-10-06T10:07:51.5623311Z 
2026-10-06T10:07:51.5623416Z OK
2026-10-06T10:07:51.5744985Z ##[group]Run bash services/workflow-engine/run-tests.sh -Dtest=RootExecutionRegistryTest,RootReturnCompatibilityTest -Dworkflow.reports=target/execution-ci-reports test 2>&1 | tee services/workflow-engine/ci-logs/execution-tests.txt
2026-10-06T10:07:51.5746720Z [36;1mbash services/workflow-engine/run-tests.sh -Dtest=RootExecutionRegistryTest,RootReturnCompatibilityTest -Dworkflow.reports=target/execution-ci-reports test 2>&1 | tee services/workflow-engine/ci-logs/execution-tests.txt[0m
2026-10-06T10:07:51.5809138Z shell: /usr/bin/bash --noprofile --norc -e -o pipefail {0}
2026-10-06T10:07:51.5809501Z ##[endgroup]
2026-10-06T10:07:52.9648914Z postgres (PostgreSQL) 18.6 (Debian 18.6-1.pgdg13+2)
2026-10-06T10:07:52.9804359Z fixture published ports={}
2026-10-06T10:07:52.9925320Z fixture network internal=true
2026-10-06T10:07:54.3291518Z [INFO] Scanning for projects...
2026-10-06T10:07:54.5818794Z [INFO] 
2026-10-06T10:07:54.5819474Z [INFO] --------------------< org.weaveos:workflow-engine >---------------------
2026-10-06T10:07:54.5820305Z [INFO] Building WeaveOS controlled workflow engine core 0.3.0-SNAPSHOT
2026-10-06T10:07:54.5820951Z [INFO]   from pom.xml
2026-10-06T10:07:54.5821474Z [INFO] --------------------------------[ jar ]---------------------------------
2026-10-06T10:07:55.1792571Z [INFO] 
2026-10-06T10:07:55.1793691Z [INFO] --- resources:3.3.1:resources (default-resources) @ workflow-engine ---
2026-10-06T10:07:55.3089498Z [INFO] skip non existing resourceDirectory /proof/src/main/resources
2026-10-06T10:07:55.3090673Z [INFO] skip non existing resourceDirectory /proof/src/main/resources
2026-10-06T10:07:55.3092140Z [INFO] 
2026-10-06T10:07:55.3092832Z [INFO] --- compiler:3.14.1:compile (default-compile) @ workflow-engine ---
2026-10-06T10:07:55.4089142Z [INFO] Nothing to compile - all classes are up to date.
2026-10-06T10:07:55.4100652Z [INFO] 
2026-10-06T10:07:55.4101316Z [INFO] --- resources:3.3.1:testResources (default-testResources) @ workflow-engine ---
2026-10-06T10:07:55.4164714Z [INFO] Copying 6 resources from src/test/resources to target/test-classes
2026-10-06T10:07:55.4196739Z [INFO] 
2026-10-06T10:07:55.4197823Z [INFO] --- compiler:3.14.1:testCompile (default-testCompile) @ workflow-engine ---
2026-10-06T10:07:55.4374395Z [INFO] Nothing to compile - all classes are up to date.
2026-10-06T10:07:55.4376203Z [INFO] 
2026-10-06T10:07:55.4376724Z [INFO] --- surefire:3.5.4:test (default-test) @ workflow-engine ---
2026-10-06T10:07:55.5562237Z [INFO] Using auto detected provider org.apache.maven.surefire.junitplatform.JUnitPlatformProvider
2026-10-06T10:07:55.5938002Z [INFO] 
2026-10-06T10:07:55.5939129Z [INFO] -------------------------------------------------------
2026-10-06T10:07:55.5940214Z [INFO]  T E S T S
2026-10-06T10:07:55.5941022Z [INFO] -------------------------------------------------------
2026-10-06T10:07:56.4030392Z [INFO] Running org.weaveos.workflow.RootExecutionRegistryTest
2026-10-06T10:07:57.9772264Z 10:07:57.968 [main] INFO org.flowable.common.engine.impl.async.DefaultAsyncTaskExecutor -- Creating thread pool queue of size 100
2026-10-06T10:07:57.9774903Z 10:07:57.970 [main] INFO org.flowable.common.engine.impl.async.DefaultAsyncTaskExecutor -- Creating thread factory with naming pattern flowable-async-task-invoker-thread-%d
2026-10-06T10:07:58.0771775Z 10:07:57.972 [main] INFO org.flowable.common.engine.impl.async.DefaultAsyncTaskExecutor -- Creating executor service with corePoolSize 8, maxPoolSize 8 and keepAliveTime 5000
2026-10-06T10:07:58.0775157Z 10:07:57.973 [main] INFO org.flowable.common.engine.impl.async.DefaultAsyncTaskExecutor -- Using rejectedExecutionHandler java.util.concurrent.ThreadPoolExecutor$CallerRunsPolicy@f5cf29b
2026-10-06T10:07:58.0778925Z 10:07:57.974 [main] INFO org.flowable.common.engine.impl.async.DefaultAsyncTaskExecutor -- Creating thread pool queue of size 2048
2026-10-06T10:07:58.0782393Z 10:07:57.974 [main] INFO org.flowable.common.engine.impl.async.DefaultAsyncTaskExecutor -- Creating thread factory with naming pattern flowable-async-job-executor-thread-%d
2026-10-06T10:07:58.0784683Z 10:07:57.974 [main] INFO org.flowable.common.engine.impl.async.DefaultAsyncTaskExecutor -- Creating executor service with corePoolSize 8, maxPoolSize 8 and keepAliveTime 5000
2026-10-06T10:07:58.0802975Z 10:07:58.006 [main] INFO org.flowable.common.engine.impl.db.CommonDbSchemaManager -- performing create on common with resource org/flowable/common/db/create/flowable.postgres.create.common.sql
2026-10-06T10:07:58.1750970Z 10:07:58.087 [main] INFO org.flowable.engine.impl.db.ProcessDbSchemaManager -- performing create on engine with resource org/flowable/db/create/flowable.postgres.create.engine.sql
2026-10-06T10:07:58.1753238Z 10:07:58.143 [main] INFO org.flowable.engine.impl.db.ProcessDbSchemaManager -- performing create on history with resource org/flowable/db/create/flowable.postgres.create.history.sql
2026-10-06T10:07:58.1755006Z 10:07:58.160 [main] INFO org.flowable.engine.impl.ProcessEngineImpl -- ProcessEngine default created
2026-10-06T10:07:58.2769230Z 10:07:58.200 [main] INFO org.flowable.engine.impl.cmd.ValidateV5EntitiesCmd -- Total of v5 deployments found: 0
2026-10-06T10:07:59.3897583Z 10:07:59.314 [main] INFO org.flowable.common.engine.impl.async.DefaultAsyncTaskExecutor -- Creating thread pool queue of size 100
2026-10-06T10:07:59.3899703Z 10:07:59.315 [main] INFO org.flowable.common.engine.impl.async.DefaultAsyncTaskExecutor -- Creating thread factory with naming pattern flowable-async-task-invoker-thread-%d
2026-10-06T10:07:59.3901971Z 10:07:59.315 [main] INFO org.flowable.common.engine.impl.async.DefaultAsyncTaskExecutor -- Creating executor service with corePoolSize 8, maxPoolSize 8 and keepAliveTime 5000
2026-10-06T10:07:59.3921264Z 10:07:59.315 [main] INFO org.flowable.common.engine.impl.async.DefaultAsyncTaskExecutor -- Using rejectedExecutionHandler java.util.concurrent.ThreadPoolExecutor$CallerRunsPolicy@113f9078
2026-10-06T10:07:59.3923807Z 10:07:59.315 [main] INFO org.flowable.common.engine.impl.async.DefaultAsyncTaskExecutor -- Creating thread pool queue of size 2048
2026-10-06T10:07:59.3926161Z 10:07:59.315 [main] INFO org.flowable.common.engine.impl.async.DefaultAsyncTaskExecutor -- Creating thread factory with naming pattern flowable-async-job-executor-thread-%d
2026-10-06T10:07:59.3928911Z 10:07:59.315 [main] INFO org.flowable.common.engine.impl.async.DefaultAsyncTaskExecutor -- Creating executor service with corePoolSize 8, maxPoolSize 8 and keepAliveTime 5000
2026-10-06T10:07:59.3933619Z 10:07:59.328 [main] INFO org.flowable.common.engine.impl.db.CommonDbSchemaManager -- performing create on common with resource org/flowable/common/db/create/flowable.postgres.create.common.sql
2026-10-06T10:07:59.4880851Z 10:07:59.426 [main] INFO org.flowable.engine.impl.db.ProcessDbSchemaManager -- performing create on engine with resource org/flowable/db/create/flowable.postgres.create.engine.sql
2026-10-06T10:07:59.5882881Z 10:07:59.496 [main] INFO org.flowable.engine.impl.db.ProcessDbSchemaManager -- performing create on history with resource org/flowable/db/create/flowable.postgres.create.history.sql
2026-10-06T10:07:59.5891783Z 10:07:59.516 [main] INFO org.flowable.engine.impl.ProcessEngineImpl -- ProcessEngine default created
2026-10-06T10:07:59.5893675Z 10:07:59.533 [main] INFO org.flowable.engine.impl.cmd.ValidateV5EntitiesCmd -- Total of v5 deployments found: 0
2026-10-06T10:08:00.4932426Z 10:08:00.450 [main] INFO org.flowable.common.engine.impl.async.DefaultAsyncTaskExecutor -- Creating thread pool queue of size 100
2026-10-06T10:08:00.4949868Z 10:08:00.451 [main] INFO org.flowable.common.engine.impl.async.DefaultAsyncTaskExecutor -- Creating thread factory with naming pattern flowable-async-task-invoker-thread-%d
2026-10-06T10:08:00.4958826Z 10:08:00.451 [main] INFO org.flowable.common.engine.impl.async.DefaultAsyncTaskExecutor -- Creating executor service with corePoolSize 8, maxPoolSize 8 and keepAliveTime 5000
2026-10-06T10:08:00.4961918Z 10:08:00.451 [main] INFO org.flowable.common.engine.impl.async.DefaultAsyncTaskExecutor -- Using rejectedExecutionHandler java.util.concurrent.ThreadPoolExecutor$CallerRunsPolicy@34136bd1
2026-10-06T10:08:00.4964415Z 10:08:00.451 [main] INFO org.flowable.common.engine.impl.async.DefaultAsyncTaskExecutor -- Creating thread pool queue of size 2048
2026-10-06T10:08:00.4966705Z 10:08:00.451 [main] INFO org.flowable.common.engine.impl.async.DefaultAsyncTaskExecutor -- Creating thread factory with naming pattern flowable-async-job-executor-thread-%d
2026-10-06T10:08:00.4969520Z 10:08:00.451 [main] INFO org.flowable.common.engine.impl.async.DefaultAsyncTaskExecutor -- Creating executor service with corePoolSize 8, maxPoolSize 8 and keepAliveTime 5000
2026-10-06T10:08:00.4972098Z 10:08:00.465 [main] INFO org.flowable.common.engine.impl.db.CommonDbSchemaManager -- performing create on common with resource org/flowable/common/db/create/flowable.postgres.create.common.sql
2026-10-06T10:08:00.5918756Z 10:08:00.547 [main] INFO org.flowable.engine.impl.db.ProcessDbSchemaManager -- performing create on engine with resource org/flowable/db/create/flowable.postgres.create.engine.sql
2026-10-06T10:08:00.6923815Z 10:08:00.605 [main] INFO org.flowable.engine.impl.db.ProcessDbSchemaManager -- performing create on history with resource org/flowable/db/create/flowable.postgres.create.history.sql
2026-10-06T10:08:00.6924969Z 10:08:00.629 [main] INFO org.flowable.engine.impl.ProcessEngineImpl -- ProcessEngine default created
2026-10-06T10:08:00.6943116Z 10:08:00.640 [main] INFO org.flowable.engine.impl.cmd.ValidateV5EntitiesCmd -- Total of v5 deployments found: 0
2026-10-06T10:08:01.2952233Z 10:08:01.225 [main] INFO org.flowable.common.engine.impl.async.DefaultAsyncTaskExecutor -- Creating thread pool queue of size 100
2026-10-06T10:08:01.2954339Z 10:08:01.225 [main] INFO org.flowable.common.engine.impl.async.DefaultAsyncTaskExecutor -- Creating thread factory with naming pattern flowable-async-task-invoker-thread-%d
2026-10-06T10:08:01.2980223Z 10:08:01.225 [main] INFO org.flowable.common.engine.impl.async.DefaultAsyncTaskExecutor -- Creating executor service with corePoolSize 8, maxPoolSize 8 and keepAliveTime 5000
2026-10-06T10:08:01.2982014Z 10:08:01.225 [main] INFO org.flowable.common.engine.impl.async.DefaultAsyncTaskExecutor -- Using rejectedExecutionHandler java.util.concurrent.ThreadPoolExecutor$CallerRunsPolicy@7994a0d1
2026-10-06T10:08:01.2983196Z 10:08:01.225 [main] INFO org.flowable.common.engine.impl.async.DefaultAsyncTaskExecutor -- Creating thread pool queue of size 2048
2026-10-06T10:08:01.2984249Z 10:08:01.225 [main] INFO org.flowable.common.engine.impl.async.DefaultAsyncTaskExecutor -- Creating thread factory with naming pattern flowable-async-job-executor-thread-%d
2026-10-06T10:08:01.2985499Z 10:08:01.225 [main] INFO org.flowable.common.engine.impl.async.DefaultAsyncTaskExecutor -- Creating executor service with corePoolSize 8, maxPoolSize 8 and keepAliveTime 5000
2026-10-06T10:08:01.2987091Z 10:08:01.238 [main] INFO org.flowable.common.engine.impl.db.CommonDbSchemaManager -- performing create on common with resource org/flowable/common/db/create/flowable.postgres.create.common.sql
2026-10-06T10:08:01.3952816Z 10:08:01.300 [main] INFO org.flowable.engine.impl.db.ProcessDbSchemaManager -- performing create on engine with resource org/flowable/db/create/flowable.postgres.create.engine.sql
2026-10-06T10:08:01.3955649Z 10:08:01.339 [main] INFO org.flowable.engine.impl.db.ProcessDbSchemaManager -- performing create on history with resource org/flowable/db/create/flowable.postgres.create.history.sql
2026-10-06T10:08:01.3958202Z 10:08:01.352 [main] INFO org.flowable.engine.impl.ProcessEngineImpl -- ProcessEngine default created
2026-10-06T10:08:01.3959850Z 10:08:01.360 [main] INFO org.flowable.engine.impl.cmd.ValidateV5EntitiesCmd -- Total of v5 deployments found: 0
2026-10-06T10:08:02.2980365Z 10:08:02.202 [main] INFO org.flowable.common.engine.impl.async.DefaultAsyncTaskExecutor -- Creating thread pool queue of size 100
2026-10-06T10:08:02.2982655Z 10:08:02.203 [main] INFO org.flowable.common.engine.impl.async.DefaultAsyncTaskExecutor -- Creating thread factory with naming pattern flowable-async-task-invoker-thread-%d
2026-10-06T10:08:02.2984943Z 10:08:02.203 [main] INFO org.flowable.common.engine.impl.async.DefaultAsyncTaskExecutor -- Creating executor service with corePoolSize 8, maxPoolSize 8 and keepAliveTime 5000
2026-10-06T10:08:02.2987743Z 10:08:02.203 [main] INFO org.flowable.common.engine.impl.async.DefaultAsyncTaskExecutor -- Using rejectedExecutionHandler java.util.concurrent.ThreadPoolExecutor$CallerRunsPolicy@6ef4cbe1
2026-10-06T10:08:02.2990257Z 10:08:02.203 [main] INFO org.flowable.common.engine.impl.async.DefaultAsyncTaskExecutor -- Creating thread pool queue of size 2048
2026-10-06T10:08:02.2992515Z 10:08:02.203 [main] INFO org.flowable.common.engine.impl.async.DefaultAsyncTaskExecutor -- Creating thread factory with naming pattern flowable-async-job-executor-thread-%d
2026-10-06T10:08:02.2994673Z 10:08:02.203 [main] INFO org.flowable.common.engine.impl.async.DefaultAsyncTaskExecutor -- Creating executor service with corePoolSize 8, maxPoolSize 8 and keepAliveTime 5000
2026-10-06T10:08:02.2996294Z 10:08:02.214 [main] INFO org.flowable.common.engine.impl.db.CommonDbSchemaManager -- performing create on common with resource org/flowable/common/db/create/flowable.postgres.create.common.sql
2026-10-06T10:08:02.2998045Z 10:08:02.274 [main] INFO org.flowable.engine.impl.db.ProcessDbSchemaManager -- performing create on engine with resource org/flowable/db/create/flowable.postgres.create.engine.sql
2026-10-06T10:08:02.3982892Z 10:08:02.321 [main] INFO org.flowable.engine.impl.db.ProcessDbSchemaManager -- performing create on history with resource org/flowable/db/create/flowable.postgres.create.history.sql
2026-10-06T10:08:02.3985117Z 10:08:02.335 [main] INFO org.flowable.engine.impl.ProcessEngineImpl -- ProcessEngine default created
2026-10-06T10:08:02.3986686Z 10:08:02.344 [main] INFO org.flowable.engine.impl.cmd.ValidateV5EntitiesCmd -- Total of v5 deployments found: 0
2026-10-06T10:08:02.9006365Z 10:08:02.882 [main] INFO org.flowable.common.engine.impl.async.DefaultAsyncTaskExecutor -- Creating thread pool queue of size 100
2026-10-06T10:08:02.9009251Z 10:08:02.882 [main] INFO org.flowable.common.engine.impl.async.DefaultAsyncTaskExecutor -- Creating thread factory with naming pattern flowable-async-task-invoker-thread-%d
2026-10-06T10:08:02.9011900Z 10:08:02.882 [main] INFO org.flowable.common.engine.impl.async.DefaultAsyncTaskExecutor -- Creating executor service with corePoolSize 8, maxPoolSize 8 and keepAliveTime 5000
2026-10-06T10:08:02.9021705Z 10:08:02.882 [main] INFO org.flowable.common.engine.impl.async.DefaultAsyncTaskExecutor -- Using rejectedExecutionHandler java.util.concurrent.ThreadPoolExecutor$CallerRunsPolicy@54489296
2026-10-06T10:08:02.9024205Z 10:08:02.882 [main] INFO org.flowable.common.engine.impl.async.DefaultAsyncTaskExecutor -- Creating thread pool queue of size 2048
2026-10-06T10:08:02.9026534Z 10:08:02.882 [main] INFO org.flowable.common.engine.impl.async.DefaultAsyncTaskExecutor -- Creating thread factory with naming pattern flowable-async-job-executor-thread-%d
2026-10-06T10:08:02.9029581Z 10:08:02.882 [main] INFO org.flowable.common.engine.impl.async.DefaultAsyncTaskExecutor -- Creating executor service with corePoolSize 8, maxPoolSize 8 and keepAliveTime 5000
2026-10-06T10:08:02.9032181Z 10:08:02.896 [main] INFO org.flowable.common.engine.impl.db.CommonDbSchemaManager -- performing create on common with resource org/flowable/common/db/create/flowable.postgres.create.common.sql
2026-10-06T10:08:03.0001378Z 10:08:02.980 [main] INFO org.flowable.engine.impl.db.ProcessDbSchemaManager -- performing create on engine with resource org/flowable/db/create/flowable.postgres.create.engine.sql
2026-10-06T10:08:03.1008671Z 10:08:03.040 [main] INFO org.flowable.engine.impl.db.ProcessDbSchemaManager -- performing create on history with resource org/flowable/db/create/flowable.postgres.create.history.sql
2026-10-06T10:08:03.1018442Z 10:08:03.058 [main] INFO org.flowable.engine.impl.ProcessEngineImpl -- ProcessEngine default created
2026-10-06T10:08:03.1020737Z 10:08:03.074 [main] INFO org.flowable.engine.impl.cmd.ValidateV5EntitiesCmd -- Total of v5 deployments found: 0
2026-10-06T10:08:03.7053851Z 10:08:03.698 [main] INFO org.flowable.common.engine.impl.async.DefaultAsyncTaskExecutor -- Creating thread pool queue of size 100
2026-10-06T10:08:03.7056991Z 10:08:03.698 [main] INFO org.flowable.common.engine.impl.async.DefaultAsyncTaskExecutor -- Creating thread factory with naming pattern flowable-async-task-invoker-thread-%d
2026-10-06T10:08:03.7059854Z 10:08:03.698 [main] INFO org.flowable.common.engine.impl.async.DefaultAsyncTaskExecutor -- Creating executor service with corePoolSize 8, maxPoolSize 8 and keepAliveTime 5000
2026-10-06T10:08:03.7062605Z 10:08:03.698 [main] INFO org.flowable.common.engine.impl.async.DefaultAsyncTaskExecutor -- Using rejectedExecutionHandler java.util.concurrent.ThreadPoolExecutor$CallerRunsPolicy@1815577b
2026-10-06T10:08:03.7064950Z 10:08:03.698 [main] INFO org.flowable.common.engine.impl.async.DefaultAsyncTaskExecutor -- Creating thread pool queue of size 2048
2026-10-06T10:08:03.7067411Z 10:08:03.698 [main] INFO org.flowable.common.engine.impl.async.DefaultAsyncTaskExecutor -- Creating thread factory with naming pattern flowable-async-job-executor-thread-%d
2026-10-06T10:08:03.7069807Z 10:08:03.698 [main] INFO org.flowable.common.engine.impl.async.DefaultAsyncTaskExecutor -- Creating executor service with corePoolSize 8, maxPoolSize 8 and keepAliveTime 5000
2026-10-06T10:08:03.8029240Z 10:08:03.712 [main] INFO org.flowable.common.engine.impl.db.CommonDbSchemaManager -- performing create on common with resource org/flowable/common/db/create/flowable.postgres.create.common.sql
2026-10-06T10:08:03.8033193Z 10:08:03.800 [main] INFO org.flowable.engine.impl.db.ProcessDbSchemaManager -- performing create on engine with resource org/flowable/db/create/flowable.postgres.create.engine.sql
2026-10-06T10:08:03.9039138Z 10:08:03.864 [main] INFO org.flowable.engine.impl.db.ProcessDbSchemaManager -- performing create on history with resource org/flowable/db/create/flowable.postgres.create.history.sql
2026-10-06T10:08:03.9041608Z 10:08:03.882 [main] INFO org.flowable.engine.impl.ProcessEngineImpl -- ProcessEngine default created
2026-10-06T10:08:03.9043210Z 10:08:03.892 [main] INFO org.flowable.engine.impl.cmd.ValidateV5EntitiesCmd -- Total of v5 deployments found: 0
2026-10-06T10:08:04.4053678Z 10:08:04.377 [main] INFO org.flowable.common.engine.impl.async.DefaultAsyncTaskExecutor -- Creating thread pool queue of size 100
2026-10-06T10:08:04.4057136Z 10:08:04.378 [main] INFO org.flowable.common.engine.impl.async.DefaultAsyncTaskExecutor -- Creating thread factory with naming pattern flowable-async-task-invoker-thread-%d
2026-10-06T10:08:04.4073077Z 10:08:04.378 [main] INFO org.flowable.common.engine.impl.async.DefaultAsyncTaskExecutor -- Creating executor service with corePoolSize 8, maxPoolSize 8 and keepAliveTime 5000
2026-10-06T10:08:04.4076172Z 10:08:04.378 [main] INFO org.flowable.common.engine.impl.async.DefaultAsyncTaskExecutor -- Using rejectedExecutionHandler java.util.concurrent.ThreadPoolExecutor$CallerRunsPolicy@5b7308aa
2026-10-06T10:08:04.4078912Z 10:08:04.378 [main] INFO org.flowable.common.engine.impl.async.DefaultAsyncTaskExecutor -- Creating thread pool queue of size 2048
2026-10-06T10:08:04.4081112Z 10:08:04.378 [main] INFO org.flowable.common.engine.impl.async.DefaultAsyncTaskExecutor -- Creating thread factory with naming pattern flowable-async-job-executor-thread-%d
2026-10-06T10:08:04.4083580Z 10:08:04.378 [main] INFO org.flowable.common.engine.impl.async.DefaultAsyncTaskExecutor -- Creating executor service with corePoolSize 8, maxPoolSize 8 and keepAliveTime 5000
2026-10-06T10:08:04.4086196Z 10:08:04.387 [main] INFO org.flowable.common.engine.impl.db.CommonDbSchemaManager -- performing create on common with resource org/flowable/common/db/create/flowable.postgres.create.common.sql
2026-10-06T10:08:04.5060418Z 10:08:04.446 [main] INFO org.flowable.engine.impl.db.ProcessDbSchemaManager -- performing create on engine with resource org/flowable/db/create/flowable.postgres.create.engine.sql
2026-10-06T10:08:04.5065075Z 10:08:04.494 [main] INFO org.flowable.engine.impl.db.ProcessDbSchemaManager -- performing create on history with resource org/flowable/db/create/flowable.postgres.create.history.sql
2026-10-06T10:08:04.6069301Z 10:08:04.512 [main] INFO org.flowable.engine.impl.ProcessEngineImpl -- ProcessEngine default created
2026-10-06T10:08:04.6071159Z 10:08:04.522 [main] INFO org.flowable.engine.impl.cmd.ValidateV5EntitiesCmd -- Total of v5 deployments found: 0
2026-10-06T10:08:05.1075016Z 10:08:05.102 [main] INFO org.flowable.common.engine.impl.async.DefaultAsyncTaskExecutor -- Creating thread pool queue of size 100
2026-10-06T10:08:05.1080169Z 10:08:05.102 [main] INFO org.flowable.common.engine.impl.async.DefaultAsyncTaskExecutor -- Creating thread factory with naming pattern flowable-async-task-invoker-thread-%d
2026-10-06T10:08:05.1082893Z 10:08:05.102 [main] INFO org.flowable.common.engine.impl.async.DefaultAsyncTaskExecutor -- Creating executor service with corePoolSize 8, maxPoolSize 8 and keepAliveTime 5000
2026-10-06T10:08:05.1099006Z 10:08:05.102 [main] INFO org.flowable.common.engine.impl.async.DefaultAsyncTaskExecutor -- Using rejectedExecutionHandler java.util.concurrent.ThreadPoolExecutor$CallerRunsPolicy@4efb13f1
2026-10-06T10:08:05.1101058Z 10:08:05.103 [main] INFO org.flowable.common.engine.impl.async.DefaultAsyncTaskExecutor -- Creating thread pool queue of size 2048
2026-10-06T10:08:05.1102942Z 10:08:05.103 [main] INFO org.flowable.common.engine.impl.async.DefaultAsyncTaskExecutor -- Creating thread factory with naming pattern flowable-async-job-executor-thread-%d
2026-10-06T10:08:05.1105533Z 10:08:05.103 [main] INFO org.flowable.common.engine.impl.async.DefaultAsyncTaskExecutor -- Creating executor service with corePoolSize 8, maxPoolSize 8 and keepAliveTime 5000
2026-10-06T10:08:05.2079622Z 10:08:05.116 [main] INFO org.flowable.common.engine.impl.db.CommonDbSchemaManager -- performing create on common with resource org/flowable/common/db/create/flowable.postgres.create.common.sql
2026-10-06T10:08:05.2081929Z 10:08:05.198 [main] INFO org.flowable.engine.impl.db.ProcessDbSchemaManager -- performing create on engine with resource org/flowable/db/create/flowable.postgres.create.engine.sql
2026-10-06T10:08:05.3071108Z 10:08:05.252 [main] INFO org.flowable.engine.impl.db.ProcessDbSchemaManager -- performing create on history with resource org/flowable/db/create/flowable.postgres.create.history.sql
2026-10-06T10:08:05.3072656Z 10:08:05.266 [main] INFO org.flowable.engine.impl.ProcessEngineImpl -- ProcessEngine default created
2026-10-06T10:08:05.3074224Z 10:08:05.274 [main] INFO org.flowable.engine.impl.cmd.ValidateV5EntitiesCmd -- Total of v5 deployments found: 0
2026-10-06T10:08:05.8105798Z 10:08:05.727 [main] INFO org.flowable.common.engine.impl.async.DefaultAsyncTaskExecutor -- Creating thread pool queue of size 100
2026-10-06T10:08:05.8108241Z 10:08:05.727 [main] INFO org.flowable.common.engine.impl.async.DefaultAsyncTaskExecutor -- Creating thread factory with naming pattern flowable-async-task-invoker-thread-%d
2026-10-06T10:08:05.8114348Z 10:08:05.727 [main] INFO org.flowable.common.engine.impl.async.DefaultAsyncTaskExecutor -- Creating executor service with corePoolSize 8, maxPoolSize 8 and keepAliveTime 5000
2026-10-06T10:08:05.8116795Z 10:08:05.727 [main] INFO org.flowable.common.engine.impl.async.DefaultAsyncTaskExecutor -- Using rejectedExecutionHandler java.util.concurrent.ThreadPoolExecutor$CallerRunsPolicy@5c5f0edc
2026-10-06T10:08:05.8119192Z 10:08:05.727 [main] INFO org.flowable.common.engine.impl.async.DefaultAsyncTaskExecutor -- Creating thread pool queue of size 2048
2026-10-06T10:08:05.8121160Z 10:08:05.728 [main] INFO org.flowable.common.engine.impl.async.DefaultAsyncTaskExecutor -- Creating thread factory with naming pattern flowable-async-job-executor-thread-%d
2026-10-06T10:08:05.8123794Z 10:08:05.728 [main] INFO org.flowable.common.engine.impl.async.DefaultAsyncTaskExecutor -- Creating executor service with corePoolSize 8, maxPoolSize 8 and keepAliveTime 5000
2026-10-06T10:08:05.8126226Z 10:08:05.738 [main] INFO org.flowable.common.engine.impl.db.CommonDbSchemaManager -- performing create on common with resource org/flowable/common/db/create/flowable.postgres.create.common.sql
2026-10-06T10:08:05.8129108Z 10:08:05.807 [main] INFO org.flowable.engine.impl.db.ProcessDbSchemaManager -- performing create on engine with resource org/flowable/db/create/flowable.postgres.create.engine.sql
2026-10-06T10:08:05.9091875Z 10:08:05.858 [main] INFO org.flowable.engine.impl.db.ProcessDbSchemaManager -- performing create on history with resource org/flowable/db/create/flowable.postgres.create.history.sql
2026-10-06T10:08:05.9093790Z 10:08:05.875 [main] INFO org.flowable.engine.impl.ProcessEngineImpl -- ProcessEngine default created
2026-10-06T10:08:05.9095131Z 10:08:05.884 [main] INFO org.flowable.engine.impl.cmd.ValidateV5EntitiesCmd -- Total of v5 deployments found: 0
2026-10-06T10:08:06.5114289Z 10:08:06.425 [main] INFO org.flowable.common.engine.impl.async.DefaultAsyncTaskExecutor -- Creating thread pool queue of size 100
2026-10-06T10:08:06.5132689Z 10:08:06.425 [main] INFO org.flowable.common.engine.impl.async.DefaultAsyncTaskExecutor -- Creating thread factory with naming pattern flowable-async-task-invoker-thread-%d
2026-10-06T10:08:06.5134318Z 10:08:06.425 [main] INFO org.flowable.common.engine.impl.async.DefaultAsyncTaskExecutor -- Creating executor service with corePoolSize 8, maxPoolSize 8 and keepAliveTime 5000
2026-10-06T10:08:06.5136149Z 10:08:06.425 [main] INFO org.flowable.common.engine.impl.async.DefaultAsyncTaskExecutor -- Using rejectedExecutionHandler java.util.concurrent.ThreadPoolExecutor$CallerRunsPolicy@23f5008a
2026-10-06T10:08:06.5138367Z 10:08:06.425 [main] INFO org.flowable.common.engine.impl.async.DefaultAsyncTaskExecutor -- Creating thread pool queue of size 2048
2026-10-06T10:08:06.5140722Z 10:08:06.426 [main] INFO org.flowable.common.engine.impl.async.DefaultAsyncTaskExecutor -- Creating thread factory with naming pattern flowable-async-job-executor-thread-%d
2026-10-06T10:08:06.5143260Z 10:08:06.426 [main] INFO org.flowable.common.engine.impl.async.DefaultAsyncTaskExecutor -- Creating executor service with corePoolSize 8, maxPoolSize 8 and keepAliveTime 5000
2026-10-06T10:08:06.5145835Z 10:08:06.438 [main] INFO org.flowable.common.engine.impl.db.CommonDbSchemaManager -- performing create on common with resource org/flowable/common/db/create/flowable.postgres.create.common.sql
2026-10-06T10:08:06.5148876Z 10:08:06.503 [main] INFO org.flowable.engine.impl.db.ProcessDbSchemaManager -- performing create on engine with resource org/flowable/db/create/flowable.postgres.create.engine.sql
2026-10-06T10:08:06.6119131Z 10:08:06.550 [main] INFO org.flowable.engine.impl.db.ProcessDbSchemaManager -- performing create on history with resource org/flowable/db/create/flowable.postgres.create.history.sql
2026-10-06T10:08:06.6121016Z 10:08:06.563 [main] INFO org.flowable.engine.impl.ProcessEngineImpl -- ProcessEngine default created
2026-10-06T10:08:06.6122361Z 10:08:06.570 [main] INFO org.flowable.engine.impl.cmd.ValidateV5EntitiesCmd -- Total of v5 deployments found: 0
2026-10-06T10:08:07.3199957Z 10:08:07.290 [main] INFO org.flowable.common.engine.impl.async.DefaultAsyncTaskExecutor -- Creating thread pool queue of size 100
2026-10-06T10:08:07.3202257Z 10:08:07.290 [main] INFO org.flowable.common.engine.impl.async.DefaultAsyncTaskExecutor -- Creating thread factory with naming pattern flowable-async-task-invoker-thread-%d
2026-10-06T10:08:07.3204695Z 10:08:07.290 [main] INFO org.flowable.common.engine.impl.async.DefaultAsyncTaskExecutor -- Creating executor service with corePoolSize 8, maxPoolSize 8 and keepAliveTime 5000
2026-10-06T10:08:07.3207638Z 10:08:07.290 [main] INFO org.flowable.common.engine.impl.async.DefaultAsyncTaskExecutor -- Using rejectedExecutionHandler java.util.concurrent.ThreadPoolExecutor$CallerRunsPolicy@3bab95ca
2026-10-06T10:08:07.3210255Z 10:08:07.290 [main] INFO org.flowable.common.engine.impl.async.DefaultAsyncTaskExecutor -- Creating thread pool queue of size 2048
2026-10-06T10:08:07.3212277Z 10:08:07.290 [main] INFO org.flowable.common.engine.impl.async.DefaultAsyncTaskExecutor -- Creating thread factory with naming pattern flowable-async-job-executor-thread-%d
2026-10-06T10:08:07.3214530Z 10:08:07.290 [main] INFO org.flowable.common.engine.impl.async.DefaultAsyncTaskExecutor -- Creating executor service with corePoolSize 8, maxPoolSize 8 and keepAliveTime 5000
2026-10-06T10:08:07.3216900Z 10:08:07.299 [main] INFO org.flowable.common.engine.impl.db.CommonDbSchemaManager -- performing create on common with resource org/flowable/common/db/create/flowable.postgres.create.common.sql
2026-10-06T10:08:07.4157510Z 10:08:07.361 [main] INFO org.flowable.engine.impl.db.ProcessDbSchemaManager -- performing create on engine with resource org/flowable/db/create/flowable.postgres.create.engine.sql
2026-10-06T10:08:07.4158909Z 10:08:07.404 [main] INFO org.flowable.engine.impl.db.ProcessDbSchemaManager -- performing create on history with resource org/flowable/db/create/flowable.postgres.create.history.sql
2026-10-06T10:08:07.5169708Z 10:08:07.424 [main] INFO org.flowable.engine.impl.ProcessEngineImpl -- ProcessEngine default created
2026-10-06T10:08:07.5171288Z 10:08:07.432 [main] INFO org.flowable.engine.impl.cmd.ValidateV5EntitiesCmd -- Total of v5 deployments found: 0
2026-10-06T10:08:07.8177540Z 10:08:07.798 [main] INFO org.flowable.common.engine.impl.async.DefaultAsyncTaskExecutor -- Creating thread pool queue of size 100
2026-10-06T10:08:07.8179327Z 10:08:07.798 [main] INFO org.flowable.common.engine.impl.async.DefaultAsyncTaskExecutor -- Creating thread factory with naming pattern flowable-async-task-invoker-thread-%d
2026-10-06T10:08:07.8180581Z 10:08:07.798 [main] INFO org.flowable.common.engine.impl.async.DefaultAsyncTaskExecutor -- Creating executor service with corePoolSize 8, maxPoolSize 8 and keepAliveTime 5000
2026-10-06T10:08:07.8181880Z 10:08:07.799 [main] INFO org.flowable.common.engine.impl.async.DefaultAsyncTaskExecutor -- Using rejectedExecutionHandler java.util.concurrent.ThreadPoolExecutor$CallerRunsPolicy@5a8d676e
2026-10-06T10:08:07.8183058Z 10:08:07.799 [main] INFO org.flowable.common.engine.impl.async.DefaultAsyncTaskExecutor -- Creating thread pool queue of size 2048
2026-10-06T10:08:07.8184153Z 10:08:07.799 [main] INFO org.flowable.common.engine.impl.async.DefaultAsyncTaskExecutor -- Creating thread factory with naming pattern flowable-async-job-executor-thread-%d
2026-10-06T10:08:07.8185372Z 10:08:07.799 [main] INFO org.flowable.common.engine.impl.async.DefaultAsyncTaskExecutor -- Creating executor service with corePoolSize 8, maxPoolSize 8 and keepAliveTime 5000
2026-10-06T10:08:07.8186647Z 10:08:07.808 [main] INFO org.flowable.common.engine.impl.db.CommonDbSchemaManager -- performing create on common with resource org/flowable/common/db/create/flowable.postgres.create.common.sql
2026-10-06T10:08:07.9169145Z 10:08:07.869 [main] INFO org.flowable.engine.impl.db.ProcessDbSchemaManager -- performing create on engine with resource org/flowable/db/create/flowable.postgres.create.engine.sql
2026-10-06T10:08:07.9171069Z 10:08:07.915 [main] INFO org.flowable.engine.impl.db.ProcessDbSchemaManager -- performing create on history with resource org/flowable/db/create/flowable.postgres.create.history.sql
2026-10-06T10:08:08.0172623Z 10:08:07.927 [main] INFO org.flowable.engine.impl.ProcessEngineImpl -- ProcessEngine default created
2026-10-06T10:08:08.0178538Z 10:08:07.934 [main] INFO org.flowable.engine.impl.cmd.ValidateV5EntitiesCmd -- Total of v5 deployments found: 0
2026-10-06T10:08:08.5222826Z 10:08:08.474 [main] INFO org.flowable.common.engine.impl.async.DefaultAsyncTaskExecutor -- Creating thread pool queue of size 100
2026-10-06T10:08:08.5225290Z 10:08:08.474 [main] INFO org.flowable.common.engine.impl.async.DefaultAsyncTaskExecutor -- Creating thread factory with naming pattern flowable-async-task-invoker-thread-%d
2026-10-06T10:08:08.5228402Z 10:08:08.474 [main] INFO org.flowable.common.engine.impl.async.DefaultAsyncTaskExecutor -- Creating executor service with corePoolSize 8, maxPoolSize 8 and keepAliveTime 5000
2026-10-06T10:08:08.5231062Z 10:08:08.474 [main] INFO org.flowable.common.engine.impl.async.DefaultAsyncTaskExecutor -- Using rejectedExecutionHandler java.util.concurrent.ThreadPoolExecutor$CallerRunsPolicy@29892a77
2026-10-06T10:08:08.5233382Z 10:08:08.474 [main] INFO org.flowable.common.engine.impl.async.DefaultAsyncTaskExecutor -- Creating thread pool queue of size 2048
2026-10-06T10:08:08.5235569Z 10:08:08.474 [main] INFO org.flowable.common.engine.impl.async.DefaultAsyncTaskExecutor -- Creating thread factory with naming pattern flowable-async-job-executor-thread-%d
2026-10-06T10:08:08.5240426Z 10:08:08.474 [main] INFO org.flowable.common.engine.impl.async.DefaultAsyncTaskExecutor -- Creating executor service with corePoolSize 8, maxPoolSize 8 and keepAliveTime 5000
2026-10-06T10:08:08.5243169Z 10:08:08.487 [main] INFO org.flowable.common.engine.impl.db.CommonDbSchemaManager -- performing create on common with resource org/flowable/common/db/create/flowable.postgres.create.common.sql
2026-10-06T10:08:08.6185457Z 10:08:08.565 [main] INFO org.flowable.engine.impl.db.ProcessDbSchemaManager -- performing create on engine with resource org/flowable/db/create/flowable.postgres.create.engine.sql
2026-10-06T10:08:08.6188112Z 10:08:08.613 [main] INFO org.flowable.engine.impl.db.ProcessDbSchemaManager -- performing create on history with resource org/flowable/db/create/flowable.postgres.create.history.sql
2026-10-06T10:08:08.7192890Z 10:08:08.626 [main] INFO org.flowable.engine.impl.ProcessEngineImpl -- ProcessEngine default created
2026-10-06T10:08:08.7201049Z 10:08:08.635 [main] INFO org.flowable.engine.impl.cmd.ValidateV5EntitiesCmd -- Total of v5 deployments found: 0
2026-10-06T10:08:09.2222490Z 10:08:09.136 [main] INFO org.flowable.common.engine.impl.async.DefaultAsyncTaskExecutor -- Creating thread pool queue of size 100
2026-10-06T10:08:09.2224939Z 10:08:09.136 [main] INFO org.flowable.common.engine.impl.async.DefaultAsyncTaskExecutor -- Creating thread factory with naming pattern flowable-async-task-invoker-thread-%d
2026-10-06T10:08:09.2227595Z 10:08:09.136 [main] INFO org.flowable.common.engine.impl.async.DefaultAsyncTaskExecutor -- Creating executor service with corePoolSize 8, maxPoolSize 8 and keepAliveTime 5000
2026-10-06T10:08:09.2230269Z 10:08:09.136 [main] INFO org.flowable.common.engine.impl.async.DefaultAsyncTaskExecutor -- Using rejectedExecutionHandler java.util.concurrent.ThreadPoolExecutor$CallerRunsPolicy@6076c66
2026-10-06T10:08:09.2232699Z 10:08:09.136 [main] INFO org.flowable.common.engine.impl.async.DefaultAsyncTaskExecutor -- Creating thread pool queue of size 2048
2026-10-06T10:08:09.2237982Z 10:08:09.136 [main] INFO org.flowable.common.engine.impl.async.DefaultAsyncTaskExecutor -- Creating thread factory with naming pattern flowable-async-job-executor-thread-%d
2026-10-06T10:08:09.2240697Z 10:08:09.136 [main] INFO org.flowable.common.engine.impl.async.DefaultAsyncTaskExecutor -- Creating executor service with corePoolSize 8, maxPoolSize 8 and keepAliveTime 5000
2026-10-06T10:08:09.2243251Z 10:08:09.145 [main] INFO org.flowable.common.engine.impl.db.CommonDbSchemaManager -- performing create on common with resource org/flowable/common/db/create/flowable.postgres.create.common.sql
2026-10-06T10:08:09.2245473Z 10:08:09.202 [main] INFO org.flowable.engine.impl.db.ProcessDbSchemaManager -- performing create on engine with resource org/flowable/db/create/flowable.postgres.create.engine.sql
2026-10-06T10:08:09.3216022Z 10:08:09.255 [main] INFO org.flowable.engine.impl.db.ProcessDbSchemaManager -- performing create on history with resource org/flowable/db/create/flowable.postgres.create.history.sql
2026-10-06T10:08:09.3224820Z 10:08:09.274 [main] INFO org.flowable.engine.impl.ProcessEngineImpl -- ProcessEngine default created
2026-10-06T10:08:09.3232935Z 10:08:09.282 [main] INFO org.flowable.engine.impl.cmd.ValidateV5EntitiesCmd -- Total of v5 deployments found: 0
2026-10-06T10:08:10.1229651Z 10:08:10.050 [main] INFO org.flowable.common.engine.impl.async.DefaultAsyncTaskExecutor -- Creating thread pool queue of size 100
2026-10-06T10:08:10.1231645Z 10:08:10.050 [main] INFO org.flowable.common.engine.impl.async.DefaultAsyncTaskExecutor -- Creating thread factory with naming pattern flowable-async-task-invoker-thread-%d
2026-10-06T10:08:10.1233847Z 10:08:10.050 [main] INFO org.flowable.common.engine.impl.async.DefaultAsyncTaskExecutor -- Creating executor service with corePoolSize 8, maxPoolSize 8 and keepAliveTime 5000
2026-10-06T10:08:10.1236206Z 10:08:10.050 [main] INFO org.flowable.common.engine.impl.async.DefaultAsyncTaskExecutor -- Using rejectedExecutionHandler java.util.concurrent.ThreadPoolExecutor$CallerRunsPolicy@2e159116
2026-10-06T10:08:10.1238560Z 10:08:10.050 [main] INFO org.flowable.common.engine.impl.async.DefaultAsyncTaskExecutor -- Creating thread pool queue of size 2048
2026-10-06T10:08:10.1240502Z 10:08:10.050 [main] INFO org.flowable.common.engine.impl.async.DefaultAsyncTaskExecutor -- Creating thread factory with naming pattern flowable-async-job-executor-thread-%d
2026-10-06T10:08:10.1242868Z 10:08:10.050 [main] INFO org.flowable.common.engine.impl.async.DefaultAsyncTaskExecutor -- Creating executor service with corePoolSize 8, maxPoolSize 8 and keepAliveTime 5000
2026-10-06T10:08:10.1245243Z 10:08:10.062 [main] INFO org.flowable.common.engine.impl.db.CommonDbSchemaManager -- performing create on common with resource org/flowable/common/db/create/flowable.postgres.create.common.sql
2026-10-06T10:08:10.2239095Z 10:08:10.143 [main] INFO org.flowable.engine.impl.db.ProcessDbSchemaManager -- performing create on engine with resource org/flowable/db/create/flowable.postgres.create.engine.sql
2026-10-06T10:08:10.2241418Z 10:08:10.203 [main] INFO org.flowable.engine.impl.db.ProcessDbSchemaManager -- performing create on history with resource org/flowable/db/create/flowable.postgres.create.history.sql
2026-10-06T10:08:10.2243259Z 10:08:10.219 [main] INFO org.flowable.engine.impl.ProcessEngineImpl -- ProcessEngine default created
2026-10-06T10:08:10.3227831Z 10:08:10.231 [main] INFO org.flowable.engine.impl.cmd.ValidateV5EntitiesCmd -- Total of v5 deployments found: 0
2026-10-06T10:08:10.8256301Z 10:08:10.772 [main] INFO org.flowable.common.engine.impl.async.DefaultAsyncTaskExecutor -- Creating thread pool queue of size 100
2026-10-06T10:08:10.8259697Z 10:08:10.773 [main] INFO org.flowable.common.engine.impl.async.DefaultAsyncTaskExecutor -- Creating thread factory with naming pattern flowable-async-task-invoker-thread-%d
2026-10-06T10:08:10.8278769Z 10:08:10.773 [main] INFO org.flowable.common.engine.impl.async.DefaultAsyncTaskExecutor -- Creating executor service with corePoolSize 8, maxPoolSize 8 and keepAliveTime 5000
2026-10-06T10:08:10.8281090Z 10:08:10.773 [main] INFO org.flowable.common.engine.impl.async.DefaultAsyncTaskExecutor -- Using rejectedExecutionHandler java.util.concurrent.ThreadPoolExecutor$CallerRunsPolicy@4f6fd101
2026-10-06T10:08:10.8285701Z 10:08:10.773 [main] INFO org.flowable.common.engine.impl.async.DefaultAsyncTaskExecutor -- Creating thread pool queue of size 2048
2026-10-06T10:08:10.8290217Z 10:08:10.773 [main] INFO org.flowable.common.engine.impl.async.DefaultAsyncTaskExecutor -- Creating thread factory with naming pattern flowable-async-job-executor-thread-%d
2026-10-06T10:08:10.8294278Z 10:08:10.773 [main] INFO org.flowable.common.engine.impl.async.DefaultAsyncTaskExecutor -- Creating executor service with corePoolSize 8, maxPoolSize 8 and keepAliveTime 5000
2026-10-06T10:08:10.8297013Z 10:08:10.782 [main] INFO org.flowable.common.engine.impl.db.CommonDbSchemaManager -- performing create on common with resource org/flowable/common/db/create/flowable.postgres.create.common.sql
2026-10-06T10:08:10.9265893Z 10:08:10.842 [main] INFO org.flowable.engine.impl.db.ProcessDbSchemaManager -- performing create on engine with resource org/flowable/db/create/flowable.postgres.create.engine.sql
2026-10-06T10:08:10.9275527Z 10:08:10.885 [main] INFO org.flowable.engine.impl.db.ProcessDbSchemaManager -- performing create on history with resource org/flowable/db/create/flowable.postgres.create.history.sql
2026-10-06T10:08:10.9278094Z 10:08:10.899 [main] INFO org.flowable.engine.impl.ProcessEngineImpl -- ProcessEngine default created
2026-10-06T10:08:10.9279844Z 10:08:10.907 [main] INFO org.flowable.engine.impl.cmd.ValidateV5EntitiesCmd -- Total of v5 deployments found: 0
2026-10-06T10:08:11.2316741Z 10:08:11.137 [main] INFO org.flowable.common.engine.impl.async.DefaultAsyncTaskExecutor -- Creating thread pool queue of size 100
2026-10-06T10:08:11.2318319Z 10:08:11.137 [main] INFO org.flowable.common.engine.impl.async.DefaultAsyncTaskExecutor -- Creating thread factory with naming pattern flowable-async-task-invoker-thread-%d
2026-10-06T10:08:11.2319613Z 10:08:11.137 [main] INFO org.flowable.common.engine.impl.async.DefaultAsyncTaskExecutor -- Creating executor service with corePoolSize 8, maxPoolSize 8 and keepAliveTime 5000
2026-10-06T10:08:11.2320914Z 10:08:11.137 [main] INFO org.flowable.common.engine.impl.async.DefaultAsyncTaskExecutor -- Using rejectedExecutionHandler java.util.concurrent.ThreadPoolExecutor$CallerRunsPolicy@2ec0ca83
2026-10-06T10:08:11.2322061Z 10:08:11.137 [main] INFO org.flowable.common.engine.impl.async.DefaultAsyncTaskExecutor -- Creating thread pool queue of size 2048
2026-10-06T10:08:11.2323148Z 10:08:11.137 [main] INFO org.flowable.common.engine.impl.async.DefaultAsyncTaskExecutor -- Creating thread factory with naming pattern flowable-async-job-executor-thread-%d
2026-10-06T10:08:11.2324708Z 10:08:11.137 [main] INFO org.flowable.common.engine.impl.async.DefaultAsyncTaskExecutor -- Creating executor service with corePoolSize 8, maxPoolSize 8 and keepAliveTime 5000
2026-10-06T10:08:11.2325980Z 10:08:11.147 [main] INFO org.flowable.common.engine.impl.db.CommonDbSchemaManager -- performing create on common with resource org/flowable/common/db/create/flowable.postgres.create.common.sql
2026-10-06T10:08:11.2327774Z 10:08:11.203 [main] INFO org.flowable.engine.impl.db.ProcessDbSchemaManager -- performing create on engine with resource org/flowable/db/create/flowable.postgres.create.engine.sql
2026-10-06T10:08:11.3271364Z 10:08:11.253 [main] INFO org.flowable.engine.impl.db.ProcessDbSchemaManager -- performing create on history with resource org/flowable/db/create/flowable.postgres.create.history.sql
2026-10-06T10:08:11.3272426Z 10:08:11.267 [main] INFO org.flowable.engine.impl.ProcessEngineImpl -- ProcessEngine default created
2026-10-06T10:08:11.3273140Z 10:08:11.276 [main] INFO org.flowable.engine.impl.cmd.ValidateV5EntitiesCmd -- Total of v5 deployments found: 0
2026-10-06T10:08:11.6279413Z 10:08:11.569 [main] INFO org.flowable.common.engine.impl.async.DefaultAsyncTaskExecutor -- Creating thread pool queue of size 100
2026-10-06T10:08:11.6282619Z 10:08:11.570 [main] INFO org.flowable.common.engine.impl.async.DefaultAsyncTaskExecutor -- Creating thread factory with naming pattern flowable-async-task-invoker-thread-%d
2026-10-06T10:08:11.6285208Z 10:08:11.570 [main] INFO org.flowable.common.engine.impl.async.DefaultAsyncTaskExecutor -- Creating executor service with corePoolSize 8, maxPoolSize 8 and keepAliveTime 5000
2026-10-06T10:08:11.6293991Z 10:08:11.570 [main] INFO org.flowable.common.engine.impl.async.DefaultAsyncTaskExecutor -- Using rejectedExecutionHandler java.util.concurrent.ThreadPoolExecutor$CallerRunsPolicy@50785f86
2026-10-06T10:08:11.6296770Z 10:08:11.570 [main] INFO org.flowable.common.engine.impl.async.DefaultAsyncTaskExecutor -- Creating thread pool queue of size 2048
2026-10-06T10:08:11.6299404Z 10:08:11.570 [main] INFO org.flowable.common.engine.impl.async.DefaultAsyncTaskExecutor -- Creating thread factory with naming pattern flowable-async-job-executor-thread-%d
2026-10-06T10:08:11.6301710Z 10:08:11.570 [main] INFO org.flowable.common.engine.impl.async.DefaultAsyncTaskExecutor -- Creating executor service with corePoolSize 8, maxPoolSize 8 and keepAliveTime 5000
2026-10-06T10:08:11.6304423Z 10:08:11.580 [main] INFO org.flowable.common.engine.impl.db.CommonDbSchemaManager -- performing create on common with resource org/flowable/common/db/create/flowable.postgres.create.common.sql
2026-10-06T10:08:11.7278608Z 10:08:11.633 [main] INFO org.flowable.engine.impl.db.ProcessDbSchemaManager -- performing create on engine with resource org/flowable/db/create/flowable.postgres.create.engine.sql
2026-10-06T10:08:11.7281030Z 10:08:11.676 [main] INFO org.flowable.engine.impl.db.ProcessDbSchemaManager -- performing create on history with resource org/flowable/db/create/flowable.postgres.create.history.sql
2026-10-06T10:08:11.7282859Z 10:08:11.689 [main] INFO org.flowable.engine.impl.ProcessEngineImpl -- ProcessEngine default created
2026-10-06T10:08:11.7284183Z 10:08:11.696 [main] INFO org.flowable.engine.impl.cmd.ValidateV5EntitiesCmd -- Total of v5 deployments found: 0
2026-10-06T10:08:12.6298300Z 10:08:12.563 [main] INFO org.flowable.common.engine.impl.async.DefaultAsyncTaskExecutor -- Creating thread pool queue of size 100
2026-10-06T10:08:12.6303506Z 10:08:12.563 [main] INFO org.flowable.common.engine.impl.async.DefaultAsyncTaskExecutor -- Creating thread factory with naming pattern flowable-async-task-invoker-thread-%d
2026-10-06T10:08:12.6306131Z 10:08:12.563 [main] INFO org.flowable.common.engine.impl.async.DefaultAsyncTaskExecutor -- Creating executor service with corePoolSize 8, maxPoolSize 8 and keepAliveTime 5000
2026-10-06T10:08:12.6308908Z 10:08:12.563 [main] INFO org.flowable.common.engine.impl.async.DefaultAsyncTaskExecutor -- Using rejectedExecutionHandler java.util.concurrent.ThreadPoolExecutor$CallerRunsPolicy@41f7c02d
2026-10-06T10:08:12.6311329Z 10:08:12.563 [main] INFO org.flowable.common.engine.impl.async.DefaultAsyncTaskExecutor -- Creating thread pool queue of size 2048
2026-10-06T10:08:12.6313409Z 10:08:12.563 [main] INFO org.flowable.common.engine.impl.async.DefaultAsyncTaskExecutor -- Creating thread factory with naming pattern flowable-async-job-executor-thread-%d
2026-10-06T10:08:12.6315734Z 10:08:12.563 [main] INFO org.flowable.common.engine.impl.async.DefaultAsyncTaskExecutor -- Creating executor service with corePoolSize 8, maxPoolSize 8 and keepAliveTime 5000
2026-10-06T10:08:12.6318430Z 10:08:12.575 [main] INFO org.flowable.common.engine.impl.db.CommonDbSchemaManager -- performing create on common with resource org/flowable/common/db/create/flowable.postgres.create.common.sql
2026-10-06T10:08:12.7293782Z 10:08:12.628 [main] INFO org.flowable.engine.impl.db.ProcessDbSchemaManager -- performing create on engine with resource org/flowable/db/create/flowable.postgres.create.engine.sql
2026-10-06T10:08:12.7295503Z 10:08:12.681 [main] INFO org.flowable.engine.impl.db.ProcessDbSchemaManager -- performing create on history with resource org/flowable/db/create/flowable.postgres.create.history.sql
2026-10-06T10:08:12.7296766Z 10:08:12.697 [main] INFO org.flowable.engine.impl.ProcessEngineImpl -- ProcessEngine default created
2026-10-06T10:08:12.7298427Z 10:08:12.703 [main] INFO org.flowable.engine.impl.cmd.ValidateV5EntitiesCmd -- Total of v5 deployments found: 0
2026-10-06T10:08:13.0306969Z 10:08:13.006 [main] INFO org.flowable.common.engine.impl.async.DefaultAsyncTaskExecutor -- Creating thread pool queue of size 100
2026-10-06T10:08:13.0309166Z 10:08:13.006 [main] INFO org.flowable.common.engine.impl.async.DefaultAsyncTaskExecutor -- Creating thread factory with naming pattern flowable-async-task-invoker-thread-%d
2026-10-06T10:08:13.0310525Z 10:08:13.006 [main] INFO org.flowable.common.engine.impl.async.DefaultAsyncTaskExecutor -- Creating executor service with corePoolSize 8, maxPoolSize 8 and keepAliveTime 5000
2026-10-06T10:08:13.0311861Z 10:08:13.006 [main] INFO org.flowable.common.engine.impl.async.DefaultAsyncTaskExecutor -- Using rejectedExecutionHandler java.util.concurrent.ThreadPoolExecutor$CallerRunsPolicy@1b69fc07
2026-10-06T10:08:13.0312986Z 10:08:13.006 [main] INFO org.flowable.common.engine.impl.async.DefaultAsyncTaskExecutor -- Creating thread pool queue of size 2048
2026-10-06T10:08:13.0314258Z 10:08:13.006 [main] INFO org.flowable.common.engine.impl.async.DefaultAsyncTaskExecutor -- Creating thread factory with naming pattern flowable-async-job-executor-thread-%d
2026-10-06T10:08:13.0315487Z 10:08:13.006 [main] INFO org.flowable.common.engine.impl.async.DefaultAsyncTaskExecutor -- Creating executor service with corePoolSize 8, maxPoolSize 8 and keepAliveTime 5000
2026-10-06T10:08:13.0317110Z 10:08:13.015 [main] INFO org.flowable.common.engine.impl.db.CommonDbSchemaManager -- performing create on common with resource org/flowable/common/db/create/flowable.postgres.create.common.sql
2026-10-06T10:08:13.1299437Z 10:08:13.067 [main] INFO org.flowable.engine.impl.db.ProcessDbSchemaManager -- performing create on engine with resource org/flowable/db/create/flowable.postgres.create.engine.sql
2026-10-06T10:08:13.1301849Z 10:08:13.105 [main] INFO org.flowable.engine.impl.db.ProcessDbSchemaManager -- performing create on history with resource org/flowable/db/create/flowable.postgres.create.history.sql
2026-10-06T10:08:13.1303470Z 10:08:13.118 [main] INFO org.flowable.engine.impl.ProcessEngineImpl -- ProcessEngine default created
2026-10-06T10:08:13.1304432Z 10:08:13.125 [main] INFO org.flowable.engine.impl.cmd.ValidateV5EntitiesCmd -- Total of v5 deployments found: 0
2026-10-06T10:08:13.4341321Z 10:08:13.364 [main] INFO org.flowable.common.engine.impl.async.DefaultAsyncTaskExecutor -- Creating thread pool queue of size 100
2026-10-06T10:08:13.4343757Z 10:08:13.364 [main] INFO org.flowable.common.engine.impl.async.DefaultAsyncTaskExecutor -- Creating thread factory with naming pattern flowable-async-task-invoker-thread-%d
2026-10-06T10:08:13.4347395Z 10:08:13.364 [main] INFO org.flowable.common.engine.impl.async.DefaultAsyncTaskExecutor -- Creating executor service with corePoolSize 8, maxPoolSize 8 and keepAliveTime 5000
2026-10-06T10:08:13.4350151Z 10:08:13.364 [main] INFO org.flowable.common.engine.impl.async.DefaultAsyncTaskExecutor -- Using rejectedExecutionHandler java.util.concurrent.ThreadPoolExecutor$CallerRunsPolicy@7b2d58e6
2026-10-06T10:08:13.4352586Z 10:08:13.364 [main] INFO org.flowable.common.engine.impl.async.DefaultAsyncTaskExecutor -- Creating thread pool queue of size 2048
2026-10-06T10:08:13.4354855Z 10:08:13.364 [main] INFO org.flowable.common.engine.impl.async.DefaultAsyncTaskExecutor -- Creating thread factory with naming pattern flowable-async-job-executor-thread-%d
2026-10-06T10:08:13.4357701Z 10:08:13.364 [main] INFO org.flowable.common.engine.impl.async.DefaultAsyncTaskExecutor -- Creating executor service with corePoolSize 8, maxPoolSize 8 and keepAliveTime 5000
2026-10-06T10:08:13.4360382Z 10:08:13.372 [main] INFO org.flowable.common.engine.impl.db.CommonDbSchemaManager -- performing create on common with resource org/flowable/common/db/create/flowable.postgres.create.common.sql
2026-10-06T10:08:13.4363113Z 10:08:13.424 [main] INFO org.flowable.engine.impl.db.ProcessDbSchemaManager -- performing create on engine with resource org/flowable/db/create/flowable.postgres.create.engine.sql
2026-10-06T10:08:13.5321034Z 10:08:13.469 [main] INFO org.flowable.engine.impl.db.ProcessDbSchemaManager -- performing create on history with resource org/flowable/db/create/flowable.postgres.create.history.sql
2026-10-06T10:08:13.5322113Z 10:08:13.482 [main] INFO org.flowable.engine.impl.ProcessEngineImpl -- ProcessEngine default created
2026-10-06T10:08:13.5322839Z 10:08:13.490 [main] INFO org.flowable.engine.impl.cmd.ValidateV5EntitiesCmd -- Total of v5 deployments found: 0
2026-10-06T10:08:14.1335014Z 10:08:14.078 [main] INFO org.flowable.common.engine.impl.async.DefaultAsyncTaskExecutor -- Creating thread pool queue of size 100
2026-10-06T10:08:14.1337667Z 10:08:14.078 [main] INFO org.flowable.common.engine.impl.async.DefaultAsyncTaskExecutor -- Creating thread factory with naming pattern flowable-async-task-invoker-thread-%d
2026-10-06T10:08:14.1340327Z 10:08:14.078 [main] INFO org.flowable.common.engine.impl.async.DefaultAsyncTaskExecutor -- Creating executor service with corePoolSize 8, maxPoolSize 8 and keepAliveTime 5000
2026-10-06T10:08:14.1341881Z 10:08:14.078 [main] INFO org.flowable.common.engine.impl.async.DefaultAsyncTaskExecutor -- Using rejectedExecutionHandler java.util.concurrent.ThreadPoolExecutor$CallerRunsPolicy@26d7cb0d
2026-10-06T10:08:14.1343075Z 10:08:14.078 [main] INFO org.flowable.common.engine.impl.async.DefaultAsyncTaskExecutor -- Creating thread pool queue of size 2048
2026-10-06T10:08:14.1344182Z 10:08:14.078 [main] INFO org.flowable.common.engine.impl.async.DefaultAsyncTaskExecutor -- Creating thread factory with naming pattern flowable-async-job-executor-thread-%d
2026-10-06T10:08:14.1345447Z 10:08:14.078 [main] INFO org.flowable.common.engine.impl.async.DefaultAsyncTaskExecutor -- Creating executor service with corePoolSize 8, maxPoolSize 8 and keepAliveTime 5000
2026-10-06T10:08:14.1347397Z 10:08:14.086 [main] INFO org.flowable.common.engine.impl.db.CommonDbSchemaManager -- performing create on common with resource org/flowable/common/db/create/flowable.postgres.create.common.sql
2026-10-06T10:08:14.2335041Z 10:08:14.141 [main] INFO org.flowable.engine.impl.db.ProcessDbSchemaManager -- performing create on engine with resource org/flowable/db/create/flowable.postgres.create.engine.sql
2026-10-06T10:08:14.2339255Z 10:08:14.179 [main] INFO org.flowable.engine.impl.db.ProcessDbSchemaManager -- performing create on history with resource org/flowable/db/create/flowable.postgres.create.history.sql
2026-10-06T10:08:14.2341028Z 10:08:14.191 [main] INFO org.flowable.engine.impl.ProcessEngineImpl -- ProcessEngine default created
2026-10-06T10:08:14.2342605Z 10:08:14.197 [main] INFO org.flowable.engine.impl.cmd.ValidateV5EntitiesCmd -- Total of v5 deployments found: 0
2026-10-06T10:08:14.6339147Z 10:08:14.544 [main] INFO org.flowable.common.engine.impl.async.DefaultAsyncTaskExecutor -- Creating thread pool queue of size 100
2026-10-06T10:08:14.6341579Z 10:08:14.544 [main] INFO org.flowable.common.engine.impl.async.DefaultAsyncTaskExecutor -- Creating thread factory with naming pattern flowable-async-task-invoker-thread-%d
2026-10-06T10:08:14.6344222Z 10:08:14.544 [main] INFO org.flowable.common.engine.impl.async.DefaultAsyncTaskExecutor -- Creating executor service with corePoolSize 8, maxPoolSize 8 and keepAliveTime 5000
2026-10-06T10:08:14.6346131Z 10:08:14.544 [main] INFO org.flowable.common.engine.impl.async.DefaultAsyncTaskExecutor -- Using rejectedExecutionHandler java.util.concurrent.ThreadPoolExecutor$CallerRunsPolicy@35cbeb54
2026-10-06T10:08:14.6347970Z 10:08:14.544 [main] INFO org.flowable.common.engine.impl.async.DefaultAsyncTaskExecutor -- Creating thread pool queue of size 2048
2026-10-06T10:08:14.6349106Z 10:08:14.544 [main] INFO org.flowable.common.engine.impl.async.DefaultAsyncTaskExecutor -- Creating thread factory with naming pattern flowable-async-job-executor-thread-%d
2026-10-06T10:08:14.6350352Z 10:08:14.544 [main] INFO org.flowable.common.engine.impl.async.DefaultAsyncTaskExecutor -- Creating executor service with corePoolSize 8, maxPoolSize 8 and keepAliveTime 5000
2026-10-06T10:08:14.6351632Z 10:08:14.553 [main] INFO org.flowable.common.engine.impl.db.CommonDbSchemaManager -- performing create on common with resource org/flowable/common/db/create/flowable.postgres.create.common.sql
2026-10-06T10:08:14.6352906Z 10:08:14.605 [main] INFO org.flowable.engine.impl.db.ProcessDbSchemaManager -- performing create on engine with resource org/flowable/db/create/flowable.postgres.create.engine.sql
2026-10-06T10:08:14.7345468Z 10:08:14.646 [main] INFO org.flowable.engine.impl.db.ProcessDbSchemaManager -- performing create on history with resource org/flowable/db/create/flowable.postgres.create.history.sql
2026-10-06T10:08:14.7348014Z 10:08:14.658 [main] INFO org.flowable.engine.impl.ProcessEngineImpl -- ProcessEngine default created
2026-10-06T10:08:14.7349431Z 10:08:14.666 [main] INFO org.flowable.engine.impl.cmd.ValidateV5EntitiesCmd -- Total of v5 deployments found: 0
2026-10-06T10:08:15.0346441Z 10:08:14.981 [main] INFO org.flowable.common.engine.impl.async.DefaultAsyncTaskExecutor -- Creating thread pool queue of size 100
2026-10-06T10:08:15.0349119Z 10:08:14.981 [main] INFO org.flowable.common.engine.impl.async.DefaultAsyncTaskExecutor -- Creating thread factory with naming pattern flowable-async-task-invoker-thread-%d
2026-10-06T10:08:15.0351032Z 10:08:14.981 [main] INFO org.flowable.common.engine.impl.async.DefaultAsyncTaskExecutor -- Creating executor service with corePoolSize 8, maxPoolSize 8 and keepAliveTime 5000
2026-10-06T10:08:15.0352815Z 10:08:14.981 [main] INFO org.flowable.common.engine.impl.async.DefaultAsyncTaskExecutor -- Using rejectedExecutionHandler java.util.concurrent.ThreadPoolExecutor$CallerRunsPolicy@578d472a
2026-10-06T10:08:15.0354379Z 10:08:14.981 [main] INFO org.flowable.common.engine.impl.async.DefaultAsyncTaskExecutor -- Creating thread pool queue of size 2048
2026-10-06T10:08:15.0355729Z 10:08:14.981 [main] INFO org.flowable.common.engine.impl.async.DefaultAsyncTaskExecutor -- Creating thread factory with naming pattern flowable-async-job-executor-thread-%d
2026-10-06T10:08:15.0356987Z 10:08:14.981 [main] INFO org.flowable.common.engine.impl.async.DefaultAsyncTaskExecutor -- Creating executor service with corePoolSize 8, maxPoolSize 8 and keepAliveTime 5000
2026-10-06T10:08:15.0358677Z 10:08:14.990 [main] INFO org.flowable.common.engine.impl.db.CommonDbSchemaManager -- performing create on common with resource org/flowable/common/db/create/flowable.postgres.create.common.sql
2026-10-06T10:08:15.1345162Z 10:08:15.044 [main] INFO org.flowable.engine.impl.db.ProcessDbSchemaManager -- performing create on engine with resource org/flowable/db/create/flowable.postgres.create.engine.sql
2026-10-06T10:08:15.1348217Z 10:08:15.086 [main] INFO org.flowable.engine.impl.db.ProcessDbSchemaManager -- performing create on history with resource org/flowable/db/create/flowable.postgres.create.history.sql
2026-10-06T10:08:15.1350011Z 10:08:15.098 [main] INFO org.flowable.engine.impl.ProcessEngineImpl -- ProcessEngine default created
2026-10-06T10:08:15.1351355Z 10:08:15.105 [main] INFO org.flowable.engine.impl.cmd.ValidateV5EntitiesCmd -- Total of v5 deployments found: 0
2026-10-06T10:08:15.4354466Z 10:08:15.398 [main] INFO org.flowable.common.engine.impl.async.DefaultAsyncTaskExecutor -- Creating thread pool queue of size 100
2026-10-06T10:08:15.4356500Z 10:08:15.399 [main] INFO org.flowable.common.engine.impl.async.DefaultAsyncTaskExecutor -- Creating thread factory with naming pattern flowable-async-task-invoker-thread-%d
2026-10-06T10:08:15.4358973Z 10:08:15.399 [main] INFO org.flowable.common.engine.impl.async.DefaultAsyncTaskExecutor -- Creating executor service with corePoolSize 8, maxPoolSize 8 and keepAliveTime 5000
2026-10-06T10:08:15.4360921Z 10:08:15.399 [main] INFO org.flowable.common.engine.impl.async.DefaultAsyncTaskExecutor -- Using rejectedExecutionHandler java.util.concurrent.ThreadPoolExecutor$CallerRunsPolicy@60b553f
2026-10-06T10:08:15.4362116Z 10:08:15.399 [main] INFO org.flowable.common.engine.impl.async.DefaultAsyncTaskExecutor -- Creating thread pool queue of size 2048
2026-10-06T10:08:15.4363179Z 10:08:15.399 [main] INFO org.flowable.common.engine.impl.async.DefaultAsyncTaskExecutor -- Creating thread factory with naming pattern flowable-async-job-executor-thread-%d
2026-10-06T10:08:15.4364375Z 10:08:15.399 [main] INFO org.flowable.common.engine.impl.async.DefaultAsyncTaskExecutor -- Creating executor service with corePoolSize 8, maxPoolSize 8 and keepAliveTime 5000
2026-10-06T10:08:15.4365633Z 10:08:15.407 [main] INFO org.flowable.common.engine.impl.db.CommonDbSchemaManager -- performing create on common with resource org/flowable/common/db/create/flowable.postgres.create.common.sql
2026-10-06T10:08:15.5352109Z 10:08:15.466 [main] INFO org.flowable.engine.impl.db.ProcessDbSchemaManager -- performing create on engine with resource org/flowable/db/create/flowable.postgres.create.engine.sql
2026-10-06T10:08:15.5353732Z 10:08:15.506 [main] INFO org.flowable.engine.impl.db.ProcessDbSchemaManager -- performing create on history with resource org/flowable/db/create/flowable.postgres.create.history.sql
2026-10-06T10:08:15.5354760Z 10:08:15.517 [main] INFO org.flowable.engine.impl.ProcessEngineImpl -- ProcessEngine default created
2026-10-06T10:08:15.5367009Z 10:08:15.524 [main] INFO org.flowable.engine.impl.cmd.ValidateV5EntitiesCmd -- Total of v5 deployments found: 0
2026-10-06T10:08:16.0360230Z 10:08:15.958 [main] INFO org.flowable.common.engine.impl.async.DefaultAsyncTaskExecutor -- Creating thread pool queue of size 100
2026-10-06T10:08:16.0365098Z 10:08:15.958 [main] INFO org.flowable.common.engine.impl.async.DefaultAsyncTaskExecutor -- Creating thread factory with naming pattern flowable-async-task-invoker-thread-%d
2026-10-06T10:08:16.0368302Z 10:08:15.958 [main] INFO org.flowable.common.engine.impl.async.DefaultAsyncTaskExecutor -- Creating executor service with corePoolSize 8, maxPoolSize 8 and keepAliveTime 5000
2026-10-06T10:08:16.0371103Z 10:08:15.958 [main] INFO org.flowable.common.engine.impl.async.DefaultAsyncTaskExecutor -- Using rejectedExecutionHandler java.util.concurrent.ThreadPoolExecutor$CallerRunsPolicy@2e19b30
2026-10-06T10:08:16.0373688Z 10:08:15.958 [main] INFO org.flowable.common.engine.impl.async.DefaultAsyncTaskExecutor -- Creating thread pool queue of size 2048
2026-10-06T10:08:16.0376050Z 10:08:15.958 [main] INFO org.flowable.common.engine.impl.async.DefaultAsyncTaskExecutor -- Creating thread factory with naming pattern flowable-async-job-executor-thread-%d
2026-10-06T10:08:16.0378853Z 10:08:15.958 [main] INFO org.flowable.common.engine.impl.async.DefaultAsyncTaskExecutor -- Creating executor service with corePoolSize 8, maxPoolSize 8 and keepAliveTime 5000
2026-10-06T10:08:16.0381995Z 10:08:15.966 [main] INFO org.flowable.common.engine.impl.db.CommonDbSchemaManager -- performing create on common with resource org/flowable/common/db/create/flowable.postgres.create.common.sql
2026-10-06T10:08:16.0384782Z 10:08:16.017 [main] INFO org.flowable.engine.impl.db.ProcessDbSchemaManager -- performing create on engine with resource org/flowable/db/create/flowable.postgres.create.engine.sql
2026-10-06T10:08:16.1360661Z 10:08:16.057 [main] INFO org.flowable.engine.impl.db.ProcessDbSchemaManager -- performing create on history with resource org/flowable/db/create/flowable.postgres.create.history.sql
2026-10-06T10:08:16.1366816Z 10:08:16.068 [main] INFO org.flowable.engine.impl.ProcessEngineImpl -- ProcessEngine default created
2026-10-06T10:08:16.1368835Z 10:08:16.075 [main] INFO org.flowable.engine.impl.cmd.ValidateV5EntitiesCmd -- Total of v5 deployments found: 0
2026-10-06T10:08:16.4379465Z 10:08:16.358 [main] INFO org.flowable.common.engine.impl.async.DefaultAsyncTaskExecutor -- Creating thread pool queue of size 100
2026-10-06T10:08:16.4380833Z 10:08:16.358 [main] INFO org.flowable.common.engine.impl.async.DefaultAsyncTaskExecutor -- Creating thread factory with naming pattern flowable-async-task-invoker-thread-%d
2026-10-06T10:08:16.4382482Z 10:08:16.358 [main] INFO org.flowable.common.engine.impl.async.DefaultAsyncTaskExecutor -- Creating executor service with corePoolSize 8, maxPoolSize 8 and keepAliveTime 5000
2026-10-06T10:08:16.4383792Z 10:08:16.358 [main] INFO org.flowable.common.engine.impl.async.DefaultAsyncTaskExecutor -- Using rejectedExecutionHandler java.util.concurrent.ThreadPoolExecutor$CallerRunsPolicy@703cb756
2026-10-06T10:08:16.4384923Z 10:08:16.358 [main] INFO org.flowable.common.engine.impl.async.DefaultAsyncTaskExecutor -- Creating thread pool queue of size 2048
2026-10-06T10:08:16.4385980Z 10:08:16.358 [main] INFO org.flowable.common.engine.impl.async.DefaultAsyncTaskExecutor -- Creating thread factory with naming pattern flowable-async-job-executor-thread-%d
2026-10-06T10:08:16.4387431Z 10:08:16.358 [main] INFO org.flowable.common.engine.impl.async.DefaultAsyncTaskExecutor -- Creating executor service with corePoolSize 8, maxPoolSize 8 and keepAliveTime 5000
2026-10-06T10:08:16.4388937Z 10:08:16.366 [main] INFO org.flowable.common.engine.impl.db.CommonDbSchemaManager -- performing create on common with resource org/flowable/common/db/create/flowable.postgres.create.common.sql
2026-10-06T10:08:16.4390557Z 10:08:16.419 [main] INFO org.flowable.engine.impl.db.ProcessDbSchemaManager -- performing create on engine with resource org/flowable/db/create/flowable.postgres.create.engine.sql
2026-10-06T10:08:16.5390534Z 10:08:16.460 [main] INFO org.flowable.engine.impl.db.ProcessDbSchemaManager -- performing create on history with resource org/flowable/db/create/flowable.postgres.create.history.sql
2026-10-06T10:08:16.5392832Z 10:08:16.472 [main] INFO org.flowable.engine.impl.ProcessEngineImpl -- ProcessEngine default created
2026-10-06T10:08:16.5394849Z 10:08:16.478 [main] INFO org.flowable.engine.impl.cmd.ValidateV5EntitiesCmd -- Total of v5 deployments found: 0
2026-10-06T10:08:16.8384415Z 10:08:16.769 [main] INFO org.flowable.common.engine.impl.async.DefaultAsyncTaskExecutor -- Creating thread pool queue of size 100
2026-10-06T10:08:16.8387999Z 10:08:16.769 [main] INFO org.flowable.common.engine.impl.async.DefaultAsyncTaskExecutor -- Creating thread factory with naming pattern flowable-async-task-invoker-thread-%d
2026-10-06T10:08:16.8390453Z 10:08:16.769 [main] INFO org.flowable.common.engine.impl.async.DefaultAsyncTaskExecutor -- Creating executor service with corePoolSize 8, maxPoolSize 8 and keepAliveTime 5000
2026-10-06T10:08:16.8393045Z 10:08:16.769 [main] INFO org.flowable.common.engine.impl.async.DefaultAsyncTaskExecutor -- Using rejectedExecutionHandler java.util.concurrent.ThreadPoolExecutor$CallerRunsPolicy@7535f28
2026-10-06T10:08:16.8395690Z 10:08:16.769 [main] INFO org.flowable.common.engine.impl.async.DefaultAsyncTaskExecutor -- Creating thread pool queue of size 2048
2026-10-06T10:08:16.8398117Z 10:08:16.769 [main] INFO org.flowable.common.engine.impl.async.DefaultAsyncTaskExecutor -- Creating thread factory with naming pattern flowable-async-job-executor-thread-%d
2026-10-06T10:08:16.8399434Z 10:08:16.769 [main] INFO org.flowable.common.engine.impl.async.DefaultAsyncTaskExecutor -- Creating executor service with corePoolSize 8, maxPoolSize 8 and keepAliveTime 5000
2026-10-06T10:08:16.8400712Z 10:08:16.778 [main] INFO org.flowable.common.engine.impl.db.CommonDbSchemaManager -- performing create on common with resource org/flowable/common/db/create/flowable.postgres.create.common.sql
2026-10-06T10:08:16.8401986Z 10:08:16.832 [main] INFO org.flowable.engine.impl.db.ProcessDbSchemaManager -- performing create on engine with resource org/flowable/db/create/flowable.postgres.create.engine.sql
2026-10-06T10:08:16.9380319Z 10:08:16.874 [main] INFO org.flowable.engine.impl.db.ProcessDbSchemaManager -- performing create on history with resource org/flowable/db/create/flowable.postgres.create.history.sql
2026-10-06T10:08:16.9382526Z 10:08:16.886 [main] INFO org.flowable.engine.impl.ProcessEngineImpl -- ProcessEngine default created
2026-10-06T10:08:16.9384150Z 10:08:16.892 [main] INFO org.flowable.engine.impl.cmd.ValidateV5EntitiesCmd -- Total of v5 deployments found: 0
2026-10-06T10:08:17.2387967Z 10:08:17.233 [main] INFO org.flowable.common.engine.impl.async.DefaultAsyncTaskExecutor -- Creating thread pool queue of size 100
2026-10-06T10:08:17.2390214Z 10:08:17.233 [main] INFO org.flowable.common.engine.impl.async.DefaultAsyncTaskExecutor -- Creating thread factory with naming pattern flowable-async-task-invoker-thread-%d
2026-10-06T10:08:17.2392539Z 10:08:17.233 [main] INFO org.flowable.common.engine.impl.async.DefaultAsyncTaskExecutor -- Creating executor service with corePoolSize 8, maxPoolSize 8 and keepAliveTime 5000
2026-10-06T10:08:17.2394957Z 10:08:17.233 [main] INFO org.flowable.common.engine.impl.async.DefaultAsyncTaskExecutor -- Using rejectedExecutionHandler java.util.concurrent.ThreadPoolExecutor$CallerRunsPolicy@49f6c25e
2026-10-06T10:08:17.2420432Z 10:08:17.233 [main] INFO org.flowable.common.engine.impl.async.DefaultAsyncTaskExecutor -- Creating thread pool queue of size 2048
2026-10-06T10:08:17.2423075Z 10:08:17.233 [main] INFO org.flowable.common.engine.impl.async.DefaultAsyncTaskExecutor -- Creating thread factory with naming pattern flowable-async-job-executor-thread-%d
2026-10-06T10:08:17.2425874Z 10:08:17.233 [main] INFO org.flowable.common.engine.impl.async.DefaultAsyncTaskExecutor -- Creating executor service with corePoolSize 8, maxPoolSize 8 and keepAliveTime 5000
2026-10-06T10:08:17.3385738Z 10:08:17.245 [main] INFO org.flowable.common.engine.impl.db.CommonDbSchemaManager -- performing create on common with resource org/flowable/common/db/create/flowable.postgres.create.common.sql
2026-10-06T10:08:17.3388685Z 10:08:17.297 [main] INFO org.flowable.engine.impl.db.ProcessDbSchemaManager -- performing create on engine with resource org/flowable/db/create/flowable.postgres.create.engine.sql
2026-10-06T10:08:17.3391059Z 10:08:17.335 [main] INFO org.flowable.engine.impl.db.ProcessDbSchemaManager -- performing create on history with resource org/flowable/db/create/flowable.postgres.create.history.sql
2026-10-06T10:08:17.4385995Z 10:08:17.347 [main] INFO org.flowable.engine.impl.ProcessEngineImpl -- ProcessEngine default created
2026-10-06T10:08:17.4387116Z 10:08:17.354 [main] INFO org.flowable.engine.impl.cmd.ValidateV5EntitiesCmd -- Total of v5 deployments found: 0
2026-10-06T10:08:17.7395395Z 10:08:17.654 [main] INFO org.flowable.common.engine.impl.async.DefaultAsyncTaskExecutor -- Creating thread pool queue of size 100
2026-10-06T10:08:17.7398244Z 10:08:17.655 [main] INFO org.flowable.common.engine.impl.async.DefaultAsyncTaskExecutor -- Creating thread factory with naming pattern flowable-async-task-invoker-thread-%d
2026-10-06T10:08:17.7399940Z 10:08:17.655 [main] INFO org.flowable.common.engine.impl.async.DefaultAsyncTaskExecutor -- Creating executor service with corePoolSize 8, maxPoolSize 8 and keepAliveTime 5000
2026-10-06T10:08:17.7401969Z 10:08:17.655 [main] INFO org.flowable.common.engine.impl.async.DefaultAsyncTaskExecutor -- Using rejectedExecutionHandler java.util.concurrent.ThreadPoolExecutor$CallerRunsPolicy@42b500aa
2026-10-06T10:08:17.7403527Z 10:08:17.655 [main] INFO org.flowable.common.engine.impl.async.DefaultAsyncTaskExecutor -- Creating thread pool queue of size 2048
2026-10-06T10:08:17.7404966Z 10:08:17.655 [main] INFO org.flowable.common.engine.impl.async.DefaultAsyncTaskExecutor -- Creating thread factory with naming pattern flowable-async-job-executor-thread-%d
2026-10-06T10:08:17.7406497Z 10:08:17.655 [main] INFO org.flowable.common.engine.impl.async.DefaultAsyncTaskExecutor -- Creating executor service with corePoolSize 8, maxPoolSize 8 and keepAliveTime 5000
2026-10-06T10:08:17.7407936Z 10:08:17.663 [main] INFO org.flowable.common.engine.impl.db.CommonDbSchemaManager -- performing create on common with resource org/flowable/common/db/create/flowable.postgres.create.common.sql
2026-10-06T10:08:17.7409243Z 10:08:17.713 [main] INFO org.flowable.engine.impl.db.ProcessDbSchemaManager -- performing create on engine with resource org/flowable/db/create/flowable.postgres.create.engine.sql
2026-10-06T10:08:17.8409311Z 10:08:17.756 [main] INFO org.flowable.engine.impl.db.ProcessDbSchemaManager -- performing create on history with resource org/flowable/db/create/flowable.postgres.create.history.sql
2026-10-06T10:08:17.8410912Z 10:08:17.774 [main] INFO org.flowable.engine.impl.ProcessEngineImpl -- ProcessEngine default created
2026-10-06T10:08:17.8412322Z 10:08:17.781 [main] INFO org.flowable.engine.impl.cmd.ValidateV5EntitiesCmd -- Total of v5 deployments found: 0
2026-10-06T10:08:18.1402254Z 10:08:18.101 [main] INFO org.flowable.common.engine.impl.async.DefaultAsyncTaskExecutor -- Creating thread pool queue of size 100
2026-10-06T10:08:18.1405313Z 10:08:18.102 [main] INFO org.flowable.common.engine.impl.async.DefaultAsyncTaskExecutor -- Creating thread factory with naming pattern flowable-async-task-invoker-thread-%d
2026-10-06T10:08:18.1408167Z 10:08:18.102 [main] INFO org.flowable.common.engine.impl.async.DefaultAsyncTaskExecutor -- Creating executor service with corePoolSize 8, maxPoolSize 8 and keepAliveTime 5000
2026-10-06T10:08:18.1411062Z 10:08:18.102 [main] INFO org.flowable.common.engine.impl.async.DefaultAsyncTaskExecutor -- Using rejectedExecutionHandler java.util.concurrent.ThreadPoolExecutor$CallerRunsPolicy@2ff8d39b
2026-10-06T10:08:18.1413388Z 10:08:18.102 [main] INFO org.flowable.common.engine.impl.async.DefaultAsyncTaskExecutor -- Creating thread pool queue of size 2048
2026-10-06T10:08:18.1415549Z 10:08:18.102 [main] INFO org.flowable.common.engine.impl.async.DefaultAsyncTaskExecutor -- Creating thread factory with naming pattern flowable-async-job-executor-thread-%d
2026-10-06T10:08:18.1418186Z 10:08:18.102 [main] INFO org.flowable.common.engine.impl.async.DefaultAsyncTaskExecutor -- Creating executor service with corePoolSize 8, maxPoolSize 8 and keepAliveTime 5000
2026-10-06T10:08:18.1420082Z 10:08:18.114 [main] INFO org.flowable.engine.impl.ProcessEngineImpl -- ProcessEngine default created
2026-10-06T10:08:18.1421536Z 10:08:18.122 [main] INFO org.flowable.engine.impl.cmd.ValidateV5EntitiesCmd -- Total of v5 deployments found: 0
2026-10-06T10:08:18.4406832Z 10:08:18.349 [main] INFO org.flowable.common.engine.impl.async.DefaultAsyncTaskExecutor -- Creating thread pool queue of size 100
2026-10-06T10:08:18.4409603Z 10:08:18.349 [main] INFO org.flowable.common.engine.impl.async.DefaultAsyncTaskExecutor -- Creating thread factory with naming pattern flowable-async-task-invoker-thread-%d
2026-10-06T10:08:18.4411737Z 10:08:18.349 [main] INFO org.flowable.common.engine.impl.async.DefaultAsyncTaskExecutor -- Creating executor service with corePoolSize 8, maxPoolSize 8 and keepAliveTime 5000
2026-10-06T10:08:18.4414345Z 10:08:18.349 [main] INFO org.flowable.common.engine.impl.async.DefaultAsyncTaskExecutor -- Using rejectedExecutionHandler java.util.concurrent.ThreadPoolExecutor$CallerRunsPolicy@e4ef4c0
2026-10-06T10:08:18.4416945Z 10:08:18.349 [main] INFO org.flowable.common.engine.impl.async.DefaultAsyncTaskExecutor -- Creating thread pool queue of size 2048
2026-10-06T10:08:18.4419305Z 10:08:18.349 [main] INFO org.flowable.common.engine.impl.async.DefaultAsyncTaskExecutor -- Creating thread factory with naming pattern flowable-async-job-executor-thread-%d
2026-10-06T10:08:18.4421550Z 10:08:18.349 [main] INFO org.flowable.common.engine.impl.async.DefaultAsyncTaskExecutor -- Creating executor service with corePoolSize 8, maxPoolSize 8 and keepAliveTime 5000
2026-10-06T10:08:18.4424008Z 10:08:18.359 [main] INFO org.flowable.common.engine.impl.db.CommonDbSchemaManager -- performing create on common with resource org/flowable/common/db/create/flowable.postgres.create.common.sql
2026-10-06T10:08:18.4426386Z 10:08:18.415 [main] INFO org.flowable.engine.impl.db.ProcessDbSchemaManager -- performing create on engine with resource org/flowable/db/create/flowable.postgres.create.engine.sql
2026-10-06T10:08:18.5407416Z 10:08:18.457 [main] INFO org.flowable.engine.impl.db.ProcessDbSchemaManager -- performing create on history with resource org/flowable/db/create/flowable.postgres.create.history.sql
2026-10-06T10:08:18.5409361Z 10:08:18.469 [main] INFO org.flowable.engine.impl.ProcessEngineImpl -- ProcessEngine default created
2026-10-06T10:08:18.5410712Z 10:08:18.475 [main] INFO org.flowable.engine.impl.cmd.ValidateV5EntitiesCmd -- Total of v5 deployments found: 0
2026-10-06T10:08:18.8414455Z 10:08:18.815 [main] INFO org.flowable.common.engine.impl.async.DefaultAsyncTaskExecutor -- Creating thread pool queue of size 100
2026-10-06T10:08:18.8417719Z 10:08:18.815 [main] INFO org.flowable.common.engine.impl.async.DefaultAsyncTaskExecutor -- Creating thread factory with naming pattern flowable-async-task-invoker-thread-%d
2026-10-06T10:08:18.8420786Z 10:08:18.815 [main] INFO org.flowable.common.engine.impl.async.DefaultAsyncTaskExecutor -- Creating executor service with corePoolSize 8, maxPoolSize 8 and keepAliveTime 5000
2026-10-06T10:08:18.8424087Z 10:08:18.815 [main] INFO org.flowable.common.engine.impl.async.DefaultAsyncTaskExecutor -- Using rejectedExecutionHandler java.util.concurrent.ThreadPoolExecutor$CallerRunsPolicy@a251135
2026-10-06T10:08:18.8426934Z 10:08:18.815 [main] INFO org.flowable.common.engine.impl.async.DefaultAsyncTaskExecutor -- Creating thread pool queue of size 2048
2026-10-06T10:08:18.8429390Z 10:08:18.815 [main] INFO org.flowable.common.engine.impl.async.DefaultAsyncTaskExecutor -- Creating thread factory with naming pattern flowable-async-job-executor-thread-%d
2026-10-06T10:08:18.8431751Z 10:08:18.815 [main] INFO org.flowable.common.engine.impl.async.DefaultAsyncTaskExecutor -- Creating executor service with corePoolSize 8, maxPoolSize 8 and keepAliveTime 5000
2026-10-06T10:08:18.8434188Z 10:08:18.824 [main] INFO org.flowable.common.engine.impl.db.CommonDbSchemaManager -- performing create on common with resource org/flowable/common/db/create/flowable.postgres.create.common.sql
2026-10-06T10:08:18.9412977Z 10:08:18.877 [main] INFO org.flowable.engine.impl.db.ProcessDbSchemaManager -- performing create on engine with resource org/flowable/db/create/flowable.postgres.create.engine.sql
2026-10-06T10:08:18.9415784Z 10:08:18.915 [main] INFO org.flowable.engine.impl.db.ProcessDbSchemaManager -- performing create on history with resource org/flowable/db/create/flowable.postgres.create.history.sql
2026-10-06T10:08:18.9418005Z 10:08:18.927 [main] INFO org.flowable.engine.impl.ProcessEngineImpl -- ProcessEngine default created
2026-10-06T10:08:18.9419559Z 10:08:18.933 [main] INFO org.flowable.engine.impl.cmd.ValidateV5EntitiesCmd -- Total of v5 deployments found: 0
2026-10-06T10:08:19.3421195Z 10:08:19.295 [main] INFO org.flowable.common.engine.impl.async.DefaultAsyncTaskExecutor -- Creating thread pool queue of size 100
2026-10-06T10:08:19.3423727Z 10:08:19.295 [main] INFO org.flowable.common.engine.impl.async.DefaultAsyncTaskExecutor -- Creating thread factory with naming pattern flowable-async-task-invoker-thread-%d
2026-10-06T10:08:19.3426720Z 10:08:19.295 [main] INFO org.flowable.common.engine.impl.async.DefaultAsyncTaskExecutor -- Creating executor service with corePoolSize 8, maxPoolSize 8 and keepAliveTime 5000
2026-10-06T10:08:19.3430502Z 10:08:19.295 [main] INFO org.flowable.common.engine.impl.async.DefaultAsyncTaskExecutor -- Using rejectedExecutionHandler java.util.concurrent.ThreadPoolExecutor$CallerRunsPolicy@8dbf0f2
2026-10-06T10:08:19.3433037Z 10:08:19.295 [main] INFO org.flowable.common.engine.impl.async.DefaultAsyncTaskExecutor -- Creating thread pool queue of size 2048
2026-10-06T10:08:19.3435374Z 10:08:19.295 [main] INFO org.flowable.common.engine.impl.async.DefaultAsyncTaskExecutor -- Creating thread factory with naming pattern flowable-async-job-executor-thread-%d
2026-10-06T10:08:19.3437996Z 10:08:19.295 [main] INFO org.flowable.common.engine.impl.async.DefaultAsyncTaskExecutor -- Creating executor service with corePoolSize 8, maxPoolSize 8 and keepAliveTime 5000
2026-10-06T10:08:19.3441061Z 10:08:19.304 [main] INFO org.flowable.common.engine.impl.db.CommonDbSchemaManager -- performing create on common with resource org/flowable/common/db/create/flowable.postgres.create.common.sql
2026-10-06T10:08:19.4420945Z 10:08:19.360 [main] INFO org.flowable.engine.impl.db.ProcessDbSchemaManager -- performing create on engine with resource org/flowable/db/create/flowable.postgres.create.engine.sql
2026-10-06T10:08:19.4423337Z 10:08:19.401 [main] INFO org.flowable.engine.impl.db.ProcessDbSchemaManager -- performing create on history with resource org/flowable/db/create/flowable.postgres.create.history.sql
2026-10-06T10:08:19.4425149Z 10:08:19.414 [main] INFO org.flowable.engine.impl.ProcessEngineImpl -- ProcessEngine default created
2026-10-06T10:08:19.4426477Z 10:08:19.421 [main] INFO org.flowable.engine.impl.cmd.ValidateV5EntitiesCmd -- Total of v5 deployments found: 0
2026-10-06T10:08:19.8427518Z 10:08:19.772 [main] INFO org.flowable.common.engine.impl.async.DefaultAsyncTaskExecutor -- Creating thread pool queue of size 100
2026-10-06T10:08:19.8430040Z 10:08:19.772 [main] INFO org.flowable.common.engine.impl.async.DefaultAsyncTaskExecutor -- Creating thread factory with naming pattern flowable-async-task-invoker-thread-%d
2026-10-06T10:08:19.8432289Z 10:08:19.772 [main] INFO org.flowable.common.engine.impl.async.DefaultAsyncTaskExecutor -- Creating executor service with corePoolSize 8, maxPoolSize 8 and keepAliveTime 5000
2026-10-06T10:08:19.8434235Z 10:08:19.772 [main] INFO org.flowable.common.engine.impl.async.DefaultAsyncTaskExecutor -- Using rejectedExecutionHandler java.util.concurrent.ThreadPoolExecutor$CallerRunsPolicy@62e99458
2026-10-06T10:08:19.8436276Z 10:08:19.772 [main] INFO org.flowable.common.engine.impl.async.DefaultAsyncTaskExecutor -- Creating thread pool queue of size 2048
2026-10-06T10:08:19.8437593Z 10:08:19.772 [main] INFO org.flowable.common.engine.impl.async.DefaultAsyncTaskExecutor -- Creating thread factory with naming pattern flowable-async-job-executor-thread-%d
2026-10-06T10:08:19.8438858Z 10:08:19.772 [main] INFO org.flowable.common.engine.impl.async.DefaultAsyncTaskExecutor -- Creating executor service with corePoolSize 8, maxPoolSize 8 and keepAliveTime 5000
2026-10-06T10:08:19.8440126Z 10:08:19.781 [main] INFO org.flowable.common.engine.impl.db.CommonDbSchemaManager -- performing create on common with resource org/flowable/common/db/create/flowable.postgres.create.common.sql
2026-10-06T10:08:19.8441396Z 10:08:19.838 [main] INFO org.flowable.engine.impl.db.ProcessDbSchemaManager -- performing create on engine with resource org/flowable/db/create/flowable.postgres.create.engine.sql
2026-10-06T10:08:19.9427965Z 10:08:19.878 [main] INFO org.flowable.engine.impl.db.ProcessDbSchemaManager -- performing create on history with resource org/flowable/db/create/flowable.postgres.create.history.sql
2026-10-06T10:08:19.9430305Z 10:08:19.889 [main] INFO org.flowable.engine.impl.ProcessEngineImpl -- ProcessEngine default created
2026-10-06T10:08:19.9432206Z 10:08:19.896 [main] INFO org.flowable.engine.impl.cmd.ValidateV5EntitiesCmd -- Total of v5 deployments found: 0
2026-10-06T10:08:20.2435211Z 10:08:20.190 [main] INFO org.flowable.common.engine.impl.async.DefaultAsyncTaskExecutor -- Creating thread pool queue of size 100
2026-10-06T10:08:20.2439289Z 10:08:20.190 [main] INFO org.flowable.common.engine.impl.async.DefaultAsyncTaskExecutor -- Creating thread factory with naming pattern flowable-async-task-invoker-thread-%d
2026-10-06T10:08:20.2441970Z 10:08:20.190 [main] INFO org.flowable.common.engine.impl.async.DefaultAsyncTaskExecutor -- Creating executor service with corePoolSize 8, maxPoolSize 8 and keepAliveTime 5000
2026-10-06T10:08:20.2443677Z 10:08:20.190 [main] INFO org.flowable.common.engine.impl.async.DefaultAsyncTaskExecutor -- Using rejectedExecutionHandler java.util.concurrent.ThreadPoolExecutor$CallerRunsPolicy@31c56721
2026-10-06T10:08:20.2444948Z 10:08:20.190 [main] INFO org.flowable.common.engine.impl.async.DefaultAsyncTaskExecutor -- Creating thread pool queue of size 2048
2026-10-06T10:08:20.2446100Z 10:08:20.190 [main] INFO org.flowable.common.engine.impl.async.DefaultAsyncTaskExecutor -- Creating thread factory with naming pattern flowable-async-job-executor-thread-%d
2026-10-06T10:08:20.2447631Z 10:08:20.190 [main] INFO org.flowable.common.engine.impl.async.DefaultAsyncTaskExecutor -- Creating executor service with corePoolSize 8, maxPoolSize 8 and keepAliveTime 5000
2026-10-06T10:08:20.2449007Z 10:08:20.198 [main] INFO org.flowable.common.engine.impl.db.CommonDbSchemaManager -- performing create on common with resource org/flowable/common/db/create/flowable.postgres.create.common.sql
2026-10-06T10:08:20.3434995Z 10:08:20.252 [main] INFO org.flowable.engine.impl.db.ProcessDbSchemaManager -- performing create on engine with resource org/flowable/db/create/flowable.postgres.create.engine.sql
2026-10-06T10:08:20.3437989Z 10:08:20.292 [main] INFO org.flowable.engine.impl.db.ProcessDbSchemaManager -- performing create on history with resource org/flowable/db/create/flowable.postgres.create.history.sql
2026-10-06T10:08:20.3440491Z 10:08:20.305 [main] INFO org.flowable.engine.impl.ProcessEngineImpl -- ProcessEngine default created
2026-10-06T10:08:20.3442127Z 10:08:20.312 [main] INFO org.flowable.engine.impl.cmd.ValidateV5EntitiesCmd -- Total of v5 deployments found: 0
2026-10-06T10:08:20.6274728Z [INFO] Tests run: 36, Failures: 0, Errors: 0, Skipped: 0, Time elapsed: 24.17 s -- in org.weaveos.workflow.RootExecutionRegistryTest
2026-10-06T10:08:20.6276953Z [INFO] Running org.weaveos.workflow.RootReturnCompatibilityTest
2026-10-06T10:08:20.7445087Z 10:08:20.715 [main] INFO org.flowable.common.engine.impl.async.DefaultAsyncTaskExecutor -- Creating thread pool queue of size 100
2026-10-06T10:08:20.7447517Z 10:08:20.715 [main] INFO org.flowable.common.engine.impl.async.DefaultAsyncTaskExecutor -- Creating thread factory with naming pattern flowable-async-task-invoker-thread-%d
2026-10-06T10:08:20.7449947Z 10:08:20.715 [main] INFO org.flowable.common.engine.impl.async.DefaultAsyncTaskExecutor -- Creating executor service with corePoolSize 8, maxPoolSize 8 and keepAliveTime 5000
2026-10-06T10:08:20.7452015Z 10:08:20.715 [main] INFO org.flowable.common.engine.impl.async.DefaultAsyncTaskExecutor -- Using rejectedExecutionHandler java.util.concurrent.ThreadPoolExecutor$CallerRunsPolicy@417751d3
2026-10-06T10:08:20.7453223Z 10:08:20.715 [main] INFO org.flowable.common.engine.impl.async.DefaultAsyncTaskExecutor -- Creating thread pool queue of size 2048
2026-10-06T10:08:20.7454316Z 10:08:20.715 [main] INFO org.flowable.common.engine.impl.async.DefaultAsyncTaskExecutor -- Creating thread factory with naming pattern flowable-async-job-executor-thread-%d
2026-10-06T10:08:20.7455553Z 10:08:20.715 [main] INFO org.flowable.common.engine.impl.async.DefaultAsyncTaskExecutor -- Creating executor service with corePoolSize 8, maxPoolSize 8 and keepAliveTime 5000
2026-10-06T10:08:20.7457104Z 10:08:20.723 [main] INFO org.flowable.common.engine.impl.db.CommonDbSchemaManager -- performing create on common with resource org/flowable/common/db/create/flowable.postgres.create.common.sql
2026-10-06T10:08:20.8441264Z 10:08:20.777 [main] INFO org.flowable.engine.impl.db.ProcessDbSchemaManager -- performing create on engine with resource org/flowable/db/create/flowable.postgres.create.engine.sql
2026-10-06T10:08:20.8443303Z 10:08:20.817 [main] INFO org.flowable.engine.impl.db.ProcessDbSchemaManager -- performing create on history with resource org/flowable/db/create/flowable.postgres.create.history.sql
2026-10-06T10:08:20.8444717Z 10:08:20.829 [main] INFO org.flowable.engine.impl.ProcessEngineImpl -- ProcessEngine default created
2026-10-06T10:08:20.8446064Z 10:08:20.836 [main] INFO org.flowable.engine.impl.cmd.ValidateV5EntitiesCmd -- Total of v5 deployments found: 0
2026-10-06T10:08:21.3453416Z 10:08:21.317 [main] INFO org.flowable.common.engine.impl.async.DefaultAsyncTaskExecutor -- Creating thread pool queue of size 100
2026-10-06T10:08:21.3456084Z 10:08:21.317 [main] INFO org.flowable.common.engine.impl.async.DefaultAsyncTaskExecutor -- Creating thread factory with naming pattern flowable-async-task-invoker-thread-%d
2026-10-06T10:08:21.3458986Z 10:08:21.317 [main] INFO org.flowable.common.engine.impl.async.DefaultAsyncTaskExecutor -- Creating executor service with corePoolSize 8, maxPoolSize 8 and keepAliveTime 5000
2026-10-06T10:08:21.3461651Z 10:08:21.317 [main] INFO org.flowable.common.engine.impl.async.DefaultAsyncTaskExecutor -- Using rejectedExecutionHandler java.util.concurrent.ThreadPoolExecutor$CallerRunsPolicy@432448
2026-10-06T10:08:21.3464171Z 10:08:21.317 [main] INFO org.flowable.common.engine.impl.async.DefaultAsyncTaskExecutor -- Creating thread pool queue of size 2048
2026-10-06T10:08:21.3466463Z 10:08:21.317 [main] INFO org.flowable.common.engine.impl.async.DefaultAsyncTaskExecutor -- Creating thread factory with naming pattern flowable-async-job-executor-thread-%d
2026-10-06T10:08:21.3469197Z 10:08:21.317 [main] INFO org.flowable.common.engine.impl.async.DefaultAsyncTaskExecutor -- Creating executor service with corePoolSize 8, maxPoolSize 8 and keepAliveTime 5000
2026-10-06T10:08:21.3471949Z 10:08:21.325 [main] INFO org.flowable.common.engine.impl.db.CommonDbSchemaManager -- performing create on common with resource org/flowable/common/db/create/flowable.postgres.create.common.sql
2026-10-06T10:08:21.4452824Z 10:08:21.378 [main] INFO org.flowable.engine.impl.db.ProcessDbSchemaManager -- performing create on engine with resource org/flowable/db/create/flowable.postgres.create.engine.sql
2026-10-06T10:08:21.4456051Z 10:08:21.417 [main] INFO org.flowable.engine.impl.db.ProcessDbSchemaManager -- performing create on history with resource org/flowable/db/create/flowable.postgres.create.history.sql
2026-10-06T10:08:21.4458391Z 10:08:21.429 [main] INFO org.flowable.engine.impl.ProcessEngineImpl -- ProcessEngine default created
2026-10-06T10:08:21.4460051Z 10:08:21.436 [main] INFO org.flowable.engine.impl.cmd.ValidateV5EntitiesCmd -- Total of v5 deployments found: 0
2026-10-06T10:08:22.2463650Z 10:08:22.187 [main] INFO org.flowable.common.engine.impl.async.DefaultAsyncTaskExecutor -- Creating thread pool queue of size 100
2026-10-06T10:08:22.2466031Z 10:08:22.187 [main] INFO org.flowable.common.engine.impl.async.DefaultAsyncTaskExecutor -- Creating thread factory with naming pattern flowable-async-task-invoker-thread-%d
2026-10-06T10:08:22.2468317Z 10:08:22.187 [main] INFO org.flowable.common.engine.impl.async.DefaultAsyncTaskExecutor -- Creating executor service with corePoolSize 8, maxPoolSize 8 and keepAliveTime 5000
2026-10-06T10:08:22.2478804Z 10:08:22.187 [main] INFO org.flowable.common.engine.impl.async.DefaultAsyncTaskExecutor -- Using rejectedExecutionHandler java.util.concurrent.ThreadPoolExecutor$CallerRunsPolicy@6958d5d0
2026-10-06T10:08:22.2480892Z 10:08:22.187 [main] INFO org.flowable.common.engine.impl.async.DefaultAsyncTaskExecutor -- Creating thread pool queue of size 2048
2026-10-06T10:08:22.2483231Z 10:08:22.187 [main] INFO org.flowable.common.engine.impl.async.DefaultAsyncTaskExecutor -- Creating thread factory with naming pattern flowable-async-job-executor-thread-%d
2026-10-06T10:08:22.2484916Z 10:08:22.187 [main] INFO org.flowable.common.engine.impl.async.DefaultAsyncTaskExecutor -- Creating executor service with corePoolSize 8, maxPoolSize 8 and keepAliveTime 5000
2026-10-06T10:08:22.2487550Z 10:08:22.196 [main] INFO org.flowable.common.engine.impl.db.CommonDbSchemaManager -- performing create on common with resource org/flowable/common/db/create/flowable.postgres.create.common.sql
2026-10-06T10:08:22.3463247Z 10:08:22.250 [main] INFO org.flowable.engine.impl.db.ProcessDbSchemaManager -- performing create on engine with resource org/flowable/db/create/flowable.postgres.create.engine.sql
2026-10-06T10:08:22.3465196Z 10:08:22.290 [main] INFO org.flowable.engine.impl.db.ProcessDbSchemaManager -- performing create on history with resource org/flowable/db/create/flowable.postgres.create.history.sql
2026-10-06T10:08:22.3466644Z 10:08:22.303 [main] INFO org.flowable.engine.impl.ProcessEngineImpl -- ProcessEngine default created
2026-10-06T10:08:22.3468243Z 10:08:22.310 [main] INFO org.flowable.engine.impl.cmd.ValidateV5EntitiesCmd -- Total of v5 deployments found: 0
2026-10-06T10:08:23.0483423Z 10:08:23.020 [main] INFO org.flowable.common.engine.impl.async.DefaultAsyncTaskExecutor -- Creating thread pool queue of size 100
2026-10-06T10:08:23.0485093Z 10:08:23.020 [main] INFO org.flowable.common.engine.impl.async.DefaultAsyncTaskExecutor -- Creating thread factory with naming pattern flowable-async-task-invoker-thread-%d
2026-10-06T10:08:23.0486783Z 10:08:23.020 [main] INFO org.flowable.common.engine.impl.async.DefaultAsyncTaskExecutor -- Creating executor service with corePoolSize 8, maxPoolSize 8 and keepAliveTime 5000
2026-10-06T10:08:23.0488688Z 10:08:23.020 [main] INFO org.flowable.common.engine.impl.async.DefaultAsyncTaskExecutor -- Using rejectedExecutionHandler java.util.concurrent.ThreadPoolExecutor$CallerRunsPolicy@58c36104
2026-10-06T10:08:23.0490245Z 10:08:23.020 [main] INFO org.flowable.common.engine.impl.async.DefaultAsyncTaskExecutor -- Creating thread pool queue of size 2048
2026-10-06T10:08:23.0491687Z 10:08:23.020 [main] INFO org.flowable.common.engine.impl.async.DefaultAsyncTaskExecutor -- Creating thread factory with naming pattern flowable-async-job-executor-thread-%d
2026-10-06T10:08:23.0493534Z 10:08:23.020 [main] INFO org.flowable.common.engine.impl.async.DefaultAsyncTaskExecutor -- Creating executor service with corePoolSize 8, maxPoolSize 8 and keepAliveTime 5000
2026-10-06T10:08:23.0495259Z 10:08:23.030 [main] INFO org.flowable.common.engine.impl.db.CommonDbSchemaManager -- performing create on common with resource org/flowable/common/db/create/flowable.postgres.create.common.sql
2026-10-06T10:08:23.1491741Z 10:08:23.083 [main] INFO org.flowable.engine.impl.db.ProcessDbSchemaManager -- performing create on engine with resource org/flowable/db/create/flowable.postgres.create.engine.sql
2026-10-06T10:08:23.1494806Z 10:08:23.124 [main] INFO org.flowable.engine.impl.db.ProcessDbSchemaManager -- performing create on history with resource org/flowable/db/create/flowable.postgres.create.history.sql
2026-10-06T10:08:23.1496883Z 10:08:23.135 [main] INFO org.flowable.engine.impl.ProcessEngineImpl -- ProcessEngine default created
2026-10-06T10:08:23.1498613Z 10:08:23.142 [main] INFO org.flowable.engine.impl.cmd.ValidateV5EntitiesCmd -- Total of v5 deployments found: 0
2026-10-06T10:08:23.6482955Z 10:08:23.607 [main] INFO org.flowable.common.engine.impl.async.DefaultAsyncTaskExecutor -- Creating thread pool queue of size 100
2026-10-06T10:08:23.6485079Z 10:08:23.607 [main] INFO org.flowable.common.engine.impl.async.DefaultAsyncTaskExecutor -- Creating thread factory with naming pattern flowable-async-task-invoker-thread-%d
2026-10-06T10:08:23.6487616Z 10:08:23.607 [main] INFO org.flowable.common.engine.impl.async.DefaultAsyncTaskExecutor -- Creating executor service with corePoolSize 8, maxPoolSize 8 and keepAliveTime 5000
2026-10-06T10:08:23.6490095Z 10:08:23.607 [main] INFO org.flowable.common.engine.impl.async.DefaultAsyncTaskExecutor -- Using rejectedExecutionHandler java.util.concurrent.ThreadPoolExecutor$CallerRunsPolicy@165824f5
2026-10-06T10:08:23.6491909Z 10:08:23.607 [main] INFO org.flowable.common.engine.impl.async.DefaultAsyncTaskExecutor -- Creating thread pool queue of size 2048
2026-10-06T10:08:23.6493797Z 10:08:23.607 [main] INFO org.flowable.common.engine.impl.async.DefaultAsyncTaskExecutor -- Creating thread factory with naming pattern flowable-async-job-executor-thread-%d
2026-10-06T10:08:23.6495698Z 10:08:23.607 [main] INFO org.flowable.common.engine.impl.async.DefaultAsyncTaskExecutor -- Creating executor service with corePoolSize 8, maxPoolSize 8 and keepAliveTime 5000
2026-10-06T10:08:23.6497942Z 10:08:23.615 [main] INFO org.flowable.common.engine.impl.db.CommonDbSchemaManager -- performing create on common with resource org/flowable/common/db/create/flowable.postgres.create.common.sql
2026-10-06T10:08:23.7480670Z 10:08:23.668 [main] INFO org.flowable.engine.impl.db.ProcessDbSchemaManager -- performing create on engine with resource org/flowable/db/create/flowable.postgres.create.engine.sql
2026-10-06T10:08:23.7485106Z 10:08:23.706 [main] INFO org.flowable.engine.impl.db.ProcessDbSchemaManager -- performing create on history with resource org/flowable/db/create/flowable.postgres.create.history.sql
2026-10-06T10:08:23.7487534Z 10:08:23.719 [main] INFO org.flowable.engine.impl.ProcessEngineImpl -- ProcessEngine default created
2026-10-06T10:08:23.7489303Z 10:08:23.725 [main] INFO org.flowable.engine.impl.cmd.ValidateV5EntitiesCmd -- Total of v5 deployments found: 0
2026-10-06T10:08:24.1456552Z [INFO] Tests run: 5, Failures: 0, Errors: 0, Skipped: 0, Time elapsed: 3.581 s -- in org.weaveos.workflow.RootReturnCompatibilityTest
2026-10-06T10:08:24.1762583Z [INFO] 
2026-10-06T10:08:24.1763306Z [INFO] Results:
2026-10-06T10:08:24.1764027Z [INFO] 
2026-10-06T10:08:24.1767020Z [INFO] Tests run: 41, Failures: 0, Errors: 0, Skipped: 0
2026-10-06T10:08:24.1768191Z [INFO] 
2026-10-06T10:08:24.1794796Z [INFO] ------------------------------------------------------------------------
2026-10-06T10:08:24.1795727Z [INFO] BUILD SUCCESS
2026-10-06T10:08:24.1796395Z [INFO] ------------------------------------------------------------------------
2026-10-06T10:08:24.1805910Z [INFO] Total time:  29.873 s
2026-10-06T10:08:24.1808605Z [INFO] Finished at: 2026-10-06T10:08:24Z
2026-10-06T10:08:24.1809167Z [INFO] ------------------------------------------------------------------------
2026-10-06T10:08:24.4741889Z ##[group]Run python3 services/workflow-engine/execution_ci_gate.py services/workflow-engine/target/execution-ci-reports services/workflow-engine/expected-execution-tests.json 2>&1 | tee services/workflow-engine/ci-logs/execution-report-gate.txt
2026-10-06T10:08:24.4743645Z [36;1mpython3 services/workflow-engine/execution_ci_gate.py services/workflow-engine/target/execution-ci-reports services/workflow-engine/expected-execution-tests.json 2>&1 | tee services/workflow-engine/ci-logs/execution-report-gate.txt[0m
2026-10-06T10:08:24.4806421Z shell: /usr/bin/bash --noprofile --norc -e -o pipefail {0}
2026-10-06T10:08:24.4806772Z ##[endgroup]
2026-10-06T10:08:24.5229945Z execution gate passed: 41 exact cases, no failures/errors/skips
2026-10-06T10:08:24.5363994Z ##[group]Run actions/upload-artifact@330a01c490aca151604b8cf639adc76d48f6c5d4
2026-10-06T10:08:24.5364425Z with:
2026-10-06T10:08:24.5364636Z   name: workflow-engine-37447387070
2026-10-06T10:08:24.5365483Z   path: services/workflow-engine/target/surefire-reports/
services/workflow-engine/target/envelope-ci-reports/
services/workflow-engine/target/execution-ci-reports/
services/workflow-engine/ci-logs/

2026-10-06T10:08:24.5366329Z   if-no-files-found: warn
2026-10-06T10:08:24.5366562Z   retention-days: 14
2026-10-06T10:08:24.5366772Z   compression-level: 6
2026-10-06T10:08:24.5366991Z   overwrite: false
2026-10-06T10:08:24.5367720Z   include-hidden-files: false
2026-10-06T10:08:24.5368241Z ##[endgroup]
2026-10-06T10:08:24.7068924Z (node:9849) [DEP0040] DeprecationWarning: The `punycode` module is deprecated. Please use a userland alternative instead.
2026-10-06T10:08:24.7070631Z (Use `node --trace-deprecation ...` to show where the warning was created)
2026-10-06T10:08:24.7274458Z Multiple search paths detected. Calculating the least common ancestor of all paths
2026-10-06T10:08:24.7278631Z The least common ancestor is /home/runner/work/WeaveOS/WeaveOS/services/workflow-engine. This will be the root directory of the artifact
2026-10-06T10:08:24.7280170Z With the provided path, there will be 30 files uploaded
2026-10-06T10:08:24.7285000Z Artifact name is valid!
2026-10-06T10:08:24.7285983Z Root directory input is valid!
2026-10-06T10:08:24.9098106Z Beginning upload of artifact content to blob storage
2026-10-06T10:08:24.9656935Z (node:9849) [DEP0169] DeprecationWarning: `url.parse()` behavior is not standardized and prone to errors that have security implications. Use the WHATWG URL API instead. CVEs are not issued for `url.parse()` vulnerabilities.
2026-10-06T10:08:24.9941893Z Uploaded bytes 62203
2026-10-06T10:08:25.0087954Z Finished uploading artifact content to blob storage!
2026-10-06T10:08:25.0089897Z SHA256 digest of uploaded artifact zip is 1d7310c84460f2add444a69dd37fb7c4f3ace234cd2b00c02e8d5263e5ae2dfe
2026-10-06T10:08:25.0091712Z Finalizing artifact upload
2026-10-06T10:08:25.2002248Z Artifact workflow-engine-37447387070.zip successfully finalized. Artifact ID 11403652718
2026-10-06T10:08:25.2003315Z Artifact workflow-engine-37447387070 has been successfully uploaded! Final size is 62203 bytes. Artifact ID is 11403652718
2026-10-06T10:08:25.2010193Z Artifact download URL: https://github.com/Hubujiu/WeaveOS/actions/runs/37447387070/artifacts/11403652718
2026-10-06T10:08:25.2236881Z Post job cleanup.
2026-10-06T10:08:25.3111869Z [command]/usr/bin/git version
2026-10-06T10:08:25.3158151Z git version 2.55.0
2026-10-06T10:08:25.3200736Z Temporarily overriding HOME='/home/runner/work/_temp/9a855c81-ae91-48d9-91aa-80ceace4c755' before making global git config changes
2026-10-06T10:08:25.3204304Z Adding repository directory to the temporary git global config as a safe directory
2026-10-06T10:08:25.3208101Z [command]/usr/bin/git config --global --add safe.directory /home/runner/work/WeaveOS/WeaveOS
2026-10-06T10:08:25.3255142Z [command]/usr/bin/git config --local --name-only --get-regexp core\.sshCommand
2026-10-06T10:08:25.3312314Z [command]/usr/bin/git submodule foreach --recursive sh -c "git config --local --name-only --get-regexp 'core\.sshCommand' && git config --local --unset-all 'core.sshCommand' || :"
2026-10-06T10:08:25.3590596Z [command]/usr/bin/git config --local --name-only --get-regexp http\.https\:\/\/github\.com\/\.extraheader
2026-10-06T10:08:25.3629973Z [command]/usr/bin/git submodule foreach --recursive sh -c "git config --local --name-only --get-regexp 'http\.https\:\/\/github\.com\/\.extraheader' && git config --local --unset-all 'http.https://github.com/.extraheader' || :"
2026-10-06T10:08:25.3905867Z [command]/usr/bin/git config --local --name-only --get-regexp ^includeIf\.gitdir:
2026-10-06T10:08:25.3945980Z [command]/usr/bin/git submodule foreach --recursive git config --local --show-origin --name-only --get-regexp remote.origin.url
2026-10-06T10:08:25.4388907Z Cleaning up orphan processes
2026-10-06T10:08:25.4891540Z ##[warning]Node.js 20 is deprecated. The following actions target Node.js 20 but are being forced to run on Node.js 24: actions/checkout@11d5960a326750d5838078e36cf38b85af677262, actions/upload-artifact@330a01c490aca151604b8cf639adc76d48f6c5d4. For more information see: https://github.blog/changelog/2025-09-19-deprecation-of-node-20-on-github-actions-runners/
