fixture network internal=true
fixture published ports={}
{"Time":"2026-10-05T10:23:11.496230868Z","Action":"start","Package":"github.com/Hubujiu/WeaveOS/services/bff/internal/flowcommands"}
{"Time":"2026-10-05T10:23:14.030240655Z","Action":"run","Package":"github.com/Hubujiu/WeaveOS/services/bff/internal/flowcommands","Test":"TestRootLedgerConcurrentIdenticalAcceptance"}
{"Time":"2026-10-05T10:23:14.030302396Z","Action":"output","Package":"github.com/Hubujiu/WeaveOS/services/bff/internal/flowcommands","Test":"TestRootLedgerConcurrentIdenticalAcceptance","Output":"=== RUN   TestRootLedgerConcurrentIdenticalAcceptance\n","OutputType":"frame"}
{"Time":"2026-10-05T10:23:14.116754545Z","Action":"output","Package":"github.com/Hubujiu/WeaveOS/services/bff/internal/flowcommands","Test":"TestRootLedgerConcurrentIdenticalAcceptance","Output":"--- PASS: TestRootLedgerConcurrentIdenticalAcceptance (0.09s)\n","OutputType":"frame"}
{"Time":"2026-10-05T10:23:14.116804078Z","Action":"pass","Package":"github.com/Hubujiu/WeaveOS/services/bff/internal/flowcommands","Test":"TestRootLedgerConcurrentIdenticalAcceptance","Elapsed":0.09}
{"Time":"2026-10-05T10:23:14.116816336Z","Action":"run","Package":"github.com/Hubujiu/WeaveOS/services/bff/internal/flowcommands","Test":"TestRootLedgerConcurrentConflictingPayloadHasOneWinner"}
{"Time":"2026-10-05T10:23:14.116818209Z","Action":"output","Package":"github.com/Hubujiu/WeaveOS/services/bff/internal/flowcommands","Test":"TestRootLedgerConcurrentConflictingPayloadHasOneWinner","Output":"=== RUN   TestRootLedgerConcurrentConflictingPayloadHasOneWinner\n","OutputType":"frame"}
{"Time":"2026-10-05T10:23:14.202900024Z","Action":"output","Package":"github.com/Hubujiu/WeaveOS/services/bff/internal/flowcommands","Test":"TestRootLedgerConcurrentConflictingPayloadHasOneWinner","Output":"--- PASS: TestRootLedgerConcurrentConflictingPayloadHasOneWinner (0.09s)\n","OutputType":"frame"}
{"Time":"2026-10-05T10:23:14.202931811Z","Action":"pass","Package":"github.com/Hubujiu/WeaveOS/services/bff/internal/flowcommands","Test":"TestRootLedgerConcurrentConflictingPayloadHasOneWinner","Elapsed":0.09}
{"Time":"2026-10-05T10:23:14.202949848Z","Action":"run","Package":"github.com/Hubujiu/WeaveOS/services/bff/internal/flowcommands","Test":"TestRootLedgerConcurrentResultAppliesExactlyOnce"}
{"Time":"2026-10-05T10:23:14.202952151Z","Action":"output","Package":"github.com/Hubujiu/WeaveOS/services/bff/internal/flowcommands","Test":"TestRootLedgerConcurrentResultAppliesExactlyOnce","Output":"=== RUN   TestRootLedgerConcurrentResultAppliesExactlyOnce\n","OutputType":"frame"}
{"Time":"2026-10-05T10:23:14.283413357Z","Action":"output","Package":"github.com/Hubujiu/WeaveOS/services/bff/internal/flowcommands","Test":"TestRootLedgerConcurrentResultAppliesExactlyOnce","Output":"--- PASS: TestRootLedgerConcurrentResultAppliesExactlyOnce (0.08s)\n","OutputType":"frame"}
{"Time":"2026-10-05T10:23:14.283468338Z","Action":"pass","Package":"github.com/Hubujiu/WeaveOS/services/bff/internal/flowcommands","Test":"TestRootLedgerConcurrentResultAppliesExactlyOnce","Elapsed":0.08}
{"Time":"2026-10-05T10:23:14.283502168Z","Action":"run","Package":"github.com/Hubujiu/WeaveOS/services/bff/internal/flowcommands","Test":"TestRootLedgerLostAcceptCommitAckRetainsOriginalPending"}
{"Time":"2026-10-05T10:23:14.283506094Z","Action":"output","Package":"github.com/Hubujiu/WeaveOS/services/bff/internal/flowcommands","Test":"TestRootLedgerLostAcceptCommitAckRetainsOriginalPending","Output":"=== RUN   TestRootLedgerLostAcceptCommitAckRetainsOriginalPending\n","OutputType":"frame"}
{"Time":"2026-10-05T10:23:14.314400383Z","Action":"output","Package":"github.com/Hubujiu/WeaveOS/services/bff/internal/flowcommands","Test":"TestRootLedgerLostAcceptCommitAckRetainsOriginalPending","Output":"--- PASS: TestRootLedgerLostAcceptCommitAckRetainsOriginalPending (0.03s)\n","OutputType":"frame"}
{"Time":"2026-10-05T10:23:14.314458968Z","Action":"pass","Package":"github.com/Hubujiu/WeaveOS/services/bff/internal/flowcommands","Test":"TestRootLedgerLostAcceptCommitAckRetainsOriginalPending","Elapsed":0.03}
{"Time":"2026-10-05T10:23:14.314465398Z","Action":"run","Package":"github.com/Hubujiu/WeaveOS/services/bff/internal/flowcommands","Test":"TestRootLedgerLostApplyCommitAckRecoversSuccessWithoutReplayEffects"}
{"Time":"2026-10-05T10:23:14.314468573Z","Action":"output","Package":"github.com/Hubujiu/WeaveOS/services/bff/internal/flowcommands","Test":"TestRootLedgerLostApplyCommitAckRecoversSuccessWithoutReplayEffects","Output":"=== RUN   TestRootLedgerLostApplyCommitAckRecoversSuccessWithoutReplayEffects\n","OutputType":"frame"}
{"Time":"2026-10-05T10:23:14.348073103Z","Action":"output","Package":"github.com/Hubujiu/WeaveOS/services/bff/internal/flowcommands","Test":"TestRootLedgerLostApplyCommitAckRecoversSuccessWithoutReplayEffects","Output":"--- PASS: TestRootLedgerLostApplyCommitAckRecoversSuccessWithoutReplayEffects (0.03s)\n","OutputType":"frame"}
{"Time":"2026-10-05T10:23:14.34810539Z","Action":"pass","Package":"github.com/Hubujiu/WeaveOS/services/bff/internal/flowcommands","Test":"TestRootLedgerLostApplyCommitAckRecoversSuccessWithoutReplayEffects","Elapsed":0.03}
{"Time":"2026-10-05T10:23:14.348119071Z","Action":"run","Package":"github.com/Hubujiu/WeaveOS/services/bff/internal/flowcommands","Test":"TestRootLedgerAcceptAndExactReplay"}
{"Time":"2026-10-05T10:23:14.348231106Z","Action":"output","Package":"github.com/Hubujiu/WeaveOS/services/bff/internal/flowcommands","Test":"TestRootLedgerAcceptAndExactReplay","Output":"=== RUN   TestRootLedgerAcceptAndExactReplay\n","OutputType":"frame"}
{"Time":"2026-10-05T10:23:14.366171882Z","Action":"output","Package":"github.com/Hubujiu/WeaveOS/services/bff/internal/flowcommands","Test":"TestRootLedgerAcceptAndExactReplay","Output":"--- PASS: TestRootLedgerAcceptAndExactReplay (0.02s)\n","OutputType":"frame"}
{"Time":"2026-10-05T10:23:14.366196649Z","Action":"pass","Package":"github.com/Hubujiu/WeaveOS/services/bff/internal/flowcommands","Test":"TestRootLedgerAcceptAndExactReplay","Elapsed":0.02}
{"Time":"2026-10-05T10:23:14.366209638Z","Action":"run","Package":"github.com/Hubujiu/WeaveOS/services/bff/internal/flowcommands","Test":"TestRootLedgerConflictDoesNotOverwrite"}
{"Time":"2026-10-05T10:23:14.366211481Z","Action":"output","Package":"github.com/Hubujiu/WeaveOS/services/bff/internal/flowcommands","Test":"TestRootLedgerConflictDoesNotOverwrite","Output":"=== RUN   TestRootLedgerConflictDoesNotOverwrite\n","OutputType":"frame"}
{"Time":"2026-10-05T10:23:14.3848104Z","Action":"output","Package":"github.com/Hubujiu/WeaveOS/services/bff/internal/flowcommands","Test":"TestRootLedgerConflictDoesNotOverwrite","Output":"--- PASS: TestRootLedgerConflictDoesNotOverwrite (0.02s)\n","OutputType":"frame"}
{"Time":"2026-10-05T10:23:14.384839963Z","Action":"pass","Package":"github.com/Hubujiu/WeaveOS/services/bff/internal/flowcommands","Test":"TestRootLedgerConflictDoesNotOverwrite","Elapsed":0.02}
{"Time":"2026-10-05T10:23:14.384907744Z","Action":"run","Package":"github.com/Hubujiu/WeaveOS/services/bff/internal/flowcommands","Test":"TestRootLedgerCallerRollbackRemovesCommandAndDispatch"}
{"Time":"2026-10-05T10:23:14.384909977Z","Action":"output","Package":"github.com/Hubujiu/WeaveOS/services/bff/internal/flowcommands","Test":"TestRootLedgerCallerRollbackRemovesCommandAndDispatch","Output":"=== RUN   TestRootLedgerCallerRollbackRemovesCommandAndDispatch\n","OutputType":"frame"}
{"Time":"2026-10-05T10:23:14.400263222Z","Action":"output","Package":"github.com/Hubujiu/WeaveOS/services/bff/internal/flowcommands","Test":"TestRootLedgerCallerRollbackRemovesCommandAndDispatch","Output":"--- PASS: TestRootLedgerCallerRollbackRemovesCommandAndDispatch (0.02s)\n","OutputType":"frame"}
{"Time":"2026-10-05T10:23:14.400290423Z","Action":"pass","Package":"github.com/Hubujiu/WeaveOS/services/bff/internal/flowcommands","Test":"TestRootLedgerCallerRollbackRemovesCommandAndDispatch","Elapsed":0.02}
{"Time":"2026-10-05T10:23:14.400296672Z","Action":"run","Package":"github.com/Hubujiu/WeaveOS/services/bff/internal/flowcommands","Test":"TestRootLedgerDispatchFailureCannotCommitPartialAcceptance"}
{"Time":"2026-10-05T10:23:14.400298825Z","Action":"output","Package":"github.com/Hubujiu/WeaveOS/services/bff/internal/flowcommands","Test":"TestRootLedgerDispatchFailureCannotCommitPartialAcceptance","Output":"=== RUN   TestRootLedgerDispatchFailureCannotCommitPartialAcceptance\n","OutputType":"frame"}
{"Time":"2026-10-05T10:23:14.416379808Z","Action":"output","Package":"github.com/Hubujiu/WeaveOS/services/bff/internal/flowcommands","Test":"TestRootLedgerDispatchFailureCannotCommitPartialAcceptance","Output":"--- PASS: TestRootLedgerDispatchFailureCannotCommitPartialAcceptance (0.02s)\n","OutputType":"frame"}
{"Time":"2026-10-05T10:23:14.416435069Z","Action":"pass","Package":"github.com/Hubujiu/WeaveOS/services/bff/internal/flowcommands","Test":"TestRootLedgerDispatchFailureCannotCommitPartialAcceptance","Elapsed":0.02}
{"Time":"2026-10-05T10:23:14.416440548Z","Action":"run","Package":"github.com/Hubujiu/WeaveOS/services/bff/internal/flowcommands","Test":"TestRootLedgerApplyAndDuplicateAreAtomic"}
{"Time":"2026-10-05T10:23:14.416443372Z","Action":"output","Package":"github.com/Hubujiu/WeaveOS/services/bff/internal/flowcommands","Test":"TestRootLedgerApplyAndDuplicateAreAtomic","Output":"=== RUN   TestRootLedgerApplyAndDuplicateAreAtomic\n","OutputType":"frame"}
{"Time":"2026-10-05T10:23:14.435650842Z","Action":"output","Package":"github.com/Hubujiu/WeaveOS/services/bff/internal/flowcommands","Test":"TestRootLedgerApplyAndDuplicateAreAtomic","Output":"--- PASS: TestRootLedgerApplyAndDuplicateAreAtomic (0.02s)\n","OutputType":"frame"}
{"Time":"2026-10-05T10:23:14.435681617Z","Action":"pass","Package":"github.com/Hubujiu/WeaveOS/services/bff/internal/flowcommands","Test":"TestRootLedgerApplyAndDuplicateAreAtomic","Elapsed":0.02}
{"Time":"2026-10-05T10:23:14.435686484Z","Action":"run","Package":"github.com/Hubujiu/WeaveOS/services/bff/internal/flowcommands","Test":"TestRootLedgerOuterRollbackPreservesFenceAndPending"}
{"Time":"2026-10-05T10:23:14.435688758Z","Action":"output","Package":"github.com/Hubujiu/WeaveOS/services/bff/internal/flowcommands","Test":"TestRootLedgerOuterRollbackPreservesFenceAndPending","Output":"=== RUN   TestRootLedgerOuterRollbackPreservesFenceAndPending\n","OutputType":"frame"}
{"Time":"2026-10-05T10:23:14.453517698Z","Action":"output","Package":"github.com/Hubujiu/WeaveOS/services/bff/internal/flowcommands","Test":"TestRootLedgerOuterRollbackPreservesFenceAndPending","Output":"--- PASS: TestRootLedgerOuterRollbackPreservesFenceAndPending (0.02s)\n","OutputType":"frame"}
{"Time":"2026-10-05T10:23:14.453567491Z","Action":"pass","Package":"github.com/Hubujiu/WeaveOS/services/bff/internal/flowcommands","Test":"TestRootLedgerOuterRollbackPreservesFenceAndPending","Elapsed":0.02}
{"Time":"2026-10-05T10:23:14.45357306Z","Action":"run","Package":"github.com/Hubujiu/WeaveOS/services/bff/internal/flowcommands","Test":"TestRootLedgerProjectionFailureCannotFinalize"}
{"Time":"2026-10-05T10:23:14.453575854Z","Action":"output","Package":"github.com/Hubujiu/WeaveOS/services/bff/internal/flowcommands","Test":"TestRootLedgerProjectionFailureCannotFinalize","Output":"=== RUN   TestRootLedgerProjectionFailureCannotFinalize\n","OutputType":"frame"}
{"Time":"2026-10-05T10:23:14.472484542Z","Action":"output","Package":"github.com/Hubujiu/WeaveOS/services/bff/internal/flowcommands","Test":"TestRootLedgerProjectionFailureCannotFinalize","Output":"--- PASS: TestRootLedgerProjectionFailureCannotFinalize (0.02s)\n","OutputType":"frame"}
{"Time":"2026-10-05T10:23:14.47251738Z","Action":"pass","Package":"github.com/Hubujiu/WeaveOS/services/bff/internal/flowcommands","Test":"TestRootLedgerProjectionFailureCannotFinalize","Elapsed":0.02}
{"Time":"2026-10-05T10:23:14.472522398Z","Action":"run","Package":"github.com/Hubujiu/WeaveOS/services/bff/internal/flowcommands","Test":"TestRootLedgerUnknownWrongAndOutOfOrderNeverProduceEffects"}
{"Time":"2026-10-05T10:23:14.47252399Z","Action":"output","Package":"github.com/Hubujiu/WeaveOS/services/bff/internal/flowcommands","Test":"TestRootLedgerUnknownWrongAndOutOfOrderNeverProduceEffects","Output":"=== RUN   TestRootLedgerUnknownWrongAndOutOfOrderNeverProduceEffects\n","OutputType":"frame"}
{"Time":"2026-10-05T10:23:14.491242286Z","Action":"output","Package":"github.com/Hubujiu/WeaveOS/services/bff/internal/flowcommands","Test":"TestRootLedgerUnknownWrongAndOutOfOrderNeverProduceEffects","Output":"--- PASS: TestRootLedgerUnknownWrongAndOutOfOrderNeverProduceEffects (0.02s)\n","OutputType":"frame"}
{"Time":"2026-10-05T10:23:14.491289346Z","Action":"pass","Package":"github.com/Hubujiu/WeaveOS/services/bff/internal/flowcommands","Test":"TestRootLedgerUnknownWrongAndOutOfOrderNeverProduceEffects","Elapsed":0.02}
{"Time":"2026-10-05T10:23:14.491294604Z","Action":"run","Package":"github.com/Hubujiu/WeaveOS/services/bff/internal/flowcommands","Test":"TestRootLedgerDurableNoEffectOnly"}
{"Time":"2026-10-05T10:23:14.491308134Z","Action":"output","Package":"github.com/Hubujiu/WeaveOS/services/bff/internal/flowcommands","Test":"TestRootLedgerDurableNoEffectOnly","Output":"=== RUN   TestRootLedgerDurableNoEffectOnly\n","OutputType":"frame"}
{"Time":"2026-10-05T10:23:14.508372632Z","Action":"output","Package":"github.com/Hubujiu/WeaveOS/services/bff/internal/flowcommands","Test":"TestRootLedgerDurableNoEffectOnly","Output":"--- PASS: TestRootLedgerDurableNoEffectOnly (0.02s)\n","OutputType":"frame"}
{"Time":"2026-10-05T10:23:14.50844577Z","Action":"pass","Package":"github.com/Hubujiu/WeaveOS/services/bff/internal/flowcommands","Test":"TestRootLedgerDurableNoEffectOnly","Elapsed":0.02}
{"Time":"2026-10-05T10:23:14.508450758Z","Action":"run","Package":"github.com/Hubujiu/WeaveOS/services/bff/internal/flowcommands","Test":"TestRootLedgerMissingIsNotNoEffect"}
{"Time":"2026-10-05T10:23:14.508453692Z","Action":"output","Package":"github.com/Hubujiu/WeaveOS/services/bff/internal/flowcommands","Test":"TestRootLedgerMissingIsNotNoEffect","Output":"=== RUN   TestRootLedgerMissingIsNotNoEffect\n","OutputType":"frame"}
{"Time":"2026-10-05T10:23:14.526314959Z","Action":"output","Package":"github.com/Hubujiu/WeaveOS/services/bff/internal/flowcommands","Test":"TestRootLedgerMissingIsNotNoEffect","Output":"--- PASS: TestRootLedgerMissingIsNotNoEffect (0.02s)\n","OutputType":"frame"}
{"Time":"2026-10-05T10:23:14.526351383Z","Action":"pass","Package":"github.com/Hubujiu/WeaveOS/services/bff/internal/flowcommands","Test":"TestRootLedgerMissingIsNotNoEffect","Elapsed":0.02}
{"Time":"2026-10-05T10:23:14.526355439Z","Action":"run","Package":"github.com/Hubujiu/WeaveOS/services/bff/internal/flowcommands","Test":"TestRootLedgerInvalidEnvelopeHasNoWrites"}
{"Time":"2026-10-05T10:23:14.526357162Z","Action":"output","Package":"github.com/Hubujiu/WeaveOS/services/bff/internal/flowcommands","Test":"TestRootLedgerInvalidEnvelopeHasNoWrites","Output":"=== RUN   TestRootLedgerInvalidEnvelopeHasNoWrites\n","OutputType":"frame"}
{"Time":"2026-10-05T10:23:14.542482069Z","Action":"output","Package":"github.com/Hubujiu/WeaveOS/services/bff/internal/flowcommands","Test":"TestRootLedgerInvalidEnvelopeHasNoWrites","Output":"--- PASS: TestRootLedgerInvalidEnvelopeHasNoWrites (0.02s)\n","OutputType":"frame"}
{"Time":"2026-10-05T10:23:14.542507887Z","Action":"pass","Package":"github.com/Hubujiu/WeaveOS/services/bff/internal/flowcommands","Test":"TestRootLedgerInvalidEnvelopeHasNoWrites","Elapsed":0.02}
{"Time":"2026-10-05T10:23:14.542513055Z","Action":"run","Package":"github.com/Hubujiu/WeaveOS/services/bff/internal/flowcommands","Test":"TestRootLedgerMissingEffectCannotFinalize"}
{"Time":"2026-10-05T10:23:14.542514948Z","Action":"output","Package":"github.com/Hubujiu/WeaveOS/services/bff/internal/flowcommands","Test":"TestRootLedgerMissingEffectCannotFinalize","Output":"=== RUN   TestRootLedgerMissingEffectCannotFinalize\n","OutputType":"frame"}
{"Time":"2026-10-05T10:23:14.562134758Z","Action":"output","Package":"github.com/Hubujiu/WeaveOS/services/bff/internal/flowcommands","Test":"TestRootLedgerMissingEffectCannotFinalize","Output":"--- PASS: TestRootLedgerMissingEffectCannotFinalize (0.02s)\n","OutputType":"frame"}
{"Time":"2026-10-05T10:23:14.562356472Z","Action":"pass","Package":"github.com/Hubujiu/WeaveOS/services/bff/internal/flowcommands","Test":"TestRootLedgerMissingEffectCannotFinalize","Elapsed":0.02}
{"Time":"2026-10-05T10:23:14.562364053Z","Action":"run","Package":"github.com/Hubujiu/WeaveOS/services/bff/internal/flowcommands","Test":"TestRootLedgerReconnectReadsOriginalDurableResult"}
{"Time":"2026-10-05T10:23:14.562366446Z","Action":"output","Package":"github.com/Hubujiu/WeaveOS/services/bff/internal/flowcommands","Test":"TestRootLedgerReconnectReadsOriginalDurableResult","Output":"=== RUN   TestRootLedgerReconnectReadsOriginalDurableResult\n","OutputType":"frame"}
{"Time":"2026-10-05T10:23:14.590072781Z","Action":"output","Package":"github.com/Hubujiu/WeaveOS/services/bff/internal/flowcommands","Test":"TestRootLedgerReconnectReadsOriginalDurableResult","Output":"--- PASS: TestRootLedgerReconnectReadsOriginalDurableResult (0.03s)\n","OutputType":"frame"}
{"Time":"2026-10-05T10:23:14.590100712Z","Action":"pass","Package":"github.com/Hubujiu/WeaveOS/services/bff/internal/flowcommands","Test":"TestRootLedgerReconnectReadsOriginalDurableResult","Elapsed":0.03}
{"Time":"2026-10-05T10:23:14.59010571Z","Action":"run","Package":"github.com/Hubujiu/WeaveOS/services/bff/internal/flowcommands","Test":"TestRootLedgerInvalidPortsFailBeforeWrites"}
{"Time":"2026-10-05T10:23:14.590107653Z","Action":"output","Package":"github.com/Hubujiu/WeaveOS/services/bff/internal/flowcommands","Test":"TestRootLedgerInvalidPortsFailBeforeWrites","Output":"=== RUN   TestRootLedgerInvalidPortsFailBeforeWrites\n","OutputType":"frame"}
{"Time":"2026-10-05T10:23:14.605055583Z","Action":"output","Package":"github.com/Hubujiu/WeaveOS/services/bff/internal/flowcommands","Test":"TestRootLedgerInvalidPortsFailBeforeWrites","Output":"--- PASS: TestRootLedgerInvalidPortsFailBeforeWrites (0.01s)\n","OutputType":"frame"}
{"Time":"2026-10-05T10:23:14.605152096Z","Action":"pass","Package":"github.com/Hubujiu/WeaveOS/services/bff/internal/flowcommands","Test":"TestRootLedgerInvalidPortsFailBeforeWrites","Elapsed":0.01}
{"Time":"2026-10-05T10:23:14.605180197Z","Action":"run","Package":"github.com/Hubujiu/WeaveOS/services/bff/internal/flowcommands","Test":"TestRootLedgerCorruptStoredCommandFailsClosed"}
{"Time":"2026-10-05T10:23:14.605192776Z","Action":"output","Package":"github.com/Hubujiu/WeaveOS/services/bff/internal/flowcommands","Test":"TestRootLedgerCorruptStoredCommandFailsClosed","Output":"=== RUN   TestRootLedgerCorruptStoredCommandFailsClosed\n","OutputType":"frame"}
{"Time":"2026-10-05T10:23:14.622443295Z","Action":"output","Package":"github.com/Hubujiu/WeaveOS/services/bff/internal/flowcommands","Test":"TestRootLedgerCorruptStoredCommandFailsClosed","Output":"--- PASS: TestRootLedgerCorruptStoredCommandFailsClosed (0.02s)\n","OutputType":"frame"}
{"Time":"2026-10-05T10:23:14.622465728Z","Action":"pass","Package":"github.com/Hubujiu/WeaveOS/services/bff/internal/flowcommands","Test":"TestRootLedgerCorruptStoredCommandFailsClosed","Elapsed":0.02}
{"Time":"2026-10-05T10:23:14.622470886Z","Action":"run","Package":"github.com/Hubujiu/WeaveOS/services/bff/internal/flowcommands","Test":"TestRootFingerprintGoldenAndDeterministic"}
{"Time":"2026-10-05T10:23:14.622473189Z","Action":"output","Package":"github.com/Hubujiu/WeaveOS/services/bff/internal/flowcommands","Test":"TestRootFingerprintGoldenAndDeterministic","Output":"=== RUN   TestRootFingerprintGoldenAndDeterministic\n","OutputType":"frame"}
{"Time":"2026-10-05T10:23:14.622653917Z","Action":"output","Package":"github.com/Hubujiu/WeaveOS/services/bff/internal/flowcommands","Test":"TestRootFingerprintGoldenAndDeterministic","Output":"--- PASS: TestRootFingerprintGoldenAndDeterministic (0.00s)\n","OutputType":"frame"}
{"Time":"2026-10-05T10:23:14.622772272Z","Action":"pass","Package":"github.com/Hubujiu/WeaveOS/services/bff/internal/flowcommands","Test":"TestRootFingerprintGoldenAndDeterministic","Elapsed":0}
{"Time":"2026-10-05T10:23:14.622864068Z","Action":"run","Package":"github.com/Hubujiu/WeaveOS/services/bff/internal/flowcommands","Test":"TestRootEverySemanticCommandFieldIsBound"}
{"Time":"2026-10-05T10:23:14.622866651Z","Action":"output","Package":"github.com/Hubujiu/WeaveOS/services/bff/internal/flowcommands","Test":"TestRootEverySemanticCommandFieldIsBound","Output":"=== RUN   TestRootEverySemanticCommandFieldIsBound\n","OutputType":"frame"}
{"Time":"2026-10-05T10:23:14.622992628Z","Action":"run","Package":"github.com/Hubujiu/WeaveOS/services/bff/internal/flowcommands","Test":"TestRootEverySemanticCommandFieldIsBound/0"}
{"Time":"2026-10-05T10:23:14.622995933Z","Action":"output","Package":"github.com/Hubujiu/WeaveOS/services/bff/internal/flowcommands","Test":"TestRootEverySemanticCommandFieldIsBound/0","Output":"=== RUN   TestRootEverySemanticCommandFieldIsBound/0\n","OutputType":"frame"}
{"Time":"2026-10-05T10:23:14.623150181Z","Action":"output","Package":"github.com/Hubujiu/WeaveOS/services/bff/internal/flowcommands","Test":"TestRootEverySemanticCommandFieldIsBound/0","Output":"--- PASS: TestRootEverySemanticCommandFieldIsBound/0 (0.00s)\n","OutputType":"frame"}
{"Time":"2026-10-05T10:23:14.623154648Z","Action":"pass","Package":"github.com/Hubujiu/WeaveOS/services/bff/internal/flowcommands","Test":"TestRootEverySemanticCommandFieldIsBound/0","Elapsed":0}
{"Time":"2026-10-05T10:23:14.623156651Z","Action":"run","Package":"github.com/Hubujiu/WeaveOS/services/bff/internal/flowcommands","Test":"TestRootEverySemanticCommandFieldIsBound/1"}
{"Time":"2026-10-05T10:23:14.623157973Z","Action":"output","Package":"github.com/Hubujiu/WeaveOS/services/bff/internal/flowcommands","Test":"TestRootEverySemanticCommandFieldIsBound/1","Output":"=== RUN   TestRootEverySemanticCommandFieldIsBound/1\n","OutputType":"frame"}
{"Time":"2026-10-05T10:23:14.623174217Z","Action":"output","Package":"github.com/Hubujiu/WeaveOS/services/bff/internal/flowcommands","Test":"TestRootEverySemanticCommandFieldIsBound/1","Output":"--- PASS: TestRootEverySemanticCommandFieldIsBound/1 (0.00s)\n","OutputType":"frame"}
{"Time":"2026-10-05T10:23:14.623179925Z","Action":"pass","Package":"github.com/Hubujiu/WeaveOS/services/bff/internal/flowcommands","Test":"TestRootEverySemanticCommandFieldIsBound/1","Elapsed":0}
{"Time":"2026-10-05T10:23:14.623184512Z","Action":"run","Package":"github.com/Hubujiu/WeaveOS/services/bff/internal/flowcommands","Test":"TestRootEverySemanticCommandFieldIsBound/2"}
{"Time":"2026-10-05T10:23:14.623215578Z","Action":"output","Package":"github.com/Hubujiu/WeaveOS/services/bff/internal/flowcommands","Test":"TestRootEverySemanticCommandFieldIsBound/2","Output":"=== RUN   TestRootEverySemanticCommandFieldIsBound/2\n","OutputType":"frame"}
{"Time":"2026-10-05T10:23:14.623315205Z","Action":"output","Package":"github.com/Hubujiu/WeaveOS/services/bff/internal/flowcommands","Test":"TestRootEverySemanticCommandFieldIsBound/2","Output":"--- PASS: TestRootEverySemanticCommandFieldIsBound/2 (0.00s)\n","OutputType":"frame"}
{"Time":"2026-10-05T10:23:14.623337619Z","Action":"pass","Package":"github.com/Hubujiu/WeaveOS/services/bff/internal/flowcommands","Test":"TestRootEverySemanticCommandFieldIsBound/2","Elapsed":0}
{"Time":"2026-10-05T10:23:14.623339982Z","Action":"run","Package":"github.com/Hubujiu/WeaveOS/services/bff/internal/flowcommands","Test":"TestRootEverySemanticCommandFieldIsBound/3"}
{"Time":"2026-10-05T10:23:14.623341584Z","Action":"output","Package":"github.com/Hubujiu/WeaveOS/services/bff/internal/flowcommands","Test":"TestRootEverySemanticCommandFieldIsBound/3","Output":"=== RUN   TestRootEverySemanticCommandFieldIsBound/3\n","OutputType":"frame"}
{"Time":"2026-10-05T10:23:14.623343858Z","Action":"output","Package":"github.com/Hubujiu/WeaveOS/services/bff/internal/flowcommands","Test":"TestRootEverySemanticCommandFieldIsBound/3","Output":"--- PASS: TestRootEverySemanticCommandFieldIsBound/3 (0.00s)\n","OutputType":"frame"}
{"Time":"2026-10-05T10:23:14.62334549Z","Action":"pass","Package":"github.com/Hubujiu/WeaveOS/services/bff/internal/flowcommands","Test":"TestRootEverySemanticCommandFieldIsBound/3","Elapsed":0}
{"Time":"2026-10-05T10:23:14.623346942Z","Action":"run","Package":"github.com/Hubujiu/WeaveOS/services/bff/internal/flowcommands","Test":"TestRootEverySemanticCommandFieldIsBound/4"}
{"Time":"2026-10-05T10:23:14.623348084Z","Action":"output","Package":"github.com/Hubujiu/WeaveOS/services/bff/internal/flowcommands","Test":"TestRootEverySemanticCommandFieldIsBound/4","Output":"=== RUN   TestRootEverySemanticCommandFieldIsBound/4\n","OutputType":"frame"}
{"Time":"2026-10-05T10:23:14.62346675Z","Action":"output","Package":"github.com/Hubujiu/WeaveOS/services/bff/internal/flowcommands","Test":"TestRootEverySemanticCommandFieldIsBound/4","Output":"--- PASS: TestRootEverySemanticCommandFieldIsBound/4 (0.00s)\n","OutputType":"frame"}
{"Time":"2026-10-05T10:23:14.62347385Z","Action":"pass","Package":"github.com/Hubujiu/WeaveOS/services/bff/internal/flowcommands","Test":"TestRootEverySemanticCommandFieldIsBound/4","Elapsed":0}
{"Time":"2026-10-05T10:23:14.623478848Z","Action":"run","Package":"github.com/Hubujiu/WeaveOS/services/bff/internal/flowcommands","Test":"TestRootEverySemanticCommandFieldIsBound/5"}
{"Time":"2026-10-05T10:23:14.623483304Z","Action":"output","Package":"github.com/Hubujiu/WeaveOS/services/bff/internal/flowcommands","Test":"TestRootEverySemanticCommandFieldIsBound/5","Output":"=== RUN   TestRootEverySemanticCommandFieldIsBound/5\n","OutputType":"frame"}
{"Time":"2026-10-05T10:23:14.623550484Z","Action":"output","Package":"github.com/Hubujiu/WeaveOS/services/bff/internal/flowcommands","Test":"TestRootEverySemanticCommandFieldIsBound/5","Output":"--- PASS: TestRootEverySemanticCommandFieldIsBound/5 (0.00s)\n","OutputType":"frame"}
{"Time":"2026-10-05T10:23:14.623553058Z","Action":"pass","Package":"github.com/Hubujiu/WeaveOS/services/bff/internal/flowcommands","Test":"TestRootEverySemanticCommandFieldIsBound/5","Elapsed":0}
{"Time":"2026-10-05T10:23:14.62355473Z","Action":"run","Package":"github.com/Hubujiu/WeaveOS/services/bff/internal/flowcommands","Test":"TestRootEverySemanticCommandFieldIsBound/6"}
{"Time":"2026-10-05T10:23:14.623555822Z","Action":"output","Package":"github.com/Hubujiu/WeaveOS/services/bff/internal/flowcommands","Test":"TestRootEverySemanticCommandFieldIsBound/6","Output":"=== RUN   TestRootEverySemanticCommandFieldIsBound/6\n","OutputType":"frame"}
{"Time":"2026-10-05T10:23:14.623670471Z","Action":"output","Package":"github.com/Hubujiu/WeaveOS/services/bff/internal/flowcommands","Test":"TestRootEverySemanticCommandFieldIsBound/6","Output":"--- PASS: TestRootEverySemanticCommandFieldIsBound/6 (0.00s)\n","OutputType":"frame"}
{"Time":"2026-10-05T10:23:14.623673215Z","Action":"pass","Package":"github.com/Hubujiu/WeaveOS/services/bff/internal/flowcommands","Test":"TestRootEverySemanticCommandFieldIsBound/6","Elapsed":0}
{"Time":"2026-10-05T10:23:14.623674798Z","Action":"run","Package":"github.com/Hubujiu/WeaveOS/services/bff/internal/flowcommands","Test":"TestRootEverySemanticCommandFieldIsBound/7"}
{"Time":"2026-10-05T10:23:14.623675969Z","Action":"output","Package":"github.com/Hubujiu/WeaveOS/services/bff/internal/flowcommands","Test":"TestRootEverySemanticCommandFieldIsBound/7","Output":"=== RUN   TestRootEverySemanticCommandFieldIsBound/7\n","OutputType":"frame"}
{"Time":"2026-10-05T10:23:14.623677882Z","Action":"output","Package":"github.com/Hubujiu/WeaveOS/services/bff/internal/flowcommands","Test":"TestRootEverySemanticCommandFieldIsBound/7","Output":"--- PASS: TestRootEverySemanticCommandFieldIsBound/7 (0.00s)\n","OutputType":"frame"}
{"Time":"2026-10-05T10:23:14.6237639Z","Action":"pass","Package":"github.com/Hubujiu/WeaveOS/services/bff/internal/flowcommands","Test":"TestRootEverySemanticCommandFieldIsBound/7","Elapsed":0}
{"Time":"2026-10-05T10:23:14.623771811Z","Action":"run","Package":"github.com/Hubujiu/WeaveOS/services/bff/internal/flowcommands","Test":"TestRootEverySemanticCommandFieldIsBound/8"}
{"Time":"2026-10-05T10:23:14.623776288Z","Action":"output","Package":"github.com/Hubujiu/WeaveOS/services/bff/internal/flowcommands","Test":"TestRootEverySemanticCommandFieldIsBound/8","Output":"=== RUN   TestRootEverySemanticCommandFieldIsBound/8\n","OutputType":"frame"}
{"Time":"2026-10-05T10:23:14.623783979Z","Action":"output","Package":"github.com/Hubujiu/WeaveOS/services/bff/internal/flowcommands","Test":"TestRootEverySemanticCommandFieldIsBound/8","Output":"--- PASS: TestRootEverySemanticCommandFieldIsBound/8 (0.00s)\n","OutputType":"frame"}
{"Time":"2026-10-05T10:23:14.623849376Z","Action":"pass","Package":"github.com/Hubujiu/WeaveOS/services/bff/internal/flowcommands","Test":"TestRootEverySemanticCommandFieldIsBound/8","Elapsed":0}
{"Time":"2026-10-05T10:23:14.62385181Z","Action":"run","Package":"github.com/Hubujiu/WeaveOS/services/bff/internal/flowcommands","Test":"TestRootEverySemanticCommandFieldIsBound/9"}
{"Time":"2026-10-05T10:23:14.623853102Z","Action":"output","Package":"github.com/Hubujiu/WeaveOS/services/bff/internal/flowcommands","Test":"TestRootEverySemanticCommandFieldIsBound/9","Output":"=== RUN   TestRootEverySemanticCommandFieldIsBound/9\n","OutputType":"frame"}
{"Time":"2026-10-05T10:23:14.623855105Z","Action":"output","Package":"github.com/Hubujiu/WeaveOS/services/bff/internal/flowcommands","Test":"TestRootEverySemanticCommandFieldIsBound/9","Output":"--- PASS: TestRootEverySemanticCommandFieldIsBound/9 (0.00s)\n","OutputType":"frame"}
{"Time":"2026-10-05T10:23:14.623856667Z","Action":"pass","Package":"github.com/Hubujiu/WeaveOS/services/bff/internal/flowcommands","Test":"TestRootEverySemanticCommandFieldIsBound/9","Elapsed":0}
{"Time":"2026-10-05T10:23:14.62389285Z","Action":"run","Package":"github.com/Hubujiu/WeaveOS/services/bff/internal/flowcommands","Test":"TestRootEverySemanticCommandFieldIsBound/10"}
{"Time":"2026-10-05T10:23:14.623897718Z","Action":"output","Package":"github.com/Hubujiu/WeaveOS/services/bff/internal/flowcommands","Test":"TestRootEverySemanticCommandFieldIsBound/10","Output":"=== RUN   TestRootEverySemanticCommandFieldIsBound/10\n","OutputType":"frame"}
{"Time":"2026-10-05T10:23:14.623958277Z","Action":"output","Package":"github.com/Hubujiu/WeaveOS/services/bff/internal/flowcommands","Test":"TestRootEverySemanticCommandFieldIsBound/10","Output":"--- PASS: TestRootEverySemanticCommandFieldIsBound/10 (0.00s)\n","OutputType":"frame"}
{"Time":"2026-10-05T10:23:14.623961091Z","Action":"pass","Package":"github.com/Hubujiu/WeaveOS/services/bff/internal/flowcommands","Test":"TestRootEverySemanticCommandFieldIsBound/10","Elapsed":0}
{"Time":"2026-10-05T10:23:14.623962734Z","Action":"run","Package":"github.com/Hubujiu/WeaveOS/services/bff/internal/flowcommands","Test":"TestRootEverySemanticCommandFieldIsBound/11"}
{"Time":"2026-10-05T10:23:14.623963936Z","Action":"output","Package":"github.com/Hubujiu/WeaveOS/services/bff/internal/flowcommands","Test":"TestRootEverySemanticCommandFieldIsBound/11","Output":"=== RUN   TestRootEverySemanticCommandFieldIsBound/11\n","OutputType":"frame"}
{"Time":"2026-10-05T10:23:14.62405438Z","Action":"output","Package":"github.com/Hubujiu/WeaveOS/services/bff/internal/flowcommands","Test":"TestRootEverySemanticCommandFieldIsBound/11","Output":"--- PASS: TestRootEverySemanticCommandFieldIsBound/11 (0.00s)\n","OutputType":"frame"}
{"Time":"2026-10-05T10:23:14.624057114Z","Action":"pass","Package":"github.com/Hubujiu/WeaveOS/services/bff/internal/flowcommands","Test":"TestRootEverySemanticCommandFieldIsBound/11","Elapsed":0}
{"Time":"2026-10-05T10:23:14.624058746Z","Action":"run","Package":"github.com/Hubujiu/WeaveOS/services/bff/internal/flowcommands","Test":"TestRootEverySemanticCommandFieldIsBound/12"}
{"Time":"2026-10-05T10:23:14.624059838Z","Action":"output","Package":"github.com/Hubujiu/WeaveOS/services/bff/internal/flowcommands","Test":"TestRootEverySemanticCommandFieldIsBound/12","Output":"=== RUN   TestRootEverySemanticCommandFieldIsBound/12\n","OutputType":"frame"}
{"Time":"2026-10-05T10:23:14.624098465Z","Action":"output","Package":"github.com/Hubujiu/WeaveOS/services/bff/internal/flowcommands","Test":"TestRootEverySemanticCommandFieldIsBound/12","Output":"--- PASS: TestRootEverySemanticCommandFieldIsBound/12 (0.00s)\n","OutputType":"frame"}
{"Time":"2026-10-05T10:23:14.624114969Z","Action":"pass","Package":"github.com/Hubujiu/WeaveOS/services/bff/internal/flowcommands","Test":"TestRootEverySemanticCommandFieldIsBound/12","Elapsed":0}
{"Time":"2026-10-05T10:23:14.624117413Z","Action":"output","Package":"github.com/Hubujiu/WeaveOS/services/bff/internal/flowcommands","Test":"TestRootEverySemanticCommandFieldIsBound","Output":"--- PASS: TestRootEverySemanticCommandFieldIsBound (0.00s)\n","OutputType":"frame"}
{"Time":"2026-10-05T10:23:14.624175138Z","Action":"pass","Package":"github.com/Hubujiu/WeaveOS/services/bff/internal/flowcommands","Test":"TestRootEverySemanticCommandFieldIsBound","Elapsed":0}
{"Time":"2026-10-05T10:23:14.624177752Z","Action":"run","Package":"github.com/Hubujiu/WeaveOS/services/bff/internal/flowcommands","Test":"TestRootInvalidCommandsFailClosed"}
{"Time":"2026-10-05T10:23:14.624179304Z","Action":"output","Package":"github.com/Hubujiu/WeaveOS/services/bff/internal/flowcommands","Test":"TestRootInvalidCommandsFailClosed","Output":"=== RUN   TestRootInvalidCommandsFailClosed\n","OutputType":"frame"}
{"Time":"2026-10-05T10:23:14.624189029Z","Action":"run","Package":"github.com/Hubujiu/WeaveOS/services/bff/internal/flowcommands","Test":"TestRootInvalidCommandsFailClosed/0"}
{"Time":"2026-10-05T10:23:14.624190731Z","Action":"output","Package":"github.com/Hubujiu/WeaveOS/services/bff/internal/flowcommands","Test":"TestRootInvalidCommandsFailClosed/0","Output":"=== RUN   TestRootInvalidCommandsFailClosed/0\n","OutputType":"frame"}
{"Time":"2026-10-05T10:23:14.624406431Z","Action":"output","Package":"github.com/Hubujiu/WeaveOS/services/bff/internal/flowcommands","Test":"TestRootInvalidCommandsFailClosed/0","Output":"--- PASS: TestRootInvalidCommandsFailClosed/0 (0.00s)\n","OutputType":"frame"}
{"Time":"2026-10-05T10:23:14.62441279Z","Action":"pass","Package":"github.com/Hubujiu/WeaveOS/services/bff/internal/flowcommands","Test":"TestRootInvalidCommandsFailClosed/0","Elapsed":0}
{"Time":"2026-10-05T10:23:14.624417687Z","Action":"run","Package":"github.com/Hubujiu/WeaveOS/services/bff/internal/flowcommands","Test":"TestRootInvalidCommandsFailClosed/1"}
{"Time":"2026-10-05T10:23:14.624422234Z","Action":"output","Package":"github.com/Hubujiu/WeaveOS/services/bff/internal/flowcommands","Test":"TestRootInvalidCommandsFailClosed/1","Output":"=== RUN   TestRootInvalidCommandsFailClosed/1\n","OutputType":"frame"}
{"Time":"2026-10-05T10:23:14.624427181Z","Action":"output","Package":"github.com/Hubujiu/WeaveOS/services/bff/internal/flowcommands","Test":"TestRootInvalidCommandsFailClosed/1","Output":"--- PASS: TestRootInvalidCommandsFailClosed/1 (0.00s)\n","OutputType":"frame"}
{"Time":"2026-10-05T10:23:14.624431838Z","Action":"pass","Package":"github.com/Hubujiu/WeaveOS/services/bff/internal/flowcommands","Test":"TestRootInvalidCommandsFailClosed/1","Elapsed":0}
{"Time":"2026-10-05T10:23:14.624438378Z","Action":"run","Package":"github.com/Hubujiu/WeaveOS/services/bff/internal/flowcommands","Test":"TestRootInvalidCommandsFailClosed/2"}
{"Time":"2026-10-05T10:23:14.624444317Z","Action":"output","Package":"github.com/Hubujiu/WeaveOS/services/bff/internal/flowcommands","Test":"TestRootInvalidCommandsFailClosed/2","Output":"=== RUN   TestRootInvalidCommandsFailClosed/2\n","OutputType":"frame"}
{"Time":"2026-10-05T10:23:14.62446713Z","Action":"output","Package":"github.com/Hubujiu/WeaveOS/services/bff/internal/flowcommands","Test":"TestRootInvalidCommandsFailClosed/2","Output":"--- PASS: TestRootInvalidCommandsFailClosed/2 (0.00s)\n","OutputType":"frame"}
{"Time":"2026-10-05T10:23:14.624485077Z","Action":"pass","Package":"github.com/Hubujiu/WeaveOS/services/bff/internal/flowcommands","Test":"TestRootInvalidCommandsFailClosed/2","Elapsed":0}
{"Time":"2026-10-05T10:23:14.624490054Z","Action":"run","Package":"github.com/Hubujiu/WeaveOS/services/bff/internal/flowcommands","Test":"TestRootInvalidCommandsFailClosed/3"}
{"Time":"2026-10-05T10:23:14.624494421Z","Action":"output","Package":"github.com/Hubujiu/WeaveOS/services/bff/internal/flowcommands","Test":"TestRootInvalidCommandsFailClosed/3","Output":"=== RUN   TestRootInvalidCommandsFailClosed/3\n","OutputType":"frame"}
{"Time":"2026-10-05T10:23:14.624502112Z","Action":"output","Package":"github.com/Hubujiu/WeaveOS/services/bff/internal/flowcommands","Test":"TestRootInvalidCommandsFailClosed/3","Output":"--- PASS: TestRootInvalidCommandsFailClosed/3 (0.00s)\n","OutputType":"frame"}
{"Time":"2026-10-05T10:23:14.624506619Z","Action":"pass","Package":"github.com/Hubujiu/WeaveOS/services/bff/internal/flowcommands","Test":"TestRootInvalidCommandsFailClosed/3","Elapsed":0}
{"Time":"2026-10-05T10:23:14.624511626Z","Action":"run","Package":"github.com/Hubujiu/WeaveOS/services/bff/internal/flowcommands","Test":"TestRootInvalidCommandsFailClosed/4"}
{"Time":"2026-10-05T10:23:14.624553098Z","Action":"output","Package":"github.com/Hubujiu/WeaveOS/services/bff/internal/flowcommands","Test":"TestRootInvalidCommandsFailClosed/4","Output":"=== RUN   TestRootInvalidCommandsFailClosed/4\n","OutputType":"frame"}
{"Time":"2026-10-05T10:23:14.624555151Z","Action":"output","Package":"github.com/Hubujiu/WeaveOS/services/bff/internal/flowcommands","Test":"TestRootInvalidCommandsFailClosed/4","Output":"--- PASS: TestRootInvalidCommandsFailClosed/4 (0.00s)\n","OutputType":"frame"}
{"Time":"2026-10-05T10:23:14.624556633Z","Action":"pass","Package":"github.com/Hubujiu/WeaveOS/services/bff/internal/flowcommands","Test":"TestRootInvalidCommandsFailClosed/4","Elapsed":0}
{"Time":"2026-10-05T10:23:14.624557905Z","Action":"run","Package":"github.com/Hubujiu/WeaveOS/services/bff/internal/flowcommands","Test":"TestRootInvalidCommandsFailClosed/5"}
{"Time":"2026-10-05T10:23:14.624559107Z","Action":"output","Package":"github.com/Hubujiu/WeaveOS/services/bff/internal/flowcommands","Test":"TestRootInvalidCommandsFailClosed/5","Output":"=== RUN   TestRootInvalidCommandsFailClosed/5\n","OutputType":"frame"}
{"Time":"2026-10-05T10:23:14.624560699Z","Action":"output","Package":"github.com/Hubujiu/WeaveOS/services/bff/internal/flowcommands","Test":"TestRootInvalidCommandsFailClosed/5","Output":"--- PASS: TestRootInvalidCommandsFailClosed/5 (0.00s)\n","OutputType":"frame"}
{"Time":"2026-10-05T10:23:14.624562061Z","Action":"pass","Package":"github.com/Hubujiu/WeaveOS/services/bff/internal/flowcommands","Test":"TestRootInvalidCommandsFailClosed/5","Elapsed":0}
{"Time":"2026-10-05T10:23:14.624567038Z","Action":"run","Package":"github.com/Hubujiu/WeaveOS/services/bff/internal/flowcommands","Test":"TestRootInvalidCommandsFailClosed/6"}
{"Time":"2026-10-05T10:23:14.62456836Z","Action":"output","Package":"github.com/Hubujiu/WeaveOS/services/bff/internal/flowcommands","Test":"TestRootInvalidCommandsFailClosed/6","Output":"=== RUN   TestRootInvalidCommandsFailClosed/6\n","OutputType":"frame"}
{"Time":"2026-10-05T10:23:14.624580679Z","Action":"output","Package":"github.com/Hubujiu/WeaveOS/services/bff/internal/flowcommands","Test":"TestRootInvalidCommandsFailClosed/6","Output":"--- PASS: TestRootInvalidCommandsFailClosed/6 (0.00s)\n","OutputType":"frame"}
{"Time":"2026-10-05T10:23:14.624625375Z","Action":"pass","Package":"github.com/Hubujiu/WeaveOS/services/bff/internal/flowcommands","Test":"TestRootInvalidCommandsFailClosed/6","Elapsed":0}
{"Time":"2026-10-05T10:23:14.624627628Z","Action":"run","Package":"github.com/Hubujiu/WeaveOS/services/bff/internal/flowcommands","Test":"TestRootInvalidCommandsFailClosed/7"}
{"Time":"2026-10-05T10:23:14.62462888Z","Action":"output","Package":"github.com/Hubujiu/WeaveOS/services/bff/internal/flowcommands","Test":"TestRootInvalidCommandsFailClosed/7","Output":"=== RUN   TestRootInvalidCommandsFailClosed/7\n","OutputType":"frame"}
{"Time":"2026-10-05T10:23:14.624630552Z","Action":"output","Package":"github.com/Hubujiu/WeaveOS/services/bff/internal/flowcommands","Test":"TestRootInvalidCommandsFailClosed/7","Output":"--- PASS: TestRootInvalidCommandsFailClosed/7 (0.00s)\n","OutputType":"frame"}
{"Time":"2026-10-05T10:23:14.624631974Z","Action":"pass","Package":"github.com/Hubujiu/WeaveOS/services/bff/internal/flowcommands","Test":"TestRootInvalidCommandsFailClosed/7","Elapsed":0}
{"Time":"2026-10-05T10:23:14.624633246Z","Action":"run","Package":"github.com/Hubujiu/WeaveOS/services/bff/internal/flowcommands","Test":"TestRootInvalidCommandsFailClosed/8"}
{"Time":"2026-10-05T10:23:14.624634388Z","Action":"output","Package":"github.com/Hubujiu/WeaveOS/services/bff/internal/flowcommands","Test":"TestRootInvalidCommandsFailClosed/8","Output":"=== RUN   TestRootInvalidCommandsFailClosed/8\n","OutputType":"frame"}
{"Time":"2026-10-05T10:23:14.624647748Z","Action":"output","Package":"github.com/Hubujiu/WeaveOS/services/bff/internal/flowcommands","Test":"TestRootInvalidCommandsFailClosed/8","Output":"--- PASS: TestRootInvalidCommandsFailClosed/8 (0.00s)\n","OutputType":"frame"}
{"Time":"2026-10-05T10:23:14.624652895Z","Action":"pass","Package":"github.com/Hubujiu/WeaveOS/services/bff/internal/flowcommands","Test":"TestRootInvalidCommandsFailClosed/8","Elapsed":0}
{"Time":"2026-10-05T10:23:14.624657472Z","Action":"run","Package":"github.com/Hubujiu/WeaveOS/services/bff/internal/flowcommands","Test":"TestRootInvalidCommandsFailClosed/9"}
{"Time":"2026-10-05T10:23:14.624661558Z","Action":"output","Package":"github.com/Hubujiu/WeaveOS/services/bff/internal/flowcommands","Test":"TestRootInvalidCommandsFailClosed/9","Output":"=== RUN   TestRootInvalidCommandsFailClosed/9\n","OutputType":"frame"}
{"Time":"2026-10-05T10:23:14.62466963Z","Action":"output","Package":"github.com/Hubujiu/WeaveOS/services/bff/internal/flowcommands","Test":"TestRootInvalidCommandsFailClosed/9","Output":"--- PASS: TestRootInvalidCommandsFailClosed/9 (0.00s)\n","OutputType":"frame"}
{"Time":"2026-10-05T10:23:14.624674337Z","Action":"pass","Package":"github.com/Hubujiu/WeaveOS/services/bff/internal/flowcommands","Test":"TestRootInvalidCommandsFailClosed/9","Elapsed":0}
{"Time":"2026-10-05T10:23:14.624880973Z","Action":"run","Package":"github.com/Hubujiu/WeaveOS/services/bff/internal/flowcommands","Test":"TestRootInvalidCommandsFailClosed/10"}
{"Time":"2026-10-05T10:23:14.624893542Z","Action":"output","Package":"github.com/Hubujiu/WeaveOS/services/bff/internal/flowcommands","Test":"TestRootInvalidCommandsFailClosed/10","Output":"=== RUN   TestRootInvalidCommandsFailClosed/10\n","OutputType":"frame"}
{"Time":"2026-10-05T10:23:14.624923836Z","Action":"output","Package":"github.com/Hubujiu/WeaveOS/services/bff/internal/flowcommands","Test":"TestRootInvalidCommandsFailClosed/10","Output":"--- PASS: TestRootInvalidCommandsFailClosed/10 (0.00s)\n","OutputType":"frame"}
{"Time":"2026-10-05T10:23:14.624947732Z","Action":"pass","Package":"github.com/Hubujiu/WeaveOS/services/bff/internal/flowcommands","Test":"TestRootInvalidCommandsFailClosed/10","Elapsed":0}
{"Time":"2026-10-05T10:23:14.624958067Z","Action":"run","Package":"github.com/Hubujiu/WeaveOS/services/bff/internal/flowcommands","Test":"TestRootInvalidCommandsFailClosed/11"}
{"Time":"2026-10-05T10:23:14.624964587Z","Action":"output","Package":"github.com/Hubujiu/WeaveOS/services/bff/internal/flowcommands","Test":"TestRootInvalidCommandsFailClosed/11","Output":"=== RUN   TestRootInvalidCommandsFailClosed/11\n","OutputType":"frame"}
{"Time":"2026-10-05T10:23:14.624986499Z","Action":"output","Package":"github.com/Hubujiu/WeaveOS/services/bff/internal/flowcommands","Test":"TestRootInvalidCommandsFailClosed/11","Output":"--- PASS: TestRootInvalidCommandsFailClosed/11 (0.00s)\n","OutputType":"frame"}
{"Time":"2026-10-05T10:23:14.624992939Z","Action":"pass","Package":"github.com/Hubujiu/WeaveOS/services/bff/internal/flowcommands","Test":"TestRootInvalidCommandsFailClosed/11","Elapsed":0}
{"Time":"2026-10-05T10:23:14.624999228Z","Action":"run","Package":"github.com/Hubujiu/WeaveOS/services/bff/internal/flowcommands","Test":"TestRootInvalidCommandsFailClosed/12"}
{"Time":"2026-10-05T10:23:14.625034731Z","Action":"output","Package":"github.com/Hubujiu/WeaveOS/services/bff/internal/flowcommands","Test":"TestRootInvalidCommandsFailClosed/12","Output":"=== RUN   TestRootInvalidCommandsFailClosed/12\n","OutputType":"frame"}
{"Time":"2026-10-05T10:23:14.625062982Z","Action":"output","Package":"github.com/Hubujiu/WeaveOS/services/bff/internal/flowcommands","Test":"TestRootInvalidCommandsFailClosed/12","Output":"--- PASS: TestRootInvalidCommandsFailClosed/12 (0.00s)\n","OutputType":"frame"}
{"Time":"2026-10-05T10:23:14.625077884Z","Action":"pass","Package":"github.com/Hubujiu/WeaveOS/services/bff/internal/flowcommands","Test":"TestRootInvalidCommandsFailClosed/12","Elapsed":0}
{"Time":"2026-10-05T10:23:14.625087789Z","Action":"run","Package":"github.com/Hubujiu/WeaveOS/services/bff/internal/flowcommands","Test":"TestRootInvalidCommandsFailClosed/13"}
{"Time":"2026-10-05T10:23:14.6251223Z","Action":"output","Package":"github.com/Hubujiu/WeaveOS/services/bff/internal/flowcommands","Test":"TestRootInvalidCommandsFailClosed/13","Output":"=== RUN   TestRootInvalidCommandsFailClosed/13\n","OutputType":"frame"}
{"Time":"2026-10-05T10:23:14.625152625Z","Action":"output","Package":"github.com/Hubujiu/WeaveOS/services/bff/internal/flowcommands","Test":"TestRootInvalidCommandsFailClosed/13","Output":"--- PASS: TestRootInvalidCommandsFailClosed/13 (0.00s)\n","OutputType":"frame"}
{"Time":"2026-10-05T10:23:14.625159045Z","Action":"pass","Package":"github.com/Hubujiu/WeaveOS/services/bff/internal/flowcommands","Test":"TestRootInvalidCommandsFailClosed/13","Elapsed":0}
{"Time":"2026-10-05T10:23:14.625165614Z","Action":"run","Package":"github.com/Hubujiu/WeaveOS/services/bff/internal/flowcommands","Test":"TestRootInvalidCommandsFailClosed/14"}
{"Time":"2026-10-05T10:23:14.625171513Z","Action":"output","Package":"github.com/Hubujiu/WeaveOS/services/bff/internal/flowcommands","Test":"TestRootInvalidCommandsFailClosed/14","Output":"=== RUN   TestRootInvalidCommandsFailClosed/14\n","OutputType":"frame"}
{"Time":"2026-10-05T10:23:14.625210901Z","Action":"output","Package":"github.com/Hubujiu/WeaveOS/services/bff/internal/flowcommands","Test":"TestRootInvalidCommandsFailClosed/14","Output":"--- PASS: TestRootInvalidCommandsFailClosed/14 (0.00s)\n","OutputType":"frame"}
{"Time":"2026-10-05T10:23:14.625239594Z","Action":"pass","Package":"github.com/Hubujiu/WeaveOS/services/bff/internal/flowcommands","Test":"TestRootInvalidCommandsFailClosed/14","Elapsed":0}
{"Time":"2026-10-05T10:23:14.625246033Z","Action":"run","Package":"github.com/Hubujiu/WeaveOS/services/bff/internal/flowcommands","Test":"TestRootInvalidCommandsFailClosed/15"}
{"Time":"2026-10-05T10:23:14.625251932Z","Action":"output","Package":"github.com/Hubujiu/WeaveOS/services/bff/internal/flowcommands","Test":"TestRootInvalidCommandsFailClosed/15","Output":"=== RUN   TestRootInvalidCommandsFailClosed/15\n","OutputType":"frame"}
{"Time":"2026-10-05T10:23:14.625262548Z","Action":"output","Package":"github.com/Hubujiu/WeaveOS/services/bff/internal/flowcommands","Test":"TestRootInvalidCommandsFailClosed/15","Output":"--- PASS: TestRootInvalidCommandsFailClosed/15 (0.00s)\n","OutputType":"frame"}
{"Time":"2026-10-05T10:23:14.62530449Z","Action":"pass","Package":"github.com/Hubujiu/WeaveOS/services/bff/internal/flowcommands","Test":"TestRootInvalidCommandsFailClosed/15","Elapsed":0}
{"Time":"2026-10-05T10:23:14.625315646Z","Action":"run","Package":"github.com/Hubujiu/WeaveOS/services/bff/internal/flowcommands","Test":"TestRootInvalidCommandsFailClosed/16"}
{"Time":"2026-10-05T10:23:14.62531815Z","Action":"output","Package":"github.com/Hubujiu/WeaveOS/services/bff/internal/flowcommands","Test":"TestRootInvalidCommandsFailClosed/16","Output":"=== RUN   TestRootInvalidCommandsFailClosed/16\n","OutputType":"frame"}
{"Time":"2026-10-05T10:23:14.625348255Z","Action":"output","Package":"github.com/Hubujiu/WeaveOS/services/bff/internal/flowcommands","Test":"TestRootInvalidCommandsFailClosed/16","Output":"--- PASS: TestRootInvalidCommandsFailClosed/16 (0.00s)\n","OutputType":"frame"}
{"Time":"2026-10-05T10:23:14.625355045Z","Action":"pass","Package":"github.com/Hubujiu/WeaveOS/services/bff/internal/flowcommands","Test":"TestRootInvalidCommandsFailClosed/16","Elapsed":0}
{"Time":"2026-10-05T10:23:14.625361114Z","Action":"run","Package":"github.com/Hubujiu/WeaveOS/services/bff/internal/flowcommands","Test":"TestRootInvalidCommandsFailClosed/17"}
{"Time":"2026-10-05T10:23:14.625425699Z","Action":"output","Package":"github.com/Hubujiu/WeaveOS/services/bff/internal/flowcommands","Test":"TestRootInvalidCommandsFailClosed/17","Output":"=== RUN   TestRootInvalidCommandsFailClosed/17\n","OutputType":"frame"}
{"Time":"2026-10-05T10:23:14.625429525Z","Action":"output","Package":"github.com/Hubujiu/WeaveOS/services/bff/internal/flowcommands","Test":"TestRootInvalidCommandsFailClosed/17","Output":"--- PASS: TestRootInvalidCommandsFailClosed/17 (0.00s)\n","OutputType":"frame"}
{"Time":"2026-10-05T10:23:14.625495963Z","Action":"pass","Package":"github.com/Hubujiu/WeaveOS/services/bff/internal/flowcommands","Test":"TestRootInvalidCommandsFailClosed/17","Elapsed":0}
{"Time":"2026-10-05T10:23:14.625499689Z","Action":"run","Package":"github.com/Hubujiu/WeaveOS/services/bff/internal/flowcommands","Test":"TestRootInvalidCommandsFailClosed/18"}
{"Time":"2026-10-05T10:23:14.625501692Z","Action":"output","Package":"github.com/Hubujiu/WeaveOS/services/bff/internal/flowcommands","Test":"TestRootInvalidCommandsFailClosed/18","Output":"=== RUN   TestRootInvalidCommandsFailClosed/18\n","OutputType":"frame"}
{"Time":"2026-10-05T10:23:14.625512378Z","Action":"output","Package":"github.com/Hubujiu/WeaveOS/services/bff/internal/flowcommands","Test":"TestRootInvalidCommandsFailClosed/18","Output":"--- PASS: TestRootInvalidCommandsFailClosed/18 (0.00s)\n","OutputType":"frame"}
{"Time":"2026-10-05T10:23:14.625533198Z","Action":"pass","Package":"github.com/Hubujiu/WeaveOS/services/bff/internal/flowcommands","Test":"TestRootInvalidCommandsFailClosed/18","Elapsed":0}
{"Time":"2026-10-05T10:23:14.625536533Z","Action":"run","Package":"github.com/Hubujiu/WeaveOS/services/bff/internal/flowcommands","Test":"TestRootInvalidCommandsFailClosed/19"}
{"Time":"2026-10-05T10:23:14.625539147Z","Action":"output","Package":"github.com/Hubujiu/WeaveOS/services/bff/internal/flowcommands","Test":"TestRootInvalidCommandsFailClosed/19","Output":"=== RUN   TestRootInvalidCommandsFailClosed/19\n","OutputType":"frame"}
{"Time":"2026-10-05T10:23:14.625621439Z","Action":"output","Package":"github.com/Hubujiu/WeaveOS/services/bff/internal/flowcommands","Test":"TestRootInvalidCommandsFailClosed/19","Output":"--- PASS: TestRootInvalidCommandsFailClosed/19 (0.00s)\n","OutputType":"frame"}
{"Time":"2026-10-05T10:23:14.625625365Z","Action":"pass","Package":"github.com/Hubujiu/WeaveOS/services/bff/internal/flowcommands","Test":"TestRootInvalidCommandsFailClosed/19","Elapsed":0}
{"Time":"2026-10-05T10:23:14.625628249Z","Action":"output","Package":"github.com/Hubujiu/WeaveOS/services/bff/internal/flowcommands","Test":"TestRootInvalidCommandsFailClosed","Output":"--- PASS: TestRootInvalidCommandsFailClosed (0.00s)\n","OutputType":"frame"}
{"Time":"2026-10-05T10:23:14.625790339Z","Action":"pass","Package":"github.com/Hubujiu/WeaveOS/services/bff/internal/flowcommands","Test":"TestRootInvalidCommandsFailClosed","Elapsed":0}
{"Time":"2026-10-05T10:23:14.625795396Z","Action":"run","Package":"github.com/Hubujiu/WeaveOS/services/bff/internal/flowcommands","Test":"TestRootSupportedActionsAndStartIdentity"}
{"Time":"2026-10-05T10:23:14.62579758Z","Action":"output","Package":"github.com/Hubujiu/WeaveOS/services/bff/internal/flowcommands","Test":"TestRootSupportedActionsAndStartIdentity","Output":"=== RUN   TestRootSupportedActionsAndStartIdentity\n","OutputType":"frame"}
{"Time":"2026-10-05T10:23:14.625800334Z","Action":"run","Package":"github.com/Hubujiu/WeaveOS/services/bff/internal/flowcommands","Test":"TestRootSupportedActionsAndStartIdentity/start"}
{"Time":"2026-10-05T10:23:14.625830679Z","Action":"output","Package":"github.com/Hubujiu/WeaveOS/services/bff/internal/flowcommands","Test":"TestRootSupportedActionsAndStartIdentity/start","Output":"=== RUN   TestRootSupportedActionsAndStartIdentity/start\n","OutputType":"frame"}
{"Time":"2026-10-05T10:23:14.625884979Z","Action":"output","Package":"github.com/Hubujiu/WeaveOS/services/bff/internal/flowcommands","Test":"TestRootSupportedActionsAndStartIdentity/start","Output":"--- PASS: TestRootSupportedActionsAndStartIdentity/start (0.00s)\n","OutputType":"frame"}
{"Time":"2026-10-05T10:23:14.625898699Z","Action":"pass","Package":"github.com/Hubujiu/WeaveOS/services/bff/internal/flowcommands","Test":"TestRootSupportedActionsAndStartIdentity/start","Elapsed":0}
{"Time":"2026-10-05T10:23:14.625917908Z","Action":"run","Package":"github.com/Hubujiu/WeaveOS/services/bff/internal/flowcommands","Test":"TestRootSupportedActionsAndStartIdentity/agree"}
{"Time":"2026-10-05T10:23:14.625923646Z","Action":"output","Package":"github.com/Hubujiu/WeaveOS/services/bff/internal/flowcommands","Test":"TestRootSupportedActionsAndStartIdentity/agree","Output":"=== RUN   TestRootSupportedActionsAndStartIdentity/agree\n","OutputType":"frame"}
{"Time":"2026-10-05T10:23:14.626044215Z","Action":"output","Package":"github.com/Hubujiu/WeaveOS/services/bff/internal/flowcommands","Test":"TestRootSupportedActionsAndStartIdentity/agree","Output":"--- PASS: TestRootSupportedActionsAndStartIdentity/agree (0.00s)\n","OutputType":"frame"}
{"Time":"2026-10-05T10:23:14.626049232Z","Action":"pass","Package":"github.com/Hubujiu/WeaveOS/services/bff/internal/flowcommands","Test":"TestRootSupportedActionsAndStartIdentity/agree","Elapsed":0}
{"Time":"2026-10-05T10:23:14.626051926Z","Action":"run","Package":"github.com/Hubujiu/WeaveOS/services/bff/internal/flowcommands","Test":"TestRootSupportedActionsAndStartIdentity/reject"}
{"Time":"2026-10-05T10:23:14.626053789Z","Action":"output","Package":"github.com/Hubujiu/WeaveOS/services/bff/internal/flowcommands","Test":"TestRootSupportedActionsAndStartIdentity/reject","Output":"=== RUN   TestRootSupportedActionsAndStartIdentity/reject\n","OutputType":"frame"}
{"Time":"2026-10-05T10:23:14.626190952Z","Action":"output","Package":"github.com/Hubujiu/WeaveOS/services/bff/internal/flowcommands","Test":"TestRootSupportedActionsAndStartIdentity/reject","Output":"--- PASS: TestRootSupportedActionsAndStartIdentity/reject (0.00s)\n","OutputType":"frame"}
{"Time":"2026-10-05T10:23:14.626197151Z","Action":"pass","Package":"github.com/Hubujiu/WeaveOS/services/bff/internal/flowcommands","Test":"TestRootSupportedActionsAndStartIdentity/reject","Elapsed":0}
{"Time":"2026-10-05T10:23:14.626199885Z","Action":"run","Package":"github.com/Hubujiu/WeaveOS/services/bff/internal/flowcommands","Test":"TestRootSupportedActionsAndStartIdentity/withdraw"}
{"Time":"2026-10-05T10:23:14.626202118Z","Action":"output","Package":"github.com/Hubujiu/WeaveOS/services/bff/internal/flowcommands","Test":"TestRootSupportedActionsAndStartIdentity/withdraw","Output":"=== RUN   TestRootSupportedActionsAndStartIdentity/withdraw\n","OutputType":"frame"}
{"Time":"2026-10-05T10:23:14.626334204Z","Action":"output","Package":"github.com/Hubujiu/WeaveOS/services/bff/internal/flowcommands","Test":"TestRootSupportedActionsAndStartIdentity/withdraw","Output":"--- PASS: TestRootSupportedActionsAndStartIdentity/withdraw (0.00s)\n","OutputType":"frame"}
{"Time":"2026-10-05T10:23:14.626340924Z","Action":"pass","Package":"github.com/Hubujiu/WeaveOS/services/bff/internal/flowcommands","Test":"TestRootSupportedActionsAndStartIdentity/withdraw","Elapsed":0}
{"Time":"2026-10-05T10:23:14.626498217Z","Action":"output","Package":"github.com/Hubujiu/WeaveOS/services/bff/internal/flowcommands","Test":"TestRootSupportedActionsAndStartIdentity","Output":"--- PASS: TestRootSupportedActionsAndStartIdentity (0.00s)\n","OutputType":"frame"}
{"Time":"2026-10-05T10:23:14.626504316Z","Action":"pass","Package":"github.com/Hubujiu/WeaveOS/services/bff/internal/flowcommands","Test":"TestRootSupportedActionsAndStartIdentity","Elapsed":0}
{"Time":"2026-10-05T10:23:14.626512107Z","Action":"run","Package":"github.com/Hubujiu/WeaveOS/services/bff/internal/flowcommands","Test":"TestRootSuccessAndNoEffectPlans"}
{"Time":"2026-10-05T10:23:14.62651429Z","Action":"output","Package":"github.com/Hubujiu/WeaveOS/services/bff/internal/flowcommands","Test":"TestRootSuccessAndNoEffectPlans","Output":"=== RUN   TestRootSuccessAndNoEffectPlans\n","OutputType":"frame"}
{"Time":"2026-10-05T10:23:14.626677722Z","Action":"output","Package":"github.com/Hubujiu/WeaveOS/services/bff/internal/flowcommands","Test":"TestRootSuccessAndNoEffectPlans","Output":"--- PASS: TestRootSuccessAndNoEffectPlans (0.00s)\n","OutputType":"frame"}
{"Time":"2026-10-05T10:23:14.626685494Z","Action":"pass","Package":"github.com/Hubujiu/WeaveOS/services/bff/internal/flowcommands","Test":"TestRootSuccessAndNoEffectPlans","Elapsed":0}
{"Time":"2026-10-05T10:23:14.626688598Z","Action":"run","Package":"github.com/Hubujiu/WeaveOS/services/bff/internal/flowcommands","Test":"TestRootResultIdentityAndPayloadMustMatch"}
{"Time":"2026-10-05T10:23:14.626690631Z","Action":"output","Package":"github.com/Hubujiu/WeaveOS/services/bff/internal/flowcommands","Test":"TestRootResultIdentityAndPayloadMustMatch","Output":"=== RUN   TestRootResultIdentityAndPayloadMustMatch\n","OutputType":"frame"}
{"Time":"2026-10-05T10:23:14.626974592Z","Action":"output","Package":"github.com/Hubujiu/WeaveOS/services/bff/internal/flowcommands","Test":"TestRootResultIdentityAndPayloadMustMatch","Output":"--- PASS: TestRootResultIdentityAndPayloadMustMatch (0.00s)\n","OutputType":"frame"}
{"Time":"2026-10-05T10:23:14.626982123Z","Action":"pass","Package":"github.com/Hubujiu/WeaveOS/services/bff/internal/flowcommands","Test":"TestRootResultIdentityAndPayloadMustMatch","Elapsed":0}
{"Time":"2026-10-05T10:23:14.626985137Z","Action":"run","Package":"github.com/Hubujiu/WeaveOS/services/bff/internal/flowcommands","Test":"TestRootUnknownIsNeverAResult"}
{"Time":"2026-10-05T10:23:14.62698727Z","Action":"output","Package":"github.com/Hubujiu/WeaveOS/services/bff/internal/flowcommands","Test":"TestRootUnknownIsNeverAResult","Output":"=== RUN   TestRootUnknownIsNeverAResult\n","OutputType":"frame"}
{"Time":"2026-10-05T10:23:14.627415034Z","Action":"output","Package":"github.com/Hubujiu/WeaveOS/services/bff/internal/flowcommands","Test":"TestRootUnknownIsNeverAResult","Output":"--- PASS: TestRootUnknownIsNeverAResult (0.00s)\n","OutputType":"frame"}
{"Time":"2026-10-05T10:23:14.627467501Z","Action":"pass","Package":"github.com/Hubujiu/WeaveOS/services/bff/internal/flowcommands","Test":"TestRootUnknownIsNeverAResult","Elapsed":0}
{"Time":"2026-10-05T10:23:14.627475563Z","Action":"run","Package":"github.com/Hubujiu/WeaveOS/services/bff/internal/flowcommands","Test":"TestRootProofAndResultHashRequired"}
{"Time":"2026-10-05T10:23:14.627482033Z","Action":"output","Package":"github.com/Hubujiu/WeaveOS/services/bff/internal/flowcommands","Test":"TestRootProofAndResultHashRequired","Output":"=== RUN   TestRootProofAndResultHashRequired\n","OutputType":"frame"}
{"Time":"2026-10-05T10:23:14.62792627Z","Action":"output","Package":"github.com/Hubujiu/WeaveOS/services/bff/internal/flowcommands","Test":"TestRootProofAndResultHashRequired","Output":"--- PASS: TestRootProofAndResultHashRequired (0.00s)\n","OutputType":"frame"}
{"Time":"2026-10-05T10:23:14.627934472Z","Action":"pass","Package":"github.com/Hubujiu/WeaveOS/services/bff/internal/flowcommands","Test":"TestRootProofAndResultHashRequired","Elapsed":0}
{"Time":"2026-10-05T10:23:14.627937437Z","Action":"run","Package":"github.com/Hubujiu/WeaveOS/services/bff/internal/flowcommands","Test":"TestRootSequenceCannotSkipOrRewind"}
{"Time":"2026-10-05T10:23:14.62794652Z","Action":"output","Package":"github.com/Hubujiu/WeaveOS/services/bff/internal/flowcommands","Test":"TestRootSequenceCannotSkipOrRewind","Output":"=== RUN   TestRootSequenceCannotSkipOrRewind\n","OutputType":"frame"}
{"Time":"2026-10-05T10:23:14.628509554Z","Action":"output","Package":"github.com/Hubujiu/WeaveOS/services/bff/internal/flowcommands","Test":"TestRootSequenceCannotSkipOrRewind","Output":"--- PASS: TestRootSequenceCannotSkipOrRewind (0.00s)\n","OutputType":"frame"}
{"Time":"2026-10-05T10:23:14.628518026Z","Action":"pass","Package":"github.com/Hubujiu/WeaveOS/services/bff/internal/flowcommands","Test":"TestRootSequenceCannotSkipOrRewind","Elapsed":0}
{"Time":"2026-10-05T10:23:14.62852095Z","Action":"run","Package":"github.com/Hubujiu/WeaveOS/services/bff/internal/flowcommands","Test":"TestRootExactAppliedReplaySurvivesLaterInstanceProgress"}
{"Time":"2026-10-05T10:23:14.628523254Z","Action":"output","Package":"github.com/Hubujiu/WeaveOS/services/bff/internal/flowcommands","Test":"TestRootExactAppliedReplaySurvivesLaterInstanceProgress","Output":"=== RUN   TestRootExactAppliedReplaySurvivesLaterInstanceProgress\n","OutputType":"frame"}
{"Time":"2026-10-05T10:23:14.62873Z","Action":"output","Package":"github.com/Hubujiu/WeaveOS/services/bff/internal/flowcommands","Test":"TestRootExactAppliedReplaySurvivesLaterInstanceProgress","Output":"--- PASS: TestRootExactAppliedReplaySurvivesLaterInstanceProgress (0.00s)\n","OutputType":"frame"}
{"Time":"2026-10-05T10:23:14.628737591Z","Action":"pass","Package":"github.com/Hubujiu/WeaveOS/services/bff/internal/flowcommands","Test":"TestRootExactAppliedReplaySurvivesLaterInstanceProgress","Elapsed":0}
{"Time":"2026-10-05T10:23:14.628745963Z","Action":"run","Package":"github.com/Hubujiu/WeaveOS/services/bff/internal/flowcommands","Test":"TestRootAppliedResultCannotBeRewritten"}
{"Time":"2026-10-05T10:23:14.628748227Z","Action":"output","Package":"github.com/Hubujiu/WeaveOS/services/bff/internal/flowcommands","Test":"TestRootAppliedResultCannotBeRewritten","Output":"=== RUN   TestRootAppliedResultCannotBeRewritten\n","OutputType":"frame"}
{"Time":"2026-10-05T10:23:14.629105536Z","Action":"output","Package":"github.com/Hubujiu/WeaveOS/services/bff/internal/flowcommands","Test":"TestRootAppliedResultCannotBeRewritten","Output":"--- PASS: TestRootAppliedResultCannotBeRewritten (0.00s)\n","OutputType":"frame"}
{"Time":"2026-10-05T10:23:14.629113217Z","Action":"pass","Package":"github.com/Hubujiu/WeaveOS/services/bff/internal/flowcommands","Test":"TestRootAppliedResultCannotBeRewritten","Elapsed":0}
{"Time":"2026-10-05T10:23:14.629116031Z","Action":"run","Package":"github.com/Hubujiu/WeaveOS/services/bff/internal/flowcommands","Test":"TestRootSequenceUpperBound"}
{"Time":"2026-10-05T10:23:14.629139336Z","Action":"output","Package":"github.com/Hubujiu/WeaveOS/services/bff/internal/flowcommands","Test":"TestRootSequenceUpperBound","Output":"=== RUN   TestRootSequenceUpperBound\n","OutputType":"frame"}
{"Time":"2026-10-05T10:23:14.62936539Z","Action":"output","Package":"github.com/Hubujiu/WeaveOS/services/bff/internal/flowcommands","Test":"TestRootSequenceUpperBound","Output":"--- PASS: TestRootSequenceUpperBound (0.00s)\n","OutputType":"frame"}
{"Time":"2026-10-05T10:23:14.629373462Z","Action":"pass","Package":"github.com/Hubujiu/WeaveOS/services/bff/internal/flowcommands","Test":"TestRootSequenceUpperBound","Elapsed":0}
{"Time":"2026-10-05T10:23:14.629376717Z","Action":"run","Package":"github.com/Hubujiu/WeaveOS/services/bff/internal/flowcommands","Test":"TestRootInvalidCommandCannotBeRescuedByReceipt"}
{"Time":"2026-10-05T10:23:14.62937894Z","Action":"output","Package":"github.com/Hubujiu/WeaveOS/services/bff/internal/flowcommands","Test":"TestRootInvalidCommandCannotBeRescuedByReceipt","Output":"=== RUN   TestRootInvalidCommandCannotBeRescuedByReceipt\n","OutputType":"frame"}
{"Time":"2026-10-05T10:23:14.630467952Z","Action":"output","Package":"github.com/Hubujiu/WeaveOS/services/bff/internal/flowcommands","Test":"TestRootInvalidCommandCannotBeRescuedByReceipt","Output":"--- PASS: TestRootInvalidCommandCannotBeRescuedByReceipt (0.00s)\n","OutputType":"frame"}
{"Time":"2026-10-05T10:23:14.630486139Z","Action":"pass","Package":"github.com/Hubujiu/WeaveOS/services/bff/internal/flowcommands","Test":"TestRootInvalidCommandCannotBeRescuedByReceipt","Elapsed":0}
{"Time":"2026-10-05T10:23:14.630494972Z","Action":"run","Package":"github.com/Hubujiu/WeaveOS/services/bff/internal/flowcommands","Test":"TestRootExecutionPayloadMatchesIndependentGoldenBytes"}
{"Time":"2026-10-05T10:23:14.630501612Z","Action":"output","Package":"github.com/Hubujiu/WeaveOS/services/bff/internal/flowcommands","Test":"TestRootExecutionPayloadMatchesIndependentGoldenBytes","Output":"=== RUN   TestRootExecutionPayloadMatchesIndependentGoldenBytes\n","OutputType":"frame"}
{"Time":"2026-10-05T10:23:14.630512909Z","Action":"run","Package":"github.com/Hubujiu/WeaveOS/services/bff/internal/flowcommands","Test":"TestRootExecutionPayloadMatchesIndependentGoldenBytes/payload_start"}
{"Time":"2026-10-05T10:23:14.630521001Z","Action":"output","Package":"github.com/Hubujiu/WeaveOS/services/bff/internal/flowcommands","Test":"TestRootExecutionPayloadMatchesIndependentGoldenBytes/payload_start","Output":"=== RUN   TestRootExecutionPayloadMatchesIndependentGoldenBytes/payload_start\n","OutputType":"frame"}
{"Time":"2026-10-05T10:23:14.630534992Z","Action":"output","Package":"github.com/Hubujiu/WeaveOS/services/bff/internal/flowcommands","Test":"TestRootExecutionPayloadMatchesIndependentGoldenBytes/payload_start","Output":"--- PASS: TestRootExecutionPayloadMatchesIndependentGoldenBytes/payload_start (0.00s)\n","OutputType":"frame"}
{"Time":"2026-10-05T10:23:14.630542232Z","Action":"pass","Package":"github.com/Hubujiu/WeaveOS/services/bff/internal/flowcommands","Test":"TestRootExecutionPayloadMatchesIndependentGoldenBytes/payload_start","Elapsed":0}
{"Time":"2026-10-05T10:23:14.630549173Z","Action":"run","Package":"github.com/Hubujiu/WeaveOS/services/bff/internal/flowcommands","Test":"TestRootExecutionPayloadMatchesIndependentGoldenBytes/payload_agree"}
{"Time":"2026-10-05T10:23:14.630555352Z","Action":"output","Package":"github.com/Hubujiu/WeaveOS/services/bff/internal/flowcommands","Test":"TestRootExecutionPayloadMatchesIndependentGoldenBytes/payload_agree","Output":"=== RUN   TestRootExecutionPayloadMatchesIndependentGoldenBytes/payload_agree\n","OutputType":"frame"}
{"Time":"2026-10-05T10:23:14.630563173Z","Action":"output","Package":"github.com/Hubujiu/WeaveOS/services/bff/internal/flowcommands","Test":"TestRootExecutionPayloadMatchesIndependentGoldenBytes/payload_agree","Output":"--- PASS: TestRootExecutionPayloadMatchesIndependentGoldenBytes/payload_agree (0.00s)\n","OutputType":"frame"}
{"Time":"2026-10-05T10:23:14.630569743Z","Action":"pass","Package":"github.com/Hubujiu/WeaveOS/services/bff/internal/flowcommands","Test":"TestRootExecutionPayloadMatchesIndependentGoldenBytes/payload_agree","Elapsed":0}
{"Time":"2026-10-05T10:23:14.630576433Z","Action":"run","Package":"github.com/Hubujiu/WeaveOS/services/bff/internal/flowcommands","Test":"TestRootExecutionPayloadMatchesIndependentGoldenBytes/payload_withdraw"}
{"Time":"2026-10-05T10:23:14.630582822Z","Action":"output","Package":"github.com/Hubujiu/WeaveOS/services/bff/internal/flowcommands","Test":"TestRootExecutionPayloadMatchesIndependentGoldenBytes/payload_withdraw","Output":"=== RUN   TestRootExecutionPayloadMatchesIndependentGoldenBytes/payload_withdraw\n","OutputType":"frame"}
{"Time":"2026-10-05T10:23:14.630590163Z","Action":"output","Package":"github.com/Hubujiu/WeaveOS/services/bff/internal/flowcommands","Test":"TestRootExecutionPayloadMatchesIndependentGoldenBytes/payload_withdraw","Output":"--- PASS: TestRootExecutionPayloadMatchesIndependentGoldenBytes/payload_withdraw (0.00s)\n","OutputType":"frame"}
{"Time":"2026-10-05T10:23:14.630597194Z","Action":"pass","Package":"github.com/Hubujiu/WeaveOS/services/bff/internal/flowcommands","Test":"TestRootExecutionPayloadMatchesIndependentGoldenBytes/payload_withdraw","Elapsed":0}
{"Time":"2026-10-05T10:23:14.630604254Z","Action":"output","Package":"github.com/Hubujiu/WeaveOS/services/bff/internal/flowcommands","Test":"TestRootExecutionPayloadMatchesIndependentGoldenBytes","Output":"--- PASS: TestRootExecutionPayloadMatchesIndependentGoldenBytes (0.00s)\n","OutputType":"frame"}
{"Time":"2026-10-05T10:23:14.630611555Z","Action":"pass","Package":"github.com/Hubujiu/WeaveOS/services/bff/internal/flowcommands","Test":"TestRootExecutionPayloadMatchesIndependentGoldenBytes","Elapsed":0}
{"Time":"2026-10-05T10:23:14.630617914Z","Action":"run","Package":"github.com/Hubujiu/WeaveOS/services/bff/internal/flowcommands","Test":"TestRootExecutionPayloadCanonicalizesWithoutMutatingCaller"}
{"Time":"2026-10-05T10:23:14.630624795Z","Action":"output","Package":"github.com/Hubujiu/WeaveOS/services/bff/internal/flowcommands","Test":"TestRootExecutionPayloadCanonicalizesWithoutMutatingCaller","Output":"=== RUN   TestRootExecutionPayloadCanonicalizesWithoutMutatingCaller\n","OutputType":"frame"}
{"Time":"2026-10-05T10:23:14.630895696Z","Action":"output","Package":"github.com/Hubujiu/WeaveOS/services/bff/internal/flowcommands","Test":"TestRootExecutionPayloadCanonicalizesWithoutMutatingCaller","Output":"--- PASS: TestRootExecutionPayloadCanonicalizesWithoutMutatingCaller (0.00s)\n","OutputType":"frame"}
{"Time":"2026-10-05T10:23:14.630910347Z","Action":"pass","Package":"github.com/Hubujiu/WeaveOS/services/bff/internal/flowcommands","Test":"TestRootExecutionPayloadCanonicalizesWithoutMutatingCaller","Elapsed":0}
{"Time":"2026-10-05T10:23:14.631023034Z","Action":"run","Package":"github.com/Hubujiu/WeaveOS/services/bff/internal/flowcommands","Test":"TestRootExecutionPayloadRejectsInvalidActionConfigurationAndIdentities"}
{"Time":"2026-10-05T10:23:14.63104704Z","Action":"output","Package":"github.com/Hubujiu/WeaveOS/services/bff/internal/flowcommands","Test":"TestRootExecutionPayloadRejectsInvalidActionConfigurationAndIdentities","Output":"=== RUN   TestRootExecutionPayloadRejectsInvalidActionConfigurationAndIdentities\n","OutputType":"frame"}
{"Time":"2026-10-05T10:23:14.632238603Z","Action":"output","Package":"github.com/Hubujiu/WeaveOS/services/bff/internal/flowcommands","Test":"TestRootExecutionPayloadRejectsInvalidActionConfigurationAndIdentities","Output":"--- PASS: TestRootExecutionPayloadRejectsInvalidActionConfigurationAndIdentities (0.00s)\n","OutputType":"frame"}
{"Time":"2026-10-05T10:23:14.632345411Z","Action":"pass","Package":"github.com/Hubujiu/WeaveOS/services/bff/internal/flowcommands","Test":"TestRootExecutionPayloadRejectsInvalidActionConfigurationAndIdentities","Elapsed":0}
{"Time":"2026-10-05T10:23:14.632360864Z","Action":"run","Package":"github.com/Hubujiu/WeaveOS/services/bff/internal/flowcommands","Test":"TestRootExecutionPayloadAllowsAllKnownNonstartActionsAndEmptyGraph"}
{"Time":"2026-10-05T10:23:14.632367294Z","Action":"output","Package":"github.com/Hubujiu/WeaveOS/services/bff/internal/flowcommands","Test":"TestRootExecutionPayloadAllowsAllKnownNonstartActionsAndEmptyGraph","Output":"=== RUN   TestRootExecutionPayloadAllowsAllKnownNonstartActionsAndEmptyGraph\n","OutputType":"frame"}
{"Time":"2026-10-05T10:23:14.632853263Z","Action":"output","Package":"github.com/Hubujiu/WeaveOS/services/bff/internal/flowcommands","Test":"TestRootExecutionPayloadAllowsAllKnownNonstartActionsAndEmptyGraph","Output":"--- PASS: TestRootExecutionPayloadAllowsAllKnownNonstartActionsAndEmptyGraph (0.00s)\n","OutputType":"frame"}
{"Time":"2026-10-05T10:23:14.632869077Z","Action":"pass","Package":"github.com/Hubujiu/WeaveOS/services/bff/internal/flowcommands","Test":"TestRootExecutionPayloadAllowsAllKnownNonstartActionsAndEmptyGraph","Elapsed":0}
{"Time":"2026-10-05T10:23:14.632935795Z","Action":"run","Package":"github.com/Hubujiu/WeaveOS/services/bff/internal/flowcommands","Test":"TestRootExecutionPayloadUpperBoundsRemainWithinProtocolLimit"}
{"Time":"2026-10-05T10:23:14.632943346Z","Action":"output","Package":"github.com/Hubujiu/WeaveOS/services/bff/internal/flowcommands","Test":"TestRootExecutionPayloadUpperBoundsRemainWithinProtocolLimit","Output":"=== RUN   TestRootExecutionPayloadUpperBoundsRemainWithinProtocolLimit\n","OutputType":"frame"}
{"Time":"2026-10-05T10:23:14.646187565Z","Action":"output","Package":"github.com/Hubujiu/WeaveOS/services/bff/internal/flowcommands","Test":"TestRootExecutionPayloadUpperBoundsRemainWithinProtocolLimit","Output":"--- PASS: TestRootExecutionPayloadUpperBoundsRemainWithinProtocolLimit (0.01s)\n","OutputType":"frame"}
{"Time":"2026-10-05T10:23:14.646233623Z","Action":"pass","Package":"github.com/Hubujiu/WeaveOS/services/bff/internal/flowcommands","Test":"TestRootExecutionPayloadUpperBoundsRemainWithinProtocolLimit","Elapsed":0.01}
{"Time":"2026-10-05T10:23:14.646262666Z","Action":"run","Package":"github.com/Hubujiu/WeaveOS/services/bff/internal/flowcommands","Test":"TestRootExecutionResultDecodesEveryFixedGoldenState"}
{"Time":"2026-10-05T10:23:14.646275005Z","Action":"output","Package":"github.com/Hubujiu/WeaveOS/services/bff/internal/flowcommands","Test":"TestRootExecutionResultDecodesEveryFixedGoldenState","Output":"=== RUN   TestRootExecutionResultDecodesEveryFixedGoldenState\n","OutputType":"frame"}
{"Time":"2026-10-05T10:23:14.646685422Z","Action":"run","Package":"github.com/Hubujiu/WeaveOS/services/bff/internal/flowcommands","Test":"TestRootExecutionResultDecodesEveryFixedGoldenState/active"}
{"Time":"2026-10-05T10:23:14.646752631Z","Action":"output","Package":"github.com/Hubujiu/WeaveOS/services/bff/internal/flowcommands","Test":"TestRootExecutionResultDecodesEveryFixedGoldenState/active","Output":"=== RUN   TestRootExecutionResultDecodesEveryFixedGoldenState/active\n","OutputType":"frame"}
{"Time":"2026-10-05T10:23:14.646955322Z","Action":"output","Package":"github.com/Hubujiu/WeaveOS/services/bff/internal/flowcommands","Test":"TestRootExecutionResultDecodesEveryFixedGoldenState/active","Output":"--- PASS: TestRootExecutionResultDecodesEveryFixedGoldenState/active (0.00s)\n","OutputType":"frame"}
{"Time":"2026-10-05T10:23:14.646976833Z","Action":"pass","Package":"github.com/Hubujiu/WeaveOS/services/bff/internal/flowcommands","Test":"TestRootExecutionResultDecodesEveryFixedGoldenState/active","Elapsed":0}
{"Time":"2026-10-05T10:23:14.648185182Z","Action":"run","Package":"github.com/Hubujiu/WeaveOS/services/bff/internal/flowcommands","Test":"TestRootExecutionResultDecodesEveryFixedGoldenState/completed"}
{"Time":"2026-10-05T10:23:14.64819755Z","Action":"output","Package":"github.com/Hubujiu/WeaveOS/services/bff/internal/flowcommands","Test":"TestRootExecutionResultDecodesEveryFixedGoldenState/completed","Output":"=== RUN   TestRootExecutionResultDecodesEveryFixedGoldenState/completed\n","OutputType":"frame"}
{"Time":"2026-10-05T10:23:14.648909885Z","Action":"output","Package":"github.com/Hubujiu/WeaveOS/services/bff/internal/flowcommands","Test":"TestRootExecutionResultDecodesEveryFixedGoldenState/completed","Output":"--- PASS: TestRootExecutionResultDecodesEveryFixedGoldenState/completed (0.00s)\n","OutputType":"frame"}
{"Time":"2026-10-05T10:23:14.648921051Z","Action":"pass","Package":"github.com/Hubujiu/WeaveOS/services/bff/internal/flowcommands","Test":"TestRootExecutionResultDecodesEveryFixedGoldenState/completed","Elapsed":0}
{"Time":"2026-10-05T10:23:14.648926739Z","Action":"run","Package":"github.com/Hubujiu/WeaveOS/services/bff/internal/flowcommands","Test":"TestRootExecutionResultDecodesEveryFixedGoldenState/rejected"}
{"Time":"2026-10-05T10:23:14.648936354Z","Action":"output","Package":"github.com/Hubujiu/WeaveOS/services/bff/internal/flowcommands","Test":"TestRootExecutionResultDecodesEveryFixedGoldenState/rejected","Output":"=== RUN   TestRootExecutionResultDecodesEveryFixedGoldenState/rejected\n","OutputType":"frame"}
{"Time":"2026-10-05T10:23:14.648942162Z","Action":"output","Package":"github.com/Hubujiu/WeaveOS/services/bff/internal/flowcommands","Test":"TestRootExecutionResultDecodesEveryFixedGoldenState/rejected","Output":"--- PASS: TestRootExecutionResultDecodesEveryFixedGoldenState/rejected (0.00s)\n","OutputType":"frame"}
{"Time":"2026-10-05T10:23:14.64894762Z","Action":"pass","Package":"github.com/Hubujiu/WeaveOS/services/bff/internal/flowcommands","Test":"TestRootExecutionResultDecodesEveryFixedGoldenState/rejected","Elapsed":0}
{"Time":"2026-10-05T10:23:14.648952468Z","Action":"run","Package":"github.com/Hubujiu/WeaveOS/services/bff/internal/flowcommands","Test":"TestRootExecutionResultDecodesEveryFixedGoldenState/withdrawn"}
{"Time":"2026-10-05T10:23:14.648957525Z","Action":"output","Package":"github.com/Hubujiu/WeaveOS/services/bff/internal/flowcommands","Test":"TestRootExecutionResultDecodesEveryFixedGoldenState/withdrawn","Output":"=== RUN   TestRootExecutionResultDecodesEveryFixedGoldenState/withdrawn\n","OutputType":"frame"}
{"Time":"2026-10-05T10:23:14.649050813Z","Action":"output","Package":"github.com/Hubujiu/WeaveOS/services/bff/internal/flowcommands","Test":"TestRootExecutionResultDecodesEveryFixedGoldenState/withdrawn","Output":"--- PASS: TestRootExecutionResultDecodesEveryFixedGoldenState/withdrawn (0.00s)\n","OutputType":"frame"}
{"Time":"2026-10-05T10:23:14.649054088Z","Action":"pass","Package":"github.com/Hubujiu/WeaveOS/services/bff/internal/flowcommands","Test":"TestRootExecutionResultDecodesEveryFixedGoldenState/withdrawn","Elapsed":0}
{"Time":"2026-10-05T10:23:14.649055841Z","Action":"run","Package":"github.com/Hubujiu/WeaveOS/services/bff/internal/flowcommands","Test":"TestRootExecutionResultDecodesEveryFixedGoldenState/no_effect"}
{"Time":"2026-10-05T10:23:14.649071394Z","Action":"output","Package":"github.com/Hubujiu/WeaveOS/services/bff/internal/flowcommands","Test":"TestRootExecutionResultDecodesEveryFixedGoldenState/no_effect","Output":"=== RUN   TestRootExecutionResultDecodesEveryFixedGoldenState/no_effect\n","OutputType":"frame"}
{"Time":"2026-10-05T10:23:14.649167035Z","Action":"output","Package":"github.com/Hubujiu/WeaveOS/services/bff/internal/flowcommands","Test":"TestRootExecutionResultDecodesEveryFixedGoldenState/no_effect","Output":"--- PASS: TestRootExecutionResultDecodesEveryFixedGoldenState/no_effect (0.00s)\n","OutputType":"frame"}
{"Time":"2026-10-05T10:23:14.649194546Z","Action":"pass","Package":"github.com/Hubujiu/WeaveOS/services/bff/internal/flowcommands","Test":"TestRootExecutionResultDecodesEveryFixedGoldenState/no_effect","Elapsed":0}
{"Time":"2026-10-05T10:23:14.64924454Z","Action":"output","Package":"github.com/Hubujiu/WeaveOS/services/bff/internal/flowcommands","Test":"TestRootExecutionResultDecodesEveryFixedGoldenState","Output":"--- PASS: TestRootExecutionResultDecodesEveryFixedGoldenState (0.00s)\n","OutputType":"frame"}
{"Time":"2026-10-05T10:23:14.649314323Z","Action":"pass","Package":"github.com/Hubujiu/WeaveOS/services/bff/internal/flowcommands","Test":"TestRootExecutionResultDecodesEveryFixedGoldenState","Elapsed":0}
{"Time":"2026-10-05T10:23:14.649320372Z","Action":"run","Package":"github.com/Hubujiu/WeaveOS/services/bff/internal/flowcommands","Test":"TestRootExecutionResultValidatesExistingReceiptBindingsAndSequence"}
{"Time":"2026-10-05T10:23:14.649325059Z","Action":"output","Package":"github.com/Hubujiu/WeaveOS/services/bff/internal/flowcommands","Test":"TestRootExecutionResultValidatesExistingReceiptBindingsAndSequence","Output":"=== RUN   TestRootExecutionResultValidatesExistingReceiptBindingsAndSequence\n","OutputType":"frame"}
{"Time":"2026-10-05T10:23:14.649890917Z","Action":"output","Package":"github.com/Hubujiu/WeaveOS/services/bff/internal/flowcommands","Test":"TestRootExecutionResultValidatesExistingReceiptBindingsAndSequence","Output":"--- PASS: TestRootExecutionResultValidatesExistingReceiptBindingsAndSequence (0.00s)\n","OutputType":"frame"}
{"Time":"2026-10-05T10:23:14.649973088Z","Action":"pass","Package":"github.com/Hubujiu/WeaveOS/services/bff/internal/flowcommands","Test":"TestRootExecutionResultValidatesExistingReceiptBindingsAndSequence","Elapsed":0}
{"Time":"2026-10-05T10:23:14.649984896Z","Action":"run","Package":"github.com/Hubujiu/WeaveOS/services/bff/internal/flowcommands","Test":"TestRootExecutionResultRejectsEvenAValidLegacyV1Command"}
{"Time":"2026-10-05T10:23:14.649989713Z","Action":"output","Package":"github.com/Hubujiu/WeaveOS/services/bff/internal/flowcommands","Test":"TestRootExecutionResultRejectsEvenAValidLegacyV1Command","Output":"=== RUN   TestRootExecutionResultRejectsEvenAValidLegacyV1Command\n","OutputType":"frame"}
{"Time":"2026-10-05T10:23:14.650484876Z","Action":"output","Package":"github.com/Hubujiu/WeaveOS/services/bff/internal/flowcommands","Test":"TestRootExecutionResultRejectsEvenAValidLegacyV1Command","Output":"--- PASS: TestRootExecutionResultRejectsEvenAValidLegacyV1Command (0.00s)\n","OutputType":"frame"}
{"Time":"2026-10-05T10:23:14.650490594Z","Action":"pass","Package":"github.com/Hubujiu/WeaveOS/services/bff/internal/flowcommands","Test":"TestRootExecutionResultRejectsEvenAValidLegacyV1Command","Elapsed":0}
{"Time":"2026-10-05T10:23:14.650497324Z","Action":"run","Package":"github.com/Hubujiu/WeaveOS/services/bff/internal/flowcommands","Test":"TestRootExecutionResultRejectsEveryTruncationTailPrefixAndOversize"}
{"Time":"2026-10-05T10:23:14.650499017Z","Action":"output","Package":"github.com/Hubujiu/WeaveOS/services/bff/internal/flowcommands","Test":"TestRootExecutionResultRejectsEveryTruncationTailPrefixAndOversize","Output":"=== RUN   TestRootExecutionResultRejectsEveryTruncationTailPrefixAndOversize\n","OutputType":"frame"}
{"Time":"2026-10-05T10:23:14.657537905Z","Action":"output","Package":"github.com/Hubujiu/WeaveOS/services/bff/internal/flowcommands","Test":"TestRootExecutionResultRejectsEveryTruncationTailPrefixAndOversize","Output":"--- PASS: TestRootExecutionResultRejectsEveryTruncationTailPrefixAndOversize (0.01s)\n","OutputType":"frame"}
{"Time":"2026-10-05T10:23:14.657551385Z","Action":"pass","Package":"github.com/Hubujiu/WeaveOS/services/bff/internal/flowcommands","Test":"TestRootExecutionResultRejectsEveryTruncationTailPrefixAndOversize","Elapsed":0.01}
{"Time":"2026-10-05T10:23:14.657555001Z","Action":"run","Package":"github.com/Hubujiu/WeaveOS/services/bff/internal/flowcommands","Test":"TestRootExecutionResultRejectsInvalidTaskSetsAndStateShape"}
{"Time":"2026-10-05T10:23:14.657556713Z","Action":"output","Package":"github.com/Hubujiu/WeaveOS/services/bff/internal/flowcommands","Test":"TestRootExecutionResultRejectsInvalidTaskSetsAndStateShape","Output":"=== RUN   TestRootExecutionResultRejectsInvalidTaskSetsAndStateShape\n","OutputType":"frame"}
{"Time":"2026-10-05T10:23:14.658600648Z","Action":"output","Package":"github.com/Hubujiu/WeaveOS/services/bff/internal/flowcommands","Test":"TestRootExecutionResultRejectsInvalidTaskSetsAndStateShape","Output":"--- PASS: TestRootExecutionResultRejectsInvalidTaskSetsAndStateShape (0.00s)\n","OutputType":"frame"}
{"Time":"2026-10-05T10:23:14.658605616Z","Action":"pass","Package":"github.com/Hubujiu/WeaveOS/services/bff/internal/flowcommands","Test":"TestRootExecutionResultRejectsInvalidTaskSetsAndStateShape","Elapsed":0}
{"Time":"2026-10-05T10:23:14.658607989Z","Action":"run","Package":"github.com/Hubujiu/WeaveOS/services/bff/internal/flowcommands","Test":"TestRootExecutionResultRejectsLengthBombsBeforeAllocation"}
{"Time":"2026-10-05T10:23:14.658622951Z","Action":"output","Package":"github.com/Hubujiu/WeaveOS/services/bff/internal/flowcommands","Test":"TestRootExecutionResultRejectsLengthBombsBeforeAllocation","Output":"=== RUN   TestRootExecutionResultRejectsLengthBombsBeforeAllocation\n","OutputType":"frame"}
{"Time":"2026-10-05T10:23:14.65918301Z","Action":"output","Package":"github.com/Hubujiu/WeaveOS/services/bff/internal/flowcommands","Test":"TestRootExecutionResultRejectsLengthBombsBeforeAllocation","Output":"--- PASS: TestRootExecutionResultRejectsLengthBombsBeforeAllocation (0.00s)\n","OutputType":"frame"}
{"Time":"2026-10-05T10:23:14.659220366Z","Action":"pass","Package":"github.com/Hubujiu/WeaveOS/services/bff/internal/flowcommands","Test":"TestRootExecutionResultRejectsLengthBombsBeforeAllocation","Elapsed":0}
{"Time":"2026-10-05T10:23:14.659227196Z","Action":"run","Package":"github.com/Hubujiu/WeaveOS/services/bff/internal/flowcommands","Test":"TestRootExecutionResultRequiresOutcomeAndStateAgreement"}
{"Time":"2026-10-05T10:23:14.659232003Z","Action":"output","Package":"github.com/Hubujiu/WeaveOS/services/bff/internal/flowcommands","Test":"TestRootExecutionResultRequiresOutcomeAndStateAgreement","Output":"=== RUN   TestRootExecutionResultRequiresOutcomeAndStateAgreement\n","OutputType":"frame"}
{"Time":"2026-10-05T10:23:14.659758122Z","Action":"output","Package":"github.com/Hubujiu/WeaveOS/services/bff/internal/flowcommands","Test":"TestRootExecutionResultRequiresOutcomeAndStateAgreement","Output":"--- PASS: TestRootExecutionResultRequiresOutcomeAndStateAgreement (0.00s)\n","OutputType":"frame"}
{"Time":"2026-10-05T10:23:14.659769288Z","Action":"pass","Package":"github.com/Hubujiu/WeaveOS/services/bff/internal/flowcommands","Test":"TestRootExecutionResultRequiresOutcomeAndStateAgreement","Elapsed":0}
{"Time":"2026-10-05T10:23:14.659794115Z","Action":"run","Package":"github.com/Hubujiu/WeaveOS/services/bff/internal/flowcommands","Test":"TestRootExecutionResultAllowsOnlyFrozenNoEffectReasons"}
{"Time":"2026-10-05T10:23:14.659805922Z","Action":"output","Package":"github.com/Hubujiu/WeaveOS/services/bff/internal/flowcommands","Test":"TestRootExecutionResultAllowsOnlyFrozenNoEffectReasons","Output":"=== RUN   TestRootExecutionResultAllowsOnlyFrozenNoEffectReasons\n","OutputType":"frame"}
{"Time":"2026-10-05T10:23:14.660363863Z","Action":"output","Package":"github.com/Hubujiu/WeaveOS/services/bff/internal/flowcommands","Test":"TestRootExecutionResultAllowsOnlyFrozenNoEffectReasons","Output":"--- PASS: TestRootExecutionResultAllowsOnlyFrozenNoEffectReasons (0.00s)\n","OutputType":"frame"}
{"Time":"2026-10-05T10:23:14.660380488Z","Action":"pass","Package":"github.com/Hubujiu/WeaveOS/services/bff/internal/flowcommands","Test":"TestRootExecutionResultAllowsOnlyFrozenNoEffectReasons","Elapsed":0}
{"Time":"2026-10-05T10:23:14.66040861Z","Action":"run","Package":"github.com/Hubujiu/WeaveOS/services/bff/internal/flowcommands","Test":"TestRootExecutionResultDoesNotAliasInputOrOtherDecodeResults"}
{"Time":"2026-10-05T10:23:14.660414158Z","Action":"output","Package":"github.com/Hubujiu/WeaveOS/services/bff/internal/flowcommands","Test":"TestRootExecutionResultDoesNotAliasInputOrOtherDecodeResults","Output":"=== RUN   TestRootExecutionResultDoesNotAliasInputOrOtherDecodeResults\n","OutputType":"frame"}
{"Time":"2026-10-05T10:23:14.660941208Z","Action":"output","Package":"github.com/Hubujiu/WeaveOS/services/bff/internal/flowcommands","Test":"TestRootExecutionResultDoesNotAliasInputOrOtherDecodeResults","Output":"--- PASS: TestRootExecutionResultDoesNotAliasInputOrOtherDecodeResults (0.00s)\n","OutputType":"frame"}
{"Time":"2026-10-05T10:23:14.66094962Z","Action":"pass","Package":"github.com/Hubujiu/WeaveOS/services/bff/internal/flowcommands","Test":"TestRootExecutionResultDoesNotAliasInputOrOtherDecodeResults","Elapsed":0}
{"Time":"2026-10-05T10:23:14.660994437Z","Action":"run","Package":"github.com/Hubujiu/WeaveOS/services/bff/internal/flowcommands","Test":"TestRootExecutionResultBoundsTaskCount"}
{"Time":"2026-10-05T10:23:14.660999494Z","Action":"output","Package":"github.com/Hubujiu/WeaveOS/services/bff/internal/flowcommands","Test":"TestRootExecutionResultBoundsTaskCount","Output":"=== RUN   TestRootExecutionResultBoundsTaskCount\n","OutputType":"frame"}
{"Time":"2026-10-05T10:23:14.662519805Z","Action":"output","Package":"github.com/Hubujiu/WeaveOS/services/bff/internal/flowcommands","Test":"TestRootExecutionResultBoundsTaskCount","Output":"--- PASS: TestRootExecutionResultBoundsTaskCount (0.00s)\n","OutputType":"frame"}
{"Time":"2026-10-05T10:23:14.66253045Z","Action":"pass","Package":"github.com/Hubujiu/WeaveOS/services/bff/internal/flowcommands","Test":"TestRootExecutionResultBoundsTaskCount","Elapsed":0}
{"Time":"2026-10-05T10:23:14.662538222Z","Action":"run","Package":"github.com/Hubujiu/WeaveOS/services/bff/internal/flowcommands","Test":"TestRootV2LedgerRoundTripAndExactTerminalReplay"}
{"Time":"2026-10-05T10:23:14.66254348Z","Action":"output","Package":"github.com/Hubujiu/WeaveOS/services/bff/internal/flowcommands","Test":"TestRootV2LedgerRoundTripAndExactTerminalReplay","Output":"=== RUN   TestRootV2LedgerRoundTripAndExactTerminalReplay\n","OutputType":"frame"}
{"Time":"2026-10-05T10:23:14.689092807Z","Action":"output","Package":"github.com/Hubujiu/WeaveOS/services/bff/internal/flowcommands","Test":"TestRootV2LedgerRoundTripAndExactTerminalReplay","Output":"--- PASS: TestRootV2LedgerRoundTripAndExactTerminalReplay (0.03s)\n","OutputType":"frame"}
{"Time":"2026-10-05T10:23:14.689123642Z","Action":"pass","Package":"github.com/Hubujiu/WeaveOS/services/bff/internal/flowcommands","Test":"TestRootV2LedgerRoundTripAndExactTerminalReplay","Elapsed":0.03}
{"Time":"2026-10-05T10:23:14.689129661Z","Action":"run","Package":"github.com/Hubujiu/WeaveOS/services/bff/internal/flowcommands","Test":"TestRootV2LedgerBindingConflictKeepsOriginal"}
{"Time":"2026-10-05T10:23:14.689132866Z","Action":"output","Package":"github.com/Hubujiu/WeaveOS/services/bff/internal/flowcommands","Test":"TestRootV2LedgerBindingConflictKeepsOriginal","Output":"=== RUN   TestRootV2LedgerBindingConflictKeepsOriginal\n","OutputType":"frame"}
{"Time":"2026-10-05T10:23:14.710844282Z","Action":"output","Package":"github.com/Hubujiu/WeaveOS/services/bff/internal/flowcommands","Test":"TestRootV2LedgerBindingConflictKeepsOriginal","Output":"--- PASS: TestRootV2LedgerBindingConflictKeepsOriginal (0.02s)\n","OutputType":"frame"}
{"Time":"2026-10-05T10:23:14.710932173Z","Action":"pass","Package":"github.com/Hubujiu/WeaveOS/services/bff/internal/flowcommands","Test":"TestRootV2LedgerBindingConflictKeepsOriginal","Elapsed":0.02}
{"Time":"2026-10-05T10:23:14.710939103Z","Action":"run","Package":"github.com/Hubujiu/WeaveOS/services/bff/internal/flowcommands","Test":"TestRootV2LedgerProjectionFailureRollsBack"}
{"Time":"2026-10-05T10:23:14.710942227Z","Action":"output","Package":"github.com/Hubujiu/WeaveOS/services/bff/internal/flowcommands","Test":"TestRootV2LedgerProjectionFailureRollsBack","Output":"=== RUN   TestRootV2LedgerProjectionFailureRollsBack\n","OutputType":"frame"}
{"Time":"2026-10-05T10:23:14.728488439Z","Action":"output","Package":"github.com/Hubujiu/WeaveOS/services/bff/internal/flowcommands","Test":"TestRootV2LedgerProjectionFailureRollsBack","Output":"--- PASS: TestRootV2LedgerProjectionFailureRollsBack (0.02s)\n","OutputType":"frame"}
{"Time":"2026-10-05T10:23:14.728512925Z","Action":"pass","Package":"github.com/Hubujiu/WeaveOS/services/bff/internal/flowcommands","Test":"TestRootV2LedgerProjectionFailureRollsBack","Elapsed":0.02}
{"Time":"2026-10-05T10:23:14.728517722Z","Action":"run","Package":"github.com/Hubujiu/WeaveOS/services/bff/internal/flowcommands","Test":"TestRootFormalMigrationDownSeesConcurrentAcceptedHistory"}
{"Time":"2026-10-05T10:23:14.728519875Z","Action":"output","Package":"github.com/Hubujiu/WeaveOS/services/bff/internal/flowcommands","Test":"TestRootFormalMigrationDownSeesConcurrentAcceptedHistory","Output":"=== RUN   TestRootFormalMigrationDownSeesConcurrentAcceptedHistory\n","OutputType":"frame"}
{"Time":"2026-10-05T10:23:14.760274081Z","Action":"output","Package":"github.com/Hubujiu/WeaveOS/services/bff/internal/flowcommands","Test":"TestRootFormalMigrationDownSeesConcurrentAcceptedHistory","Output":"--- PASS: TestRootFormalMigrationDownSeesConcurrentAcceptedHistory (0.03s)\n","OutputType":"frame"}
{"Time":"2026-10-05T10:23:14.760372868Z","Action":"pass","Package":"github.com/Hubujiu/WeaveOS/services/bff/internal/flowcommands","Test":"TestRootFormalMigrationDownSeesConcurrentAcceptedHistory","Elapsed":0.03}
{"Time":"2026-10-05T10:23:14.76038817Z","Action":"run","Package":"github.com/Hubujiu/WeaveOS/services/bff/internal/flowcommands","Test":"TestRootV2CanonicalGoldenVectors"}
{"Time":"2026-10-05T10:23:14.760427929Z","Action":"output","Package":"github.com/Hubujiu/WeaveOS/services/bff/internal/flowcommands","Test":"TestRootV2CanonicalGoldenVectors","Output":"=== RUN   TestRootV2CanonicalGoldenVectors\n","OutputType":"frame"}
{"Time":"2026-10-05T10:23:14.76108364Z","Action":"run","Package":"github.com/Hubujiu/WeaveOS/services/bff/internal/flowcommands","Test":"TestRootV2CanonicalGoldenVectors/legacy_v1"}
{"Time":"2026-10-05T10:23:14.761109628Z","Action":"output","Package":"github.com/Hubujiu/WeaveOS/services/bff/internal/flowcommands","Test":"TestRootV2CanonicalGoldenVectors/legacy_v1","Output":"=== RUN   TestRootV2CanonicalGoldenVectors/legacy_v1\n","OutputType":"frame"}
{"Time":"2026-10-05T10:23:14.761248754Z","Action":"output","Package":"github.com/Hubujiu/WeaveOS/services/bff/internal/flowcommands","Test":"TestRootV2CanonicalGoldenVectors/legacy_v1","Output":"--- PASS: TestRootV2CanonicalGoldenVectors/legacy_v1 (0.00s)\n","OutputType":"frame"}
{"Time":"2026-10-05T10:23:14.761264998Z","Action":"pass","Package":"github.com/Hubujiu/WeaveOS/services/bff/internal/flowcommands","Test":"TestRootV2CanonicalGoldenVectors/legacy_v1","Elapsed":0}
{"Time":"2026-10-05T10:23:14.761271388Z","Action":"run","Package":"github.com/Hubujiu/WeaveOS/services/bff/internal/flowcommands","Test":"TestRootV2CanonicalGoldenVectors/v2_agree"}
{"Time":"2026-10-05T10:23:14.761337465Z","Action":"output","Package":"github.com/Hubujiu/WeaveOS/services/bff/internal/flowcommands","Test":"TestRootV2CanonicalGoldenVectors/v2_agree","Output":"=== RUN   TestRootV2CanonicalGoldenVectors/v2_agree\n","OutputType":"frame"}
{"Time":"2026-10-05T10:23:14.761365317Z","Action":"output","Package":"github.com/Hubujiu/WeaveOS/services/bff/internal/flowcommands","Test":"TestRootV2CanonicalGoldenVectors/v2_agree","Output":"--- PASS: TestRootV2CanonicalGoldenVectors/v2_agree (0.00s)\n","OutputType":"frame"}
{"Time":"2026-10-05T10:23:14.761371085Z","Action":"pass","Package":"github.com/Hubujiu/WeaveOS/services/bff/internal/flowcommands","Test":"TestRootV2CanonicalGoldenVectors/v2_agree","Elapsed":0}
{"Time":"2026-10-05T10:23:14.76138782Z","Action":"run","Package":"github.com/Hubujiu/WeaveOS/services/bff/internal/flowcommands","Test":"TestRootV2CanonicalGoldenVectors/v2_reject"}
{"Time":"2026-10-05T10:23:14.761392237Z","Action":"output","Package":"github.com/Hubujiu/WeaveOS/services/bff/internal/flowcommands","Test":"TestRootV2CanonicalGoldenVectors/v2_reject","Output":"=== RUN   TestRootV2CanonicalGoldenVectors/v2_reject\n","OutputType":"frame"}
{"Time":"2026-10-05T10:23:14.761398085Z","Action":"output","Package":"github.com/Hubujiu/WeaveOS/services/bff/internal/flowcommands","Test":"TestRootV2CanonicalGoldenVectors/v2_reject","Output":"--- PASS: TestRootV2CanonicalGoldenVectors/v2_reject (0.00s)\n","OutputType":"frame"}
{"Time":"2026-10-05T10:23:14.761431154Z","Action":"pass","Package":"github.com/Hubujiu/WeaveOS/services/bff/internal/flowcommands","Test":"TestRootV2CanonicalGoldenVectors/v2_reject","Elapsed":0}
{"Time":"2026-10-05T10:23:14.761436893Z","Action":"run","Package":"github.com/Hubujiu/WeaveOS/services/bff/internal/flowcommands","Test":"TestRootV2CanonicalGoldenVectors/v2_start"}
{"Time":"2026-10-05T10:23:14.76144182Z","Action":"output","Package":"github.com/Hubujiu/WeaveOS/services/bff/internal/flowcommands","Test":"TestRootV2CanonicalGoldenVectors/v2_start","Output":"=== RUN   TestRootV2CanonicalGoldenVectors/v2_start\n","OutputType":"frame"}
{"Time":"2026-10-05T10:23:14.761446897Z","Action":"output","Package":"github.com/Hubujiu/WeaveOS/services/bff/internal/flowcommands","Test":"TestRootV2CanonicalGoldenVectors/v2_start","Output":"--- PASS: TestRootV2CanonicalGoldenVectors/v2_start (0.00s)\n","OutputType":"frame"}
{"Time":"2026-10-05T10:23:14.761490081Z","Action":"pass","Package":"github.com/Hubujiu/WeaveOS/services/bff/internal/flowcommands","Test":"TestRootV2CanonicalGoldenVectors/v2_start","Elapsed":0}
{"Time":"2026-10-05T10:23:14.76152272Z","Action":"run","Package":"github.com/Hubujiu/WeaveOS/services/bff/internal/flowcommands","Test":"TestRootV2CanonicalGoldenVectors/v2_withdraw"}
{"Time":"2026-10-05T10:23:14.761527617Z","Action":"output","Package":"github.com/Hubujiu/WeaveOS/services/bff/internal/flowcommands","Test":"TestRootV2CanonicalGoldenVectors/v2_withdraw","Output":"=== RUN   TestRootV2CanonicalGoldenVectors/v2_withdraw\n","OutputType":"frame"}
{"Time":"2026-10-05T10:23:14.761710578Z","Action":"output","Package":"github.com/Hubujiu/WeaveOS/services/bff/internal/flowcommands","Test":"TestRootV2CanonicalGoldenVectors/v2_withdraw","Output":"--- PASS: TestRootV2CanonicalGoldenVectors/v2_withdraw (0.00s)\n","OutputType":"frame"}
{"Time":"2026-10-05T10:23:14.761842092Z","Action":"pass","Package":"github.com/Hubujiu/WeaveOS/services/bff/internal/flowcommands","Test":"TestRootV2CanonicalGoldenVectors/v2_withdraw","Elapsed":0}
{"Time":"2026-10-05T10:23:14.761848342Z","Action":"run","Package":"github.com/Hubujiu/WeaveOS/services/bff/internal/flowcommands","Test":"TestRootV2CanonicalGoldenVectors/v2_return"}
{"Time":"2026-10-05T10:23:14.761853059Z","Action":"output","Package":"github.com/Hubujiu/WeaveOS/services/bff/internal/flowcommands","Test":"TestRootV2CanonicalGoldenVectors/v2_return","Output":"=== RUN   TestRootV2CanonicalGoldenVectors/v2_return\n","OutputType":"frame"}
{"Time":"2026-10-05T10:23:14.762062899Z","Action":"output","Package":"github.com/Hubujiu/WeaveOS/services/bff/internal/flowcommands","Test":"TestRootV2CanonicalGoldenVectors/v2_return","Output":"--- PASS: TestRootV2CanonicalGoldenVectors/v2_return (0.00s)\n","OutputType":"frame"}
{"Time":"2026-10-05T10:23:14.762082458Z","Action":"pass","Package":"github.com/Hubujiu/WeaveOS/services/bff/internal/flowcommands","Test":"TestRootV2CanonicalGoldenVectors/v2_return","Elapsed":0}
{"Time":"2026-10-05T10:23:14.762233482Z","Action":"output","Package":"github.com/Hubujiu/WeaveOS/services/bff/internal/flowcommands","Test":"TestRootV2CanonicalGoldenVectors","Output":"--- PASS: TestRootV2CanonicalGoldenVectors (0.00s)\n","OutputType":"frame"}
{"Time":"2026-10-05T10:23:14.76224572Z","Action":"pass","Package":"github.com/Hubujiu/WeaveOS/services/bff/internal/flowcommands","Test":"TestRootV2CanonicalGoldenVectors","Elapsed":0}
{"Time":"2026-10-05T10:23:14.762315964Z","Action":"run","Package":"github.com/Hubujiu/WeaveOS/services/bff/internal/flowcommands","Test":"TestRootV2EveryBindingChangesFingerprint"}
{"Time":"2026-10-05T10:23:14.762322153Z","Action":"output","Package":"github.com/Hubujiu/WeaveOS/services/bff/internal/flowcommands","Test":"TestRootV2EveryBindingChangesFingerprint","Output":"=== RUN   TestRootV2EveryBindingChangesFingerprint\n","OutputType":"frame"}
{"Time":"2026-10-05T10:23:14.762450223Z","Action":"run","Package":"github.com/Hubujiu/WeaveOS/services/bff/internal/flowcommands","Test":"TestRootV2EveryBindingChangesFingerprint/0"}
{"Time":"2026-10-05T10:23:14.762456251Z","Action":"output","Package":"github.com/Hubujiu/WeaveOS/services/bff/internal/flowcommands","Test":"TestRootV2EveryBindingChangesFingerprint/0","Output":"=== RUN   TestRootV2EveryBindingChangesFingerprint/0\n","OutputType":"frame"}
{"Time":"2026-10-05T10:23:14.762585603Z","Action":"output","Package":"github.com/Hubujiu/WeaveOS/services/bff/internal/flowcommands","Test":"TestRootV2EveryBindingChangesFingerprint/0","Output":"--- PASS: TestRootV2EveryBindingChangesFingerprint/0 (0.00s)\n","OutputType":"frame"}
{"Time":"2026-10-05T10:23:14.762649788Z","Action":"pass","Package":"github.com/Hubujiu/WeaveOS/services/bff/internal/flowcommands","Test":"TestRootV2EveryBindingChangesFingerprint/0","Elapsed":0}
{"Time":"2026-10-05T10:23:14.762762925Z","Action":"run","Package":"github.com/Hubujiu/WeaveOS/services/bff/internal/flowcommands","Test":"TestRootV2EveryBindingChangesFingerprint/1"}
{"Time":"2026-10-05T10:23:14.762783926Z","Action":"output","Package":"github.com/Hubujiu/WeaveOS/services/bff/internal/flowcommands","Test":"TestRootV2EveryBindingChangesFingerprint/1","Output":"=== RUN   TestRootV2EveryBindingChangesFingerprint/1\n","OutputType":"frame"}
{"Time":"2026-10-05T10:23:14.762889403Z","Action":"output","Package":"github.com/Hubujiu/WeaveOS/services/bff/internal/flowcommands","Test":"TestRootV2EveryBindingChangesFingerprint/1","Output":"--- PASS: TestRootV2EveryBindingChangesFingerprint/1 (0.00s)\n","OutputType":"frame"}
{"Time":"2026-10-05T10:23:14.762983191Z","Action":"pass","Package":"github.com/Hubujiu/WeaveOS/services/bff/internal/flowcommands","Test":"TestRootV2EveryBindingChangesFingerprint/1","Elapsed":0}
{"Time":"2026-10-05T10:23:14.76298913Z","Action":"run","Package":"github.com/Hubujiu/WeaveOS/services/bff/internal/flowcommands","Test":"TestRootV2EveryBindingChangesFingerprint/2"}
{"Time":"2026-10-05T10:23:14.762993707Z","Action":"output","Package":"github.com/Hubujiu/WeaveOS/services/bff/internal/flowcommands","Test":"TestRootV2EveryBindingChangesFingerprint/2","Output":"=== RUN   TestRootV2EveryBindingChangesFingerprint/2\n","OutputType":"frame"}
{"Time":"2026-10-05T10:23:14.763041518Z","Action":"output","Package":"github.com/Hubujiu/WeaveOS/services/bff/internal/flowcommands","Test":"TestRootV2EveryBindingChangesFingerprint/2","Output":"--- PASS: TestRootV2EveryBindingChangesFingerprint/2 (0.00s)\n","OutputType":"frame"}
{"Time":"2026-10-05T10:23:14.763081587Z","Action":"pass","Package":"github.com/Hubujiu/WeaveOS/services/bff/internal/flowcommands","Test":"TestRootV2EveryBindingChangesFingerprint/2","Elapsed":0}
{"Time":"2026-10-05T10:23:14.763099033Z","Action":"run","Package":"github.com/Hubujiu/WeaveOS/services/bff/internal/flowcommands","Test":"TestRootV2EveryBindingChangesFingerprint/3"}
{"Time":"2026-10-05T10:23:14.76310362Z","Action":"output","Package":"github.com/Hubujiu/WeaveOS/services/bff/internal/flowcommands","Test":"TestRootV2EveryBindingChangesFingerprint/3","Output":"=== RUN   TestRootV2EveryBindingChangesFingerprint/3\n","OutputType":"frame"}
{"Time":"2026-10-05T10:23:14.763180864Z","Action":"output","Package":"github.com/Hubujiu/WeaveOS/services/bff/internal/flowcommands","Test":"TestRootV2EveryBindingChangesFingerprint/3","Output":"--- PASS: TestRootV2EveryBindingChangesFingerprint/3 (0.00s)\n","OutputType":"frame"}
{"Time":"2026-10-05T10:23:14.763209306Z","Action":"pass","Package":"github.com/Hubujiu/WeaveOS/services/bff/internal/flowcommands","Test":"TestRootV2EveryBindingChangesFingerprint/3","Elapsed":0}
{"Time":"2026-10-05T10:23:14.763214944Z","Action":"run","Package":"github.com/Hubujiu/WeaveOS/services/bff/internal/flowcommands","Test":"TestRootV2EveryBindingChangesFingerprint/4"}
{"Time":"2026-10-05T10:23:14.763219441Z","Action":"output","Package":"github.com/Hubujiu/WeaveOS/services/bff/internal/flowcommands","Test":"TestRootV2EveryBindingChangesFingerprint/4","Output":"=== RUN   TestRootV2EveryBindingChangesFingerprint/4\n","OutputType":"frame"}
{"Time":"2026-10-05T10:23:14.763291428Z","Action":"output","Package":"github.com/Hubujiu/WeaveOS/services/bff/internal/flowcommands","Test":"TestRootV2EveryBindingChangesFingerprint/4","Output":"--- PASS: TestRootV2EveryBindingChangesFingerprint/4 (0.00s)\n","OutputType":"frame"}
{"Time":"2026-10-05T10:23:14.763297006Z","Action":"pass","Package":"github.com/Hubujiu/WeaveOS/services/bff/internal/flowcommands","Test":"TestRootV2EveryBindingChangesFingerprint/4","Elapsed":0}
{"Time":"2026-10-05T10:23:14.763319029Z","Action":"run","Package":"github.com/Hubujiu/WeaveOS/services/bff/internal/flowcommands","Test":"TestRootV2EveryBindingChangesFingerprint/5"}
{"Time":"2026-10-05T10:23:14.763323996Z","Action":"output","Package":"github.com/Hubujiu/WeaveOS/services/bff/internal/flowcommands","Test":"TestRootV2EveryBindingChangesFingerprint/5","Output":"=== RUN   TestRootV2EveryBindingChangesFingerprint/5\n","OutputType":"frame"}
{"Time":"2026-10-05T10:23:14.763392988Z","Action":"output","Package":"github.com/Hubujiu/WeaveOS/services/bff/internal/flowcommands","Test":"TestRootV2EveryBindingChangesFingerprint/5","Output":"--- PASS: TestRootV2EveryBindingChangesFingerprint/5 (0.00s)\n","OutputType":"frame"}
{"Time":"2026-10-05T10:23:14.763413088Z","Action":"pass","Package":"github.com/Hubujiu/WeaveOS/services/bff/internal/flowcommands","Test":"TestRootV2EveryBindingChangesFingerprint/5","Elapsed":0}
{"Time":"2026-10-05T10:23:14.763466156Z","Action":"run","Package":"github.com/Hubujiu/WeaveOS/services/bff/internal/flowcommands","Test":"TestRootV2EveryBindingChangesFingerprint/6"}
{"Time":"2026-10-05T10:23:14.763471264Z","Action":"output","Package":"github.com/Hubujiu/WeaveOS/services/bff/internal/flowcommands","Test":"TestRootV2EveryBindingChangesFingerprint/6","Output":"=== RUN   TestRootV2EveryBindingChangesFingerprint/6\n","OutputType":"frame"}
{"Time":"2026-10-05T10:23:14.763507738Z","Action":"output","Package":"github.com/Hubujiu/WeaveOS/services/bff/internal/flowcommands","Test":"TestRootV2EveryBindingChangesFingerprint/6","Output":"--- PASS: TestRootV2EveryBindingChangesFingerprint/6 (0.00s)\n","OutputType":"frame"}
{"Time":"2026-10-05T10:23:14.763569159Z","Action":"pass","Package":"github.com/Hubujiu/WeaveOS/services/bff/internal/flowcommands","Test":"TestRootV2EveryBindingChangesFingerprint/6","Elapsed":0}
{"Time":"2026-10-05T10:23:14.763575468Z","Action":"run","Package":"github.com/Hubujiu/WeaveOS/services/bff/internal/flowcommands","Test":"TestRootV2EveryBindingChangesFingerprint/7"}
{"Time":"2026-10-05T10:23:14.763579785Z","Action":"output","Package":"github.com/Hubujiu/WeaveOS/services/bff/internal/flowcommands","Test":"TestRootV2EveryBindingChangesFingerprint/7","Output":"=== RUN   TestRootV2EveryBindingChangesFingerprint/7\n","OutputType":"frame"}
{"Time":"2026-10-05T10:23:14.763607736Z","Action":"output","Package":"github.com/Hubujiu/WeaveOS/services/bff/internal/flowcommands","Test":"TestRootV2EveryBindingChangesFingerprint/7","Output":"--- PASS: TestRootV2EveryBindingChangesFingerprint/7 (0.00s)\n","OutputType":"frame"}
{"Time":"2026-10-05T10:23:14.763665021Z","Action":"pass","Package":"github.com/Hubujiu/WeaveOS/services/bff/internal/flowcommands","Test":"TestRootV2EveryBindingChangesFingerprint/7","Elapsed":0}
{"Time":"2026-10-05T10:23:14.76374557Z","Action":"run","Package":"github.com/Hubujiu/WeaveOS/services/bff/internal/flowcommands","Test":"TestRootV2EveryBindingChangesFingerprint/8"}
{"Time":"2026-10-05T10:23:14.763750677Z","Action":"output","Package":"github.com/Hubujiu/WeaveOS/services/bff/internal/flowcommands","Test":"TestRootV2EveryBindingChangesFingerprint/8","Output":"=== RUN   TestRootV2EveryBindingChangesFingerprint/8\n","OutputType":"frame"}
{"Time":"2026-10-05T10:23:14.763760893Z","Action":"output","Package":"github.com/Hubujiu/WeaveOS/services/bff/internal/flowcommands","Test":"TestRootV2EveryBindingChangesFingerprint/8","Output":"--- PASS: TestRootV2EveryBindingChangesFingerprint/8 (0.00s)\n","OutputType":"frame"}
{"Time":"2026-10-05T10:23:14.763797457Z","Action":"pass","Package":"github.com/Hubujiu/WeaveOS/services/bff/internal/flowcommands","Test":"TestRootV2EveryBindingChangesFingerprint/8","Elapsed":0}
{"Time":"2026-10-05T10:23:14.763804978Z","Action":"run","Package":"github.com/Hubujiu/WeaveOS/services/bff/internal/flowcommands","Test":"TestRootV2EveryBindingChangesFingerprint/9"}
{"Time":"2026-10-05T10:23:14.76384006Z","Action":"output","Package":"github.com/Hubujiu/WeaveOS/services/bff/internal/flowcommands","Test":"TestRootV2EveryBindingChangesFingerprint/9","Output":"=== RUN   TestRootV2EveryBindingChangesFingerprint/9\n","OutputType":"frame"}
{"Time":"2026-10-05T10:23:14.763881671Z","Action":"output","Package":"github.com/Hubujiu/WeaveOS/services/bff/internal/flowcommands","Test":"TestRootV2EveryBindingChangesFingerprint/9","Output":"--- PASS: TestRootV2EveryBindingChangesFingerprint/9 (0.00s)\n","OutputType":"frame"}
{"Time":"2026-10-05T10:23:14.764033666Z","Action":"pass","Package":"github.com/Hubujiu/WeaveOS/services/bff/internal/flowcommands","Test":"TestRootV2EveryBindingChangesFingerprint/9","Elapsed":0}
{"Time":"2026-10-05T10:23:14.764044773Z","Action":"run","Package":"github.com/Hubujiu/WeaveOS/services/bff/internal/flowcommands","Test":"TestRootV2EveryBindingChangesFingerprint/10"}
{"Time":"2026-10-05T10:23:14.76404949Z","Action":"output","Package":"github.com/Hubujiu/WeaveOS/services/bff/internal/flowcommands","Test":"TestRootV2EveryBindingChangesFingerprint/10","Output":"=== RUN   TestRootV2EveryBindingChangesFingerprint/10\n","OutputType":"frame"}
{"Time":"2026-10-05T10:23:14.764212221Z","Action":"output","Package":"github.com/Hubujiu/WeaveOS/services/bff/internal/flowcommands","Test":"TestRootV2EveryBindingChangesFingerprint/10","Output":"--- PASS: TestRootV2EveryBindingChangesFingerprint/10 (0.00s)\n","OutputType":"frame"}
{"Time":"2026-10-05T10:23:14.764233342Z","Action":"pass","Package":"github.com/Hubujiu/WeaveOS/services/bff/internal/flowcommands","Test":"TestRootV2EveryBindingChangesFingerprint/10","Elapsed":0}
{"Time":"2026-10-05T10:23:14.76423887Z","Action":"run","Package":"github.com/Hubujiu/WeaveOS/services/bff/internal/flowcommands","Test":"TestRootV2EveryBindingChangesFingerprint/11"}
{"Time":"2026-10-05T10:23:14.764243687Z","Action":"output","Package":"github.com/Hubujiu/WeaveOS/services/bff/internal/flowcommands","Test":"TestRootV2EveryBindingChangesFingerprint/11","Output":"=== RUN   TestRootV2EveryBindingChangesFingerprint/11\n","OutputType":"frame"}
{"Time":"2026-10-05T10:23:14.764248695Z","Action":"output","Package":"github.com/Hubujiu/WeaveOS/services/bff/internal/flowcommands","Test":"TestRootV2EveryBindingChangesFingerprint/11","Output":"--- PASS: TestRootV2EveryBindingChangesFingerprint/11 (0.00s)\n","OutputType":"frame"}
{"Time":"2026-10-05T10:23:14.764257958Z","Action":"pass","Package":"github.com/Hubujiu/WeaveOS/services/bff/internal/flowcommands","Test":"TestRootV2EveryBindingChangesFingerprint/11","Elapsed":0}
{"Time":"2026-10-05T10:23:14.764262725Z","Action":"run","Package":"github.com/Hubujiu/WeaveOS/services/bff/internal/flowcommands","Test":"TestRootV2EveryBindingChangesFingerprint/12"}
{"Time":"2026-10-05T10:23:14.764267082Z","Action":"output","Package":"github.com/Hubujiu/WeaveOS/services/bff/internal/flowcommands","Test":"TestRootV2EveryBindingChangesFingerprint/12","Output":"=== RUN   TestRootV2EveryBindingChangesFingerprint/12\n","OutputType":"frame"}
{"Time":"2026-10-05T10:23:14.764272009Z","Action":"output","Package":"github.com/Hubujiu/WeaveOS/services/bff/internal/flowcommands","Test":"TestRootV2EveryBindingChangesFingerprint/12","Output":"--- PASS: TestRootV2EveryBindingChangesFingerprint/12 (0.00s)\n","OutputType":"frame"}
{"Time":"2026-10-05T10:23:14.764288954Z","Action":"pass","Package":"github.com/Hubujiu/WeaveOS/services/bff/internal/flowcommands","Test":"TestRootV2EveryBindingChangesFingerprint/12","Elapsed":0}
{"Time":"2026-10-05T10:23:14.764324877Z","Action":"run","Package":"github.com/Hubujiu/WeaveOS/services/bff/internal/flowcommands","Test":"TestRootV2EveryBindingChangesFingerprint/13"}
{"Time":"2026-10-05T10:23:14.764330255Z","Action":"output","Package":"github.com/Hubujiu/WeaveOS/services/bff/internal/flowcommands","Test":"TestRootV2EveryBindingChangesFingerprint/13","Output":"=== RUN   TestRootV2EveryBindingChangesFingerprint/13\n","OutputType":"frame"}
{"Time":"2026-10-05T10:23:14.764335764Z","Action":"output","Package":"github.com/Hubujiu/WeaveOS/services/bff/internal/flowcommands","Test":"TestRootV2EveryBindingChangesFingerprint/13","Output":"--- PASS: TestRootV2EveryBindingChangesFingerprint/13 (0.00s)\n","OutputType":"frame"}
{"Time":"2026-10-05T10:23:14.764348132Z","Action":"pass","Package":"github.com/Hubujiu/WeaveOS/services/bff/internal/flowcommands","Test":"TestRootV2EveryBindingChangesFingerprint/13","Elapsed":0}
{"Time":"2026-10-05T10:23:14.764353179Z","Action":"run","Package":"github.com/Hubujiu/WeaveOS/services/bff/internal/flowcommands","Test":"TestRootV2EveryBindingChangesFingerprint/14"}
{"Time":"2026-10-05T10:23:14.764368782Z","Action":"output","Package":"github.com/Hubujiu/WeaveOS/services/bff/internal/flowcommands","Test":"TestRootV2EveryBindingChangesFingerprint/14","Output":"=== RUN   TestRootV2EveryBindingChangesFingerprint/14\n","OutputType":"frame"}
{"Time":"2026-10-05T10:23:14.76437422Z","Action":"output","Package":"github.com/Hubujiu/WeaveOS/services/bff/internal/flowcommands","Test":"TestRootV2EveryBindingChangesFingerprint/14","Output":"--- PASS: TestRootV2EveryBindingChangesFingerprint/14 (0.00s)\n","OutputType":"frame"}
{"Time":"2026-10-05T10:23:14.764378957Z","Action":"pass","Package":"github.com/Hubujiu/WeaveOS/services/bff/internal/flowcommands","Test":"TestRootV2EveryBindingChangesFingerprint/14","Elapsed":0}
{"Time":"2026-10-05T10:23:14.764383745Z","Action":"run","Package":"github.com/Hubujiu/WeaveOS/services/bff/internal/flowcommands","Test":"TestRootV2EveryBindingChangesFingerprint/15"}
{"Time":"2026-10-05T10:23:14.764387951Z","Action":"output","Package":"github.com/Hubujiu/WeaveOS/services/bff/internal/flowcommands","Test":"TestRootV2EveryBindingChangesFingerprint/15","Output":"=== RUN   TestRootV2EveryBindingChangesFingerprint/15\n","OutputType":"frame"}
{"Time":"2026-10-05T10:23:14.76439398Z","Action":"output","Package":"github.com/Hubujiu/WeaveOS/services/bff/internal/flowcommands","Test":"TestRootV2EveryBindingChangesFingerprint/15","Output":"--- PASS: TestRootV2EveryBindingChangesFingerprint/15 (0.00s)\n","OutputType":"frame"}
{"Time":"2026-10-05T10:23:14.764398436Z","Action":"pass","Package":"github.com/Hubujiu/WeaveOS/services/bff/internal/flowcommands","Test":"TestRootV2EveryBindingChangesFingerprint/15","Elapsed":0}
{"Time":"2026-10-05T10:23:14.764406869Z","Action":"run","Package":"github.com/Hubujiu/WeaveOS/services/bff/internal/flowcommands","Test":"TestRootV2EveryBindingChangesFingerprint/16"}
{"Time":"2026-10-05T10:23:14.764436993Z","Action":"output","Package":"github.com/Hubujiu/WeaveOS/services/bff/internal/flowcommands","Test":"TestRootV2EveryBindingChangesFingerprint/16","Output":"=== RUN   TestRootV2EveryBindingChangesFingerprint/16\n","OutputType":"frame"}
{"Time":"2026-10-05T10:23:14.764442311Z","Action":"output","Package":"github.com/Hubujiu/WeaveOS/services/bff/internal/flowcommands","Test":"TestRootV2EveryBindingChangesFingerprint/16","Output":"--- PASS: TestRootV2EveryBindingChangesFingerprint/16 (0.00s)\n","OutputType":"frame"}
{"Time":"2026-10-05T10:23:14.764447008Z","Action":"pass","Package":"github.com/Hubujiu/WeaveOS/services/bff/internal/flowcommands","Test":"TestRootV2EveryBindingChangesFingerprint/16","Elapsed":0}
{"Time":"2026-10-05T10:23:14.764451475Z","Action":"run","Package":"github.com/Hubujiu/WeaveOS/services/bff/internal/flowcommands","Test":"TestRootV2EveryBindingChangesFingerprint/17"}
{"Time":"2026-10-05T10:23:14.764455821Z","Action":"output","Package":"github.com/Hubujiu/WeaveOS/services/bff/internal/flowcommands","Test":"TestRootV2EveryBindingChangesFingerprint/17","Output":"=== RUN   TestRootV2EveryBindingChangesFingerprint/17\n","OutputType":"frame"}
{"Time":"2026-10-05T10:23:14.764460588Z","Action":"output","Package":"github.com/Hubujiu/WeaveOS/services/bff/internal/flowcommands","Test":"TestRootV2EveryBindingChangesFingerprint/17","Output":"--- PASS: TestRootV2EveryBindingChangesFingerprint/17 (0.00s)\n","OutputType":"frame"}
{"Time":"2026-10-05T10:23:14.764465315Z","Action":"pass","Package":"github.com/Hubujiu/WeaveOS/services/bff/internal/flowcommands","Test":"TestRootV2EveryBindingChangesFingerprint/17","Elapsed":0}
{"Time":"2026-10-05T10:23:14.764481569Z","Action":"output","Package":"github.com/Hubujiu/WeaveOS/services/bff/internal/flowcommands","Test":"TestRootV2EveryBindingChangesFingerprint","Output":"--- PASS: TestRootV2EveryBindingChangesFingerprint (0.00s)\n","OutputType":"frame"}
{"Time":"2026-10-05T10:23:14.764520126Z","Action":"pass","Package":"github.com/Hubujiu/WeaveOS/services/bff/internal/flowcommands","Test":"TestRootV2EveryBindingChangesFingerprint","Elapsed":0}
{"Time":"2026-10-05T10:23:14.764525414Z","Action":"run","Package":"github.com/Hubujiu/WeaveOS/services/bff/internal/flowcommands","Test":"TestRootV2StrictIdentityAndIntegerBounds"}
{"Time":"2026-10-05T10:23:14.764529881Z","Action":"output","Package":"github.com/Hubujiu/WeaveOS/services/bff/internal/flowcommands","Test":"TestRootV2StrictIdentityAndIntegerBounds","Output":"=== RUN   TestRootV2StrictIdentityAndIntegerBounds\n","OutputType":"frame"}
{"Time":"2026-10-05T10:23:14.764534658Z","Action":"run","Package":"github.com/Hubujiu/WeaveOS/services/bff/internal/flowcommands","Test":"TestRootV2StrictIdentityAndIntegerBounds/0"}
{"Time":"2026-10-05T10:23:14.764538974Z","Action":"output","Package":"github.com/Hubujiu/WeaveOS/services/bff/internal/flowcommands","Test":"TestRootV2StrictIdentityAndIntegerBounds/0","Output":"=== RUN   TestRootV2StrictIdentityAndIntegerBounds/0\n","OutputType":"frame"}
{"Time":"2026-10-05T10:23:14.764544252Z","Action":"output","Package":"github.com/Hubujiu/WeaveOS/services/bff/internal/flowcommands","Test":"TestRootV2StrictIdentityAndIntegerBounds/0","Output":"--- PASS: TestRootV2StrictIdentityAndIntegerBounds/0 (0.00s)\n","OutputType":"frame"}
{"Time":"2026-10-05T10:23:14.764548599Z","Action":"pass","Package":"github.com/Hubujiu/WeaveOS/services/bff/internal/flowcommands","Test":"TestRootV2StrictIdentityAndIntegerBounds/0","Elapsed":0}
{"Time":"2026-10-05T10:23:14.764553085Z","Action":"run","Package":"github.com/Hubujiu/WeaveOS/services/bff/internal/flowcommands","Test":"TestRootV2StrictIdentityAndIntegerBounds/1"}
{"Time":"2026-10-05T10:23:14.764558864Z","Action":"output","Package":"github.com/Hubujiu/WeaveOS/services/bff/internal/flowcommands","Test":"TestRootV2StrictIdentityAndIntegerBounds/1","Output":"=== RUN   TestRootV2StrictIdentityAndIntegerBounds/1\n","OutputType":"frame"}
{"Time":"2026-10-05T10:23:14.764628447Z","Action":"output","Package":"github.com/Hubujiu/WeaveOS/services/bff/internal/flowcommands","Test":"TestRootV2StrictIdentityAndIntegerBounds/1","Output":"--- PASS: TestRootV2StrictIdentityAndIntegerBounds/1 (0.00s)\n","OutputType":"frame"}
{"Time":"2026-10-05T10:23:14.764636899Z","Action":"pass","Package":"github.com/Hubujiu/WeaveOS/services/bff/internal/flowcommands","Test":"TestRootV2StrictIdentityAndIntegerBounds/1","Elapsed":0}
{"Time":"2026-10-05T10:23:14.764641796Z","Action":"run","Package":"github.com/Hubujiu/WeaveOS/services/bff/internal/flowcommands","Test":"TestRootV2StrictIdentityAndIntegerBounds/2"}
{"Time":"2026-10-05T10:23:14.764646193Z","Action":"output","Package":"github.com/Hubujiu/WeaveOS/services/bff/internal/flowcommands","Test":"TestRootV2StrictIdentityAndIntegerBounds/2","Output":"=== RUN   TestRootV2StrictIdentityAndIntegerBounds/2\n","OutputType":"frame"}
{"Time":"2026-10-05T10:23:14.764655947Z","Action":"output","Package":"github.com/Hubujiu/WeaveOS/services/bff/internal/flowcommands","Test":"TestRootV2StrictIdentityAndIntegerBounds/2","Output":"--- PASS: TestRootV2StrictIdentityAndIntegerBounds/2 (0.00s)\n","OutputType":"frame"}
{"Time":"2026-10-05T10:23:14.764660504Z","Action":"pass","Package":"github.com/Hubujiu/WeaveOS/services/bff/internal/flowcommands","Test":"TestRootV2StrictIdentityAndIntegerBounds/2","Elapsed":0}
{"Time":"2026-10-05T10:23:14.764664981Z","Action":"run","Package":"github.com/Hubujiu/WeaveOS/services/bff/internal/flowcommands","Test":"TestRootV2StrictIdentityAndIntegerBounds/3"}
{"Time":"2026-10-05T10:23:14.764669407Z","Action":"output","Package":"github.com/Hubujiu/WeaveOS/services/bff/internal/flowcommands","Test":"TestRootV2StrictIdentityAndIntegerBounds/3","Output":"=== RUN   TestRootV2StrictIdentityAndIntegerBounds/3\n","OutputType":"frame"}
{"Time":"2026-10-05T10:23:14.764674355Z","Action":"output","Package":"github.com/Hubujiu/WeaveOS/services/bff/internal/flowcommands","Test":"TestRootV2StrictIdentityAndIntegerBounds/3","Output":"--- PASS: TestRootV2StrictIdentityAndIntegerBounds/3 (0.00s)\n","OutputType":"frame"}
{"Time":"2026-10-05T10:23:14.764805148Z","Action":"pass","Package":"github.com/Hubujiu/WeaveOS/services/bff/internal/flowcommands","Test":"TestRootV2StrictIdentityAndIntegerBounds/3","Elapsed":0}
{"Time":"2026-10-05T10:23:14.764814162Z","Action":"run","Package":"github.com/Hubujiu/WeaveOS/services/bff/internal/flowcommands","Test":"TestRootV2StrictIdentityAndIntegerBounds/4"}
{"Time":"2026-10-05T10:23:14.764819349Z","Action":"output","Package":"github.com/Hubujiu/WeaveOS/services/bff/internal/flowcommands","Test":"TestRootV2StrictIdentityAndIntegerBounds/4","Output":"=== RUN   TestRootV2StrictIdentityAndIntegerBounds/4\n","OutputType":"frame"}
{"Time":"2026-10-05T10:23:14.764825108Z","Action":"output","Package":"github.com/Hubujiu/WeaveOS/services/bff/internal/flowcommands","Test":"TestRootV2StrictIdentityAndIntegerBounds/4","Output":"--- PASS: TestRootV2StrictIdentityAndIntegerBounds/4 (0.00s)\n","OutputType":"frame"}
{"Time":"2026-10-05T10:23:14.764851016Z","Action":"pass","Package":"github.com/Hubujiu/WeaveOS/services/bff/internal/flowcommands","Test":"TestRootV2StrictIdentityAndIntegerBounds/4","Elapsed":0}
{"Time":"2026-10-05T10:23:14.764857165Z","Action":"run","Package":"github.com/Hubujiu/WeaveOS/services/bff/internal/flowcommands","Test":"TestRootV2StrictIdentityAndIntegerBounds/5"}
{"Time":"2026-10-05T10:23:14.764861542Z","Action":"output","Package":"github.com/Hubujiu/WeaveOS/services/bff/internal/flowcommands","Test":"TestRootV2StrictIdentityAndIntegerBounds/5","Output":"=== RUN   TestRootV2StrictIdentityAndIntegerBounds/5\n","OutputType":"frame"}
{"Time":"2026-10-05T10:23:14.764866529Z","Action":"output","Package":"github.com/Hubujiu/WeaveOS/services/bff/internal/flowcommands","Test":"TestRootV2StrictIdentityAndIntegerBounds/5","Output":"--- PASS: TestRootV2StrictIdentityAndIntegerBounds/5 (0.00s)\n","OutputType":"frame"}
{"Time":"2026-10-05T10:23:14.764873229Z","Action":"pass","Package":"github.com/Hubujiu/WeaveOS/services/bff/internal/flowcommands","Test":"TestRootV2StrictIdentityAndIntegerBounds/5","Elapsed":0}
{"Time":"2026-10-05T10:23:14.764878627Z","Action":"run","Package":"github.com/Hubujiu/WeaveOS/services/bff/internal/flowcommands","Test":"TestRootV2StrictIdentityAndIntegerBounds/6"}
{"Time":"2026-10-05T10:23:14.764883054Z","Action":"output","Package":"github.com/Hubujiu/WeaveOS/services/bff/internal/flowcommands","Test":"TestRootV2StrictIdentityAndIntegerBounds/6","Output":"=== RUN   TestRootV2StrictIdentityAndIntegerBounds/6\n","OutputType":"frame"}
{"Time":"2026-10-05T10:23:14.764887921Z","Action":"output","Package":"github.com/Hubujiu/WeaveOS/services/bff/internal/flowcommands","Test":"TestRootV2StrictIdentityAndIntegerBounds/6","Output":"--- PASS: TestRootV2StrictIdentityAndIntegerBounds/6 (0.00s)\n","OutputType":"frame"}
{"Time":"2026-10-05T10:23:14.764892818Z","Action":"pass","Package":"github.com/Hubujiu/WeaveOS/services/bff/internal/flowcommands","Test":"TestRootV2StrictIdentityAndIntegerBounds/6","Elapsed":0}
{"Time":"2026-10-05T10:23:14.764897285Z","Action":"run","Package":"github.com/Hubujiu/WeaveOS/services/bff/internal/flowcommands","Test":"TestRootV2StrictIdentityAndIntegerBounds/7"}
{"Time":"2026-10-05T10:23:14.764901751Z","Action":"output","Package":"github.com/Hubujiu/WeaveOS/services/bff/internal/flowcommands","Test":"TestRootV2StrictIdentityAndIntegerBounds/7","Output":"=== RUN   TestRootV2StrictIdentityAndIntegerBounds/7\n","OutputType":"frame"}
{"Time":"2026-10-05T10:23:14.764906628Z","Action":"output","Package":"github.com/Hubujiu/WeaveOS/services/bff/internal/flowcommands","Test":"TestRootV2StrictIdentityAndIntegerBounds/7","Output":"--- PASS: TestRootV2StrictIdentityAndIntegerBounds/7 (0.00s)\n","OutputType":"frame"}
{"Time":"2026-10-05T10:23:14.765039876Z","Action":"pass","Package":"github.com/Hubujiu/WeaveOS/services/bff/internal/flowcommands","Test":"TestRootV2StrictIdentityAndIntegerBounds/7","Elapsed":0}
{"Time":"2026-10-05T10:23:14.765045524Z","Action":"run","Package":"github.com/Hubujiu/WeaveOS/services/bff/internal/flowcommands","Test":"TestRootV2StrictIdentityAndIntegerBounds/8"}
{"Time":"2026-10-05T10:23:14.765053666Z","Action":"output","Package":"github.com/Hubujiu/WeaveOS/services/bff/internal/flowcommands","Test":"TestRootV2StrictIdentityAndIntegerBounds/8","Output":"=== RUN   TestRootV2StrictIdentityAndIntegerBounds/8\n","OutputType":"frame"}
{"Time":"2026-10-05T10:23:14.765058964Z","Action":"output","Package":"github.com/Hubujiu/WeaveOS/services/bff/internal/flowcommands","Test":"TestRootV2StrictIdentityAndIntegerBounds/8","Output":"--- PASS: TestRootV2StrictIdentityAndIntegerBounds/8 (0.00s)\n","OutputType":"frame"}
{"Time":"2026-10-05T10:23:14.765063661Z","Action":"pass","Package":"github.com/Hubujiu/WeaveOS/services/bff/internal/flowcommands","Test":"TestRootV2StrictIdentityAndIntegerBounds/8","Elapsed":0}
{"Time":"2026-10-05T10:23:14.765068087Z","Action":"run","Package":"github.com/Hubujiu/WeaveOS/services/bff/internal/flowcommands","Test":"TestRootV2StrictIdentityAndIntegerBounds/9"}
{"Time":"2026-10-05T10:23:14.765072284Z","Action":"output","Package":"github.com/Hubujiu/WeaveOS/services/bff/internal/flowcommands","Test":"TestRootV2StrictIdentityAndIntegerBounds/9","Output":"=== RUN   TestRootV2StrictIdentityAndIntegerBounds/9\n","OutputType":"frame"}
{"Time":"2026-10-05T10:23:14.765077011Z","Action":"output","Package":"github.com/Hubujiu/WeaveOS/services/bff/internal/flowcommands","Test":"TestRootV2StrictIdentityAndIntegerBounds/9","Output":"--- PASS: TestRootV2StrictIdentityAndIntegerBounds/9 (0.00s)\n","OutputType":"frame"}
{"Time":"2026-10-05T10:23:14.765084382Z","Action":"pass","Package":"github.com/Hubujiu/WeaveOS/services/bff/internal/flowcommands","Test":"TestRootV2StrictIdentityAndIntegerBounds/9","Elapsed":0}
{"Time":"2026-10-05T10:23:14.765091953Z","Action":"run","Package":"github.com/Hubujiu/WeaveOS/services/bff/internal/flowcommands","Test":"TestRootV2StrictIdentityAndIntegerBounds/10"}
{"Time":"2026-10-05T10:23:14.765098092Z","Action":"output","Package":"github.com/Hubujiu/WeaveOS/services/bff/internal/flowcommands","Test":"TestRootV2StrictIdentityAndIntegerBounds/10","Output":"=== RUN   TestRootV2StrictIdentityAndIntegerBounds/10\n","OutputType":"frame"}
{"Time":"2026-10-05T10:23:14.765182216Z","Action":"output","Package":"github.com/Hubujiu/WeaveOS/services/bff/internal/flowcommands","Test":"TestRootV2StrictIdentityAndIntegerBounds/10","Output":"--- PASS: TestRootV2StrictIdentityAndIntegerBounds/10 (0.00s)\n","OutputType":"frame"}
{"Time":"2026-10-05T10:23:14.765189277Z","Action":"pass","Package":"github.com/Hubujiu/WeaveOS/services/bff/internal/flowcommands","Test":"TestRootV2StrictIdentityAndIntegerBounds/10","Elapsed":0}
{"Time":"2026-10-05T10:23:14.765194264Z","Action":"run","Package":"github.com/Hubujiu/WeaveOS/services/bff/internal/flowcommands","Test":"TestRootV2StrictIdentityAndIntegerBounds/11"}
{"Time":"2026-10-05T10:23:14.76519853Z","Action":"output","Package":"github.com/Hubujiu/WeaveOS/services/bff/internal/flowcommands","Test":"TestRootV2StrictIdentityAndIntegerBounds/11","Output":"=== RUN   TestRootV2StrictIdentityAndIntegerBounds/11\n","OutputType":"frame"}
{"Time":"2026-10-05T10:23:14.765251299Z","Action":"output","Package":"github.com/Hubujiu/WeaveOS/services/bff/internal/flowcommands","Test":"TestRootV2StrictIdentityAndIntegerBounds/11","Output":"--- PASS: TestRootV2StrictIdentityAndIntegerBounds/11 (0.00s)\n","OutputType":"frame"}
{"Time":"2026-10-05T10:23:14.765257147Z","Action":"pass","Package":"github.com/Hubujiu/WeaveOS/services/bff/internal/flowcommands","Test":"TestRootV2StrictIdentityAndIntegerBounds/11","Elapsed":0}
{"Time":"2026-10-05T10:23:14.765263997Z","Action":"run","Package":"github.com/Hubujiu/WeaveOS/services/bff/internal/flowcommands","Test":"TestRootV2StrictIdentityAndIntegerBounds/12"}
{"Time":"2026-10-05T10:23:14.765268244Z","Action":"output","Package":"github.com/Hubujiu/WeaveOS/services/bff/internal/flowcommands","Test":"TestRootV2StrictIdentityAndIntegerBounds/12","Output":"=== RUN   TestRootV2StrictIdentityAndIntegerBounds/12\n","OutputType":"frame"}
{"Time":"2026-10-05T10:23:14.765273491Z","Action":"output","Package":"github.com/Hubujiu/WeaveOS/services/bff/internal/flowcommands","Test":"TestRootV2StrictIdentityAndIntegerBounds/12","Output":"--- PASS: TestRootV2StrictIdentityAndIntegerBounds/12 (0.00s)\n","OutputType":"frame"}
{"Time":"2026-10-05T10:23:14.765278238Z","Action":"pass","Package":"github.com/Hubujiu/WeaveOS/services/bff/internal/flowcommands","Test":"TestRootV2StrictIdentityAndIntegerBounds/12","Elapsed":0}
{"Time":"2026-10-05T10:23:14.765286751Z","Action":"run","Package":"github.com/Hubujiu/WeaveOS/services/bff/internal/flowcommands","Test":"TestRootV2StrictIdentityAndIntegerBounds/13"}
{"Time":"2026-10-05T10:23:14.765332929Z","Action":"output","Package":"github.com/Hubujiu/WeaveOS/services/bff/internal/flowcommands","Test":"TestRootV2StrictIdentityAndIntegerBounds/13","Output":"=== RUN   TestRootV2StrictIdentityAndIntegerBounds/13\n","OutputType":"frame"}
{"Time":"2026-10-05T10:23:14.765338067Z","Action":"output","Package":"github.com/Hubujiu/WeaveOS/services/bff/internal/flowcommands","Test":"TestRootV2StrictIdentityAndIntegerBounds/13","Output":"--- PASS: TestRootV2StrictIdentityAndIntegerBounds/13 (0.00s)\n","OutputType":"frame"}
{"Time":"2026-10-05T10:23:14.765341572Z","Action":"pass","Package":"github.com/Hubujiu/WeaveOS/services/bff/internal/flowcommands","Test":"TestRootV2StrictIdentityAndIntegerBounds/13","Elapsed":0}
{"Time":"2026-10-05T10:23:14.765343745Z","Action":"run","Package":"github.com/Hubujiu/WeaveOS/services/bff/internal/flowcommands","Test":"TestRootV2StrictIdentityAndIntegerBounds/14"}
{"Time":"2026-10-05T10:23:14.765345268Z","Action":"output","Package":"github.com/Hubujiu/WeaveOS/services/bff/internal/flowcommands","Test":"TestRootV2StrictIdentityAndIntegerBounds/14","Output":"=== RUN   TestRootV2StrictIdentityAndIntegerBounds/14\n","OutputType":"frame"}
{"Time":"2026-10-05T10:23:14.7653471Z","Action":"output","Package":"github.com/Hubujiu/WeaveOS/services/bff/internal/flowcommands","Test":"TestRootV2StrictIdentityAndIntegerBounds/14","Output":"--- PASS: TestRootV2StrictIdentityAndIntegerBounds/14 (0.00s)\n","OutputType":"frame"}
{"Time":"2026-10-05T10:23:14.765348583Z","Action":"pass","Package":"github.com/Hubujiu/WeaveOS/services/bff/internal/flowcommands","Test":"TestRootV2StrictIdentityAndIntegerBounds/14","Elapsed":0}
{"Time":"2026-10-05T10:23:14.765349904Z","Action":"run","Package":"github.com/Hubujiu/WeaveOS/services/bff/internal/flowcommands","Test":"TestRootV2StrictIdentityAndIntegerBounds/15"}
{"Time":"2026-10-05T10:23:14.765371627Z","Action":"output","Package":"github.com/Hubujiu/WeaveOS/services/bff/internal/flowcommands","Test":"TestRootV2StrictIdentityAndIntegerBounds/15","Output":"=== RUN   TestRootV2StrictIdentityAndIntegerBounds/15\n","OutputType":"frame"}
{"Time":"2026-10-05T10:23:14.765376724Z","Action":"output","Package":"github.com/Hubujiu/WeaveOS/services/bff/internal/flowcommands","Test":"TestRootV2StrictIdentityAndIntegerBounds/15","Output":"--- PASS: TestRootV2StrictIdentityAndIntegerBounds/15 (0.00s)\n","OutputType":"frame"}
{"Time":"2026-10-05T10:23:14.765381351Z","Action":"pass","Package":"github.com/Hubujiu/WeaveOS/services/bff/internal/flowcommands","Test":"TestRootV2StrictIdentityAndIntegerBounds/15","Elapsed":0}
{"Time":"2026-10-05T10:23:14.765385808Z","Action":"run","Package":"github.com/Hubujiu/WeaveOS/services/bff/internal/flowcommands","Test":"TestRootV2StrictIdentityAndIntegerBounds/16"}
{"Time":"2026-10-05T10:23:14.765403724Z","Action":"output","Package":"github.com/Hubujiu/WeaveOS/services/bff/internal/flowcommands","Test":"TestRootV2StrictIdentityAndIntegerBounds/16","Output":"=== RUN   TestRootV2StrictIdentityAndIntegerBounds/16\n","OutputType":"frame"}
{"Time":"2026-10-05T10:23:14.765462371Z","Action":"output","Package":"github.com/Hubujiu/WeaveOS/services/bff/internal/flowcommands","Test":"TestRootV2StrictIdentityAndIntegerBounds/16","Output":"--- PASS: TestRootV2StrictIdentityAndIntegerBounds/16 (0.00s)\n","OutputType":"frame"}
{"Time":"2026-10-05T10:23:14.765467799Z","Action":"pass","Package":"github.com/Hubujiu/WeaveOS/services/bff/internal/flowcommands","Test":"TestRootV2StrictIdentityAndIntegerBounds/16","Elapsed":0}
{"Time":"2026-10-05T10:23:14.765472576Z","Action":"run","Package":"github.com/Hubujiu/WeaveOS/services/bff/internal/flowcommands","Test":"TestRootV2StrictIdentityAndIntegerBounds/17"}
{"Time":"2026-10-05T10:23:14.765477063Z","Action":"output","Package":"github.com/Hubujiu/WeaveOS/services/bff/internal/flowcommands","Test":"TestRootV2StrictIdentityAndIntegerBounds/17","Output":"=== RUN   TestRootV2StrictIdentityAndIntegerBounds/17\n","OutputType":"frame"}
{"Time":"2026-10-05T10:23:14.765510152Z","Action":"output","Package":"github.com/Hubujiu/WeaveOS/services/bff/internal/flowcommands","Test":"TestRootV2StrictIdentityAndIntegerBounds/17","Output":"--- PASS: TestRootV2StrictIdentityAndIntegerBounds/17 (0.00s)\n","OutputType":"frame"}
{"Time":"2026-10-05T10:23:14.765512004Z","Action":"pass","Package":"github.com/Hubujiu/WeaveOS/services/bff/internal/flowcommands","Test":"TestRootV2StrictIdentityAndIntegerBounds/17","Elapsed":0}
{"Time":"2026-10-05T10:23:14.765513386Z","Action":"run","Package":"github.com/Hubujiu/WeaveOS/services/bff/internal/flowcommands","Test":"TestRootV2StrictIdentityAndIntegerBounds/18"}
{"Time":"2026-10-05T10:23:14.765514608Z","Action":"output","Package":"github.com/Hubujiu/WeaveOS/services/bff/internal/flowcommands","Test":"TestRootV2StrictIdentityAndIntegerBounds/18","Output":"=== RUN   TestRootV2StrictIdentityAndIntegerBounds/18\n","OutputType":"frame"}
{"Time":"2026-10-05T10:23:14.765516311Z","Action":"output","Package":"github.com/Hubujiu/WeaveOS/services/bff/internal/flowcommands","Test":"TestRootV2StrictIdentityAndIntegerBounds/18","Output":"--- PASS: TestRootV2StrictIdentityAndIntegerBounds/18 (0.00s)\n","OutputType":"frame"}
{"Time":"2026-10-05T10:23:14.765517853Z","Action":"pass","Package":"github.com/Hubujiu/WeaveOS/services/bff/internal/flowcommands","Test":"TestRootV2StrictIdentityAndIntegerBounds/18","Elapsed":0}
{"Time":"2026-10-05T10:23:14.765519005Z","Action":"run","Package":"github.com/Hubujiu/WeaveOS/services/bff/internal/flowcommands","Test":"TestRootV2StrictIdentityAndIntegerBounds/19"}
{"Time":"2026-10-05T10:23:14.765520106Z","Action":"output","Package":"github.com/Hubujiu/WeaveOS/services/bff/internal/flowcommands","Test":"TestRootV2StrictIdentityAndIntegerBounds/19","Output":"=== RUN   TestRootV2StrictIdentityAndIntegerBounds/19\n","OutputType":"frame"}
{"Time":"2026-10-05T10:23:14.765521769Z","Action":"output","Package":"github.com/Hubujiu/WeaveOS/services/bff/internal/flowcommands","Test":"TestRootV2StrictIdentityAndIntegerBounds/19","Output":"--- PASS: TestRootV2StrictIdentityAndIntegerBounds/19 (0.00s)\n","OutputType":"frame"}
{"Time":"2026-10-05T10:23:14.765523171Z","Action":"pass","Package":"github.com/Hubujiu/WeaveOS/services/bff/internal/flowcommands","Test":"TestRootV2StrictIdentityAndIntegerBounds/19","Elapsed":0}
{"Time":"2026-10-05T10:23:14.765524723Z","Action":"output","Package":"github.com/Hubujiu/WeaveOS/services/bff/internal/flowcommands","Test":"TestRootV2StrictIdentityAndIntegerBounds","Output":"--- PASS: TestRootV2StrictIdentityAndIntegerBounds (0.00s)\n","OutputType":"frame"}
{"Time":"2026-10-05T10:23:14.765526175Z","Action":"pass","Package":"github.com/Hubujiu/WeaveOS/services/bff/internal/flowcommands","Test":"TestRootV2StrictIdentityAndIntegerBounds","Elapsed":0}
{"Time":"2026-10-05T10:23:14.765527567Z","Action":"run","Package":"github.com/Hubujiu/WeaveOS/services/bff/internal/flowcommands","Test":"TestRootV2ActionSpecificIdentities"}
{"Time":"2026-10-05T10:23:14.76552907Z","Action":"output","Package":"github.com/Hubujiu/WeaveOS/services/bff/internal/flowcommands","Test":"TestRootV2ActionSpecificIdentities","Output":"=== RUN   TestRootV2ActionSpecificIdentities\n","OutputType":"frame"}
{"Time":"2026-10-05T10:23:14.765530942Z","Action":"run","Package":"github.com/Hubujiu/WeaveOS/services/bff/internal/flowcommands","Test":"TestRootV2ActionSpecificIdentities/agree"}
{"Time":"2026-10-05T10:23:14.765532164Z","Action":"output","Package":"github.com/Hubujiu/WeaveOS/services/bff/internal/flowcommands","Test":"TestRootV2ActionSpecificIdentities/agree","Output":"=== RUN   TestRootV2ActionSpecificIdentities/agree\n","OutputType":"frame"}
{"Time":"2026-10-05T10:23:14.765546726Z","Action":"output","Package":"github.com/Hubujiu/WeaveOS/services/bff/internal/flowcommands","Test":"TestRootV2ActionSpecificIdentities/agree","Output":"--- PASS: TestRootV2ActionSpecificIdentities/agree (0.00s)\n","OutputType":"frame"}
{"Time":"2026-10-05T10:23:14.765548438Z","Action":"pass","Package":"github.com/Hubujiu/WeaveOS/services/bff/internal/flowcommands","Test":"TestRootV2ActionSpecificIdentities/agree","Elapsed":0}
{"Time":"2026-10-05T10:23:14.765550271Z","Action":"run","Package":"github.com/Hubujiu/WeaveOS/services/bff/internal/flowcommands","Test":"TestRootV2ActionSpecificIdentities/reject"}
{"Time":"2026-10-05T10:23:14.765551553Z","Action":"output","Package":"github.com/Hubujiu/WeaveOS/services/bff/internal/flowcommands","Test":"TestRootV2ActionSpecificIdentities/reject","Output":"=== RUN   TestRootV2ActionSpecificIdentities/reject\n","OutputType":"frame"}
{"Time":"2026-10-05T10:23:14.765580035Z","Action":"output","Package":"github.com/Hubujiu/WeaveOS/services/bff/internal/flowcommands","Test":"TestRootV2ActionSpecificIdentities/reject","Output":"--- PASS: TestRootV2ActionSpecificIdentities/reject (0.00s)\n","OutputType":"frame"}
{"Time":"2026-10-05T10:23:14.765585503Z","Action":"pass","Package":"github.com/Hubujiu/WeaveOS/services/bff/internal/flowcommands","Test":"TestRootV2ActionSpecificIdentities/reject","Elapsed":0}
{"Time":"2026-10-05T10:23:14.765589479Z","Action":"run","Package":"github.com/Hubujiu/WeaveOS/services/bff/internal/flowcommands","Test":"TestRootV2ActionSpecificIdentities/start"}
{"Time":"2026-10-05T10:23:14.765593395Z","Action":"output","Package":"github.com/Hubujiu/WeaveOS/services/bff/internal/flowcommands","Test":"TestRootV2ActionSpecificIdentities/start","Output":"=== RUN   TestRootV2ActionSpecificIdentities/start\n","OutputType":"frame"}
{"Time":"2026-10-05T10:23:14.765639603Z","Action":"output","Package":"github.com/Hubujiu/WeaveOS/services/bff/internal/flowcommands","Test":"TestRootV2ActionSpecificIdentities/start","Output":"--- PASS: TestRootV2ActionSpecificIdentities/start (0.00s)\n","OutputType":"frame"}
{"Time":"2026-10-05T10:23:14.765645502Z","Action":"pass","Package":"github.com/Hubujiu/WeaveOS/services/bff/internal/flowcommands","Test":"TestRootV2ActionSpecificIdentities/start","Elapsed":0}
{"Time":"2026-10-05T10:23:14.765647285Z","Action":"run","Package":"github.com/Hubujiu/WeaveOS/services/bff/internal/flowcommands","Test":"TestRootV2ActionSpecificIdentities/withdraw"}
{"Time":"2026-10-05T10:23:14.765648737Z","Action":"output","Package":"github.com/Hubujiu/WeaveOS/services/bff/internal/flowcommands","Test":"TestRootV2ActionSpecificIdentities/withdraw","Output":"=== RUN   TestRootV2ActionSpecificIdentities/withdraw\n","OutputType":"frame"}
{"Time":"2026-10-05T10:23:14.765650489Z","Action":"output","Package":"github.com/Hubujiu/WeaveOS/services/bff/internal/flowcommands","Test":"TestRootV2ActionSpecificIdentities/withdraw","Output":"--- PASS: TestRootV2ActionSpecificIdentities/withdraw (0.00s)\n","OutputType":"frame"}
{"Time":"2026-10-05T10:23:14.765652002Z","Action":"pass","Package":"github.com/Hubujiu/WeaveOS/services/bff/internal/flowcommands","Test":"TestRootV2ActionSpecificIdentities/withdraw","Elapsed":0}
{"Time":"2026-10-05T10:23:14.765653263Z","Action":"run","Package":"github.com/Hubujiu/WeaveOS/services/bff/internal/flowcommands","Test":"TestRootV2ActionSpecificIdentities/return"}
{"Time":"2026-10-05T10:23:14.765654405Z","Action":"output","Package":"github.com/Hubujiu/WeaveOS/services/bff/internal/flowcommands","Test":"TestRootV2ActionSpecificIdentities/return","Output":"=== RUN   TestRootV2ActionSpecificIdentities/return\n","OutputType":"frame"}
{"Time":"2026-10-05T10:23:14.765671541Z","Action":"output","Package":"github.com/Hubujiu/WeaveOS/services/bff/internal/flowcommands","Test":"TestRootV2ActionSpecificIdentities/return","Output":"--- PASS: TestRootV2ActionSpecificIdentities/return (0.00s)\n","OutputType":"frame"}
{"Time":"2026-10-05T10:23:14.765677019Z","Action":"pass","Package":"github.com/Hubujiu/WeaveOS/services/bff/internal/flowcommands","Test":"TestRootV2ActionSpecificIdentities/return","Elapsed":0}
{"Time":"2026-10-05T10:23:14.76577286Z","Action":"output","Package":"github.com/Hubujiu/WeaveOS/services/bff/internal/flowcommands","Test":"TestRootV2ActionSpecificIdentities","Output":"--- PASS: TestRootV2ActionSpecificIdentities (0.00s)\n","OutputType":"frame"}
{"Time":"2026-10-05T10:23:14.765778859Z","Action":"pass","Package":"github.com/Hubujiu/WeaveOS/services/bff/internal/flowcommands","Test":"TestRootV2ActionSpecificIdentities","Elapsed":0}
{"Time":"2026-10-05T10:23:14.765796275Z","Action":"run","Package":"github.com/Hubujiu/WeaveOS/services/bff/internal/flowcommands","Test":"TestRootV1RejectsV2BindingsWithoutReinterpretingHistory"}
{"Time":"2026-10-05T10:23:14.765797918Z","Action":"output","Package":"github.com/Hubujiu/WeaveOS/services/bff/internal/flowcommands","Test":"TestRootV1RejectsV2BindingsWithoutReinterpretingHistory","Output":"=== RUN   TestRootV1RejectsV2BindingsWithoutReinterpretingHistory\n","OutputType":"frame"}
{"Time":"2026-10-05T10:23:14.765904836Z","Action":"run","Package":"github.com/Hubujiu/WeaveOS/services/bff/internal/flowcommands","Test":"TestRootV1RejectsV2BindingsWithoutReinterpretingHistory/0"}
{"Time":"2026-10-05T10:23:14.765906809Z","Action":"output","Package":"github.com/Hubujiu/WeaveOS/services/bff/internal/flowcommands","Test":"TestRootV1RejectsV2BindingsWithoutReinterpretingHistory/0","Output":"=== RUN   TestRootV1RejectsV2BindingsWithoutReinterpretingHistory/0\n","OutputType":"frame"}
{"Time":"2026-10-05T10:23:14.765909312Z","Action":"output","Package":"github.com/Hubujiu/WeaveOS/services/bff/internal/flowcommands","Test":"TestRootV1RejectsV2BindingsWithoutReinterpretingHistory/0","Output":"--- PASS: TestRootV1RejectsV2BindingsWithoutReinterpretingHistory/0 (0.00s)\n","OutputType":"frame"}
{"Time":"2026-10-05T10:23:14.765919017Z","Action":"pass","Package":"github.com/Hubujiu/WeaveOS/services/bff/internal/flowcommands","Test":"TestRootV1RejectsV2BindingsWithoutReinterpretingHistory/0","Elapsed":0}
{"Time":"2026-10-05T10:23:14.765979797Z","Action":"run","Package":"github.com/Hubujiu/WeaveOS/services/bff/internal/flowcommands","Test":"TestRootV1RejectsV2BindingsWithoutReinterpretingHistory/1"}
{"Time":"2026-10-05T10:23:14.76598203Z","Action":"output","Package":"github.com/Hubujiu/WeaveOS/services/bff/internal/flowcommands","Test":"TestRootV1RejectsV2BindingsWithoutReinterpretingHistory/1","Output":"=== RUN   TestRootV1RejectsV2BindingsWithoutReinterpretingHistory/1\n","OutputType":"frame"}
{"Time":"2026-10-05T10:23:14.765984464Z","Action":"output","Package":"github.com/Hubujiu/WeaveOS/services/bff/internal/flowcommands","Test":"TestRootV1RejectsV2BindingsWithoutReinterpretingHistory/1","Output":"--- PASS: TestRootV1RejectsV2BindingsWithoutReinterpretingHistory/1 (0.00s)\n","OutputType":"frame"}
{"Time":"2026-10-05T10:23:14.765986036Z","Action":"pass","Package":"github.com/Hubujiu/WeaveOS/services/bff/internal/flowcommands","Test":"TestRootV1RejectsV2BindingsWithoutReinterpretingHistory/1","Elapsed":0}
{"Time":"2026-10-05T10:23:14.765987328Z","Action":"run","Package":"github.com/Hubujiu/WeaveOS/services/bff/internal/flowcommands","Test":"TestRootV1RejectsV2BindingsWithoutReinterpretingHistory/2"}
{"Time":"2026-10-05T10:23:14.76598852Z","Action":"output","Package":"github.com/Hubujiu/WeaveOS/services/bff/internal/flowcommands","Test":"TestRootV1RejectsV2BindingsWithoutReinterpretingHistory/2","Output":"=== RUN   TestRootV1RejectsV2BindingsWithoutReinterpretingHistory/2\n","OutputType":"frame"}
{"Time":"2026-10-05T10:23:14.766003342Z","Action":"output","Package":"github.com/Hubujiu/WeaveOS/services/bff/internal/flowcommands","Test":"TestRootV1RejectsV2BindingsWithoutReinterpretingHistory/2","Output":"--- PASS: TestRootV1RejectsV2BindingsWithoutReinterpretingHistory/2 (0.00s)\n","OutputType":"frame"}
{"Time":"2026-10-05T10:23:14.7660087Z","Action":"pass","Package":"github.com/Hubujiu/WeaveOS/services/bff/internal/flowcommands","Test":"TestRootV1RejectsV2BindingsWithoutReinterpretingHistory/2","Elapsed":0}
{"Time":"2026-10-05T10:23:14.766013376Z","Action":"run","Package":"github.com/Hubujiu/WeaveOS/services/bff/internal/flowcommands","Test":"TestRootV1RejectsV2BindingsWithoutReinterpretingHistory/3"}
{"Time":"2026-10-05T10:23:14.766017753Z","Action":"output","Package":"github.com/Hubujiu/WeaveOS/services/bff/internal/flowcommands","Test":"TestRootV1RejectsV2BindingsWithoutReinterpretingHistory/3","Output":"=== RUN   TestRootV1RejectsV2BindingsWithoutReinterpretingHistory/3\n","OutputType":"frame"}
{"Time":"2026-10-05T10:23:14.766023131Z","Action":"output","Package":"github.com/Hubujiu/WeaveOS/services/bff/internal/flowcommands","Test":"TestRootV1RejectsV2BindingsWithoutReinterpretingHistory/3","Output":"--- PASS: TestRootV1RejectsV2BindingsWithoutReinterpretingHistory/3 (0.00s)\n","OutputType":"frame"}
{"Time":"2026-10-05T10:23:14.766027908Z","Action":"pass","Package":"github.com/Hubujiu/WeaveOS/services/bff/internal/flowcommands","Test":"TestRootV1RejectsV2BindingsWithoutReinterpretingHistory/3","Elapsed":0}
{"Time":"2026-10-05T10:23:14.766069369Z","Action":"run","Package":"github.com/Hubujiu/WeaveOS/services/bff/internal/flowcommands","Test":"TestRootV1RejectsV2BindingsWithoutReinterpretingHistory/4"}
{"Time":"2026-10-05T10:23:14.766070661Z","Action":"output","Package":"github.com/Hubujiu/WeaveOS/services/bff/internal/flowcommands","Test":"TestRootV1RejectsV2BindingsWithoutReinterpretingHistory/4","Output":"=== RUN   TestRootV1RejectsV2BindingsWithoutReinterpretingHistory/4\n","OutputType":"frame"}
{"Time":"2026-10-05T10:23:14.766072784Z","Action":"output","Package":"github.com/Hubujiu/WeaveOS/services/bff/internal/flowcommands","Test":"TestRootV1RejectsV2BindingsWithoutReinterpretingHistory/4","Output":"--- PASS: TestRootV1RejectsV2BindingsWithoutReinterpretingHistory/4 (0.00s)\n","OutputType":"frame"}
{"Time":"2026-10-05T10:23:14.766074407Z","Action":"pass","Package":"github.com/Hubujiu/WeaveOS/services/bff/internal/flowcommands","Test":"TestRootV1RejectsV2BindingsWithoutReinterpretingHistory/4","Elapsed":0}
{"Time":"2026-10-05T10:23:14.766075909Z","Action":"run","Package":"github.com/Hubujiu/WeaveOS/services/bff/internal/flowcommands","Test":"TestRootV1RejectsV2BindingsWithoutReinterpretingHistory/5"}
{"Time":"2026-10-05T10:23:14.766077081Z","Action":"output","Package":"github.com/Hubujiu/WeaveOS/services/bff/internal/flowcommands","Test":"TestRootV1RejectsV2BindingsWithoutReinterpretingHistory/5","Output":"=== RUN   TestRootV1RejectsV2BindingsWithoutReinterpretingHistory/5\n","OutputType":"frame"}
{"Time":"2026-10-05T10:23:14.766203908Z","Action":"output","Package":"github.com/Hubujiu/WeaveOS/services/bff/internal/flowcommands","Test":"TestRootV1RejectsV2BindingsWithoutReinterpretingHistory/5","Output":"--- PASS: TestRootV1RejectsV2BindingsWithoutReinterpretingHistory/5 (0.00s)\n","OutputType":"frame"}
{"Time":"2026-10-05T10:23:14.766214234Z","Action":"pass","Package":"github.com/Hubujiu/WeaveOS/services/bff/internal/flowcommands","Test":"TestRootV1RejectsV2BindingsWithoutReinterpretingHistory/5","Elapsed":0}
{"Time":"2026-10-05T10:23:14.766221204Z","Action":"output","Package":"github.com/Hubujiu/WeaveOS/services/bff/internal/flowcommands","Test":"TestRootV1RejectsV2BindingsWithoutReinterpretingHistory","Output":"--- PASS: TestRootV1RejectsV2BindingsWithoutReinterpretingHistory (0.00s)\n","OutputType":"frame"}
{"Time":"2026-10-05T10:23:14.766222867Z","Action":"pass","Package":"github.com/Hubujiu/WeaveOS/services/bff/internal/flowcommands","Test":"TestRootV1RejectsV2BindingsWithoutReinterpretingHistory","Elapsed":0}
{"Time":"2026-10-05T10:23:14.766224399Z","Action":"run","Package":"github.com/Hubujiu/WeaveOS/services/bff/internal/flowcommands","Test":"TestRootV2ReceiptBindingAndMonotonicReplay"}
{"Time":"2026-10-05T10:23:14.766225661Z","Action":"output","Package":"github.com/Hubujiu/WeaveOS/services/bff/internal/flowcommands","Test":"TestRootV2ReceiptBindingAndMonotonicReplay","Output":"=== RUN   TestRootV2ReceiptBindingAndMonotonicReplay\n","OutputType":"frame"}
{"Time":"2026-10-05T10:23:14.766238129Z","Action":"output","Package":"github.com/Hubujiu/WeaveOS/services/bff/internal/flowcommands","Test":"TestRootV2ReceiptBindingAndMonotonicReplay","Output":"--- PASS: TestRootV2ReceiptBindingAndMonotonicReplay (0.00s)\n","OutputType":"frame"}
{"Time":"2026-10-05T10:23:14.766243257Z","Action":"pass","Package":"github.com/Hubujiu/WeaveOS/services/bff/internal/flowcommands","Test":"TestRootV2ReceiptBindingAndMonotonicReplay","Elapsed":0}
{"Time":"2026-10-05T10:23:14.766247703Z","Action":"run","Package":"github.com/Hubujiu/WeaveOS/services/bff/internal/flowcommands","Test":"TestRootV2CanonicalBytesHaveIndependentOwnership"}
{"Time":"2026-10-05T10:23:14.766266391Z","Action":"output","Package":"github.com/Hubujiu/WeaveOS/services/bff/internal/flowcommands","Test":"TestRootV2CanonicalBytesHaveIndependentOwnership","Output":"=== RUN   TestRootV2CanonicalBytesHaveIndependentOwnership\n","OutputType":"frame"}
{"Time":"2026-10-05T10:23:14.766301222Z","Action":"output","Package":"github.com/Hubujiu/WeaveOS/services/bff/internal/flowcommands","Test":"TestRootV2CanonicalBytesHaveIndependentOwnership","Output":"--- PASS: TestRootV2CanonicalBytesHaveIndependentOwnership (0.00s)\n","OutputType":"frame"}
{"Time":"2026-10-05T10:23:14.766309765Z","Action":"pass","Package":"github.com/Hubujiu/WeaveOS/services/bff/internal/flowcommands","Test":"TestRootV2CanonicalBytesHaveIndependentOwnership","Elapsed":0}
{"Time":"2026-10-05T10:23:14.766314172Z","Action":"run","Package":"github.com/Hubujiu/WeaveOS/services/bff/internal/flowcommands","Test":"TestRootV2JSONStorageRoundTripPreservesIdentity"}
{"Time":"2026-10-05T10:23:14.766318288Z","Action":"output","Package":"github.com/Hubujiu/WeaveOS/services/bff/internal/flowcommands","Test":"TestRootV2JSONStorageRoundTripPreservesIdentity","Output":"=== RUN   TestRootV2JSONStorageRoundTripPreservesIdentity\n","OutputType":"frame"}
{"Time":"2026-10-05T10:23:14.766796105Z","Action":"output","Package":"github.com/Hubujiu/WeaveOS/services/bff/internal/flowcommands","Test":"TestRootV2JSONStorageRoundTripPreservesIdentity","Output":"--- PASS: TestRootV2JSONStorageRoundTripPreservesIdentity (0.00s)\n","OutputType":"frame"}
{"Time":"2026-10-05T10:23:14.766800411Z","Action":"pass","Package":"github.com/Hubujiu/WeaveOS/services/bff/internal/flowcommands","Test":"TestRootV2JSONStorageRoundTripPreservesIdentity","Elapsed":0}
{"Time":"2026-10-05T10:23:14.766802444Z","Action":"run","Package":"github.com/Hubujiu/WeaveOS/services/bff/internal/flowcommands","Test":"TestRootV2UnknownProtocolCannotDowngrade"}
{"Time":"2026-10-05T10:23:14.766803766Z","Action":"output","Package":"github.com/Hubujiu/WeaveOS/services/bff/internal/flowcommands","Test":"TestRootV2UnknownProtocolCannotDowngrade","Output":"=== RUN   TestRootV2UnknownProtocolCannotDowngrade\n","OutputType":"frame"}
{"Time":"2026-10-05T10:23:14.766815824Z","Action":"output","Package":"github.com/Hubujiu/WeaveOS/services/bff/internal/flowcommands","Test":"TestRootV2UnknownProtocolCannotDowngrade","Output":"--- PASS: TestRootV2UnknownProtocolCannotDowngrade (0.00s)\n","OutputType":"frame"}
{"Time":"2026-10-05T10:23:14.766820701Z","Action":"pass","Package":"github.com/Hubujiu/WeaveOS/services/bff/internal/flowcommands","Test":"TestRootV2UnknownProtocolCannotDowngrade","Elapsed":0}
{"Time":"2026-10-05T10:23:14.766824908Z","Action":"output","Package":"github.com/Hubujiu/WeaveOS/services/bff/internal/flowcommands","Output":"PASS\n","OutputType":"frame"}
{"Time":"2026-10-05T10:23:15.991651889Z","Action":"pass","Package":"github.com/Hubujiu/WeaveOS/services/bff/internal/flowcommands","Elapsed":4.495}
