postgres (PostgreSQL) 18.6 (Debian 18.6-1.pgdg13+2)
fixture published ports={}
fixture network internal=true
[INFO] Scanning for projects...
[INFO] 
[INFO] --------------------< org.weaveos:workflow-engine >---------------------
[INFO] Building WeaveOS controlled workflow engine core 0.3.0-SNAPSHOT
[INFO]   from pom.xml
[INFO] --------------------------------[ jar ]---------------------------------
[INFO] 
[INFO] --- resources:3.3.1:resources (default-resources) @ workflow-engine ---
[INFO] skip non existing resourceDirectory /proof/src/main/resources
[INFO] skip non existing resourceDirectory /proof/src/main/resources
[INFO] 
[INFO] --- compiler:3.14.1:compile (default-compile) @ workflow-engine ---
[INFO] Nothing to compile - all classes are up to date.
[INFO] 
[INFO] --- resources:3.3.1:testResources (default-testResources) @ workflow-engine ---
[INFO] Copying 6 resources from src/test/resources to target/test-classes
[INFO] 
[INFO] --- compiler:3.14.1:testCompile (default-testCompile) @ workflow-engine ---
[INFO] Nothing to compile - all classes are up to date.
[INFO] 
[INFO] --- surefire:3.5.4:test (default-test) @ workflow-engine ---
[INFO] Using auto detected provider org.apache.maven.surefire.junitplatform.JUnitPlatformProvider
[INFO] 
[INFO] -------------------------------------------------------
[INFO]  T E S T S
[INFO] -------------------------------------------------------
[INFO] Running org.weaveos.workflow.RootReturnCompatibilityTest
10:20:32.123 [main] INFO org.flowable.common.engine.impl.async.DefaultAsyncTaskExecutor -- Creating thread pool queue of size 100
10:20:32.126 [main] INFO org.flowable.common.engine.impl.async.DefaultAsyncTaskExecutor -- Creating thread factory with naming pattern flowable-async-task-invoker-thread-%d
10:20:32.126 [main] INFO org.flowable.common.engine.impl.async.DefaultAsyncTaskExecutor -- Creating executor service with corePoolSize 8, maxPoolSize 8 and keepAliveTime 5000
10:20:32.126 [main] INFO org.flowable.common.engine.impl.async.DefaultAsyncTaskExecutor -- Using rejectedExecutionHandler java.util.concurrent.ThreadPoolExecutor$CallerRunsPolicy@66de00f2
10:20:32.126 [main] INFO org.flowable.common.engine.impl.async.DefaultAsyncTaskExecutor -- Creating thread pool queue of size 2048
10:20:32.126 [main] INFO org.flowable.common.engine.impl.async.DefaultAsyncTaskExecutor -- Creating thread factory with naming pattern flowable-async-job-executor-thread-%d
10:20:32.127 [main] INFO org.flowable.common.engine.impl.async.DefaultAsyncTaskExecutor -- Creating executor service with corePoolSize 8, maxPoolSize 8 and keepAliveTime 5000
10:20:32.164 [main] INFO org.flowable.common.engine.impl.db.CommonDbSchemaManager -- performing create on common with resource org/flowable/common/db/create/flowable.postgres.create.common.sql
10:20:32.231 [main] INFO org.flowable.engine.impl.db.ProcessDbSchemaManager -- performing create on engine with resource org/flowable/db/create/flowable.postgres.create.engine.sql
10:20:32.283 [main] INFO org.flowable.engine.impl.db.ProcessDbSchemaManager -- performing create on history with resource org/flowable/db/create/flowable.postgres.create.history.sql
10:20:32.307 [main] INFO org.flowable.engine.impl.ProcessEngineImpl -- ProcessEngine default created
10:20:32.345 [main] INFO org.flowable.engine.impl.cmd.ValidateV5EntitiesCmd -- Total of v5 deployments found: 0
10:20:33.394 [main] INFO org.flowable.common.engine.impl.async.DefaultAsyncTaskExecutor -- Creating thread pool queue of size 100
10:20:33.395 [main] INFO org.flowable.common.engine.impl.async.DefaultAsyncTaskExecutor -- Creating thread factory with naming pattern flowable-async-task-invoker-thread-%d
10:20:33.395 [main] INFO org.flowable.common.engine.impl.async.DefaultAsyncTaskExecutor -- Creating executor service with corePoolSize 8, maxPoolSize 8 and keepAliveTime 5000
10:20:33.395 [main] INFO org.flowable.common.engine.impl.async.DefaultAsyncTaskExecutor -- Using rejectedExecutionHandler java.util.concurrent.ThreadPoolExecutor$CallerRunsPolicy@586cc15d
10:20:33.395 [main] INFO org.flowable.common.engine.impl.async.DefaultAsyncTaskExecutor -- Creating thread pool queue of size 2048
10:20:33.395 [main] INFO org.flowable.common.engine.impl.async.DefaultAsyncTaskExecutor -- Creating thread factory with naming pattern flowable-async-job-executor-thread-%d
10:20:33.395 [main] INFO org.flowable.common.engine.impl.async.DefaultAsyncTaskExecutor -- Creating executor service with corePoolSize 8, maxPoolSize 8 and keepAliveTime 5000
10:20:33.406 [main] INFO org.flowable.common.engine.impl.db.CommonDbSchemaManager -- performing create on common with resource org/flowable/common/db/create/flowable.postgres.create.common.sql
10:20:33.449 [main] INFO org.flowable.engine.impl.db.ProcessDbSchemaManager -- performing create on engine with resource org/flowable/db/create/flowable.postgres.create.engine.sql
10:20:33.482 [main] INFO org.flowable.engine.impl.db.ProcessDbSchemaManager -- performing create on history with resource org/flowable/db/create/flowable.postgres.create.history.sql
10:20:33.491 [main] INFO org.flowable.engine.impl.ProcessEngineImpl -- ProcessEngine default created
10:20:33.499 [main] INFO org.flowable.engine.impl.cmd.ValidateV5EntitiesCmd -- Total of v5 deployments found: 0
10:20:34.524 [main] INFO org.flowable.common.engine.impl.async.DefaultAsyncTaskExecutor -- Creating thread pool queue of size 100
10:20:34.524 [main] INFO org.flowable.common.engine.impl.async.DefaultAsyncTaskExecutor -- Creating thread factory with naming pattern flowable-async-task-invoker-thread-%d
10:20:34.525 [main] INFO org.flowable.common.engine.impl.async.DefaultAsyncTaskExecutor -- Creating executor service with corePoolSize 8, maxPoolSize 8 and keepAliveTime 5000
10:20:34.525 [main] INFO org.flowable.common.engine.impl.async.DefaultAsyncTaskExecutor -- Using rejectedExecutionHandler java.util.concurrent.ThreadPoolExecutor$CallerRunsPolicy@49b89425
10:20:34.525 [main] INFO org.flowable.common.engine.impl.async.DefaultAsyncTaskExecutor -- Creating thread pool queue of size 2048
10:20:34.525 [main] INFO org.flowable.common.engine.impl.async.DefaultAsyncTaskExecutor -- Creating thread factory with naming pattern flowable-async-job-executor-thread-%d
10:20:34.525 [main] INFO org.flowable.common.engine.impl.async.DefaultAsyncTaskExecutor -- Creating executor service with corePoolSize 8, maxPoolSize 8 and keepAliveTime 5000
10:20:34.534 [main] INFO org.flowable.common.engine.impl.db.CommonDbSchemaManager -- performing create on common with resource org/flowable/common/db/create/flowable.postgres.create.common.sql
10:20:34.573 [main] INFO org.flowable.engine.impl.db.ProcessDbSchemaManager -- performing create on engine with resource org/flowable/db/create/flowable.postgres.create.engine.sql
10:20:34.602 [main] INFO org.flowable.engine.impl.db.ProcessDbSchemaManager -- performing create on history with resource org/flowable/db/create/flowable.postgres.create.history.sql
10:20:34.613 [main] INFO org.flowable.engine.impl.ProcessEngineImpl -- ProcessEngine default created
10:20:34.620 [main] INFO org.flowable.engine.impl.cmd.ValidateV5EntitiesCmd -- Total of v5 deployments found: 0
10:20:35.534 [main] INFO org.flowable.common.engine.impl.async.DefaultAsyncTaskExecutor -- Creating thread pool queue of size 100
10:20:35.534 [main] INFO org.flowable.common.engine.impl.async.DefaultAsyncTaskExecutor -- Creating thread factory with naming pattern flowable-async-task-invoker-thread-%d
10:20:35.534 [main] INFO org.flowable.common.engine.impl.async.DefaultAsyncTaskExecutor -- Creating executor service with corePoolSize 8, maxPoolSize 8 and keepAliveTime 5000
10:20:35.534 [main] INFO org.flowable.common.engine.impl.async.DefaultAsyncTaskExecutor -- Using rejectedExecutionHandler java.util.concurrent.ThreadPoolExecutor$CallerRunsPolicy@3181d4de
10:20:35.534 [main] INFO org.flowable.common.engine.impl.async.DefaultAsyncTaskExecutor -- Creating thread pool queue of size 2048
10:20:35.534 [main] INFO org.flowable.common.engine.impl.async.DefaultAsyncTaskExecutor -- Creating thread factory with naming pattern flowable-async-job-executor-thread-%d
10:20:35.534 [main] INFO org.flowable.common.engine.impl.async.DefaultAsyncTaskExecutor -- Creating executor service with corePoolSize 8, maxPoolSize 8 and keepAliveTime 5000
10:20:35.541 [main] INFO org.flowable.common.engine.impl.db.CommonDbSchemaManager -- performing create on common with resource org/flowable/common/db/create/flowable.postgres.create.common.sql
10:20:35.581 [main] INFO org.flowable.engine.impl.db.ProcessDbSchemaManager -- performing create on engine with resource org/flowable/db/create/flowable.postgres.create.engine.sql
10:20:35.618 [main] INFO org.flowable.engine.impl.db.ProcessDbSchemaManager -- performing create on history with resource org/flowable/db/create/flowable.postgres.create.history.sql
10:20:35.628 [main] INFO org.flowable.engine.impl.ProcessEngineImpl -- ProcessEngine default created
10:20:35.637 [main] INFO org.flowable.engine.impl.cmd.ValidateV5EntitiesCmd -- Total of v5 deployments found: 0
10:20:36.201 [main] INFO org.flowable.common.engine.impl.async.DefaultAsyncTaskExecutor -- Creating thread pool queue of size 100
10:20:36.201 [main] INFO org.flowable.common.engine.impl.async.DefaultAsyncTaskExecutor -- Creating thread factory with naming pattern flowable-async-task-invoker-thread-%d
10:20:36.201 [main] INFO org.flowable.common.engine.impl.async.DefaultAsyncTaskExecutor -- Creating executor service with corePoolSize 8, maxPoolSize 8 and keepAliveTime 5000
10:20:36.201 [main] INFO org.flowable.common.engine.impl.async.DefaultAsyncTaskExecutor -- Using rejectedExecutionHandler java.util.concurrent.ThreadPoolExecutor$CallerRunsPolicy@11399548
10:20:36.201 [main] INFO org.flowable.common.engine.impl.async.DefaultAsyncTaskExecutor -- Creating thread pool queue of size 2048
10:20:36.201 [main] INFO org.flowable.common.engine.impl.async.DefaultAsyncTaskExecutor -- Creating thread factory with naming pattern flowable-async-job-executor-thread-%d
10:20:36.201 [main] INFO org.flowable.common.engine.impl.async.DefaultAsyncTaskExecutor -- Creating executor service with corePoolSize 8, maxPoolSize 8 and keepAliveTime 5000
10:20:36.209 [main] INFO org.flowable.common.engine.impl.db.CommonDbSchemaManager -- performing create on common with resource org/flowable/common/db/create/flowable.postgres.create.common.sql
10:20:36.249 [main] INFO org.flowable.engine.impl.db.ProcessDbSchemaManager -- performing create on engine with resource org/flowable/db/create/flowable.postgres.create.engine.sql
10:20:36.287 [main] INFO org.flowable.engine.impl.db.ProcessDbSchemaManager -- performing create on history with resource org/flowable/db/create/flowable.postgres.create.history.sql
10:20:36.302 [main] INFO org.flowable.engine.impl.ProcessEngineImpl -- ProcessEngine default created
10:20:36.308 [main] INFO org.flowable.engine.impl.cmd.ValidateV5EntitiesCmd -- Total of v5 deployments found: 0
[INFO] Tests run: 5, Failures: 0, Errors: 0, Skipped: 0, Time elapsed: 5.690 s -- in org.weaveos.workflow.RootReturnCompatibilityTest
[INFO] Running org.weaveos.workflow.RootDeploymentRegistryTest
10:20:36.880 [main] INFO org.flowable.common.engine.impl.async.DefaultAsyncTaskExecutor -- Creating thread pool queue of size 100
10:20:36.881 [main] INFO org.flowable.common.engine.impl.async.DefaultAsyncTaskExecutor -- Creating thread factory with naming pattern flowable-async-task-invoker-thread-%d
10:20:36.881 [main] INFO org.flowable.common.engine.impl.async.DefaultAsyncTaskExecutor -- Creating executor service with corePoolSize 8, maxPoolSize 8 and keepAliveTime 5000
10:20:36.881 [main] INFO org.flowable.common.engine.impl.async.DefaultAsyncTaskExecutor -- Using rejectedExecutionHandler java.util.concurrent.ThreadPoolExecutor$CallerRunsPolicy@7757025d
10:20:36.881 [main] INFO org.flowable.common.engine.impl.async.DefaultAsyncTaskExecutor -- Creating thread pool queue of size 2048
10:20:36.881 [main] INFO org.flowable.common.engine.impl.async.DefaultAsyncTaskExecutor -- Creating thread factory with naming pattern flowable-async-job-executor-thread-%d
10:20:36.881 [main] INFO org.flowable.common.engine.impl.async.DefaultAsyncTaskExecutor -- Creating executor service with corePoolSize 8, maxPoolSize 8 and keepAliveTime 5000
10:20:36.888 [main] INFO org.flowable.common.engine.impl.db.CommonDbSchemaManager -- performing create on common with resource org/flowable/common/db/create/flowable.postgres.create.common.sql
10:20:36.928 [main] INFO org.flowable.engine.impl.db.ProcessDbSchemaManager -- performing create on engine with resource org/flowable/db/create/flowable.postgres.create.engine.sql
10:20:36.957 [main] INFO org.flowable.engine.impl.db.ProcessDbSchemaManager -- performing create on history with resource org/flowable/db/create/flowable.postgres.create.history.sql
10:20:36.965 [main] INFO org.flowable.engine.impl.ProcessEngineImpl -- ProcessEngine default created
10:20:36.972 [main] INFO org.flowable.engine.impl.cmd.ValidateV5EntitiesCmd -- Total of v5 deployments found: 0
10:20:37.261 [main] INFO org.flowable.common.engine.impl.async.DefaultAsyncTaskExecutor -- Creating thread pool queue of size 100
10:20:37.261 [main] INFO org.flowable.common.engine.impl.async.DefaultAsyncTaskExecutor -- Creating thread factory with naming pattern flowable-async-task-invoker-thread-%d
10:20:37.261 [main] INFO org.flowable.common.engine.impl.async.DefaultAsyncTaskExecutor -- Creating executor service with corePoolSize 8, maxPoolSize 8 and keepAliveTime 5000
10:20:37.261 [main] INFO org.flowable.common.engine.impl.async.DefaultAsyncTaskExecutor -- Using rejectedExecutionHandler java.util.concurrent.ThreadPoolExecutor$CallerRunsPolicy@5cc3e49b
10:20:37.261 [main] INFO org.flowable.common.engine.impl.async.DefaultAsyncTaskExecutor -- Creating thread pool queue of size 2048
10:20:37.261 [main] INFO org.flowable.common.engine.impl.async.DefaultAsyncTaskExecutor -- Creating thread factory with naming pattern flowable-async-job-executor-thread-%d
10:20:37.261 [main] INFO org.flowable.common.engine.impl.async.DefaultAsyncTaskExecutor -- Creating executor service with corePoolSize 8, maxPoolSize 8 and keepAliveTime 5000
10:20:37.273 [main] INFO org.flowable.common.engine.impl.db.CommonDbSchemaManager -- performing create on common with resource org/flowable/common/db/create/flowable.postgres.create.common.sql
10:20:37.323 [main] INFO org.flowable.engine.impl.db.ProcessDbSchemaManager -- performing create on engine with resource org/flowable/db/create/flowable.postgres.create.engine.sql
10:20:37.363 [main] INFO org.flowable.engine.impl.db.ProcessDbSchemaManager -- performing create on history with resource org/flowable/db/create/flowable.postgres.create.history.sql
10:20:37.376 [main] INFO org.flowable.engine.impl.ProcessEngineImpl -- ProcessEngine default created
10:20:37.383 [main] INFO org.flowable.engine.impl.cmd.ValidateV5EntitiesCmd -- Total of v5 deployments found: 0
10:20:37.659 [main] INFO org.flowable.common.engine.impl.async.DefaultAsyncTaskExecutor -- Creating thread pool queue of size 100
10:20:37.659 [main] INFO org.flowable.common.engine.impl.async.DefaultAsyncTaskExecutor -- Creating thread factory with naming pattern flowable-async-task-invoker-thread-%d
10:20:37.659 [main] INFO org.flowable.common.engine.impl.async.DefaultAsyncTaskExecutor -- Creating executor service with corePoolSize 8, maxPoolSize 8 and keepAliveTime 5000
10:20:37.659 [main] INFO org.flowable.common.engine.impl.async.DefaultAsyncTaskExecutor -- Using rejectedExecutionHandler java.util.concurrent.ThreadPoolExecutor$CallerRunsPolicy@7f93f4c
10:20:37.659 [main] INFO org.flowable.common.engine.impl.async.DefaultAsyncTaskExecutor -- Creating thread pool queue of size 2048
10:20:37.659 [main] INFO org.flowable.common.engine.impl.async.DefaultAsyncTaskExecutor -- Creating thread factory with naming pattern flowable-async-job-executor-thread-%d
10:20:37.659 [main] INFO org.flowable.common.engine.impl.async.DefaultAsyncTaskExecutor -- Creating executor service with corePoolSize 8, maxPoolSize 8 and keepAliveTime 5000
10:20:37.672 [main] INFO org.flowable.engine.impl.ProcessEngineImpl -- ProcessEngine default created
10:20:37.682 [main] INFO org.flowable.engine.impl.cmd.ValidateV5EntitiesCmd -- Total of v5 deployments found: 0
10:20:37.956 [main] INFO org.flowable.common.engine.impl.async.DefaultAsyncTaskExecutor -- Creating thread pool queue of size 100
10:20:37.956 [main] INFO org.flowable.common.engine.impl.async.DefaultAsyncTaskExecutor -- Creating thread factory with naming pattern flowable-async-task-invoker-thread-%d
10:20:37.956 [main] INFO org.flowable.common.engine.impl.async.DefaultAsyncTaskExecutor -- Creating executor service with corePoolSize 8, maxPoolSize 8 and keepAliveTime 5000
10:20:37.956 [main] INFO org.flowable.common.engine.impl.async.DefaultAsyncTaskExecutor -- Using rejectedExecutionHandler java.util.concurrent.ThreadPoolExecutor$CallerRunsPolicy@6d420cdd
10:20:37.956 [main] INFO org.flowable.common.engine.impl.async.DefaultAsyncTaskExecutor -- Creating thread pool queue of size 2048
10:20:37.956 [main] INFO org.flowable.common.engine.impl.async.DefaultAsyncTaskExecutor -- Creating thread factory with naming pattern flowable-async-job-executor-thread-%d
10:20:37.956 [main] INFO org.flowable.common.engine.impl.async.DefaultAsyncTaskExecutor -- Creating executor service with corePoolSize 8, maxPoolSize 8 and keepAliveTime 5000
10:20:37.967 [main] INFO org.flowable.common.engine.impl.db.CommonDbSchemaManager -- performing create on common with resource org/flowable/common/db/create/flowable.postgres.create.common.sql
10:20:38.006 [main] INFO org.flowable.engine.impl.db.ProcessDbSchemaManager -- performing create on engine with resource org/flowable/db/create/flowable.postgres.create.engine.sql
10:20:38.036 [main] INFO org.flowable.engine.impl.db.ProcessDbSchemaManager -- performing create on history with resource org/flowable/db/create/flowable.postgres.create.history.sql
10:20:38.045 [main] INFO org.flowable.engine.impl.ProcessEngineImpl -- ProcessEngine default created
10:20:38.051 [main] INFO org.flowable.engine.impl.cmd.ValidateV5EntitiesCmd -- Total of v5 deployments found: 0
10:20:38.358 [main] INFO org.flowable.common.engine.impl.async.DefaultAsyncTaskExecutor -- Creating thread pool queue of size 100
10:20:38.359 [main] INFO org.flowable.common.engine.impl.async.DefaultAsyncTaskExecutor -- Creating thread factory with naming pattern flowable-async-task-invoker-thread-%d
10:20:38.359 [main] INFO org.flowable.common.engine.impl.async.DefaultAsyncTaskExecutor -- Creating executor service with corePoolSize 8, maxPoolSize 8 and keepAliveTime 5000
10:20:38.359 [main] INFO org.flowable.common.engine.impl.async.DefaultAsyncTaskExecutor -- Using rejectedExecutionHandler java.util.concurrent.ThreadPoolExecutor$CallerRunsPolicy@5086623f
10:20:38.359 [main] INFO org.flowable.common.engine.impl.async.DefaultAsyncTaskExecutor -- Creating thread pool queue of size 2048
10:20:38.359 [main] INFO org.flowable.common.engine.impl.async.DefaultAsyncTaskExecutor -- Creating thread factory with naming pattern flowable-async-job-executor-thread-%d
10:20:38.359 [main] INFO org.flowable.common.engine.impl.async.DefaultAsyncTaskExecutor -- Creating executor service with corePoolSize 8, maxPoolSize 8 and keepAliveTime 5000
10:20:38.367 [main] INFO org.flowable.common.engine.impl.db.CommonDbSchemaManager -- performing create on common with resource org/flowable/common/db/create/flowable.postgres.create.common.sql
10:20:38.412 [main] INFO org.flowable.engine.impl.db.ProcessDbSchemaManager -- performing create on engine with resource org/flowable/db/create/flowable.postgres.create.engine.sql
10:20:38.451 [main] INFO org.flowable.engine.impl.db.ProcessDbSchemaManager -- performing create on history with resource org/flowable/db/create/flowable.postgres.create.history.sql
10:20:38.460 [main] INFO org.flowable.engine.impl.ProcessEngineImpl -- ProcessEngine default created
10:20:38.466 [main] INFO org.flowable.engine.impl.cmd.ValidateV5EntitiesCmd -- Total of v5 deployments found: 0
10:20:38.800 [main] INFO org.flowable.common.engine.impl.async.DefaultAsyncTaskExecutor -- Creating thread pool queue of size 100
10:20:38.800 [main] INFO org.flowable.common.engine.impl.async.DefaultAsyncTaskExecutor -- Creating thread factory with naming pattern flowable-async-task-invoker-thread-%d
10:20:38.800 [main] INFO org.flowable.common.engine.impl.async.DefaultAsyncTaskExecutor -- Creating executor service with corePoolSize 8, maxPoolSize 8 and keepAliveTime 5000
10:20:38.800 [main] INFO org.flowable.common.engine.impl.async.DefaultAsyncTaskExecutor -- Using rejectedExecutionHandler java.util.concurrent.ThreadPoolExecutor$CallerRunsPolicy@2e349cf2
10:20:38.800 [main] INFO org.flowable.common.engine.impl.async.DefaultAsyncTaskExecutor -- Creating thread pool queue of size 2048
10:20:38.801 [main] INFO org.flowable.common.engine.impl.async.DefaultAsyncTaskExecutor -- Creating thread factory with naming pattern flowable-async-job-executor-thread-%d
10:20:38.801 [main] INFO org.flowable.common.engine.impl.async.DefaultAsyncTaskExecutor -- Creating executor service with corePoolSize 8, maxPoolSize 8 and keepAliveTime 5000
10:20:38.811 [main] INFO org.flowable.common.engine.impl.db.CommonDbSchemaManager -- performing create on common with resource org/flowable/common/db/create/flowable.postgres.create.common.sql
10:20:38.852 [main] INFO org.flowable.engine.impl.db.ProcessDbSchemaManager -- performing create on engine with resource org/flowable/db/create/flowable.postgres.create.engine.sql
10:20:38.885 [main] INFO org.flowable.engine.impl.db.ProcessDbSchemaManager -- performing create on history with resource org/flowable/db/create/flowable.postgres.create.history.sql
10:20:38.894 [main] INFO org.flowable.engine.impl.ProcessEngineImpl -- ProcessEngine default created
10:20:38.905 [main] INFO org.flowable.engine.impl.cmd.ValidateV5EntitiesCmd -- Total of v5 deployments found: 0
10:20:39.398 [main] INFO org.flowable.common.engine.impl.async.DefaultAsyncTaskExecutor -- Creating thread pool queue of size 100
10:20:39.398 [main] INFO org.flowable.common.engine.impl.async.DefaultAsyncTaskExecutor -- Creating thread factory with naming pattern flowable-async-task-invoker-thread-%d
10:20:39.398 [main] INFO org.flowable.common.engine.impl.async.DefaultAsyncTaskExecutor -- Creating executor service with corePoolSize 8, maxPoolSize 8 and keepAliveTime 5000
10:20:39.398 [main] INFO org.flowable.common.engine.impl.async.DefaultAsyncTaskExecutor -- Using rejectedExecutionHandler java.util.concurrent.ThreadPoolExecutor$CallerRunsPolicy@779228dc
10:20:39.398 [main] INFO org.flowable.common.engine.impl.async.DefaultAsyncTaskExecutor -- Creating thread pool queue of size 2048
10:20:39.398 [main] INFO org.flowable.common.engine.impl.async.DefaultAsyncTaskExecutor -- Creating thread factory with naming pattern flowable-async-job-executor-thread-%d
10:20:39.398 [main] INFO org.flowable.common.engine.impl.async.DefaultAsyncTaskExecutor -- Creating executor service with corePoolSize 8, maxPoolSize 8 and keepAliveTime 5000
10:20:39.407 [main] INFO org.flowable.common.engine.impl.db.CommonDbSchemaManager -- performing create on common with resource org/flowable/common/db/create/flowable.postgres.create.common.sql
10:20:39.452 [main] INFO org.flowable.engine.impl.db.ProcessDbSchemaManager -- performing create on engine with resource org/flowable/db/create/flowable.postgres.create.engine.sql
10:20:39.489 [main] INFO org.flowable.engine.impl.db.ProcessDbSchemaManager -- performing create on history with resource org/flowable/db/create/flowable.postgres.create.history.sql
10:20:39.501 [main] INFO org.flowable.engine.impl.ProcessEngineImpl -- ProcessEngine default created
10:20:39.509 [main] INFO org.flowable.engine.impl.cmd.ValidateV5EntitiesCmd -- Total of v5 deployments found: 0
10:20:39.851 [main] INFO org.flowable.common.engine.impl.async.DefaultAsyncTaskExecutor -- Creating thread pool queue of size 100
10:20:39.852 [main] INFO org.flowable.common.engine.impl.async.DefaultAsyncTaskExecutor -- Creating thread factory with naming pattern flowable-async-task-invoker-thread-%d
10:20:39.852 [main] INFO org.flowable.common.engine.impl.async.DefaultAsyncTaskExecutor -- Creating executor service with corePoolSize 8, maxPoolSize 8 and keepAliveTime 5000
10:20:39.852 [main] INFO org.flowable.common.engine.impl.async.DefaultAsyncTaskExecutor -- Using rejectedExecutionHandler java.util.concurrent.ThreadPoolExecutor$CallerRunsPolicy@6210666c
10:20:39.852 [main] INFO org.flowable.common.engine.impl.async.DefaultAsyncTaskExecutor -- Creating thread pool queue of size 2048
10:20:39.852 [main] INFO org.flowable.common.engine.impl.async.DefaultAsyncTaskExecutor -- Creating thread factory with naming pattern flowable-async-job-executor-thread-%d
10:20:39.852 [main] INFO org.flowable.common.engine.impl.async.DefaultAsyncTaskExecutor -- Creating executor service with corePoolSize 8, maxPoolSize 8 and keepAliveTime 5000
10:20:39.859 [main] INFO org.flowable.common.engine.impl.db.CommonDbSchemaManager -- performing create on common with resource org/flowable/common/db/create/flowable.postgres.create.common.sql
10:20:39.908 [main] INFO org.flowable.engine.impl.db.ProcessDbSchemaManager -- performing create on engine with resource org/flowable/db/create/flowable.postgres.create.engine.sql
10:20:39.951 [main] INFO org.flowable.engine.impl.db.ProcessDbSchemaManager -- performing create on history with resource org/flowable/db/create/flowable.postgres.create.history.sql
10:20:39.964 [main] INFO org.flowable.engine.impl.ProcessEngineImpl -- ProcessEngine default created
10:20:39.972 [main] INFO org.flowable.engine.impl.cmd.ValidateV5EntitiesCmd -- Total of v5 deployments found: 0
10:20:40.185 [main] INFO org.flowable.common.engine.impl.async.DefaultAsyncTaskExecutor -- Creating thread pool queue of size 100
10:20:40.185 [main] INFO org.flowable.common.engine.impl.async.DefaultAsyncTaskExecutor -- Creating thread factory with naming pattern flowable-async-task-invoker-thread-%d
10:20:40.185 [main] INFO org.flowable.common.engine.impl.async.DefaultAsyncTaskExecutor -- Creating executor service with corePoolSize 8, maxPoolSize 8 and keepAliveTime 5000
10:20:40.185 [main] INFO org.flowable.common.engine.impl.async.DefaultAsyncTaskExecutor -- Using rejectedExecutionHandler java.util.concurrent.ThreadPoolExecutor$CallerRunsPolicy@4315fe1b
10:20:40.185 [main] INFO org.flowable.common.engine.impl.async.DefaultAsyncTaskExecutor -- Creating thread pool queue of size 2048
10:20:40.185 [main] INFO org.flowable.common.engine.impl.async.DefaultAsyncTaskExecutor -- Creating thread factory with naming pattern flowable-async-job-executor-thread-%d
10:20:40.185 [main] INFO org.flowable.common.engine.impl.async.DefaultAsyncTaskExecutor -- Creating executor service with corePoolSize 8, maxPoolSize 8 and keepAliveTime 5000
10:20:40.193 [main] INFO org.flowable.common.engine.impl.db.CommonDbSchemaManager -- performing create on common with resource org/flowable/common/db/create/flowable.postgres.create.common.sql
10:20:40.230 [main] INFO org.flowable.engine.impl.db.ProcessDbSchemaManager -- performing create on engine with resource org/flowable/db/create/flowable.postgres.create.engine.sql
10:20:40.263 [main] INFO org.flowable.engine.impl.db.ProcessDbSchemaManager -- performing create on history with resource org/flowable/db/create/flowable.postgres.create.history.sql
10:20:40.272 [main] INFO org.flowable.engine.impl.ProcessEngineImpl -- ProcessEngine default created
10:20:40.277 [main] INFO org.flowable.engine.impl.cmd.ValidateV5EntitiesCmd -- Total of v5 deployments found: 0
10:20:40.539 [main] INFO org.flowable.common.engine.impl.async.DefaultAsyncTaskExecutor -- Creating thread pool queue of size 100
10:20:40.540 [main] INFO org.flowable.common.engine.impl.async.DefaultAsyncTaskExecutor -- Creating thread factory with naming pattern flowable-async-task-invoker-thread-%d
10:20:40.540 [main] INFO org.flowable.common.engine.impl.async.DefaultAsyncTaskExecutor -- Creating executor service with corePoolSize 8, maxPoolSize 8 and keepAliveTime 5000
10:20:40.540 [main] INFO org.flowable.common.engine.impl.async.DefaultAsyncTaskExecutor -- Using rejectedExecutionHandler java.util.concurrent.ThreadPoolExecutor$CallerRunsPolicy@a120b9
10:20:40.540 [main] INFO org.flowable.common.engine.impl.async.DefaultAsyncTaskExecutor -- Creating thread pool queue of size 2048
10:20:40.540 [main] INFO org.flowable.common.engine.impl.async.DefaultAsyncTaskExecutor -- Creating thread factory with naming pattern flowable-async-job-executor-thread-%d
10:20:40.540 [main] INFO org.flowable.common.engine.impl.async.DefaultAsyncTaskExecutor -- Creating executor service with corePoolSize 8, maxPoolSize 8 and keepAliveTime 5000
10:20:40.548 [main] INFO org.flowable.common.engine.impl.db.CommonDbSchemaManager -- performing create on common with resource org/flowable/common/db/create/flowable.postgres.create.common.sql
10:20:40.596 [main] INFO org.flowable.engine.impl.db.ProcessDbSchemaManager -- performing create on engine with resource org/flowable/db/create/flowable.postgres.create.engine.sql
10:20:40.636 [main] INFO org.flowable.engine.impl.db.ProcessDbSchemaManager -- performing create on history with resource org/flowable/db/create/flowable.postgres.create.history.sql
10:20:40.650 [main] INFO org.flowable.engine.impl.ProcessEngineImpl -- ProcessEngine default created
10:20:40.659 [main] INFO org.flowable.engine.impl.cmd.ValidateV5EntitiesCmd -- Total of v5 deployments found: 0
10:20:40.886 [main] INFO org.flowable.common.engine.impl.async.DefaultAsyncTaskExecutor -- Creating thread pool queue of size 100
10:20:40.886 [main] INFO org.flowable.common.engine.impl.async.DefaultAsyncTaskExecutor -- Creating thread factory with naming pattern flowable-async-task-invoker-thread-%d
10:20:40.886 [main] INFO org.flowable.common.engine.impl.async.DefaultAsyncTaskExecutor -- Creating executor service with corePoolSize 8, maxPoolSize 8 and keepAliveTime 5000
10:20:40.886 [main] INFO org.flowable.common.engine.impl.async.DefaultAsyncTaskExecutor -- Using rejectedExecutionHandler java.util.concurrent.ThreadPoolExecutor$CallerRunsPolicy@1d585fb
10:20:40.886 [main] INFO org.flowable.common.engine.impl.async.DefaultAsyncTaskExecutor -- Creating thread pool queue of size 2048
10:20:40.886 [main] INFO org.flowable.common.engine.impl.async.DefaultAsyncTaskExecutor -- Creating thread factory with naming pattern flowable-async-job-executor-thread-%d
10:20:40.886 [main] INFO org.flowable.common.engine.impl.async.DefaultAsyncTaskExecutor -- Creating executor service with corePoolSize 8, maxPoolSize 8 and keepAliveTime 5000
10:20:40.893 [main] INFO org.flowable.common.engine.impl.db.CommonDbSchemaManager -- performing create on common with resource org/flowable/common/db/create/flowable.postgres.create.common.sql
10:20:40.934 [main] INFO org.flowable.engine.impl.db.ProcessDbSchemaManager -- performing create on engine with resource org/flowable/db/create/flowable.postgres.create.engine.sql
10:20:40.966 [main] INFO org.flowable.engine.impl.db.ProcessDbSchemaManager -- performing create on history with resource org/flowable/db/create/flowable.postgres.create.history.sql
10:20:40.976 [main] INFO org.flowable.engine.impl.ProcessEngineImpl -- ProcessEngine default created
10:20:40.983 [main] INFO org.flowable.engine.impl.cmd.ValidateV5EntitiesCmd -- Total of v5 deployments found: 0
10:20:41.204 [main] INFO org.flowable.common.engine.impl.async.DefaultAsyncTaskExecutor -- Creating thread pool queue of size 100
10:20:41.205 [main] INFO org.flowable.common.engine.impl.async.DefaultAsyncTaskExecutor -- Creating thread factory with naming pattern flowable-async-task-invoker-thread-%d
10:20:41.205 [main] INFO org.flowable.common.engine.impl.async.DefaultAsyncTaskExecutor -- Creating executor service with corePoolSize 8, maxPoolSize 8 and keepAliveTime 5000
10:20:41.205 [main] INFO org.flowable.common.engine.impl.async.DefaultAsyncTaskExecutor -- Using rejectedExecutionHandler java.util.concurrent.ThreadPoolExecutor$CallerRunsPolicy@1a3b1f7e
10:20:41.205 [main] INFO org.flowable.common.engine.impl.async.DefaultAsyncTaskExecutor -- Creating thread pool queue of size 2048
10:20:41.205 [main] INFO org.flowable.common.engine.impl.async.DefaultAsyncTaskExecutor -- Creating thread factory with naming pattern flowable-async-job-executor-thread-%d
10:20:41.205 [main] INFO org.flowable.common.engine.impl.async.DefaultAsyncTaskExecutor -- Creating executor service with corePoolSize 8, maxPoolSize 8 and keepAliveTime 5000
10:20:41.220 [main] INFO org.flowable.common.engine.impl.db.CommonDbSchemaManager -- performing create on common with resource org/flowable/common/db/create/flowable.postgres.create.common.sql
10:20:41.281 [main] INFO org.flowable.engine.impl.db.ProcessDbSchemaManager -- performing create on engine with resource org/flowable/db/create/flowable.postgres.create.engine.sql
10:20:41.319 [main] INFO org.flowable.engine.impl.db.ProcessDbSchemaManager -- performing create on history with resource org/flowable/db/create/flowable.postgres.create.history.sql
10:20:41.330 [main] INFO org.flowable.engine.impl.ProcessEngineImpl -- ProcessEngine default created
10:20:41.337 [main] INFO org.flowable.engine.impl.cmd.ValidateV5EntitiesCmd -- Total of v5 deployments found: 0
10:20:41.596 [main] INFO org.flowable.common.engine.impl.async.DefaultAsyncTaskExecutor -- Creating thread pool queue of size 100
10:20:41.597 [main] INFO org.flowable.common.engine.impl.async.DefaultAsyncTaskExecutor -- Creating thread factory with naming pattern flowable-async-task-invoker-thread-%d
10:20:41.597 [main] INFO org.flowable.common.engine.impl.async.DefaultAsyncTaskExecutor -- Creating executor service with corePoolSize 8, maxPoolSize 8 and keepAliveTime 5000
10:20:41.597 [main] INFO org.flowable.common.engine.impl.async.DefaultAsyncTaskExecutor -- Using rejectedExecutionHandler java.util.concurrent.ThreadPoolExecutor$CallerRunsPolicy@4fd37449
10:20:41.597 [main] INFO org.flowable.common.engine.impl.async.DefaultAsyncTaskExecutor -- Creating thread pool queue of size 2048
10:20:41.597 [main] INFO org.flowable.common.engine.impl.async.DefaultAsyncTaskExecutor -- Creating thread factory with naming pattern flowable-async-job-executor-thread-%d
10:20:41.597 [main] INFO org.flowable.common.engine.impl.async.DefaultAsyncTaskExecutor -- Creating executor service with corePoolSize 8, maxPoolSize 8 and keepAliveTime 5000
10:20:41.606 [main] INFO org.flowable.common.engine.impl.db.CommonDbSchemaManager -- performing create on common with resource org/flowable/common/db/create/flowable.postgres.create.common.sql
10:20:41.652 [main] INFO org.flowable.engine.impl.db.ProcessDbSchemaManager -- performing create on engine with resource org/flowable/db/create/flowable.postgres.create.engine.sql
10:20:41.681 [main] INFO org.flowable.engine.impl.db.ProcessDbSchemaManager -- performing create on history with resource org/flowable/db/create/flowable.postgres.create.history.sql
10:20:41.691 [main] INFO org.flowable.engine.impl.ProcessEngineImpl -- ProcessEngine default created
10:20:41.697 [main] INFO org.flowable.engine.impl.cmd.ValidateV5EntitiesCmd -- Total of v5 deployments found: 0
10:20:41.913 [main] INFO org.flowable.common.engine.impl.async.DefaultAsyncTaskExecutor -- Creating thread pool queue of size 100
10:20:41.914 [main] INFO org.flowable.common.engine.impl.async.DefaultAsyncTaskExecutor -- Creating thread factory with naming pattern flowable-async-task-invoker-thread-%d
10:20:41.914 [main] INFO org.flowable.common.engine.impl.async.DefaultAsyncTaskExecutor -- Creating executor service with corePoolSize 8, maxPoolSize 8 and keepAliveTime 5000
10:20:41.914 [main] INFO org.flowable.common.engine.impl.async.DefaultAsyncTaskExecutor -- Using rejectedExecutionHandler java.util.concurrent.ThreadPoolExecutor$CallerRunsPolicy@654b899f
10:20:41.914 [main] INFO org.flowable.common.engine.impl.async.DefaultAsyncTaskExecutor -- Creating thread pool queue of size 2048
10:20:41.914 [main] INFO org.flowable.common.engine.impl.async.DefaultAsyncTaskExecutor -- Creating thread factory with naming pattern flowable-async-job-executor-thread-%d
10:20:41.914 [main] INFO org.flowable.common.engine.impl.async.DefaultAsyncTaskExecutor -- Creating executor service with corePoolSize 8, maxPoolSize 8 and keepAliveTime 5000
10:20:41.921 [main] INFO org.flowable.common.engine.impl.db.CommonDbSchemaManager -- performing create on common with resource org/flowable/common/db/create/flowable.postgres.create.common.sql
10:20:41.957 [main] INFO org.flowable.engine.impl.db.ProcessDbSchemaManager -- performing create on engine with resource org/flowable/db/create/flowable.postgres.create.engine.sql
10:20:41.985 [main] INFO org.flowable.engine.impl.db.ProcessDbSchemaManager -- performing create on history with resource org/flowable/db/create/flowable.postgres.create.history.sql
10:20:41.996 [main] INFO org.flowable.engine.impl.ProcessEngineImpl -- ProcessEngine default created
10:20:42.002 [main] INFO org.flowable.engine.impl.cmd.ValidateV5EntitiesCmd -- Total of v5 deployments found: 0
10:20:42.266 [main] INFO org.flowable.common.engine.impl.async.DefaultAsyncTaskExecutor -- Creating thread pool queue of size 100
10:20:42.266 [main] INFO org.flowable.common.engine.impl.async.DefaultAsyncTaskExecutor -- Creating thread factory with naming pattern flowable-async-task-invoker-thread-%d
10:20:42.266 [main] INFO org.flowable.common.engine.impl.async.DefaultAsyncTaskExecutor -- Creating executor service with corePoolSize 8, maxPoolSize 8 and keepAliveTime 5000
10:20:42.266 [main] INFO org.flowable.common.engine.impl.async.DefaultAsyncTaskExecutor -- Using rejectedExecutionHandler java.util.concurrent.ThreadPoolExecutor$CallerRunsPolicy@457692cb
10:20:42.266 [main] INFO org.flowable.common.engine.impl.async.DefaultAsyncTaskExecutor -- Creating thread pool queue of size 2048
10:20:42.266 [main] INFO org.flowable.common.engine.impl.async.DefaultAsyncTaskExecutor -- Creating thread factory with naming pattern flowable-async-job-executor-thread-%d
10:20:42.266 [main] INFO org.flowable.common.engine.impl.async.DefaultAsyncTaskExecutor -- Creating executor service with corePoolSize 8, maxPoolSize 8 and keepAliveTime 5000
10:20:42.275 [main] INFO org.flowable.common.engine.impl.db.CommonDbSchemaManager -- performing create on common with resource org/flowable/common/db/create/flowable.postgres.create.common.sql
10:20:42.317 [main] INFO org.flowable.engine.impl.db.ProcessDbSchemaManager -- performing create on engine with resource org/flowable/db/create/flowable.postgres.create.engine.sql
10:20:42.347 [main] INFO org.flowable.engine.impl.db.ProcessDbSchemaManager -- performing create on history with resource org/flowable/db/create/flowable.postgres.create.history.sql
10:20:42.355 [main] INFO org.flowable.engine.impl.ProcessEngineImpl -- ProcessEngine default created
10:20:42.362 [main] INFO org.flowable.engine.impl.cmd.ValidateV5EntitiesCmd -- Total of v5 deployments found: 0
10:20:42.581 [main] INFO org.flowable.common.engine.impl.async.DefaultAsyncTaskExecutor -- Creating thread pool queue of size 100
10:20:42.581 [main] INFO org.flowable.common.engine.impl.async.DefaultAsyncTaskExecutor -- Creating thread factory with naming pattern flowable-async-task-invoker-thread-%d
10:20:42.581 [main] INFO org.flowable.common.engine.impl.async.DefaultAsyncTaskExecutor -- Creating executor service with corePoolSize 8, maxPoolSize 8 and keepAliveTime 5000
10:20:42.581 [main] INFO org.flowable.common.engine.impl.async.DefaultAsyncTaskExecutor -- Using rejectedExecutionHandler java.util.concurrent.ThreadPoolExecutor$CallerRunsPolicy@236b4a44
10:20:42.581 [main] INFO org.flowable.common.engine.impl.async.DefaultAsyncTaskExecutor -- Creating thread pool queue of size 2048
10:20:42.581 [main] INFO org.flowable.common.engine.impl.async.DefaultAsyncTaskExecutor -- Creating thread factory with naming pattern flowable-async-job-executor-thread-%d
10:20:42.581 [main] INFO org.flowable.common.engine.impl.async.DefaultAsyncTaskExecutor -- Creating executor service with corePoolSize 8, maxPoolSize 8 and keepAliveTime 5000
10:20:42.588 [main] INFO org.flowable.common.engine.impl.db.CommonDbSchemaManager -- performing create on common with resource org/flowable/common/db/create/flowable.postgres.create.common.sql
10:20:42.629 [main] INFO org.flowable.engine.impl.db.ProcessDbSchemaManager -- performing create on engine with resource org/flowable/db/create/flowable.postgres.create.engine.sql
10:20:42.663 [main] INFO org.flowable.engine.impl.db.ProcessDbSchemaManager -- performing create on history with resource org/flowable/db/create/flowable.postgres.create.history.sql
10:20:42.673 [main] INFO org.flowable.engine.impl.ProcessEngineImpl -- ProcessEngine default created
10:20:42.679 [main] INFO org.flowable.engine.impl.cmd.ValidateV5EntitiesCmd -- Total of v5 deployments found: 0
10:20:42.946 [main] INFO org.flowable.common.engine.impl.async.DefaultAsyncTaskExecutor -- Creating thread pool queue of size 100
10:20:42.946 [main] INFO org.flowable.common.engine.impl.async.DefaultAsyncTaskExecutor -- Creating thread factory with naming pattern flowable-async-task-invoker-thread-%d
10:20:42.946 [main] INFO org.flowable.common.engine.impl.async.DefaultAsyncTaskExecutor -- Creating executor service with corePoolSize 8, maxPoolSize 8 and keepAliveTime 5000
10:20:42.946 [main] INFO org.flowable.common.engine.impl.async.DefaultAsyncTaskExecutor -- Using rejectedExecutionHandler java.util.concurrent.ThreadPoolExecutor$CallerRunsPolicy@1f75fd1d
10:20:42.946 [main] INFO org.flowable.common.engine.impl.async.DefaultAsyncTaskExecutor -- Creating thread pool queue of size 2048
10:20:42.946 [main] INFO org.flowable.common.engine.impl.async.DefaultAsyncTaskExecutor -- Creating thread factory with naming pattern flowable-async-job-executor-thread-%d
10:20:42.946 [main] INFO org.flowable.common.engine.impl.async.DefaultAsyncTaskExecutor -- Creating executor service with corePoolSize 8, maxPoolSize 8 and keepAliveTime 5000
10:20:42.953 [main] INFO org.flowable.common.engine.impl.db.CommonDbSchemaManager -- performing create on common with resource org/flowable/common/db/create/flowable.postgres.create.common.sql
10:20:42.999 [main] INFO org.flowable.engine.impl.db.ProcessDbSchemaManager -- performing create on engine with resource org/flowable/db/create/flowable.postgres.create.engine.sql
10:20:43.034 [main] INFO org.flowable.engine.impl.db.ProcessDbSchemaManager -- performing create on history with resource org/flowable/db/create/flowable.postgres.create.history.sql
10:20:43.044 [main] INFO org.flowable.engine.impl.ProcessEngineImpl -- ProcessEngine default created
10:20:43.050 [main] INFO org.flowable.engine.impl.cmd.ValidateV5EntitiesCmd -- Total of v5 deployments found: 0
10:20:43.246 [main] INFO org.flowable.common.engine.impl.async.DefaultAsyncTaskExecutor -- Creating thread pool queue of size 100
10:20:43.246 [main] INFO org.flowable.common.engine.impl.async.DefaultAsyncTaskExecutor -- Creating thread factory with naming pattern flowable-async-task-invoker-thread-%d
10:20:43.246 [main] INFO org.flowable.common.engine.impl.async.DefaultAsyncTaskExecutor -- Creating executor service with corePoolSize 8, maxPoolSize 8 and keepAliveTime 5000
10:20:43.246 [main] INFO org.flowable.common.engine.impl.async.DefaultAsyncTaskExecutor -- Using rejectedExecutionHandler java.util.concurrent.ThreadPoolExecutor$CallerRunsPolicy@2f166d61
10:20:43.246 [main] INFO org.flowable.common.engine.impl.async.DefaultAsyncTaskExecutor -- Creating thread pool queue of size 2048
10:20:43.246 [main] INFO org.flowable.common.engine.impl.async.DefaultAsyncTaskExecutor -- Creating thread factory with naming pattern flowable-async-job-executor-thread-%d
10:20:43.246 [main] INFO org.flowable.common.engine.impl.async.DefaultAsyncTaskExecutor -- Creating executor service with corePoolSize 8, maxPoolSize 8 and keepAliveTime 5000
10:20:43.254 [main] INFO org.flowable.common.engine.impl.db.CommonDbSchemaManager -- performing create on common with resource org/flowable/common/db/create/flowable.postgres.create.common.sql
10:20:43.293 [main] INFO org.flowable.engine.impl.db.ProcessDbSchemaManager -- performing create on engine with resource org/flowable/db/create/flowable.postgres.create.engine.sql
10:20:43.322 [main] INFO org.flowable.engine.impl.db.ProcessDbSchemaManager -- performing create on history with resource org/flowable/db/create/flowable.postgres.create.history.sql
10:20:43.331 [main] INFO org.flowable.engine.impl.ProcessEngineImpl -- ProcessEngine default created
10:20:43.338 [main] INFO org.flowable.engine.impl.cmd.ValidateV5EntitiesCmd -- Total of v5 deployments found: 0
10:20:43.536 [main] INFO org.flowable.common.engine.impl.async.DefaultAsyncTaskExecutor -- Creating thread pool queue of size 100
10:20:43.536 [main] INFO org.flowable.common.engine.impl.async.DefaultAsyncTaskExecutor -- Creating thread factory with naming pattern flowable-async-task-invoker-thread-%d
10:20:43.536 [main] INFO org.flowable.common.engine.impl.async.DefaultAsyncTaskExecutor -- Creating executor service with corePoolSize 8, maxPoolSize 8 and keepAliveTime 5000
10:20:43.536 [main] INFO org.flowable.common.engine.impl.async.DefaultAsyncTaskExecutor -- Using rejectedExecutionHandler java.util.concurrent.ThreadPoolExecutor$CallerRunsPolicy@4af7ac25
10:20:43.536 [main] INFO org.flowable.common.engine.impl.async.DefaultAsyncTaskExecutor -- Creating thread pool queue of size 2048
10:20:43.536 [main] INFO org.flowable.common.engine.impl.async.DefaultAsyncTaskExecutor -- Creating thread factory with naming pattern flowable-async-job-executor-thread-%d
10:20:43.536 [main] INFO org.flowable.common.engine.impl.async.DefaultAsyncTaskExecutor -- Creating executor service with corePoolSize 8, maxPoolSize 8 and keepAliveTime 5000
10:20:43.543 [main] INFO org.flowable.common.engine.impl.db.CommonDbSchemaManager -- performing create on common with resource org/flowable/common/db/create/flowable.postgres.create.common.sql
10:20:43.582 [main] INFO org.flowable.engine.impl.db.ProcessDbSchemaManager -- performing create on engine with resource org/flowable/db/create/flowable.postgres.create.engine.sql
10:20:43.614 [main] INFO org.flowable.engine.impl.db.ProcessDbSchemaManager -- performing create on history with resource org/flowable/db/create/flowable.postgres.create.history.sql
10:20:43.622 [main] INFO org.flowable.engine.impl.ProcessEngineImpl -- ProcessEngine default created
10:20:43.629 [main] INFO org.flowable.engine.impl.cmd.ValidateV5EntitiesCmd -- Total of v5 deployments found: 0
[INFO] Tests run: 18, Failures: 0, Errors: 0, Skipped: 0, Time elapsed: 7.029 s -- in org.weaveos.workflow.RootDeploymentRegistryTest
[INFO] Running org.weaveos.workflow.RootDeploymentGrpcIT
10:20:43.844 [main] INFO org.flowable.common.engine.impl.async.DefaultAsyncTaskExecutor -- Creating thread pool queue of size 100
10:20:43.845 [main] INFO org.flowable.common.engine.impl.async.DefaultAsyncTaskExecutor -- Creating thread factory with naming pattern flowable-async-task-invoker-thread-%d
10:20:43.845 [main] INFO org.flowable.common.engine.impl.async.DefaultAsyncTaskExecutor -- Creating executor service with corePoolSize 8, maxPoolSize 8 and keepAliveTime 5000
10:20:43.845 [main] INFO org.flowable.common.engine.impl.async.DefaultAsyncTaskExecutor -- Using rejectedExecutionHandler java.util.concurrent.ThreadPoolExecutor$CallerRunsPolicy@74b7497b
10:20:43.845 [main] INFO org.flowable.common.engine.impl.async.DefaultAsyncTaskExecutor -- Creating thread pool queue of size 2048
10:20:43.845 [main] INFO org.flowable.common.engine.impl.async.DefaultAsyncTaskExecutor -- Creating thread factory with naming pattern flowable-async-job-executor-thread-%d
10:20:43.845 [main] INFO org.flowable.common.engine.impl.async.DefaultAsyncTaskExecutor -- Creating executor service with corePoolSize 8, maxPoolSize 8 and keepAliveTime 5000
10:20:43.853 [main] INFO org.flowable.common.engine.impl.db.CommonDbSchemaManager -- performing create on common with resource org/flowable/common/db/create/flowable.postgres.create.common.sql
10:20:43.895 [main] INFO org.flowable.engine.impl.db.ProcessDbSchemaManager -- performing create on engine with resource org/flowable/db/create/flowable.postgres.create.engine.sql
10:20:43.929 [main] INFO org.flowable.engine.impl.db.ProcessDbSchemaManager -- performing create on history with resource org/flowable/db/create/flowable.postgres.create.history.sql
10:20:43.939 [main] INFO org.flowable.engine.impl.ProcessEngineImpl -- ProcessEngine default created
10:20:43.946 [main] INFO org.flowable.engine.impl.cmd.ValidateV5EntitiesCmd -- Total of v5 deployments found: 0
10:20:44.622 [main] INFO org.flowable.common.engine.impl.async.DefaultAsyncTaskExecutor -- Creating thread pool queue of size 100
10:20:44.622 [main] INFO org.flowable.common.engine.impl.async.DefaultAsyncTaskExecutor -- Creating thread factory with naming pattern flowable-async-task-invoker-thread-%d
10:20:44.622 [main] INFO org.flowable.common.engine.impl.async.DefaultAsyncTaskExecutor -- Creating executor service with corePoolSize 8, maxPoolSize 8 and keepAliveTime 5000
10:20:44.622 [main] INFO org.flowable.common.engine.impl.async.DefaultAsyncTaskExecutor -- Using rejectedExecutionHandler java.util.concurrent.ThreadPoolExecutor$CallerRunsPolicy@32cde414
10:20:44.622 [main] INFO org.flowable.common.engine.impl.async.DefaultAsyncTaskExecutor -- Creating thread pool queue of size 2048
10:20:44.622 [main] INFO org.flowable.common.engine.impl.async.DefaultAsyncTaskExecutor -- Creating thread factory with naming pattern flowable-async-job-executor-thread-%d
10:20:44.622 [main] INFO org.flowable.common.engine.impl.async.DefaultAsyncTaskExecutor -- Creating executor service with corePoolSize 8, maxPoolSize 8 and keepAliveTime 5000
10:20:44.629 [main] INFO org.flowable.common.engine.impl.db.CommonDbSchemaManager -- performing create on common with resource org/flowable/common/db/create/flowable.postgres.create.common.sql
10:20:44.665 [main] INFO org.flowable.engine.impl.db.ProcessDbSchemaManager -- performing create on engine with resource org/flowable/db/create/flowable.postgres.create.engine.sql
10:20:44.706 [main] INFO org.flowable.engine.impl.db.ProcessDbSchemaManager -- performing create on history with resource org/flowable/db/create/flowable.postgres.create.history.sql
10:20:44.716 [main] INFO org.flowable.engine.impl.ProcessEngineImpl -- ProcessEngine default created
10:20:44.723 [main] INFO org.flowable.engine.impl.cmd.ValidateV5EntitiesCmd -- Total of v5 deployments found: 0
10:20:45.024 [main] INFO org.flowable.common.engine.impl.async.DefaultAsyncTaskExecutor -- Creating thread pool queue of size 100
10:20:45.024 [main] INFO org.flowable.common.engine.impl.async.DefaultAsyncTaskExecutor -- Creating thread factory with naming pattern flowable-async-task-invoker-thread-%d
10:20:45.024 [main] INFO org.flowable.common.engine.impl.async.DefaultAsyncTaskExecutor -- Creating executor service with corePoolSize 8, maxPoolSize 8 and keepAliveTime 5000
10:20:45.024 [main] INFO org.flowable.common.engine.impl.async.DefaultAsyncTaskExecutor -- Using rejectedExecutionHandler java.util.concurrent.ThreadPoolExecutor$CallerRunsPolicy@3bbc47c9
10:20:45.024 [main] INFO org.flowable.common.engine.impl.async.DefaultAsyncTaskExecutor -- Creating thread pool queue of size 2048
10:20:45.024 [main] INFO org.flowable.common.engine.impl.async.DefaultAsyncTaskExecutor -- Creating thread factory with naming pattern flowable-async-job-executor-thread-%d
10:20:45.024 [main] INFO org.flowable.common.engine.impl.async.DefaultAsyncTaskExecutor -- Creating executor service with corePoolSize 8, maxPoolSize 8 and keepAliveTime 5000
10:20:45.032 [main] INFO org.flowable.common.engine.impl.db.CommonDbSchemaManager -- performing create on common with resource org/flowable/common/db/create/flowable.postgres.create.common.sql
10:20:45.076 [main] INFO org.flowable.engine.impl.db.ProcessDbSchemaManager -- performing create on engine with resource org/flowable/db/create/flowable.postgres.create.engine.sql
10:20:45.108 [main] INFO org.flowable.engine.impl.db.ProcessDbSchemaManager -- performing create on history with resource org/flowable/db/create/flowable.postgres.create.history.sql
10:20:45.117 [main] INFO org.flowable.engine.impl.ProcessEngineImpl -- ProcessEngine default created
10:20:45.123 [main] INFO org.flowable.engine.impl.cmd.ValidateV5EntitiesCmd -- Total of v5 deployments found: 0
10:20:45.332 [main] INFO org.flowable.common.engine.impl.async.DefaultAsyncTaskExecutor -- Creating thread pool queue of size 100
10:20:45.332 [main] INFO org.flowable.common.engine.impl.async.DefaultAsyncTaskExecutor -- Creating thread factory with naming pattern flowable-async-task-invoker-thread-%d
10:20:45.332 [main] INFO org.flowable.common.engine.impl.async.DefaultAsyncTaskExecutor -- Creating executor service with corePoolSize 8, maxPoolSize 8 and keepAliveTime 5000
10:20:45.332 [main] INFO org.flowable.common.engine.impl.async.DefaultAsyncTaskExecutor -- Using rejectedExecutionHandler java.util.concurrent.ThreadPoolExecutor$CallerRunsPolicy@3cc817bd
10:20:45.332 [main] INFO org.flowable.common.engine.impl.async.DefaultAsyncTaskExecutor -- Creating thread pool queue of size 2048
10:20:45.332 [main] INFO org.flowable.common.engine.impl.async.DefaultAsyncTaskExecutor -- Creating thread factory with naming pattern flowable-async-job-executor-thread-%d
10:20:45.332 [main] INFO org.flowable.common.engine.impl.async.DefaultAsyncTaskExecutor -- Creating executor service with corePoolSize 8, maxPoolSize 8 and keepAliveTime 5000
10:20:45.339 [main] INFO org.flowable.common.engine.impl.db.CommonDbSchemaManager -- performing create on common with resource org/flowable/common/db/create/flowable.postgres.create.common.sql
10:20:45.376 [main] INFO org.flowable.engine.impl.db.ProcessDbSchemaManager -- performing create on engine with resource org/flowable/db/create/flowable.postgres.create.engine.sql
10:20:45.405 [main] INFO org.flowable.engine.impl.db.ProcessDbSchemaManager -- performing create on history with resource org/flowable/db/create/flowable.postgres.create.history.sql
10:20:45.414 [main] INFO org.flowable.engine.impl.ProcessEngineImpl -- ProcessEngine default created
10:20:45.419 [main] INFO org.flowable.engine.impl.cmd.ValidateV5EntitiesCmd -- Total of v5 deployments found: 0
10:20:45.612 [main] INFO org.flowable.common.engine.impl.async.DefaultAsyncTaskExecutor -- Creating thread pool queue of size 100
10:20:45.613 [main] INFO org.flowable.common.engine.impl.async.DefaultAsyncTaskExecutor -- Creating thread factory with naming pattern flowable-async-task-invoker-thread-%d
10:20:45.613 [main] INFO org.flowable.common.engine.impl.async.DefaultAsyncTaskExecutor -- Creating executor service with corePoolSize 8, maxPoolSize 8 and keepAliveTime 5000
10:20:45.613 [main] INFO org.flowable.common.engine.impl.async.DefaultAsyncTaskExecutor -- Using rejectedExecutionHandler java.util.concurrent.ThreadPoolExecutor$CallerRunsPolicy@b2e1df3
10:20:45.613 [main] INFO org.flowable.common.engine.impl.async.DefaultAsyncTaskExecutor -- Creating thread pool queue of size 2048
10:20:45.613 [main] INFO org.flowable.common.engine.impl.async.DefaultAsyncTaskExecutor -- Creating thread factory with naming pattern flowable-async-job-executor-thread-%d
10:20:45.613 [main] INFO org.flowable.common.engine.impl.async.DefaultAsyncTaskExecutor -- Creating executor service with corePoolSize 8, maxPoolSize 8 and keepAliveTime 5000
10:20:45.622 [main] INFO org.flowable.engine.impl.ProcessEngineImpl -- ProcessEngine default created
10:20:45.627 [main] INFO org.flowable.engine.impl.cmd.ValidateV5EntitiesCmd -- Total of v5 deployments found: 0
10:20:45.850 [main] INFO org.flowable.common.engine.impl.async.DefaultAsyncTaskExecutor -- Creating thread pool queue of size 100
10:20:45.850 [main] INFO org.flowable.common.engine.impl.async.DefaultAsyncTaskExecutor -- Creating thread factory with naming pattern flowable-async-task-invoker-thread-%d
10:20:45.850 [main] INFO org.flowable.common.engine.impl.async.DefaultAsyncTaskExecutor -- Creating executor service with corePoolSize 8, maxPoolSize 8 and keepAliveTime 5000
10:20:45.850 [main] INFO org.flowable.common.engine.impl.async.DefaultAsyncTaskExecutor -- Using rejectedExecutionHandler java.util.concurrent.ThreadPoolExecutor$CallerRunsPolicy@4cefa0be
10:20:45.850 [main] INFO org.flowable.common.engine.impl.async.DefaultAsyncTaskExecutor -- Creating thread pool queue of size 2048
10:20:45.850 [main] INFO org.flowable.common.engine.impl.async.DefaultAsyncTaskExecutor -- Creating thread factory with naming pattern flowable-async-job-executor-thread-%d
10:20:45.850 [main] INFO org.flowable.common.engine.impl.async.DefaultAsyncTaskExecutor -- Creating executor service with corePoolSize 8, maxPoolSize 8 and keepAliveTime 5000
10:20:45.858 [main] INFO org.flowable.common.engine.impl.db.CommonDbSchemaManager -- performing create on common with resource org/flowable/common/db/create/flowable.postgres.create.common.sql
10:20:45.894 [main] INFO org.flowable.engine.impl.db.ProcessDbSchemaManager -- performing create on engine with resource org/flowable/db/create/flowable.postgres.create.engine.sql
10:20:45.922 [main] INFO org.flowable.engine.impl.db.ProcessDbSchemaManager -- performing create on history with resource org/flowable/db/create/flowable.postgres.create.history.sql
10:20:45.930 [main] INFO org.flowable.engine.impl.ProcessEngineImpl -- ProcessEngine default created
10:20:45.936 [main] INFO org.flowable.engine.impl.cmd.ValidateV5EntitiesCmd -- Total of v5 deployments found: 0
10:20:46.143 [main] INFO org.flowable.common.engine.impl.async.DefaultAsyncTaskExecutor -- Creating thread pool queue of size 100
10:20:46.143 [main] INFO org.flowable.common.engine.impl.async.DefaultAsyncTaskExecutor -- Creating thread factory with naming pattern flowable-async-task-invoker-thread-%d
10:20:46.143 [main] INFO org.flowable.common.engine.impl.async.DefaultAsyncTaskExecutor -- Creating executor service with corePoolSize 8, maxPoolSize 8 and keepAliveTime 5000
10:20:46.143 [main] INFO org.flowable.common.engine.impl.async.DefaultAsyncTaskExecutor -- Using rejectedExecutionHandler java.util.concurrent.ThreadPoolExecutor$CallerRunsPolicy@238280df
10:20:46.143 [main] INFO org.flowable.common.engine.impl.async.DefaultAsyncTaskExecutor -- Creating thread pool queue of size 2048
10:20:46.143 [main] INFO org.flowable.common.engine.impl.async.DefaultAsyncTaskExecutor -- Creating thread factory with naming pattern flowable-async-job-executor-thread-%d
10:20:46.143 [main] INFO org.flowable.common.engine.impl.async.DefaultAsyncTaskExecutor -- Creating executor service with corePoolSize 8, maxPoolSize 8 and keepAliveTime 5000
10:20:46.150 [main] INFO org.flowable.common.engine.impl.db.CommonDbSchemaManager -- performing create on common with resource org/flowable/common/db/create/flowable.postgres.create.common.sql
10:20:46.191 [main] INFO org.flowable.engine.impl.db.ProcessDbSchemaManager -- performing create on engine with resource org/flowable/db/create/flowable.postgres.create.engine.sql
10:20:46.224 [main] INFO org.flowable.engine.impl.db.ProcessDbSchemaManager -- performing create on history with resource org/flowable/db/create/flowable.postgres.create.history.sql
10:20:46.233 [main] INFO org.flowable.engine.impl.ProcessEngineImpl -- ProcessEngine default created
10:20:46.239 [main] INFO org.flowable.engine.impl.cmd.ValidateV5EntitiesCmd -- Total of v5 deployments found: 0
10:20:46.547 [main] INFO org.flowable.common.engine.impl.async.DefaultAsyncTaskExecutor -- Creating thread pool queue of size 100
10:20:46.547 [main] INFO org.flowable.common.engine.impl.async.DefaultAsyncTaskExecutor -- Creating thread factory with naming pattern flowable-async-task-invoker-thread-%d
10:20:46.547 [main] INFO org.flowable.common.engine.impl.async.DefaultAsyncTaskExecutor -- Creating executor service with corePoolSize 8, maxPoolSize 8 and keepAliveTime 5000
10:20:46.547 [main] INFO org.flowable.common.engine.impl.async.DefaultAsyncTaskExecutor -- Using rejectedExecutionHandler java.util.concurrent.ThreadPoolExecutor$CallerRunsPolicy@2245ccaa
10:20:46.547 [main] INFO org.flowable.common.engine.impl.async.DefaultAsyncTaskExecutor -- Creating thread pool queue of size 2048
10:20:46.547 [main] INFO org.flowable.common.engine.impl.async.DefaultAsyncTaskExecutor -- Creating thread factory with naming pattern flowable-async-job-executor-thread-%d
10:20:46.547 [main] INFO org.flowable.common.engine.impl.async.DefaultAsyncTaskExecutor -- Creating executor service with corePoolSize 8, maxPoolSize 8 and keepAliveTime 5000
10:20:46.554 [main] INFO org.flowable.common.engine.impl.db.CommonDbSchemaManager -- performing create on common with resource org/flowable/common/db/create/flowable.postgres.create.common.sql
10:20:46.591 [main] INFO org.flowable.engine.impl.db.ProcessDbSchemaManager -- performing create on engine with resource org/flowable/db/create/flowable.postgres.create.engine.sql
10:20:46.620 [main] INFO org.flowable.engine.impl.db.ProcessDbSchemaManager -- performing create on history with resource org/flowable/db/create/flowable.postgres.create.history.sql
10:20:46.630 [main] INFO org.flowable.engine.impl.ProcessEngineImpl -- ProcessEngine default created
10:20:46.636 [main] INFO org.flowable.engine.impl.cmd.ValidateV5EntitiesCmd -- Total of v5 deployments found: 0
10:20:46.923 [main] INFO org.flowable.common.engine.impl.async.DefaultAsyncTaskExecutor -- Creating thread pool queue of size 100
10:20:46.924 [main] INFO org.flowable.common.engine.impl.async.DefaultAsyncTaskExecutor -- Creating thread factory with naming pattern flowable-async-task-invoker-thread-%d
10:20:46.924 [main] INFO org.flowable.common.engine.impl.async.DefaultAsyncTaskExecutor -- Creating executor service with corePoolSize 8, maxPoolSize 8 and keepAliveTime 5000
10:20:46.924 [main] INFO org.flowable.common.engine.impl.async.DefaultAsyncTaskExecutor -- Using rejectedExecutionHandler java.util.concurrent.ThreadPoolExecutor$CallerRunsPolicy@57a0c261
10:20:46.924 [main] INFO org.flowable.common.engine.impl.async.DefaultAsyncTaskExecutor -- Creating thread pool queue of size 2048
10:20:46.924 [main] INFO org.flowable.common.engine.impl.async.DefaultAsyncTaskExecutor -- Creating thread factory with naming pattern flowable-async-job-executor-thread-%d
10:20:46.924 [main] INFO org.flowable.common.engine.impl.async.DefaultAsyncTaskExecutor -- Creating executor service with corePoolSize 8, maxPoolSize 8 and keepAliveTime 5000
10:20:46.932 [main] INFO org.flowable.common.engine.impl.db.CommonDbSchemaManager -- performing create on common with resource org/flowable/common/db/create/flowable.postgres.create.common.sql
10:20:46.979 [main] INFO org.flowable.engine.impl.db.ProcessDbSchemaManager -- performing create on engine with resource org/flowable/db/create/flowable.postgres.create.engine.sql
10:20:47.015 [main] INFO org.flowable.engine.impl.db.ProcessDbSchemaManager -- performing create on history with resource org/flowable/db/create/flowable.postgres.create.history.sql
10:20:47.029 [main] INFO org.flowable.engine.impl.ProcessEngineImpl -- ProcessEngine default created
10:20:47.035 [main] INFO org.flowable.engine.impl.cmd.ValidateV5EntitiesCmd -- Total of v5 deployments found: 0
10:20:47.215 [main] INFO org.flowable.common.engine.impl.async.DefaultAsyncTaskExecutor -- Creating thread pool queue of size 100
10:20:47.215 [main] INFO org.flowable.common.engine.impl.async.DefaultAsyncTaskExecutor -- Creating thread factory with naming pattern flowable-async-task-invoker-thread-%d
10:20:47.215 [main] INFO org.flowable.common.engine.impl.async.DefaultAsyncTaskExecutor -- Creating executor service with corePoolSize 8, maxPoolSize 8 and keepAliveTime 5000
10:20:47.215 [main] INFO org.flowable.common.engine.impl.async.DefaultAsyncTaskExecutor -- Using rejectedExecutionHandler java.util.concurrent.ThreadPoolExecutor$CallerRunsPolicy@76673ed
10:20:47.215 [main] INFO org.flowable.common.engine.impl.async.DefaultAsyncTaskExecutor -- Creating thread pool queue of size 2048
10:20:47.215 [main] INFO org.flowable.common.engine.impl.async.DefaultAsyncTaskExecutor -- Creating thread factory with naming pattern flowable-async-job-executor-thread-%d
10:20:47.215 [main] INFO org.flowable.common.engine.impl.async.DefaultAsyncTaskExecutor -- Creating executor service with corePoolSize 8, maxPoolSize 8 and keepAliveTime 5000
10:20:47.221 [main] INFO org.flowable.common.engine.impl.db.CommonDbSchemaManager -- performing create on common with resource org/flowable/common/db/create/flowable.postgres.create.common.sql
10:20:47.259 [main] INFO org.flowable.engine.impl.db.ProcessDbSchemaManager -- performing create on engine with resource org/flowable/db/create/flowable.postgres.create.engine.sql
10:20:47.289 [main] INFO org.flowable.engine.impl.db.ProcessDbSchemaManager -- performing create on history with resource org/flowable/db/create/flowable.postgres.create.history.sql
10:20:47.298 [main] INFO org.flowable.engine.impl.ProcessEngineImpl -- ProcessEngine default created
10:20:47.303 [main] INFO org.flowable.engine.impl.cmd.ValidateV5EntitiesCmd -- Total of v5 deployments found: 0
[INFO] Tests run: 9, Failures: 0, Errors: 0, Skipped: 0, Time elapsed: 3.679 s -- in org.weaveos.workflow.RootDeploymentGrpcIT
[INFO] Running org.weaveos.workflow.RootExecutionRegistryTest
10:20:47.524 [main] INFO org.flowable.common.engine.impl.async.DefaultAsyncTaskExecutor -- Creating thread pool queue of size 100
10:20:47.524 [main] INFO org.flowable.common.engine.impl.async.DefaultAsyncTaskExecutor -- Creating thread factory with naming pattern flowable-async-task-invoker-thread-%d
10:20:47.524 [main] INFO org.flowable.common.engine.impl.async.DefaultAsyncTaskExecutor -- Creating executor service with corePoolSize 8, maxPoolSize 8 and keepAliveTime 5000
10:20:47.524 [main] INFO org.flowable.common.engine.impl.async.DefaultAsyncTaskExecutor -- Using rejectedExecutionHandler java.util.concurrent.ThreadPoolExecutor$CallerRunsPolicy@697b48e4
10:20:47.524 [main] INFO org.flowable.common.engine.impl.async.DefaultAsyncTaskExecutor -- Creating thread pool queue of size 2048
10:20:47.524 [main] INFO org.flowable.common.engine.impl.async.DefaultAsyncTaskExecutor -- Creating thread factory with naming pattern flowable-async-job-executor-thread-%d
10:20:47.524 [main] INFO org.flowable.common.engine.impl.async.DefaultAsyncTaskExecutor -- Creating executor service with corePoolSize 8, maxPoolSize 8 and keepAliveTime 5000
10:20:47.535 [main] INFO org.flowable.common.engine.impl.db.CommonDbSchemaManager -- performing create on common with resource org/flowable/common/db/create/flowable.postgres.create.common.sql
10:20:47.583 [main] INFO org.flowable.engine.impl.db.ProcessDbSchemaManager -- performing create on engine with resource org/flowable/db/create/flowable.postgres.create.engine.sql
10:20:47.621 [main] INFO org.flowable.engine.impl.db.ProcessDbSchemaManager -- performing create on history with resource org/flowable/db/create/flowable.postgres.create.history.sql
10:20:47.631 [main] INFO org.flowable.engine.impl.ProcessEngineImpl -- ProcessEngine default created
10:20:47.636 [main] INFO org.flowable.engine.impl.cmd.ValidateV5EntitiesCmd -- Total of v5 deployments found: 0
10:20:48.003 [main] INFO org.flowable.common.engine.impl.async.DefaultAsyncTaskExecutor -- Creating thread pool queue of size 100
10:20:48.003 [main] INFO org.flowable.common.engine.impl.async.DefaultAsyncTaskExecutor -- Creating thread factory with naming pattern flowable-async-task-invoker-thread-%d
10:20:48.003 [main] INFO org.flowable.common.engine.impl.async.DefaultAsyncTaskExecutor -- Creating executor service with corePoolSize 8, maxPoolSize 8 and keepAliveTime 5000
10:20:48.003 [main] INFO org.flowable.common.engine.impl.async.DefaultAsyncTaskExecutor -- Using rejectedExecutionHandler java.util.concurrent.ThreadPoolExecutor$CallerRunsPolicy@6f2a1ff0
10:20:48.003 [main] INFO org.flowable.common.engine.impl.async.DefaultAsyncTaskExecutor -- Creating thread pool queue of size 2048
10:20:48.003 [main] INFO org.flowable.common.engine.impl.async.DefaultAsyncTaskExecutor -- Creating thread factory with naming pattern flowable-async-job-executor-thread-%d
10:20:48.003 [main] INFO org.flowable.common.engine.impl.async.DefaultAsyncTaskExecutor -- Creating executor service with corePoolSize 8, maxPoolSize 8 and keepAliveTime 5000
10:20:48.010 [main] INFO org.flowable.common.engine.impl.db.CommonDbSchemaManager -- performing create on common with resource org/flowable/common/db/create/flowable.postgres.create.common.sql
10:20:48.057 [main] INFO org.flowable.engine.impl.db.ProcessDbSchemaManager -- performing create on engine with resource org/flowable/db/create/flowable.postgres.create.engine.sql
10:20:48.098 [main] INFO org.flowable.engine.impl.db.ProcessDbSchemaManager -- performing create on history with resource org/flowable/db/create/flowable.postgres.create.history.sql
10:20:48.111 [main] INFO org.flowable.engine.impl.ProcessEngineImpl -- ProcessEngine default created
10:20:48.117 [main] INFO org.flowable.engine.impl.cmd.ValidateV5EntitiesCmd -- Total of v5 deployments found: 0
10:20:48.515 [main] INFO org.flowable.common.engine.impl.async.DefaultAsyncTaskExecutor -- Creating thread pool queue of size 100
10:20:48.515 [main] INFO org.flowable.common.engine.impl.async.DefaultAsyncTaskExecutor -- Creating thread factory with naming pattern flowable-async-task-invoker-thread-%d
10:20:48.515 [main] INFO org.flowable.common.engine.impl.async.DefaultAsyncTaskExecutor -- Creating executor service with corePoolSize 8, maxPoolSize 8 and keepAliveTime 5000
10:20:48.515 [main] INFO org.flowable.common.engine.impl.async.DefaultAsyncTaskExecutor -- Using rejectedExecutionHandler java.util.concurrent.ThreadPoolExecutor$CallerRunsPolicy@2cb53bfc
10:20:48.515 [main] INFO org.flowable.common.engine.impl.async.DefaultAsyncTaskExecutor -- Creating thread pool queue of size 2048
10:20:48.515 [main] INFO org.flowable.common.engine.impl.async.DefaultAsyncTaskExecutor -- Creating thread factory with naming pattern flowable-async-job-executor-thread-%d
10:20:48.516 [main] INFO org.flowable.common.engine.impl.async.DefaultAsyncTaskExecutor -- Creating executor service with corePoolSize 8, maxPoolSize 8 and keepAliveTime 5000
10:20:48.523 [main] INFO org.flowable.common.engine.impl.db.CommonDbSchemaManager -- performing create on common with resource org/flowable/common/db/create/flowable.postgres.create.common.sql
10:20:48.567 [main] INFO org.flowable.engine.impl.db.ProcessDbSchemaManager -- performing create on engine with resource org/flowable/db/create/flowable.postgres.create.engine.sql
10:20:48.597 [main] INFO org.flowable.engine.impl.db.ProcessDbSchemaManager -- performing create on history with resource org/flowable/db/create/flowable.postgres.create.history.sql
10:20:48.611 [main] INFO org.flowable.engine.impl.ProcessEngineImpl -- ProcessEngine default created
10:20:48.619 [main] INFO org.flowable.engine.impl.cmd.ValidateV5EntitiesCmd -- Total of v5 deployments found: 0
10:20:48.882 [main] INFO org.flowable.common.engine.impl.async.DefaultAsyncTaskExecutor -- Creating thread pool queue of size 100
10:20:48.882 [main] INFO org.flowable.common.engine.impl.async.DefaultAsyncTaskExecutor -- Creating thread factory with naming pattern flowable-async-task-invoker-thread-%d
10:20:48.882 [main] INFO org.flowable.common.engine.impl.async.DefaultAsyncTaskExecutor -- Creating executor service with corePoolSize 8, maxPoolSize 8 and keepAliveTime 5000
10:20:48.882 [main] INFO org.flowable.common.engine.impl.async.DefaultAsyncTaskExecutor -- Using rejectedExecutionHandler java.util.concurrent.ThreadPoolExecutor$CallerRunsPolicy@f8fe81e
10:20:48.882 [main] INFO org.flowable.common.engine.impl.async.DefaultAsyncTaskExecutor -- Creating thread pool queue of size 2048
10:20:48.882 [main] INFO org.flowable.common.engine.impl.async.DefaultAsyncTaskExecutor -- Creating thread factory with naming pattern flowable-async-job-executor-thread-%d
10:20:48.882 [main] INFO org.flowable.common.engine.impl.async.DefaultAsyncTaskExecutor -- Creating executor service with corePoolSize 8, maxPoolSize 8 and keepAliveTime 5000
10:20:48.889 [main] INFO org.flowable.common.engine.impl.db.CommonDbSchemaManager -- performing create on common with resource org/flowable/common/db/create/flowable.postgres.create.common.sql
10:20:48.930 [main] INFO org.flowable.engine.impl.db.ProcessDbSchemaManager -- performing create on engine with resource org/flowable/db/create/flowable.postgres.create.engine.sql
10:20:48.965 [main] INFO org.flowable.engine.impl.db.ProcessDbSchemaManager -- performing create on history with resource org/flowable/db/create/flowable.postgres.create.history.sql
10:20:48.975 [main] INFO org.flowable.engine.impl.ProcessEngineImpl -- ProcessEngine default created
10:20:48.980 [main] INFO org.flowable.engine.impl.cmd.ValidateV5EntitiesCmd -- Total of v5 deployments found: 0
10:20:49.374 [main] INFO org.flowable.common.engine.impl.async.DefaultAsyncTaskExecutor -- Creating thread pool queue of size 100
10:20:49.374 [main] INFO org.flowable.common.engine.impl.async.DefaultAsyncTaskExecutor -- Creating thread factory with naming pattern flowable-async-task-invoker-thread-%d
10:20:49.375 [main] INFO org.flowable.common.engine.impl.async.DefaultAsyncTaskExecutor -- Creating executor service with corePoolSize 8, maxPoolSize 8 and keepAliveTime 5000
10:20:49.375 [main] INFO org.flowable.common.engine.impl.async.DefaultAsyncTaskExecutor -- Using rejectedExecutionHandler java.util.concurrent.ThreadPoolExecutor$CallerRunsPolicy@20462820
10:20:49.375 [main] INFO org.flowable.common.engine.impl.async.DefaultAsyncTaskExecutor -- Creating thread pool queue of size 2048
10:20:49.375 [main] INFO org.flowable.common.engine.impl.async.DefaultAsyncTaskExecutor -- Creating thread factory with naming pattern flowable-async-job-executor-thread-%d
10:20:49.375 [main] INFO org.flowable.common.engine.impl.async.DefaultAsyncTaskExecutor -- Creating executor service with corePoolSize 8, maxPoolSize 8 and keepAliveTime 5000
10:20:49.382 [main] INFO org.flowable.common.engine.impl.db.CommonDbSchemaManager -- performing create on common with resource org/flowable/common/db/create/flowable.postgres.create.common.sql
10:20:49.418 [main] INFO org.flowable.engine.impl.db.ProcessDbSchemaManager -- performing create on engine with resource org/flowable/db/create/flowable.postgres.create.engine.sql
10:20:49.447 [main] INFO org.flowable.engine.impl.db.ProcessDbSchemaManager -- performing create on history with resource org/flowable/db/create/flowable.postgres.create.history.sql
10:20:49.455 [main] INFO org.flowable.engine.impl.ProcessEngineImpl -- ProcessEngine default created
10:20:49.461 [main] INFO org.flowable.engine.impl.cmd.ValidateV5EntitiesCmd -- Total of v5 deployments found: 0
10:20:49.709 [main] INFO org.flowable.common.engine.impl.async.DefaultAsyncTaskExecutor -- Creating thread pool queue of size 100
10:20:49.709 [main] INFO org.flowable.common.engine.impl.async.DefaultAsyncTaskExecutor -- Creating thread factory with naming pattern flowable-async-task-invoker-thread-%d
10:20:49.709 [main] INFO org.flowable.common.engine.impl.async.DefaultAsyncTaskExecutor -- Creating executor service with corePoolSize 8, maxPoolSize 8 and keepAliveTime 5000
10:20:49.709 [main] INFO org.flowable.common.engine.impl.async.DefaultAsyncTaskExecutor -- Using rejectedExecutionHandler java.util.concurrent.ThreadPoolExecutor$CallerRunsPolicy@23e573e
10:20:49.709 [main] INFO org.flowable.common.engine.impl.async.DefaultAsyncTaskExecutor -- Creating thread pool queue of size 2048
10:20:49.709 [main] INFO org.flowable.common.engine.impl.async.DefaultAsyncTaskExecutor -- Creating thread factory with naming pattern flowable-async-job-executor-thread-%d
10:20:49.709 [main] INFO org.flowable.common.engine.impl.async.DefaultAsyncTaskExecutor -- Creating executor service with corePoolSize 8, maxPoolSize 8 and keepAliveTime 5000
10:20:49.716 [main] INFO org.flowable.common.engine.impl.db.CommonDbSchemaManager -- performing create on common with resource org/flowable/common/db/create/flowable.postgres.create.common.sql
10:20:49.757 [main] INFO org.flowable.engine.impl.db.ProcessDbSchemaManager -- performing create on engine with resource org/flowable/db/create/flowable.postgres.create.engine.sql
10:20:49.789 [main] INFO org.flowable.engine.impl.db.ProcessDbSchemaManager -- performing create on history with resource org/flowable/db/create/flowable.postgres.create.history.sql
10:20:49.797 [main] INFO org.flowable.engine.impl.ProcessEngineImpl -- ProcessEngine default created
10:20:49.803 [main] INFO org.flowable.engine.impl.cmd.ValidateV5EntitiesCmd -- Total of v5 deployments found: 0
10:20:50.114 [main] INFO org.flowable.common.engine.impl.async.DefaultAsyncTaskExecutor -- Creating thread pool queue of size 100
10:20:50.114 [main] INFO org.flowable.common.engine.impl.async.DefaultAsyncTaskExecutor -- Creating thread factory with naming pattern flowable-async-task-invoker-thread-%d
10:20:50.114 [main] INFO org.flowable.common.engine.impl.async.DefaultAsyncTaskExecutor -- Creating executor service with corePoolSize 8, maxPoolSize 8 and keepAliveTime 5000
10:20:50.114 [main] INFO org.flowable.common.engine.impl.async.DefaultAsyncTaskExecutor -- Using rejectedExecutionHandler java.util.concurrent.ThreadPoolExecutor$CallerRunsPolicy@7b364f47
10:20:50.114 [main] INFO org.flowable.common.engine.impl.async.DefaultAsyncTaskExecutor -- Creating thread pool queue of size 2048
10:20:50.114 [main] INFO org.flowable.common.engine.impl.async.DefaultAsyncTaskExecutor -- Creating thread factory with naming pattern flowable-async-job-executor-thread-%d
10:20:50.114 [main] INFO org.flowable.common.engine.impl.async.DefaultAsyncTaskExecutor -- Creating executor service with corePoolSize 8, maxPoolSize 8 and keepAliveTime 5000
10:20:50.121 [main] INFO org.flowable.common.engine.impl.db.CommonDbSchemaManager -- performing create on common with resource org/flowable/common/db/create/flowable.postgres.create.common.sql
10:20:50.158 [main] INFO org.flowable.engine.impl.db.ProcessDbSchemaManager -- performing create on engine with resource org/flowable/db/create/flowable.postgres.create.engine.sql
10:20:50.189 [main] INFO org.flowable.engine.impl.db.ProcessDbSchemaManager -- performing create on history with resource org/flowable/db/create/flowable.postgres.create.history.sql
10:20:50.199 [main] INFO org.flowable.engine.impl.ProcessEngineImpl -- ProcessEngine default created
10:20:50.204 [main] INFO org.flowable.engine.impl.cmd.ValidateV5EntitiesCmd -- Total of v5 deployments found: 0
10:20:50.439 [main] INFO org.flowable.common.engine.impl.async.DefaultAsyncTaskExecutor -- Creating thread pool queue of size 100
10:20:50.439 [main] INFO org.flowable.common.engine.impl.async.DefaultAsyncTaskExecutor -- Creating thread factory with naming pattern flowable-async-task-invoker-thread-%d
10:20:50.439 [main] INFO org.flowable.common.engine.impl.async.DefaultAsyncTaskExecutor -- Creating executor service with corePoolSize 8, maxPoolSize 8 and keepAliveTime 5000
10:20:50.439 [main] INFO org.flowable.common.engine.impl.async.DefaultAsyncTaskExecutor -- Using rejectedExecutionHandler java.util.concurrent.ThreadPoolExecutor$CallerRunsPolicy@f0d01c9
10:20:50.439 [main] INFO org.flowable.common.engine.impl.async.DefaultAsyncTaskExecutor -- Creating thread pool queue of size 2048
10:20:50.439 [main] INFO org.flowable.common.engine.impl.async.DefaultAsyncTaskExecutor -- Creating thread factory with naming pattern flowable-async-job-executor-thread-%d
10:20:50.439 [main] INFO org.flowable.common.engine.impl.async.DefaultAsyncTaskExecutor -- Creating executor service with corePoolSize 8, maxPoolSize 8 and keepAliveTime 5000
10:20:50.446 [main] INFO org.flowable.common.engine.impl.db.CommonDbSchemaManager -- performing create on common with resource org/flowable/common/db/create/flowable.postgres.create.common.sql
10:20:50.482 [main] INFO org.flowable.engine.impl.db.ProcessDbSchemaManager -- performing create on engine with resource org/flowable/db/create/flowable.postgres.create.engine.sql
10:20:50.511 [main] INFO org.flowable.engine.impl.db.ProcessDbSchemaManager -- performing create on history with resource org/flowable/db/create/flowable.postgres.create.history.sql
10:20:50.519 [main] INFO org.flowable.engine.impl.ProcessEngineImpl -- ProcessEngine default created
10:20:50.525 [main] INFO org.flowable.engine.impl.cmd.ValidateV5EntitiesCmd -- Total of v5 deployments found: 0
10:20:50.777 [main] INFO org.flowable.common.engine.impl.async.DefaultAsyncTaskExecutor -- Creating thread pool queue of size 100
10:20:50.777 [main] INFO org.flowable.common.engine.impl.async.DefaultAsyncTaskExecutor -- Creating thread factory with naming pattern flowable-async-task-invoker-thread-%d
10:20:50.777 [main] INFO org.flowable.common.engine.impl.async.DefaultAsyncTaskExecutor -- Creating executor service with corePoolSize 8, maxPoolSize 8 and keepAliveTime 5000
10:20:50.777 [main] INFO org.flowable.common.engine.impl.async.DefaultAsyncTaskExecutor -- Using rejectedExecutionHandler java.util.concurrent.ThreadPoolExecutor$CallerRunsPolicy@477e5b69
10:20:50.777 [main] INFO org.flowable.common.engine.impl.async.DefaultAsyncTaskExecutor -- Creating thread pool queue of size 2048
10:20:50.777 [main] INFO org.flowable.common.engine.impl.async.DefaultAsyncTaskExecutor -- Creating thread factory with naming pattern flowable-async-job-executor-thread-%d
10:20:50.777 [main] INFO org.flowable.common.engine.impl.async.DefaultAsyncTaskExecutor -- Creating executor service with corePoolSize 8, maxPoolSize 8 and keepAliveTime 5000
10:20:50.784 [main] INFO org.flowable.common.engine.impl.db.CommonDbSchemaManager -- performing create on common with resource org/flowable/common/db/create/flowable.postgres.create.common.sql
10:20:50.820 [main] INFO org.flowable.engine.impl.db.ProcessDbSchemaManager -- performing create on engine with resource org/flowable/db/create/flowable.postgres.create.engine.sql
10:20:50.848 [main] INFO org.flowable.engine.impl.db.ProcessDbSchemaManager -- performing create on history with resource org/flowable/db/create/flowable.postgres.create.history.sql
10:20:50.857 [main] INFO org.flowable.engine.impl.ProcessEngineImpl -- ProcessEngine default created
10:20:50.862 [main] INFO org.flowable.engine.impl.cmd.ValidateV5EntitiesCmd -- Total of v5 deployments found: 0
10:20:51.160 [main] INFO org.flowable.common.engine.impl.async.DefaultAsyncTaskExecutor -- Creating thread pool queue of size 100
10:20:51.160 [main] INFO org.flowable.common.engine.impl.async.DefaultAsyncTaskExecutor -- Creating thread factory with naming pattern flowable-async-task-invoker-thread-%d
10:20:51.160 [main] INFO org.flowable.common.engine.impl.async.DefaultAsyncTaskExecutor -- Creating executor service with corePoolSize 8, maxPoolSize 8 and keepAliveTime 5000
10:20:51.160 [main] INFO org.flowable.common.engine.impl.async.DefaultAsyncTaskExecutor -- Using rejectedExecutionHandler java.util.concurrent.ThreadPoolExecutor$CallerRunsPolicy@45482f82
10:20:51.160 [main] INFO org.flowable.common.engine.impl.async.DefaultAsyncTaskExecutor -- Creating thread pool queue of size 2048
10:20:51.160 [main] INFO org.flowable.common.engine.impl.async.DefaultAsyncTaskExecutor -- Creating thread factory with naming pattern flowable-async-job-executor-thread-%d
10:20:51.160 [main] INFO org.flowable.common.engine.impl.async.DefaultAsyncTaskExecutor -- Creating executor service with corePoolSize 8, maxPoolSize 8 and keepAliveTime 5000
10:20:51.167 [main] INFO org.flowable.common.engine.impl.db.CommonDbSchemaManager -- performing create on common with resource org/flowable/common/db/create/flowable.postgres.create.common.sql
10:20:51.205 [main] INFO org.flowable.engine.impl.db.ProcessDbSchemaManager -- performing create on engine with resource org/flowable/db/create/flowable.postgres.create.engine.sql
10:20:51.233 [main] INFO org.flowable.engine.impl.db.ProcessDbSchemaManager -- performing create on history with resource org/flowable/db/create/flowable.postgres.create.history.sql
10:20:51.241 [main] INFO org.flowable.engine.impl.ProcessEngineImpl -- ProcessEngine default created
10:20:51.246 [main] INFO org.flowable.engine.impl.cmd.ValidateV5EntitiesCmd -- Total of v5 deployments found: 0
10:20:51.527 [main] INFO org.flowable.common.engine.impl.async.DefaultAsyncTaskExecutor -- Creating thread pool queue of size 100
10:20:51.528 [main] INFO org.flowable.common.engine.impl.async.DefaultAsyncTaskExecutor -- Creating thread factory with naming pattern flowable-async-task-invoker-thread-%d
10:20:51.528 [main] INFO org.flowable.common.engine.impl.async.DefaultAsyncTaskExecutor -- Creating executor service with corePoolSize 8, maxPoolSize 8 and keepAliveTime 5000
10:20:51.528 [main] INFO org.flowable.common.engine.impl.async.DefaultAsyncTaskExecutor -- Using rejectedExecutionHandler java.util.concurrent.ThreadPoolExecutor$CallerRunsPolicy@39a09c0
10:20:51.528 [main] INFO org.flowable.common.engine.impl.async.DefaultAsyncTaskExecutor -- Creating thread pool queue of size 2048
10:20:51.528 [main] INFO org.flowable.common.engine.impl.async.DefaultAsyncTaskExecutor -- Creating thread factory with naming pattern flowable-async-job-executor-thread-%d
10:20:51.528 [main] INFO org.flowable.common.engine.impl.async.DefaultAsyncTaskExecutor -- Creating executor service with corePoolSize 8, maxPoolSize 8 and keepAliveTime 5000
10:20:51.535 [main] INFO org.flowable.common.engine.impl.db.CommonDbSchemaManager -- performing create on common with resource org/flowable/common/db/create/flowable.postgres.create.common.sql
10:20:51.576 [main] INFO org.flowable.engine.impl.db.ProcessDbSchemaManager -- performing create on engine with resource org/flowable/db/create/flowable.postgres.create.engine.sql
10:20:51.608 [main] INFO org.flowable.engine.impl.db.ProcessDbSchemaManager -- performing create on history with resource org/flowable/db/create/flowable.postgres.create.history.sql
10:20:51.617 [main] INFO org.flowable.engine.impl.ProcessEngineImpl -- ProcessEngine default created
10:20:51.622 [main] INFO org.flowable.engine.impl.cmd.ValidateV5EntitiesCmd -- Total of v5 deployments found: 0
10:20:51.999 [main] INFO org.flowable.common.engine.impl.async.DefaultAsyncTaskExecutor -- Creating thread pool queue of size 100
10:20:52.000 [main] INFO org.flowable.common.engine.impl.async.DefaultAsyncTaskExecutor -- Creating thread factory with naming pattern flowable-async-task-invoker-thread-%d
10:20:52.000 [main] INFO org.flowable.common.engine.impl.async.DefaultAsyncTaskExecutor -- Creating executor service with corePoolSize 8, maxPoolSize 8 and keepAliveTime 5000
10:20:52.000 [main] INFO org.flowable.common.engine.impl.async.DefaultAsyncTaskExecutor -- Using rejectedExecutionHandler java.util.concurrent.ThreadPoolExecutor$CallerRunsPolicy@5364b481
10:20:52.000 [main] INFO org.flowable.common.engine.impl.async.DefaultAsyncTaskExecutor -- Creating thread pool queue of size 2048
10:20:52.000 [main] INFO org.flowable.common.engine.impl.async.DefaultAsyncTaskExecutor -- Creating thread factory with naming pattern flowable-async-job-executor-thread-%d
10:20:52.000 [main] INFO org.flowable.common.engine.impl.async.DefaultAsyncTaskExecutor -- Creating executor service with corePoolSize 8, maxPoolSize 8 and keepAliveTime 5000
10:20:52.007 [main] INFO org.flowable.common.engine.impl.db.CommonDbSchemaManager -- performing create on common with resource org/flowable/common/db/create/flowable.postgres.create.common.sql
10:20:52.052 [main] INFO org.flowable.engine.impl.db.ProcessDbSchemaManager -- performing create on engine with resource org/flowable/db/create/flowable.postgres.create.engine.sql
10:20:52.083 [main] INFO org.flowable.engine.impl.db.ProcessDbSchemaManager -- performing create on history with resource org/flowable/db/create/flowable.postgres.create.history.sql
10:20:52.093 [main] INFO org.flowable.engine.impl.ProcessEngineImpl -- ProcessEngine default created
10:20:52.098 [main] INFO org.flowable.engine.impl.cmd.ValidateV5EntitiesCmd -- Total of v5 deployments found: 0
10:20:52.346 [main] INFO org.flowable.common.engine.impl.async.DefaultAsyncTaskExecutor -- Creating thread pool queue of size 100
10:20:52.346 [main] INFO org.flowable.common.engine.impl.async.DefaultAsyncTaskExecutor -- Creating thread factory with naming pattern flowable-async-task-invoker-thread-%d
10:20:52.346 [main] INFO org.flowable.common.engine.impl.async.DefaultAsyncTaskExecutor -- Creating executor service with corePoolSize 8, maxPoolSize 8 and keepAliveTime 5000
10:20:52.346 [main] INFO org.flowable.common.engine.impl.async.DefaultAsyncTaskExecutor -- Using rejectedExecutionHandler java.util.concurrent.ThreadPoolExecutor$CallerRunsPolicy@e581302
10:20:52.346 [main] INFO org.flowable.common.engine.impl.async.DefaultAsyncTaskExecutor -- Creating thread pool queue of size 2048
10:20:52.346 [main] INFO org.flowable.common.engine.impl.async.DefaultAsyncTaskExecutor -- Creating thread factory with naming pattern flowable-async-job-executor-thread-%d
10:20:52.346 [main] INFO org.flowable.common.engine.impl.async.DefaultAsyncTaskExecutor -- Creating executor service with corePoolSize 8, maxPoolSize 8 and keepAliveTime 5000
10:20:52.352 [main] INFO org.flowable.common.engine.impl.db.CommonDbSchemaManager -- performing create on common with resource org/flowable/common/db/create/flowable.postgres.create.common.sql
10:20:52.388 [main] INFO org.flowable.engine.impl.db.ProcessDbSchemaManager -- performing create on engine with resource org/flowable/db/create/flowable.postgres.create.engine.sql
10:20:52.417 [main] INFO org.flowable.engine.impl.db.ProcessDbSchemaManager -- performing create on history with resource org/flowable/db/create/flowable.postgres.create.history.sql
10:20:52.425 [main] INFO org.flowable.engine.impl.ProcessEngineImpl -- ProcessEngine default created
10:20:52.430 [main] INFO org.flowable.engine.impl.cmd.ValidateV5EntitiesCmd -- Total of v5 deployments found: 0
10:20:52.751 [main] INFO org.flowable.common.engine.impl.async.DefaultAsyncTaskExecutor -- Creating thread pool queue of size 100
10:20:52.752 [main] INFO org.flowable.common.engine.impl.async.DefaultAsyncTaskExecutor -- Creating thread factory with naming pattern flowable-async-task-invoker-thread-%d
10:20:52.752 [main] INFO org.flowable.common.engine.impl.async.DefaultAsyncTaskExecutor -- Creating executor service with corePoolSize 8, maxPoolSize 8 and keepAliveTime 5000
10:20:52.752 [main] INFO org.flowable.common.engine.impl.async.DefaultAsyncTaskExecutor -- Using rejectedExecutionHandler java.util.concurrent.ThreadPoolExecutor$CallerRunsPolicy@1adec8d
10:20:52.752 [main] INFO org.flowable.common.engine.impl.async.DefaultAsyncTaskExecutor -- Creating thread pool queue of size 2048
10:20:52.752 [main] INFO org.flowable.common.engine.impl.async.DefaultAsyncTaskExecutor -- Creating thread factory with naming pattern flowable-async-job-executor-thread-%d
10:20:52.752 [main] INFO org.flowable.common.engine.impl.async.DefaultAsyncTaskExecutor -- Creating executor service with corePoolSize 8, maxPoolSize 8 and keepAliveTime 5000
10:20:52.758 [main] INFO org.flowable.common.engine.impl.db.CommonDbSchemaManager -- performing create on common with resource org/flowable/common/db/create/flowable.postgres.create.common.sql
10:20:52.792 [main] INFO org.flowable.engine.impl.db.ProcessDbSchemaManager -- performing create on engine with resource org/flowable/db/create/flowable.postgres.create.engine.sql
10:20:52.820 [main] INFO org.flowable.engine.impl.db.ProcessDbSchemaManager -- performing create on history with resource org/flowable/db/create/flowable.postgres.create.history.sql
10:20:52.828 [main] INFO org.flowable.engine.impl.ProcessEngineImpl -- ProcessEngine default created
10:20:52.833 [main] INFO org.flowable.engine.impl.cmd.ValidateV5EntitiesCmd -- Total of v5 deployments found: 0
10:20:53.140 [main] INFO org.flowable.common.engine.impl.async.DefaultAsyncTaskExecutor -- Creating thread pool queue of size 100
10:20:53.140 [main] INFO org.flowable.common.engine.impl.async.DefaultAsyncTaskExecutor -- Creating thread factory with naming pattern flowable-async-task-invoker-thread-%d
10:20:53.140 [main] INFO org.flowable.common.engine.impl.async.DefaultAsyncTaskExecutor -- Creating executor service with corePoolSize 8, maxPoolSize 8 and keepAliveTime 5000
10:20:53.140 [main] INFO org.flowable.common.engine.impl.async.DefaultAsyncTaskExecutor -- Using rejectedExecutionHandler java.util.concurrent.ThreadPoolExecutor$CallerRunsPolicy@1dae9e61
10:20:53.140 [main] INFO org.flowable.common.engine.impl.async.DefaultAsyncTaskExecutor -- Creating thread pool queue of size 2048
10:20:53.140 [main] INFO org.flowable.common.engine.impl.async.DefaultAsyncTaskExecutor -- Creating thread factory with naming pattern flowable-async-job-executor-thread-%d
10:20:53.140 [main] INFO org.flowable.common.engine.impl.async.DefaultAsyncTaskExecutor -- Creating executor service with corePoolSize 8, maxPoolSize 8 and keepAliveTime 5000
10:20:53.146 [main] INFO org.flowable.common.engine.impl.db.CommonDbSchemaManager -- performing create on common with resource org/flowable/common/db/create/flowable.postgres.create.common.sql
10:20:53.180 [main] INFO org.flowable.engine.impl.db.ProcessDbSchemaManager -- performing create on engine with resource org/flowable/db/create/flowable.postgres.create.engine.sql
10:20:53.206 [main] INFO org.flowable.engine.impl.db.ProcessDbSchemaManager -- performing create on history with resource org/flowable/db/create/flowable.postgres.create.history.sql
10:20:53.213 [main] INFO org.flowable.engine.impl.ProcessEngineImpl -- ProcessEngine default created
10:20:53.220 [main] INFO org.flowable.engine.impl.cmd.ValidateV5EntitiesCmd -- Total of v5 deployments found: 0
10:20:53.646 [main] INFO org.flowable.common.engine.impl.async.DefaultAsyncTaskExecutor -- Creating thread pool queue of size 100
10:20:53.646 [main] INFO org.flowable.common.engine.impl.async.DefaultAsyncTaskExecutor -- Creating thread factory with naming pattern flowable-async-task-invoker-thread-%d
10:20:53.646 [main] INFO org.flowable.common.engine.impl.async.DefaultAsyncTaskExecutor -- Creating executor service with corePoolSize 8, maxPoolSize 8 and keepAliveTime 5000
10:20:53.646 [main] INFO org.flowable.common.engine.impl.async.DefaultAsyncTaskExecutor -- Using rejectedExecutionHandler java.util.concurrent.ThreadPoolExecutor$CallerRunsPolicy@5812935
10:20:53.646 [main] INFO org.flowable.common.engine.impl.async.DefaultAsyncTaskExecutor -- Creating thread pool queue of size 2048
10:20:53.646 [main] INFO org.flowable.common.engine.impl.async.DefaultAsyncTaskExecutor -- Creating thread factory with naming pattern flowable-async-job-executor-thread-%d
10:20:53.646 [main] INFO org.flowable.common.engine.impl.async.DefaultAsyncTaskExecutor -- Creating executor service with corePoolSize 8, maxPoolSize 8 and keepAliveTime 5000
10:20:53.653 [main] INFO org.flowable.common.engine.impl.db.CommonDbSchemaManager -- performing create on common with resource org/flowable/common/db/create/flowable.postgres.create.common.sql
10:20:53.690 [main] INFO org.flowable.engine.impl.db.ProcessDbSchemaManager -- performing create on engine with resource org/flowable/db/create/flowable.postgres.create.engine.sql
10:20:53.718 [main] INFO org.flowable.engine.impl.db.ProcessDbSchemaManager -- performing create on history with resource org/flowable/db/create/flowable.postgres.create.history.sql
10:20:53.726 [main] INFO org.flowable.engine.impl.ProcessEngineImpl -- ProcessEngine default created
10:20:53.731 [main] INFO org.flowable.engine.impl.cmd.ValidateV5EntitiesCmd -- Total of v5 deployments found: 0
10:20:54.127 [main] INFO org.flowable.common.engine.impl.async.DefaultAsyncTaskExecutor -- Creating thread pool queue of size 100
10:20:54.127 [main] INFO org.flowable.common.engine.impl.async.DefaultAsyncTaskExecutor -- Creating thread factory with naming pattern flowable-async-task-invoker-thread-%d
10:20:54.127 [main] INFO org.flowable.common.engine.impl.async.DefaultAsyncTaskExecutor -- Creating executor service with corePoolSize 8, maxPoolSize 8 and keepAliveTime 5000
10:20:54.127 [main] INFO org.flowable.common.engine.impl.async.DefaultAsyncTaskExecutor -- Using rejectedExecutionHandler java.util.concurrent.ThreadPoolExecutor$CallerRunsPolicy@7c9c7e7d
10:20:54.127 [main] INFO org.flowable.common.engine.impl.async.DefaultAsyncTaskExecutor -- Creating thread pool queue of size 2048
10:20:54.127 [main] INFO org.flowable.common.engine.impl.async.DefaultAsyncTaskExecutor -- Creating thread factory with naming pattern flowable-async-job-executor-thread-%d
10:20:54.127 [main] INFO org.flowable.common.engine.impl.async.DefaultAsyncTaskExecutor -- Creating executor service with corePoolSize 8, maxPoolSize 8 and keepAliveTime 5000
10:20:54.133 [main] INFO org.flowable.common.engine.impl.db.CommonDbSchemaManager -- performing create on common with resource org/flowable/common/db/create/flowable.postgres.create.common.sql
10:20:54.172 [main] INFO org.flowable.engine.impl.db.ProcessDbSchemaManager -- performing create on engine with resource org/flowable/db/create/flowable.postgres.create.engine.sql
10:20:54.201 [main] INFO org.flowable.engine.impl.db.ProcessDbSchemaManager -- performing create on history with resource org/flowable/db/create/flowable.postgres.create.history.sql
10:20:54.209 [main] INFO org.flowable.engine.impl.ProcessEngineImpl -- ProcessEngine default created
10:20:54.215 [main] INFO org.flowable.engine.impl.cmd.ValidateV5EntitiesCmd -- Total of v5 deployments found: 0
10:20:54.386 [main] INFO org.flowable.common.engine.impl.async.DefaultAsyncTaskExecutor -- Creating thread pool queue of size 100
10:20:54.386 [main] INFO org.flowable.common.engine.impl.async.DefaultAsyncTaskExecutor -- Creating thread factory with naming pattern flowable-async-task-invoker-thread-%d
10:20:54.386 [main] INFO org.flowable.common.engine.impl.async.DefaultAsyncTaskExecutor -- Creating executor service with corePoolSize 8, maxPoolSize 8 and keepAliveTime 5000
10:20:54.386 [main] INFO org.flowable.common.engine.impl.async.DefaultAsyncTaskExecutor -- Using rejectedExecutionHandler java.util.concurrent.ThreadPoolExecutor$CallerRunsPolicy@2b98c310
10:20:54.386 [main] INFO org.flowable.common.engine.impl.async.DefaultAsyncTaskExecutor -- Creating thread pool queue of size 2048
10:20:54.386 [main] INFO org.flowable.common.engine.impl.async.DefaultAsyncTaskExecutor -- Creating thread factory with naming pattern flowable-async-job-executor-thread-%d
10:20:54.386 [main] INFO org.flowable.common.engine.impl.async.DefaultAsyncTaskExecutor -- Creating executor service with corePoolSize 8, maxPoolSize 8 and keepAliveTime 5000
10:20:54.393 [main] INFO org.flowable.common.engine.impl.db.CommonDbSchemaManager -- performing create on common with resource org/flowable/common/db/create/flowable.postgres.create.common.sql
10:20:54.427 [main] INFO org.flowable.engine.impl.db.ProcessDbSchemaManager -- performing create on engine with resource org/flowable/db/create/flowable.postgres.create.engine.sql
10:20:54.455 [main] INFO org.flowable.engine.impl.db.ProcessDbSchemaManager -- performing create on history with resource org/flowable/db/create/flowable.postgres.create.history.sql
10:20:54.463 [main] INFO org.flowable.engine.impl.ProcessEngineImpl -- ProcessEngine default created
10:20:54.471 [main] INFO org.flowable.engine.impl.cmd.ValidateV5EntitiesCmd -- Total of v5 deployments found: 0
10:20:54.664 [main] INFO org.flowable.common.engine.impl.async.DefaultAsyncTaskExecutor -- Creating thread pool queue of size 100
10:20:54.664 [main] INFO org.flowable.common.engine.impl.async.DefaultAsyncTaskExecutor -- Creating thread factory with naming pattern flowable-async-task-invoker-thread-%d
10:20:54.664 [main] INFO org.flowable.common.engine.impl.async.DefaultAsyncTaskExecutor -- Creating executor service with corePoolSize 8, maxPoolSize 8 and keepAliveTime 5000
10:20:54.664 [main] INFO org.flowable.common.engine.impl.async.DefaultAsyncTaskExecutor -- Using rejectedExecutionHandler java.util.concurrent.ThreadPoolExecutor$CallerRunsPolicy@e356940
10:20:54.664 [main] INFO org.flowable.common.engine.impl.async.DefaultAsyncTaskExecutor -- Creating thread pool queue of size 2048
10:20:54.664 [main] INFO org.flowable.common.engine.impl.async.DefaultAsyncTaskExecutor -- Creating thread factory with naming pattern flowable-async-job-executor-thread-%d
10:20:54.664 [main] INFO org.flowable.common.engine.impl.async.DefaultAsyncTaskExecutor -- Creating executor service with corePoolSize 8, maxPoolSize 8 and keepAliveTime 5000
10:20:54.671 [main] INFO org.flowable.common.engine.impl.db.CommonDbSchemaManager -- performing create on common with resource org/flowable/common/db/create/flowable.postgres.create.common.sql
10:20:54.710 [main] INFO org.flowable.engine.impl.db.ProcessDbSchemaManager -- performing create on engine with resource org/flowable/db/create/flowable.postgres.create.engine.sql
10:20:54.739 [main] INFO org.flowable.engine.impl.db.ProcessDbSchemaManager -- performing create on history with resource org/flowable/db/create/flowable.postgres.create.history.sql
10:20:54.746 [main] INFO org.flowable.engine.impl.ProcessEngineImpl -- ProcessEngine default created
10:20:54.751 [main] INFO org.flowable.engine.impl.cmd.ValidateV5EntitiesCmd -- Total of v5 deployments found: 0
10:20:55.330 [main] INFO org.flowable.common.engine.impl.async.DefaultAsyncTaskExecutor -- Creating thread pool queue of size 100
10:20:55.330 [main] INFO org.flowable.common.engine.impl.async.DefaultAsyncTaskExecutor -- Creating thread factory with naming pattern flowable-async-task-invoker-thread-%d
10:20:55.330 [main] INFO org.flowable.common.engine.impl.async.DefaultAsyncTaskExecutor -- Creating executor service with corePoolSize 8, maxPoolSize 8 and keepAliveTime 5000
10:20:55.330 [main] INFO org.flowable.common.engine.impl.async.DefaultAsyncTaskExecutor -- Using rejectedExecutionHandler java.util.concurrent.ThreadPoolExecutor$CallerRunsPolicy@26d02dc6
10:20:55.330 [main] INFO org.flowable.common.engine.impl.async.DefaultAsyncTaskExecutor -- Creating thread pool queue of size 2048
10:20:55.330 [main] INFO org.flowable.common.engine.impl.async.DefaultAsyncTaskExecutor -- Creating thread factory with naming pattern flowable-async-job-executor-thread-%d
10:20:55.330 [main] INFO org.flowable.common.engine.impl.async.DefaultAsyncTaskExecutor -- Creating executor service with corePoolSize 8, maxPoolSize 8 and keepAliveTime 5000
10:20:55.337 [main] INFO org.flowable.common.engine.impl.db.CommonDbSchemaManager -- performing create on common with resource org/flowable/common/db/create/flowable.postgres.create.common.sql
10:20:55.375 [main] INFO org.flowable.engine.impl.db.ProcessDbSchemaManager -- performing create on engine with resource org/flowable/db/create/flowable.postgres.create.engine.sql
10:20:55.405 [main] INFO org.flowable.engine.impl.db.ProcessDbSchemaManager -- performing create on history with resource org/flowable/db/create/flowable.postgres.create.history.sql
10:20:55.416 [main] INFO org.flowable.engine.impl.ProcessEngineImpl -- ProcessEngine default created
10:20:55.422 [main] INFO org.flowable.engine.impl.cmd.ValidateV5EntitiesCmd -- Total of v5 deployments found: 0
10:20:55.656 [main] INFO org.flowable.common.engine.impl.async.DefaultAsyncTaskExecutor -- Creating thread pool queue of size 100
10:20:55.657 [main] INFO org.flowable.common.engine.impl.async.DefaultAsyncTaskExecutor -- Creating thread factory with naming pattern flowable-async-task-invoker-thread-%d
10:20:55.657 [main] INFO org.flowable.common.engine.impl.async.DefaultAsyncTaskExecutor -- Creating executor service with corePoolSize 8, maxPoolSize 8 and keepAliveTime 5000
10:20:55.657 [main] INFO org.flowable.common.engine.impl.async.DefaultAsyncTaskExecutor -- Using rejectedExecutionHandler java.util.concurrent.ThreadPoolExecutor$CallerRunsPolicy@44ac94c2
10:20:55.657 [main] INFO org.flowable.common.engine.impl.async.DefaultAsyncTaskExecutor -- Creating thread pool queue of size 2048
10:20:55.657 [main] INFO org.flowable.common.engine.impl.async.DefaultAsyncTaskExecutor -- Creating thread factory with naming pattern flowable-async-job-executor-thread-%d
10:20:55.657 [main] INFO org.flowable.common.engine.impl.async.DefaultAsyncTaskExecutor -- Creating executor service with corePoolSize 8, maxPoolSize 8 and keepAliveTime 5000
10:20:55.664 [main] INFO org.flowable.common.engine.impl.db.CommonDbSchemaManager -- performing create on common with resource org/flowable/common/db/create/flowable.postgres.create.common.sql
10:20:55.700 [main] INFO org.flowable.engine.impl.db.ProcessDbSchemaManager -- performing create on engine with resource org/flowable/db/create/flowable.postgres.create.engine.sql
10:20:55.729 [main] INFO org.flowable.engine.impl.db.ProcessDbSchemaManager -- performing create on history with resource org/flowable/db/create/flowable.postgres.create.history.sql
10:20:55.737 [main] INFO org.flowable.engine.impl.ProcessEngineImpl -- ProcessEngine default created
10:20:55.744 [main] INFO org.flowable.engine.impl.cmd.ValidateV5EntitiesCmd -- Total of v5 deployments found: 0
10:20:55.923 [main] INFO org.flowable.common.engine.impl.async.DefaultAsyncTaskExecutor -- Creating thread pool queue of size 100
10:20:55.923 [main] INFO org.flowable.common.engine.impl.async.DefaultAsyncTaskExecutor -- Creating thread factory with naming pattern flowable-async-task-invoker-thread-%d
10:20:55.923 [main] INFO org.flowable.common.engine.impl.async.DefaultAsyncTaskExecutor -- Creating executor service with corePoolSize 8, maxPoolSize 8 and keepAliveTime 5000
10:20:55.923 [main] INFO org.flowable.common.engine.impl.async.DefaultAsyncTaskExecutor -- Using rejectedExecutionHandler java.util.concurrent.ThreadPoolExecutor$CallerRunsPolicy@7a05cdc8
10:20:55.923 [main] INFO org.flowable.common.engine.impl.async.DefaultAsyncTaskExecutor -- Creating thread pool queue of size 2048
10:20:55.923 [main] INFO org.flowable.common.engine.impl.async.DefaultAsyncTaskExecutor -- Creating thread factory with naming pattern flowable-async-job-executor-thread-%d
10:20:55.923 [main] INFO org.flowable.common.engine.impl.async.DefaultAsyncTaskExecutor -- Creating executor service with corePoolSize 8, maxPoolSize 8 and keepAliveTime 5000
10:20:55.930 [main] INFO org.flowable.common.engine.impl.db.CommonDbSchemaManager -- performing create on common with resource org/flowable/common/db/create/flowable.postgres.create.common.sql
10:20:55.968 [main] INFO org.flowable.engine.impl.db.ProcessDbSchemaManager -- performing create on engine with resource org/flowable/db/create/flowable.postgres.create.engine.sql
10:20:55.999 [main] INFO org.flowable.engine.impl.db.ProcessDbSchemaManager -- performing create on history with resource org/flowable/db/create/flowable.postgres.create.history.sql
10:20:56.008 [main] INFO org.flowable.engine.impl.ProcessEngineImpl -- ProcessEngine default created
10:20:56.013 [main] INFO org.flowable.engine.impl.cmd.ValidateV5EntitiesCmd -- Total of v5 deployments found: 0
10:20:56.482 [main] INFO org.flowable.common.engine.impl.async.DefaultAsyncTaskExecutor -- Creating thread pool queue of size 100
10:20:56.482 [main] INFO org.flowable.common.engine.impl.async.DefaultAsyncTaskExecutor -- Creating thread factory with naming pattern flowable-async-task-invoker-thread-%d
10:20:56.482 [main] INFO org.flowable.common.engine.impl.async.DefaultAsyncTaskExecutor -- Creating executor service with corePoolSize 8, maxPoolSize 8 and keepAliveTime 5000
10:20:56.482 [main] INFO org.flowable.common.engine.impl.async.DefaultAsyncTaskExecutor -- Using rejectedExecutionHandler java.util.concurrent.ThreadPoolExecutor$CallerRunsPolicy@5f510929
10:20:56.482 [main] INFO org.flowable.common.engine.impl.async.DefaultAsyncTaskExecutor -- Creating thread pool queue of size 2048
10:20:56.482 [main] INFO org.flowable.common.engine.impl.async.DefaultAsyncTaskExecutor -- Creating thread factory with naming pattern flowable-async-job-executor-thread-%d
10:20:56.482 [main] INFO org.flowable.common.engine.impl.async.DefaultAsyncTaskExecutor -- Creating executor service with corePoolSize 8, maxPoolSize 8 and keepAliveTime 5000
10:20:56.488 [main] INFO org.flowable.common.engine.impl.db.CommonDbSchemaManager -- performing create on common with resource org/flowable/common/db/create/flowable.postgres.create.common.sql
10:20:56.527 [main] INFO org.flowable.engine.impl.db.ProcessDbSchemaManager -- performing create on engine with resource org/flowable/db/create/flowable.postgres.create.engine.sql
10:20:56.556 [main] INFO org.flowable.engine.impl.db.ProcessDbSchemaManager -- performing create on history with resource org/flowable/db/create/flowable.postgres.create.history.sql
10:20:56.564 [main] INFO org.flowable.engine.impl.ProcessEngineImpl -- ProcessEngine default created
10:20:56.568 [main] INFO org.flowable.engine.impl.cmd.ValidateV5EntitiesCmd -- Total of v5 deployments found: 0
10:20:56.822 [main] INFO org.flowable.common.engine.impl.async.DefaultAsyncTaskExecutor -- Creating thread pool queue of size 100
10:20:56.822 [main] INFO org.flowable.common.engine.impl.async.DefaultAsyncTaskExecutor -- Creating thread factory with naming pattern flowable-async-task-invoker-thread-%d
10:20:56.822 [main] INFO org.flowable.common.engine.impl.async.DefaultAsyncTaskExecutor -- Creating executor service with corePoolSize 8, maxPoolSize 8 and keepAliveTime 5000
10:20:56.822 [main] INFO org.flowable.common.engine.impl.async.DefaultAsyncTaskExecutor -- Using rejectedExecutionHandler java.util.concurrent.ThreadPoolExecutor$CallerRunsPolicy@3b48361e
10:20:56.822 [main] INFO org.flowable.common.engine.impl.async.DefaultAsyncTaskExecutor -- Creating thread pool queue of size 2048
10:20:56.822 [main] INFO org.flowable.common.engine.impl.async.DefaultAsyncTaskExecutor -- Creating thread factory with naming pattern flowable-async-job-executor-thread-%d
10:20:56.822 [main] INFO org.flowable.common.engine.impl.async.DefaultAsyncTaskExecutor -- Creating executor service with corePoolSize 8, maxPoolSize 8 and keepAliveTime 5000
10:20:56.829 [main] INFO org.flowable.common.engine.impl.db.CommonDbSchemaManager -- performing create on common with resource org/flowable/common/db/create/flowable.postgres.create.common.sql
10:20:56.864 [main] INFO org.flowable.engine.impl.db.ProcessDbSchemaManager -- performing create on engine with resource org/flowable/db/create/flowable.postgres.create.engine.sql
10:20:56.892 [main] INFO org.flowable.engine.impl.db.ProcessDbSchemaManager -- performing create on history with resource org/flowable/db/create/flowable.postgres.create.history.sql
10:20:56.900 [main] INFO org.flowable.engine.impl.ProcessEngineImpl -- ProcessEngine default created
10:20:56.905 [main] INFO org.flowable.engine.impl.cmd.ValidateV5EntitiesCmd -- Total of v5 deployments found: 0
10:20:57.140 [main] INFO org.flowable.common.engine.impl.async.DefaultAsyncTaskExecutor -- Creating thread pool queue of size 100
10:20:57.140 [main] INFO org.flowable.common.engine.impl.async.DefaultAsyncTaskExecutor -- Creating thread factory with naming pattern flowable-async-task-invoker-thread-%d
10:20:57.140 [main] INFO org.flowable.common.engine.impl.async.DefaultAsyncTaskExecutor -- Creating executor service with corePoolSize 8, maxPoolSize 8 and keepAliveTime 5000
10:20:57.140 [main] INFO org.flowable.common.engine.impl.async.DefaultAsyncTaskExecutor -- Using rejectedExecutionHandler java.util.concurrent.ThreadPoolExecutor$CallerRunsPolicy@55159007
10:20:57.140 [main] INFO org.flowable.common.engine.impl.async.DefaultAsyncTaskExecutor -- Creating thread pool queue of size 2048
10:20:57.140 [main] INFO org.flowable.common.engine.impl.async.DefaultAsyncTaskExecutor -- Creating thread factory with naming pattern flowable-async-job-executor-thread-%d
10:20:57.140 [main] INFO org.flowable.common.engine.impl.async.DefaultAsyncTaskExecutor -- Creating executor service with corePoolSize 8, maxPoolSize 8 and keepAliveTime 5000
10:20:57.146 [main] INFO org.flowable.common.engine.impl.db.CommonDbSchemaManager -- performing create on common with resource org/flowable/common/db/create/flowable.postgres.create.common.sql
10:20:57.181 [main] INFO org.flowable.engine.impl.db.ProcessDbSchemaManager -- performing create on engine with resource org/flowable/db/create/flowable.postgres.create.engine.sql
10:20:57.208 [main] INFO org.flowable.engine.impl.db.ProcessDbSchemaManager -- performing create on history with resource org/flowable/db/create/flowable.postgres.create.history.sql
10:20:57.216 [main] INFO org.flowable.engine.impl.ProcessEngineImpl -- ProcessEngine default created
10:20:57.221 [main] INFO org.flowable.engine.impl.cmd.ValidateV5EntitiesCmd -- Total of v5 deployments found: 0
10:20:57.431 [main] INFO org.flowable.common.engine.impl.async.DefaultAsyncTaskExecutor -- Creating thread pool queue of size 100
10:20:57.431 [main] INFO org.flowable.common.engine.impl.async.DefaultAsyncTaskExecutor -- Creating thread factory with naming pattern flowable-async-task-invoker-thread-%d
10:20:57.431 [main] INFO org.flowable.common.engine.impl.async.DefaultAsyncTaskExecutor -- Creating executor service with corePoolSize 8, maxPoolSize 8 and keepAliveTime 5000
10:20:57.431 [main] INFO org.flowable.common.engine.impl.async.DefaultAsyncTaskExecutor -- Using rejectedExecutionHandler java.util.concurrent.ThreadPoolExecutor$CallerRunsPolicy@7fae6f43
10:20:57.431 [main] INFO org.flowable.common.engine.impl.async.DefaultAsyncTaskExecutor -- Creating thread pool queue of size 2048
10:20:57.431 [main] INFO org.flowable.common.engine.impl.async.DefaultAsyncTaskExecutor -- Creating thread factory with naming pattern flowable-async-job-executor-thread-%d
10:20:57.431 [main] INFO org.flowable.common.engine.impl.async.DefaultAsyncTaskExecutor -- Creating executor service with corePoolSize 8, maxPoolSize 8 and keepAliveTime 5000
10:20:57.437 [main] INFO org.flowable.common.engine.impl.db.CommonDbSchemaManager -- performing create on common with resource org/flowable/common/db/create/flowable.postgres.create.common.sql
10:20:57.472 [main] INFO org.flowable.engine.impl.db.ProcessDbSchemaManager -- performing create on engine with resource org/flowable/db/create/flowable.postgres.create.engine.sql
10:20:57.501 [main] INFO org.flowable.engine.impl.db.ProcessDbSchemaManager -- performing create on history with resource org/flowable/db/create/flowable.postgres.create.history.sql
10:20:57.509 [main] INFO org.flowable.engine.impl.ProcessEngineImpl -- ProcessEngine default created
10:20:57.513 [main] INFO org.flowable.engine.impl.cmd.ValidateV5EntitiesCmd -- Total of v5 deployments found: 0
10:20:57.817 [main] INFO org.flowable.common.engine.impl.async.DefaultAsyncTaskExecutor -- Creating thread pool queue of size 100
10:20:57.817 [main] INFO org.flowable.common.engine.impl.async.DefaultAsyncTaskExecutor -- Creating thread factory with naming pattern flowable-async-task-invoker-thread-%d
10:20:57.817 [main] INFO org.flowable.common.engine.impl.async.DefaultAsyncTaskExecutor -- Creating executor service with corePoolSize 8, maxPoolSize 8 and keepAliveTime 5000
10:20:57.817 [main] INFO org.flowable.common.engine.impl.async.DefaultAsyncTaskExecutor -- Using rejectedExecutionHandler java.util.concurrent.ThreadPoolExecutor$CallerRunsPolicy@628b9af5
10:20:57.817 [main] INFO org.flowable.common.engine.impl.async.DefaultAsyncTaskExecutor -- Creating thread pool queue of size 2048
10:20:57.817 [main] INFO org.flowable.common.engine.impl.async.DefaultAsyncTaskExecutor -- Creating thread factory with naming pattern flowable-async-job-executor-thread-%d
10:20:57.817 [main] INFO org.flowable.common.engine.impl.async.DefaultAsyncTaskExecutor -- Creating executor service with corePoolSize 8, maxPoolSize 8 and keepAliveTime 5000
10:20:57.824 [main] INFO org.flowable.common.engine.impl.db.CommonDbSchemaManager -- performing create on common with resource org/flowable/common/db/create/flowable.postgres.create.common.sql
10:20:57.863 [main] INFO org.flowable.engine.impl.db.ProcessDbSchemaManager -- performing create on engine with resource org/flowable/db/create/flowable.postgres.create.engine.sql
10:20:57.895 [main] INFO org.flowable.engine.impl.db.ProcessDbSchemaManager -- performing create on history with resource org/flowable/db/create/flowable.postgres.create.history.sql
10:20:57.904 [main] INFO org.flowable.engine.impl.ProcessEngineImpl -- ProcessEngine default created
10:20:57.909 [main] INFO org.flowable.engine.impl.cmd.ValidateV5EntitiesCmd -- Total of v5 deployments found: 0
10:20:58.127 [main] INFO org.flowable.common.engine.impl.async.DefaultAsyncTaskExecutor -- Creating thread pool queue of size 100
10:20:58.127 [main] INFO org.flowable.common.engine.impl.async.DefaultAsyncTaskExecutor -- Creating thread factory with naming pattern flowable-async-task-invoker-thread-%d
10:20:58.127 [main] INFO org.flowable.common.engine.impl.async.DefaultAsyncTaskExecutor -- Creating executor service with corePoolSize 8, maxPoolSize 8 and keepAliveTime 5000
10:20:58.127 [main] INFO org.flowable.common.engine.impl.async.DefaultAsyncTaskExecutor -- Using rejectedExecutionHandler java.util.concurrent.ThreadPoolExecutor$CallerRunsPolicy@4e9d1119
10:20:58.127 [main] INFO org.flowable.common.engine.impl.async.DefaultAsyncTaskExecutor -- Creating thread pool queue of size 2048
10:20:58.127 [main] INFO org.flowable.common.engine.impl.async.DefaultAsyncTaskExecutor -- Creating thread factory with naming pattern flowable-async-job-executor-thread-%d
10:20:58.127 [main] INFO org.flowable.common.engine.impl.async.DefaultAsyncTaskExecutor -- Creating executor service with corePoolSize 8, maxPoolSize 8 and keepAliveTime 5000
10:20:58.133 [main] INFO org.flowable.common.engine.impl.db.CommonDbSchemaManager -- performing create on common with resource org/flowable/common/db/create/flowable.postgres.create.common.sql
10:20:58.169 [main] INFO org.flowable.engine.impl.db.ProcessDbSchemaManager -- performing create on engine with resource org/flowable/db/create/flowable.postgres.create.engine.sql
10:20:58.197 [main] INFO org.flowable.engine.impl.db.ProcessDbSchemaManager -- performing create on history with resource org/flowable/db/create/flowable.postgres.create.history.sql
10:20:58.205 [main] INFO org.flowable.engine.impl.ProcessEngineImpl -- ProcessEngine default created
10:20:58.210 [main] INFO org.flowable.engine.impl.cmd.ValidateV5EntitiesCmd -- Total of v5 deployments found: 0
10:20:58.452 [main] INFO org.flowable.common.engine.impl.async.DefaultAsyncTaskExecutor -- Creating thread pool queue of size 100
10:20:58.452 [main] INFO org.flowable.common.engine.impl.async.DefaultAsyncTaskExecutor -- Creating thread factory with naming pattern flowable-async-task-invoker-thread-%d
10:20:58.452 [main] INFO org.flowable.common.engine.impl.async.DefaultAsyncTaskExecutor -- Creating executor service with corePoolSize 8, maxPoolSize 8 and keepAliveTime 5000
10:20:58.452 [main] INFO org.flowable.common.engine.impl.async.DefaultAsyncTaskExecutor -- Using rejectedExecutionHandler java.util.concurrent.ThreadPoolExecutor$CallerRunsPolicy@5dcec8e9
10:20:58.452 [main] INFO org.flowable.common.engine.impl.async.DefaultAsyncTaskExecutor -- Creating thread pool queue of size 2048
10:20:58.452 [main] INFO org.flowable.common.engine.impl.async.DefaultAsyncTaskExecutor -- Creating thread factory with naming pattern flowable-async-job-executor-thread-%d
10:20:58.452 [main] INFO org.flowable.common.engine.impl.async.DefaultAsyncTaskExecutor -- Creating executor service with corePoolSize 8, maxPoolSize 8 and keepAliveTime 5000
10:20:58.459 [main] INFO org.flowable.common.engine.impl.db.CommonDbSchemaManager -- performing create on common with resource org/flowable/common/db/create/flowable.postgres.create.common.sql
10:20:58.496 [main] INFO org.flowable.engine.impl.db.ProcessDbSchemaManager -- performing create on engine with resource org/flowable/db/create/flowable.postgres.create.engine.sql
10:20:58.527 [main] INFO org.flowable.engine.impl.db.ProcessDbSchemaManager -- performing create on history with resource org/flowable/db/create/flowable.postgres.create.history.sql
10:20:58.539 [main] INFO org.flowable.engine.impl.ProcessEngineImpl -- ProcessEngine default created
10:20:58.544 [main] INFO org.flowable.engine.impl.cmd.ValidateV5EntitiesCmd -- Total of v5 deployments found: 0
10:20:58.822 [main] INFO org.flowable.common.engine.impl.async.DefaultAsyncTaskExecutor -- Creating thread pool queue of size 100
10:20:58.822 [main] INFO org.flowable.common.engine.impl.async.DefaultAsyncTaskExecutor -- Creating thread factory with naming pattern flowable-async-task-invoker-thread-%d
10:20:58.822 [main] INFO org.flowable.common.engine.impl.async.DefaultAsyncTaskExecutor -- Creating executor service with corePoolSize 8, maxPoolSize 8 and keepAliveTime 5000
10:20:58.822 [main] INFO org.flowable.common.engine.impl.async.DefaultAsyncTaskExecutor -- Using rejectedExecutionHandler java.util.concurrent.ThreadPoolExecutor$CallerRunsPolicy@31aee6d9
10:20:58.822 [main] INFO org.flowable.common.engine.impl.async.DefaultAsyncTaskExecutor -- Creating thread pool queue of size 2048
10:20:58.822 [main] INFO org.flowable.common.engine.impl.async.DefaultAsyncTaskExecutor -- Creating thread factory with naming pattern flowable-async-job-executor-thread-%d
10:20:58.822 [main] INFO org.flowable.common.engine.impl.async.DefaultAsyncTaskExecutor -- Creating executor service with corePoolSize 8, maxPoolSize 8 and keepAliveTime 5000
10:20:58.829 [main] INFO org.flowable.common.engine.impl.db.CommonDbSchemaManager -- performing create on common with resource org/flowable/common/db/create/flowable.postgres.create.common.sql
10:20:58.864 [main] INFO org.flowable.engine.impl.db.ProcessDbSchemaManager -- performing create on engine with resource org/flowable/db/create/flowable.postgres.create.engine.sql
10:20:58.894 [main] INFO org.flowable.engine.impl.db.ProcessDbSchemaManager -- performing create on history with resource org/flowable/db/create/flowable.postgres.create.history.sql
10:20:58.902 [main] INFO org.flowable.engine.impl.ProcessEngineImpl -- ProcessEngine default created
10:20:58.908 [main] INFO org.flowable.engine.impl.cmd.ValidateV5EntitiesCmd -- Total of v5 deployments found: 0
10:20:59.195 [main] INFO org.flowable.common.engine.impl.async.DefaultAsyncTaskExecutor -- Creating thread pool queue of size 100
10:20:59.195 [main] INFO org.flowable.common.engine.impl.async.DefaultAsyncTaskExecutor -- Creating thread factory with naming pattern flowable-async-task-invoker-thread-%d
10:20:59.195 [main] INFO org.flowable.common.engine.impl.async.DefaultAsyncTaskExecutor -- Creating executor service with corePoolSize 8, maxPoolSize 8 and keepAliveTime 5000
10:20:59.195 [main] INFO org.flowable.common.engine.impl.async.DefaultAsyncTaskExecutor -- Using rejectedExecutionHandler java.util.concurrent.ThreadPoolExecutor$CallerRunsPolicy@740530b
10:20:59.195 [main] INFO org.flowable.common.engine.impl.async.DefaultAsyncTaskExecutor -- Creating thread pool queue of size 2048
10:20:59.195 [main] INFO org.flowable.common.engine.impl.async.DefaultAsyncTaskExecutor -- Creating thread factory with naming pattern flowable-async-job-executor-thread-%d
10:20:59.195 [main] INFO org.flowable.common.engine.impl.async.DefaultAsyncTaskExecutor -- Creating executor service with corePoolSize 8, maxPoolSize 8 and keepAliveTime 5000
10:20:59.202 [main] INFO org.flowable.common.engine.impl.db.CommonDbSchemaManager -- performing create on common with resource org/flowable/common/db/create/flowable.postgres.create.common.sql
10:20:59.244 [main] INFO org.flowable.engine.impl.db.ProcessDbSchemaManager -- performing create on engine with resource org/flowable/db/create/flowable.postgres.create.engine.sql
10:20:59.278 [main] INFO org.flowable.engine.impl.db.ProcessDbSchemaManager -- performing create on history with resource org/flowable/db/create/flowable.postgres.create.history.sql
10:20:59.290 [main] INFO org.flowable.engine.impl.ProcessEngineImpl -- ProcessEngine default created
10:20:59.297 [main] INFO org.flowable.engine.impl.cmd.ValidateV5EntitiesCmd -- Total of v5 deployments found: 0
10:20:59.568 [main] INFO org.flowable.common.engine.impl.async.DefaultAsyncTaskExecutor -- Creating thread pool queue of size 100
10:20:59.568 [main] INFO org.flowable.common.engine.impl.async.DefaultAsyncTaskExecutor -- Creating thread factory with naming pattern flowable-async-task-invoker-thread-%d
10:20:59.568 [main] INFO org.flowable.common.engine.impl.async.DefaultAsyncTaskExecutor -- Creating executor service with corePoolSize 8, maxPoolSize 8 and keepAliveTime 5000
10:20:59.568 [main] INFO org.flowable.common.engine.impl.async.DefaultAsyncTaskExecutor -- Using rejectedExecutionHandler java.util.concurrent.ThreadPoolExecutor$CallerRunsPolicy@e763080
10:20:59.568 [main] INFO org.flowable.common.engine.impl.async.DefaultAsyncTaskExecutor -- Creating thread pool queue of size 2048
10:20:59.568 [main] INFO org.flowable.common.engine.impl.async.DefaultAsyncTaskExecutor -- Creating thread factory with naming pattern flowable-async-job-executor-thread-%d
10:20:59.568 [main] INFO org.flowable.common.engine.impl.async.DefaultAsyncTaskExecutor -- Creating executor service with corePoolSize 8, maxPoolSize 8 and keepAliveTime 5000
10:20:59.577 [main] INFO org.flowable.engine.impl.ProcessEngineImpl -- ProcessEngine default created
10:20:59.584 [main] INFO org.flowable.engine.impl.cmd.ValidateV5EntitiesCmd -- Total of v5 deployments found: 0
10:20:59.768 [main] INFO org.flowable.common.engine.impl.async.DefaultAsyncTaskExecutor -- Creating thread pool queue of size 100
10:20:59.768 [main] INFO org.flowable.common.engine.impl.async.DefaultAsyncTaskExecutor -- Creating thread factory with naming pattern flowable-async-task-invoker-thread-%d
10:20:59.768 [main] INFO org.flowable.common.engine.impl.async.DefaultAsyncTaskExecutor -- Creating executor service with corePoolSize 8, maxPoolSize 8 and keepAliveTime 5000
10:20:59.768 [main] INFO org.flowable.common.engine.impl.async.DefaultAsyncTaskExecutor -- Using rejectedExecutionHandler java.util.concurrent.ThreadPoolExecutor$CallerRunsPolicy@22b2d9e3
10:20:59.768 [main] INFO org.flowable.common.engine.impl.async.DefaultAsyncTaskExecutor -- Creating thread pool queue of size 2048
10:20:59.768 [main] INFO org.flowable.common.engine.impl.async.DefaultAsyncTaskExecutor -- Creating thread factory with naming pattern flowable-async-job-executor-thread-%d
10:20:59.768 [main] INFO org.flowable.common.engine.impl.async.DefaultAsyncTaskExecutor -- Creating executor service with corePoolSize 8, maxPoolSize 8 and keepAliveTime 5000
10:20:59.775 [main] INFO org.flowable.common.engine.impl.db.CommonDbSchemaManager -- performing create on common with resource org/flowable/common/db/create/flowable.postgres.create.common.sql
10:20:59.815 [main] INFO org.flowable.engine.impl.db.ProcessDbSchemaManager -- performing create on engine with resource org/flowable/db/create/flowable.postgres.create.engine.sql
10:20:59.847 [main] INFO org.flowable.engine.impl.db.ProcessDbSchemaManager -- performing create on history with resource org/flowable/db/create/flowable.postgres.create.history.sql
10:20:59.855 [main] INFO org.flowable.engine.impl.ProcessEngineImpl -- ProcessEngine default created
10:20:59.860 [main] INFO org.flowable.engine.impl.cmd.ValidateV5EntitiesCmd -- Total of v5 deployments found: 0
10:21:00.111 [main] INFO org.flowable.common.engine.impl.async.DefaultAsyncTaskExecutor -- Creating thread pool queue of size 100
10:21:00.111 [main] INFO org.flowable.common.engine.impl.async.DefaultAsyncTaskExecutor -- Creating thread factory with naming pattern flowable-async-task-invoker-thread-%d
10:21:00.111 [main] INFO org.flowable.common.engine.impl.async.DefaultAsyncTaskExecutor -- Creating executor service with corePoolSize 8, maxPoolSize 8 and keepAliveTime 5000
10:21:00.111 [main] INFO org.flowable.common.engine.impl.async.DefaultAsyncTaskExecutor -- Using rejectedExecutionHandler java.util.concurrent.ThreadPoolExecutor$CallerRunsPolicy@62d4dac4
10:21:00.111 [main] INFO org.flowable.common.engine.impl.async.DefaultAsyncTaskExecutor -- Creating thread pool queue of size 2048
10:21:00.111 [main] INFO org.flowable.common.engine.impl.async.DefaultAsyncTaskExecutor -- Creating thread factory with naming pattern flowable-async-job-executor-thread-%d
10:21:00.111 [main] INFO org.flowable.common.engine.impl.async.DefaultAsyncTaskExecutor -- Creating executor service with corePoolSize 8, maxPoolSize 8 and keepAliveTime 5000
10:21:00.119 [main] INFO org.flowable.common.engine.impl.db.CommonDbSchemaManager -- performing create on common with resource org/flowable/common/db/create/flowable.postgres.create.common.sql
10:21:00.172 [main] INFO org.flowable.engine.impl.db.ProcessDbSchemaManager -- performing create on engine with resource org/flowable/db/create/flowable.postgres.create.engine.sql
10:21:00.214 [main] INFO org.flowable.engine.impl.db.ProcessDbSchemaManager -- performing create on history with resource org/flowable/db/create/flowable.postgres.create.history.sql
10:21:00.225 [main] INFO org.flowable.engine.impl.ProcessEngineImpl -- ProcessEngine default created
10:21:00.230 [main] INFO org.flowable.engine.impl.cmd.ValidateV5EntitiesCmd -- Total of v5 deployments found: 0
10:21:00.513 [main] INFO org.flowable.common.engine.impl.async.DefaultAsyncTaskExecutor -- Creating thread pool queue of size 100
10:21:00.514 [main] INFO org.flowable.common.engine.impl.async.DefaultAsyncTaskExecutor -- Creating thread factory with naming pattern flowable-async-task-invoker-thread-%d
10:21:00.514 [main] INFO org.flowable.common.engine.impl.async.DefaultAsyncTaskExecutor -- Creating executor service with corePoolSize 8, maxPoolSize 8 and keepAliveTime 5000
10:21:00.514 [main] INFO org.flowable.common.engine.impl.async.DefaultAsyncTaskExecutor -- Using rejectedExecutionHandler java.util.concurrent.ThreadPoolExecutor$CallerRunsPolicy@76ea1cb5
10:21:00.514 [main] INFO org.flowable.common.engine.impl.async.DefaultAsyncTaskExecutor -- Creating thread pool queue of size 2048
10:21:00.514 [main] INFO org.flowable.common.engine.impl.async.DefaultAsyncTaskExecutor -- Creating thread factory with naming pattern flowable-async-job-executor-thread-%d
10:21:00.514 [main] INFO org.flowable.common.engine.impl.async.DefaultAsyncTaskExecutor -- Creating executor service with corePoolSize 8, maxPoolSize 8 and keepAliveTime 5000
10:21:00.520 [main] INFO org.flowable.common.engine.impl.db.CommonDbSchemaManager -- performing create on common with resource org/flowable/common/db/create/flowable.postgres.create.common.sql
10:21:00.553 [main] INFO org.flowable.engine.impl.db.ProcessDbSchemaManager -- performing create on engine with resource org/flowable/db/create/flowable.postgres.create.engine.sql
10:21:00.580 [main] INFO org.flowable.engine.impl.db.ProcessDbSchemaManager -- performing create on history with resource org/flowable/db/create/flowable.postgres.create.history.sql
10:21:00.588 [main] INFO org.flowable.engine.impl.ProcessEngineImpl -- ProcessEngine default created
10:21:00.594 [main] INFO org.flowable.engine.impl.cmd.ValidateV5EntitiesCmd -- Total of v5 deployments found: 0
10:21:00.858 [main] INFO org.flowable.common.engine.impl.async.DefaultAsyncTaskExecutor -- Creating thread pool queue of size 100
10:21:00.858 [main] INFO org.flowable.common.engine.impl.async.DefaultAsyncTaskExecutor -- Creating thread factory with naming pattern flowable-async-task-invoker-thread-%d
10:21:00.858 [main] INFO org.flowable.common.engine.impl.async.DefaultAsyncTaskExecutor -- Creating executor service with corePoolSize 8, maxPoolSize 8 and keepAliveTime 5000
10:21:00.858 [main] INFO org.flowable.common.engine.impl.async.DefaultAsyncTaskExecutor -- Using rejectedExecutionHandler java.util.concurrent.ThreadPoolExecutor$CallerRunsPolicy@123a21ad
10:21:00.858 [main] INFO org.flowable.common.engine.impl.async.DefaultAsyncTaskExecutor -- Creating thread pool queue of size 2048
10:21:00.858 [main] INFO org.flowable.common.engine.impl.async.DefaultAsyncTaskExecutor -- Creating thread factory with naming pattern flowable-async-job-executor-thread-%d
10:21:00.858 [main] INFO org.flowable.common.engine.impl.async.DefaultAsyncTaskExecutor -- Creating executor service with corePoolSize 8, maxPoolSize 8 and keepAliveTime 5000
10:21:00.866 [main] INFO org.flowable.common.engine.impl.db.CommonDbSchemaManager -- performing create on common with resource org/flowable/common/db/create/flowable.postgres.create.common.sql
10:21:00.905 [main] INFO org.flowable.engine.impl.db.ProcessDbSchemaManager -- performing create on engine with resource org/flowable/db/create/flowable.postgres.create.engine.sql
10:21:00.932 [main] INFO org.flowable.engine.impl.db.ProcessDbSchemaManager -- performing create on history with resource org/flowable/db/create/flowable.postgres.create.history.sql
10:21:00.940 [main] INFO org.flowable.engine.impl.ProcessEngineImpl -- ProcessEngine default created
10:21:00.945 [main] INFO org.flowable.engine.impl.cmd.ValidateV5EntitiesCmd -- Total of v5 deployments found: 0
10:21:01.173 [main] INFO org.flowable.common.engine.impl.async.DefaultAsyncTaskExecutor -- Creating thread pool queue of size 100
10:21:01.173 [main] INFO org.flowable.common.engine.impl.async.DefaultAsyncTaskExecutor -- Creating thread factory with naming pattern flowable-async-task-invoker-thread-%d
10:21:01.174 [main] INFO org.flowable.common.engine.impl.async.DefaultAsyncTaskExecutor -- Creating executor service with corePoolSize 8, maxPoolSize 8 and keepAliveTime 5000
10:21:01.174 [main] INFO org.flowable.common.engine.impl.async.DefaultAsyncTaskExecutor -- Using rejectedExecutionHandler java.util.concurrent.ThreadPoolExecutor$CallerRunsPolicy@3f8c4bcf
10:21:01.174 [main] INFO org.flowable.common.engine.impl.async.DefaultAsyncTaskExecutor -- Creating thread pool queue of size 2048
10:21:01.174 [main] INFO org.flowable.common.engine.impl.async.DefaultAsyncTaskExecutor -- Creating thread factory with naming pattern flowable-async-job-executor-thread-%d
10:21:01.174 [main] INFO org.flowable.common.engine.impl.async.DefaultAsyncTaskExecutor -- Creating executor service with corePoolSize 8, maxPoolSize 8 and keepAliveTime 5000
10:21:01.182 [main] INFO org.flowable.common.engine.impl.db.CommonDbSchemaManager -- performing create on common with resource org/flowable/common/db/create/flowable.postgres.create.common.sql
10:21:01.221 [main] INFO org.flowable.engine.impl.db.ProcessDbSchemaManager -- performing create on engine with resource org/flowable/db/create/flowable.postgres.create.engine.sql
10:21:01.248 [main] INFO org.flowable.engine.impl.db.ProcessDbSchemaManager -- performing create on history with resource org/flowable/db/create/flowable.postgres.create.history.sql
10:21:01.256 [main] INFO org.flowable.engine.impl.ProcessEngineImpl -- ProcessEngine default created
10:21:01.261 [main] INFO org.flowable.engine.impl.cmd.ValidateV5EntitiesCmd -- Total of v5 deployments found: 0
[INFO] Tests run: 36, Failures: 0, Errors: 0, Skipped: 0, Time elapsed: 14.04 s -- in org.weaveos.workflow.RootExecutionRegistryTest
[INFO] Running org.weaveos.workflow.RootCommandEnvelopeTest
[INFO] Tests run: 8, Failures: 0, Errors: 0, Skipped: 0, Time elapsed: 0.016 s -- in org.weaveos.workflow.RootCommandEnvelopeTest
[INFO] 
[INFO] Results:
[INFO] 
[INFO] Tests run: 76, Failures: 0, Errors: 0, Skipped: 0
[INFO] 
[INFO] ------------------------------------------------------------------------
[INFO] BUILD SUCCESS
[INFO] ------------------------------------------------------------------------
[INFO] Total time:  31.848 s
[INFO] Finished at: 2026-10-05T10:21:01Z
[INFO] ------------------------------------------------------------------------
