[WebServer] (node:3614) Warning: The 'NO_COLOR' env is ignored due to the 'FORCE_COLOR' env being set.
[WebServer] (Use `node --trace-warnings ...` to show where the warning was created)

[WebServer] (node:3658) Warning: The 'NO_COLOR' env is ignored due to the 'FORCE_COLOR' env being set.
[WebServer] (Use `node --trace-warnings ...` to show where the warning was created)


Running 494 tests using 1 worker

(node:3739) Warning: The 'NO_COLOR' env is ignored due to the 'FORCE_COLOR' env being set.
(Use `node --trace-warnings ...` to show where the warning was created)


[1/494] [chromium] › apps/web/src/applications/forms/forms.component.spec.ts:112:1 › original designer shows three panels and keyboard-added draft can preview without a write
[2/494] [chromium] › apps/web/src/applications/forms/forms.component.spec.ts:129:1 › save preflights and commits with both versions and stable IDs only after server success
[3/494] [chromium] › apps/web/src/applications/forms/forms.component.spec.ts:144:1 › lost save response keeps the original operation and draft until recovery confirms it
[4/494] [chromium] › apps/web/src/applications/forms/forms.component.spec.ts:160:1 › directory creation and new form creation use coherent structure and one atomic form POST
[5/494] [chromium] › apps/web/src/applications/forms/forms.component.spec.ts:182:1 › impact dialog requires a live confirmation token before a schema write
[6/494] [chromium] › apps/web/src/applications/forms/forms.component.spec.ts:199:1 › blocked dependencies show the affected resource and prevent PUT
[7/494] [chromium] › apps/web/src/applications/forms/forms.component.spec.ts:215:1 › used option deletion maps old option IDs before renewed preflight and confirmed Save
[8/494] [chromium] › apps/web/src/applications/forms/forms.component.spec.ts:250:1 › late preflight for an old view cannot open impact or write into the newly selected view
[9/494] [chromium] › apps/web/src/applications/forms/forms.component.spec.ts:280:1 › keyboard can move an existing field into a group with the same ordered 12-column layout
[10/494] [chromium] › apps/web/src/applications/forms/forms.component.spec.ts:296:1 › permission revoked during Save masks the retained draft until access is reverified
[11/494] [chromium] › apps/web/src/applications/forms/forms.component.spec.ts:314:1 › system fields stay read-only and each inserted node references a distinct server-defined code
[12/494] [chromium] › apps/web/src/applications/forms/forms.component.spec.ts:328:1 › destructive preflight waits for explicit confirmation and sends its exact token
[13/494] [chromium] › apps/web/src/applications/forms/forms.component.spec.ts:347:1 › dirty exit and CAS conflict require an explicit decision while preserving the draft
[14/494] [chromium] › apps/web/src/applications/forms/forms.component.spec.ts:372:1 › structure CAS conflict keeps the entered name and offers an explicit latest-version reload
[15/494] [chromium] › apps/web/src/applications/forms/forms.component.spec.ts:392:1 › structure write permission revocation masks retained input until access is reverified
[16/494] [chromium] › apps/web/src/applications/forms/forms.component.spec.ts:407:1 › late directory create for an old app cannot replace the selected app tree
[17/494] [chromium] › apps/web/src/applications/forms/forms.component.spec.ts:439:1 › empty structure explains the next action to keyboard and screen reader users
[18/494] [chromium] › apps/web/src/applications/forms/forms.component.spec.ts:447:1 › removing an optional selected default option clears the invalid default before Save
[19/494] [chromium] › apps/web/src/applications/forms/forms.component.spec.ts:466:1 › decimal controls keep exact text and signed rounding places on the definition wire
[20/494] [chromium] › apps/web/src/applications/forms/forms.component.spec.ts:483:1 › preview dialog restores trigger focus after fast close and under reduced motion
[21/494] [chromium] › apps/web/src/applications/forms/forms.component.spec.ts:499:1 › existing-table form source creates another view without creating a table
[22/494] [chromium] › apps/web/src/applications/forms/forms.component.spec.ts:516:1 › directory rename and same-app move use current structure CAS while descendants are excluded
[23/494] [chromium] › apps/web/src/applications/forms/forms.component.spec.ts:546:1 › palette drag into a group preserves the chosen drop parent in saved layout
[24/494] [chromium] › apps/web/src/applications/forms/forms.component.spec.ts:560:1 › new view beside a selected form inherits its directory
[25/494] [chromium] › apps/web/src/applications/forms/forms.component.spec.ts:569:1 › existing member default remains visible and can be cleared without a candidate source
[26/494] [chromium] › apps/web/src/applications/forms/forms.component.spec.ts:586:1 › text empty-string default and boolean unset false true remain distinct on Save
[27/494] [chromium] › apps/web/src/applications/forms/forms.component.spec.ts:605:1 › no-op Save with unknown result blocks exit even when definition is not dirty
[28/494] [chromium] › apps/web/src/applications/forms/forms.component.spec.ts:620:1 › A to B to A navigation ignores a late first-generation preflight
[29/494] [chromium] › apps/web/src/applications/forms/forms.component.spec.ts:665:1 › definition requests bind verified actor and B cannot replay A unknown Save
[30/494] [chromium] › apps/web/src/applications/forms/forms.component.spec.ts:686:1 › 401 and actor mismatch are handed to Shell without losing the designer draft
[31/494] [chromium] › apps/web/src/applications/forms/forms.component.spec.ts:708:1 › structure unknown operation stays with A through an actor switch
[32/494] [chromium] › apps/web/src/applications/forms/forms.component.spec.ts:723:1 › dialog returns focus to its source after quick reverse and reopens
[33/494] [chromium] › apps/web/src/applications/forms/forms.component.spec.ts:736:1 › dialog closes immediately when reduced motion is requested
[34/494] [chromium] › apps/web/src/applications/forms/forms.component.spec.ts:744:1 › owner member default picker searches, pages and saves the selected stable ID
[35/494] [chromium] › apps/web/src/applications/forms/forms.component.spec.ts:769:1 › owner department default picker displays hierarchy candidate and saves ID
[36/494] [chromium] › apps/web/src/applications/forms/forms.component.spec.ts:783:1 › second view can place an existing table field without creating another field ID
[37/494] [chromium] › apps/web/src/applications/forms/forms.component.spec.ts:798:1 › removing a group leaves its table field available to place again
[38/494] [chromium] › apps/web/src/applications/forms/forms.component.spec.ts:816:1 › preview explicit null selection does not bounce back to the configured default
[39/494] [chromium] › apps/web/src/applications/forms/forms.component.spec.ts:830:1 › malformed successful structure receipt remains unconfirmed with the original operation
[40/494] [chromium] › apps/web/src/applications/forms/forms.component.spec.ts:843:1 › malformed successful definition receipt does not erase draft or issue a new key
[41/494] [chromium] › apps/web/src/applications/forms/forms.component.spec.ts:858:1 › null JSON success envelope retains the original Save for recovery
[42/494] [chromium] › apps/web/src/applications/forms/forms.component.spec.ts:873:1 › server failure after a Save request keeps its operation until verified
[43/494] [chromium] › apps/web/src/applications/forms/forms.component.spec.ts:888:1 › server failure after a directory request keeps its name and operation
[44/494] [chromium] › apps/web/src/applications/forms/forms.component.spec.ts:902:1 › StrictMode designer boots after effect setup cleanup setup and repeated component mounting
[45/494] [chromium] › apps/web/src/applications/forms/forms.component.spec.ts:911:1 › StrictMode structure boots after effect setup cleanup setup and repeated component mounting
[46/494] [chromium] › apps/web/src/applications/forms/forms.component.spec.ts:920:1 › StrictMode designer ignores a late first setup response after the replayed setup
[47/494] [chromium] › apps/web/src/applications/forms/forms.component.spec.ts:945:1 › StrictMode structure ignores a late first setup response after the replayed setup
[48/494] [chromium] › apps/web/src/applications/forms/forms.component.spec.ts:970:1 › cached designer draft is masked when return GET is forbidden
[49/494] [chromium] › apps/web/src/applications/forms/forms.component.spec.ts:987:1 › StrictMode auth-route unmount and same actor return reverify before restoring input
[50/494] [chromium] › apps/web/src/applications/forms/forms.component.spec.ts:1005:1 › cached designer masks on auth version rejection and same actor reauth restores draft
[51/494] [chromium] › apps/web/src/applications/forms/forms.component.spec.ts:1023:1 › cached designer masks a changed actor guard before showing any old field
[52/494] [chromium] › apps/web/src/applications/forms/forms.component.spec.ts:1043:1 › cached designer masks server GET failure then preserves draft after retry
[53/494] [chromium] › apps/web/src/applications/forms/forms.component.spec.ts:1060:1 › revalidated newer definition warns and keeps dirty versions without rebasing
[54/494] [chromium] › apps/web/src/applications/forms/forms.component.spec.ts:1083:1 › cached structure dialog is masked after permission revocation
[55/494] [chromium] › apps/web/src/applications/forms/forms.component.spec.ts:1097:1 › revalidated newer structure retains original name and CAS version
[56/494] [chromium] › apps/web/src/applications/forms/forms.component.spec.ts:1120:3 › unknown Save retry 401 retains original operation for later confirmation
[57/494] [chromium] › apps/web/src/applications/forms/forms.component.spec.ts:1120:3 › unknown Save retry 403 retains original operation for later confirmation
[58/494] [chromium] › apps/web/src/applications/forms/forms.component.spec.ts:1120:3 › unknown Save retry 409 retains original operation for later confirmation
[59/494] [chromium] › apps/web/src/applications/forms/forms.component.spec.ts:1149:1 › StrictMode guard clears on unmount while retaining an unknown Save packet
[60/494] [chromium] › apps/web/src/applications/forms/forms.component.spec.ts:1166:1 › StrictMode structure guard clears on unmount while retaining the unknown operation
[61/494] [chromium] › apps/web/src/applications/forms/forms.component.spec.ts:1181:1 › unknown structure retry denial retains original directory request after revalidation
[62/494] [chromium] › apps/web/src/applications/forms/forms.component.spec.ts:1200:1 › slow preflight is abandoned on Back before PUT and guard teardown is explicit
[63/494] [chromium] › apps/web/src/applications/forms/forms.component.spec.ts:1219:1 › discard cancels a gated preflight even when onBack is absent and the designer stays mounted
[64/494] [chromium] › apps/web/src/applications/forms/forms.component.spec.ts:1241:1 › external designer discard clears the scoped draft before delayed unmount
[65/494] [chromium] › apps/web/src/applications/forms/forms.component.spec.ts:1255:1 › external structure discard clears entered directory before route remount
[66/494] [chromium] › apps/web/src/applications/forms/forms.component.spec.ts:1268:1 › external preflight discard cancels PUT while route unmount is delayed
[67/494] [chromium] › apps/web/src/applications/forms/forms.component.spec.ts:1287:1 › external leave retains an already sent unknown Save and its original key
[68/494] [chromium] › apps/web/src/applications/forms/forms.component.spec.ts:1307:1 › external leave during sent PUT retains the packet until a same-actor result lookup
[69/494] [chromium] › apps/web/src/applications/forms/forms.component.spec.ts:1338:1 › external structure leave keeps an unknown directory operation and entered name
[70/494] [chromium] › apps/web/src/applications/forms/forms.component.spec.ts:1357:1 › StrictMode old same-scope unsubscribe cannot clear the current controller
[71/494] [chromium] › apps/web/src/applications/forms/forms.component.spec.ts:1366:1 › external leave rejects a decision made before draft becomes preflight
[72/494] [chromium] › apps/web/src/applications/forms/forms.component.spec.ts:1387:1 › external leave rejects a stale confirmation after draft content changes
[73/494] [chromium] › apps/web/src/applications/forms/forms.component.spec.ts:1401:1 › explicit discard removes an ordinary draft while an unknown packet is never discarded implicitly
[74/494] [chromium] › apps/web/src/applications/forms/forms.component.spec.ts:1413:1 › datetime to non-datetime conversion clears timezone in preflight DTO
[75/494] [chromium] › apps/web/src/applications/forms/forms.component.spec.ts:1428:1 › existing text field can request a guarded number type conversion
[76/494] [chromium] › apps/web/src/applications/forms/forms.component.spec.ts:1443:1 › designer canvas renders the actual field control in a nonediting design state
[77/494] [chromium] › apps/web/src/applications/forms/forms.component.spec.ts:1454:1 › changing an option mapping after successful preflight invalidates its token and pending packet
[78/494] [chromium] › apps/web/src/applications/forms/forms.component.spec.ts:1486:1 › expired confirmation token asks for another preflight instead of silently ignoring click
[79/494] [chromium] › apps/web/src/applications/records/record-form.component.spec.ts:3:1 › record form keeps precise and false values, excludes denied fields, and recovers the same unknown operation
[80/494] [chromium] › apps/web/src/applications/records/record-form.component.spec.ts:24:1 › record form uses scoped ordinary candidate selector and keeps selected label only in unsaved state
[81/494] [chromium] › apps/web/src/applications/records/record-form.component.spec.ts:34:1 › dirty form preserves input and blocks save when runtime control version changes
[82/494] [chromium] › apps/web/src/applications/records/records-panel.component.spec.ts:3:1 › records use one server ordered Table with stable IDs, guarded cells and manual numeric sort
[83/494] [chromium] › apps/web/src/applications/records/records-panel.component.spec.ts:18:1 › hidden column and arbitrary empty deep page stay controlled without erasing scope
[84/494] [chromium] › apps/web/src/applications/records/records.component.spec.ts:11:1 › confirmed record and draft receipts accept exact minimum only
[85/494] [chromium] › apps/web/src/applications/records/records.component.spec.ts:22:1 › safe runtime projection keeps null, empty and false but never fills denied values or defaults
[86/494] [chromium] › apps/web/src/applications/records/records.component.spec.ts:36:1 › history hint intersects current read and history; schema change flags dirty review
[87/494] [chromium] › apps/web/src/applications/records/records.component.spec.ts:45:1 › history labels only use IDs in allowed delta and keep unavailable explicit
[88/494] [chromium] › apps/web/src/applications/records/records.component.spec.ts:51:1 › new record editor identities stay distinct until confirmed server record and isolate field cache
[89/494] [chromium] › apps/web/src/applications/records/root-editor.component.spec.ts:12:1 › Root record form sends one canonical create and confirms only after the receipt
[90/494] [chromium] › apps/web/src/applications/records/root-editor.component.spec.ts:31:1 › Root record form edits only changed fields with row and schema CAS
[91/494] [chromium] › apps/web/src/applications/records/root-editor.component.spec.ts:39:1 › Root record form unknown save survives unmount and failed lookup using the same key
[92/494] [chromium] › apps/web/src/applications/records/root-editor.component.spec.ts:50:1 › Root another actor cannot inherit an unknown record editor packet or input
[93/494] [chromium] › apps/web/src/applications/records/root-editor.component.spec.ts:57:2 › Root APPLICATION_RECORD_CONFLICT retains input and requires explicit refresh before another save
[94/494] [chromium] › apps/web/src/applications/records/root-editor.component.spec.ts:57:2 › Root APPLICATION_SCHEMA_CONFLICT retains input and requires explicit refresh before another save
[95/494] [chromium] › apps/web/src/applications/records/root-editor.component.spec.ts:57:2 › Root APPLICATION_QUERY_CHANGED retains input and requires explicit refresh before another save
[96/494] [chromium] › apps/web/src/applications/records/root-editor.component.spec.ts:57:2 › Root APPLICATION_QUERY_CONTEXT_EXPIRED retains input and requires explicit refresh before another save
[97/494] [chromium] › apps/web/src/applications/records/root-editor.component.spec.ts:57:2 › Root APPLICATION_POLICY_CONFLICT retains input and requires explicit refresh before another save
[98/494] [chromium] › apps/web/src/applications/records/root-editor.component.spec.ts:65:1 › Root record form cancels an unsent preflight through the real leave guard
[99/494] [chromium] › apps/web/src/applications/records/root-editor.component.spec.ts:75:1 › Root revoked field is hidden while an old pending operation stays recoverable
[100/494] [chromium] › apps/web/src/applications/records/root-editor.component.spec.ts:81:1 › Root description layout renders plain text without executable markup
[101/494] [chromium] › apps/web/src/applications/records/root-layout.component.spec.ts:2:1 › Root configured group and field order override schema field order
[102/494] [chromium] › apps/web/src/applications/records/root-layout.component.spec.ts:11:1 › Root layout does not expose unplaced or denied fields
[103/494] [chromium] › apps/web/src/applications/records/root-layout.component.spec.ts:17:1 › Root read layout preserves exact values and disables edits
[104/494] [chromium] › apps/web/src/applications/records/root-layout.component.spec.ts:26:1 › Root system record version comes from actual record metadata
[105/494] [chromium] › apps/web/src/applications/records/root-recovery.component.spec.ts:10:2 › Root unknown save survives failed recovery without a second write
[106/494] [chromium] › apps/web/src/applications/records/root-recovery.component.spec.ts:10:2 › Root unknown save survives throw recovery without a second write
[107/494] [chromium] › apps/web/src/applications/records/root-recovery.component.spec.ts:10:2 › Root unknown save survives malformed recovery without a second write
[108/494] [chromium] › apps/web/src/applications/records/root-recovery.component.spec.ts:43:1 › Root definitive first-write rejection allows editing and a fresh submission
[109/494] [chromium] › apps/web/src/applications/root-boundary.component.spec.ts:6:1 › Root recovery owns an immutable deep snapshot of the sent packet
[110/494] [chromium] › apps/web/src/applications/root-boundary.component.spec.ts:21:1 › Root successful PATCH retains actor and exact JSON body
[111/494] [chromium] › apps/web/src/applications/root-boundary.component.spec.ts:32:1 › Root DELETE confirms only an exact empty 204
[112/494] [chromium] › apps/web/src/applications/root-boundary.component.spec.ts:41:1 › Root DELETE unexpected successful status stays unconfirmed
[113/494] [chromium] › apps/web/src/applications/root-boundary.component.spec.ts:51:2 › Root network failure uncertainty follows mutation
[114/494] [chromium] › apps/web/src/applications/root-boundary.component.spec.ts:51:2 › Root network failure uncertainty follows read-only search
[115/494] [chromium] › apps/web/src/applications/root-boundary.component.spec.ts:62:1 › Root read-only POST does not grant mutation paths read semantics
[116/494] [chromium] › apps/web/src/applications/root-boundary.component.spec.ts:71:1 › Root malformed read-only search response does not create unknown write state
[117/494] [chromium] › apps/web/src/applications/root-boundary.component.spec.ts:85:2 › Root read-only search rejects normalized path applications/22222222-2222-4222-8222-222222222222#fragment/forms/33333333-3333-4333-8333-333333333333/records/search
[118/494] [chromium] › apps/web/src/applications/root-boundary.component.spec.ts:85:2 › Root read-only search rejects normalized path applications/../forms/33333333-3333-4333-8333-333333333333/records/search
[119/494] [chromium] › apps/web/src/applications/root-boundary.component.spec.ts:85:2 › Root read-only search rejects normalized path applications/22222222-2222-4222-8222-222222222222/forms/%2e%2e/records/search
[120/494] [chromium] › apps/web/src/applications/root-boundary.component.spec.ts:95:1 › Root read-only search HTTP 503 remains a read failure
[121/494] [chromium] › apps/web/src/applications/root-operation-guard.component.spec.ts:14:1 › Root leave guard sees preflight immediately and cancellation prevents the write
[122/494] [chromium] › apps/web/src/applications/root-operation-guard.component.spec.ts:32:1 › Root leave guard distinguishes a sent write and clears only on confirmation
[123/494] [chromium] › apps/web/src/applications/root-operation-guard.component.spec.ts:45:2 › Root ambiguous HTTP 408 keeps the original write pending
[124/494] [chromium] › apps/web/src/applications/root-operation-guard.component.spec.ts:45:2 › Root ambiguous HTTP 500 keeps the original write pending
[125/494] [chromium] › apps/web/src/applications/root-operation-guard.component.spec.ts:45:2 › Root ambiguous HTTP 504 keeps the original write pending
[126/494] [chromium] › apps/web/src/applications/root-operation-guard.component.spec.ts:54:1 › Root definitive record conflict exposes a safe error code for refresh handling
[127/494] [chromium] › apps/web/src/applications/root-record-leave.component.spec.ts:7:1 › Root record drafts, saved records and persistent drafts have distinct leave scopes
[128/494] [chromium] › apps/web/src/applications/root-record-leave.component.spec.ts:20:1 › Root old record-scope cleanup cannot remove its replacement
[129/494] [chromium] › apps/web/src/applications/root-record-leave.component.spec.ts:28:1 › Root record leave guards remain actor-isolated
[130/494] [chromium] › apps/web/src/applications/root-record-read-contract.component.spec.ts:12:2 › Root read contract keeps scalar member references including tombstones
[131/494] [chromium] › apps/web/src/applications/root-record-read-contract.component.spec.ts:12:2 › Root read contract keeps scalar department references including tombstones
[132/494] [chromium] › apps/web/src/applications/root-record-read-contract.component.spec.ts:20:1 › Root runtime accepts rounding at the hundreds place without float conversion
[133/494] [chromium] › apps/web/src/applications/root-record-read-contract.component.spec.ts:34:2 › Root rejects invalid decimal configuration {"precision":0,"scale":0,"roundingPlaces":0}
[134/494] [chromium] › apps/web/src/applications/root-record-read-contract.component.spec.ts:34:2 › Root rejects invalid decimal configuration {"precision":39,"scale":2,"roundingPlaces":2}
[135/494] [chromium] › apps/web/src/applications/root-record-read-contract.component.spec.ts:34:2 › Root rejects invalid decimal configuration {"precision":20,"scale":19,"roundingPlaces":2}
[136/494] [chromium] › apps/web/src/applications/root-record-read-contract.component.spec.ts:34:2 › Root rejects invalid decimal configuration {"precision":2,"scale":3,"roundingPlaces":2}
[137/494] [chromium] › apps/web/src/applications/root-record-read-contract.component.spec.ts:34:2 › Root rejects invalid decimal configuration {"precision":20,"scale":2,"roundingPlaces":-19}
[138/494] [chromium] › apps/web/src/applications/root-record-read-contract.component.spec.ts:34:2 › Root rejects invalid decimal configuration {"precision":20,"scale":2,"roundingPlaces":3}
[139/494] [chromium] › apps/web/src/applications/root-record-read-contract.component.spec.ts:39:1 › Root record read-none and own-row policies cannot be widened by field access
[140/494] [chromium] › apps/web/src/applications/root-record-read-contract.component.spec.ts:44:1 › Root own-field value is rejected when the record belongs to somebody else
[141/494] [chromium] › apps/web/src/applications/root-record-read-contract.component.spec.ts:49:1 › Root persisted records require positive record and schema versions
[142/494] [chromium] › apps/web/src/applications/root-record-read-contract.component.spec.ts:56:1 › Root supports system timestamp sort and ignores JSON object key order
[143/494] [chromium] › apps/web/src/applications/root-record-read-contract.component.spec.ts:65:1 › Root rejects duplicate row IDs and oversized pages
[144/494] [chromium] › apps/web/src/applications/root-record-read-contract.component.spec.ts:74:1 › Root preserves description layout and canonical UUIDs without inventing version restrictions
[145/494] [chromium] › apps/web/src/applications/root-record-read-contract.component.spec.ts:81:1 › Root calendar dates reject impossible days and retain leap days
[146/494] [chromium] › apps/web/src/applications/root-record-read-contract.component.spec.ts:86:1 › Root query operators must be literal strings rather than coercible arrays
[147/494] [chromium] › apps/web/src/applications/root-record-read-contract.component.spec.ts:90:1 › Root layout span follows the declared integer range
[148/494] [chromium] › apps/web/src/applications/root-record-read-contract.component.spec.ts:97:1 › Root ordinary runtime requires a ready schema and positive policy revision
[149/494] [chromium] › apps/web/src/applications/root-record-read-contract.component.spec.ts:102:1 › Root reference labels cannot bypass an own-field read restriction
[150/494] [chromium] › apps/web/src/applications/root-record-workspace.component.spec.ts:13:1 › Root runtime record list reads ordinary endpoints then opens the exact row context
[151/494] [chromium] › apps/web/src/applications/root-record-workspace.component.spec.ts:35:1 › Root page jump retains old query and explicit refresh returns to page one without it
[152/494] [chromium] › apps/web/src/applications/root-record-workspace.component.spec.ts:52:1 › Root changed query preserves existing rows until the user explicitly refreshes
[153/494] [chromium] › apps/web/src/applications/root-record-workspace.component.spec.ts:72:1 › Root rejects a foreign-resource row instead of rendering or silently filtering it
[154/494] [chromium] › apps/web/src/applications/root-record-workspace.component.spec.ts:84:1 › Root create-only access opens the new record action without querying unreadable rows
[155/494] [chromium] › apps/web/src/applications/root-record-workspace.component.spec.ts:94:1 › Root metadata-only view changes reload runtime without discarding query context
[156/494] [chromium] › apps/web/src/applications/root-record-workspace.component.spec.ts:118:1 › Root visible record selection works and sorting clears selected rows
[157/494] [chromium] › apps/web/src/applications/root-record-workspace.component.spec.ts:127:1 › Root unconfigured schema gives an actionable configuration state without querying rows
[158/494] [chromium] › apps/web/src/applications/root-record-workspace.component.spec.ts:134:1 › Root pagination remains inside the bounded application work area
[159/494] [chromium] › apps/web/src/applications/root-scoped.component.spec.ts:16:1 › Root scoped create confirms exact receipt and canonical Location once
[160/494] [chromium] › apps/web/src/applications/root-scoped.component.spec.ts:28:2 › Root scoped create keeps original operation for extra-values
[161/494] [chromium] › apps/web/src/applications/root-scoped.component.spec.ts:28:2 › Root scoped create keeps original operation for wrong-operation
[162/494] [chromium] › apps/web/src/applications/root-scoped.component.spec.ts:28:2 › Root scoped create keeps original operation for wrong-record
[163/494] [chromium] › apps/web/src/applications/root-scoped.component.spec.ts:28:2 › Root scoped create keeps original operation for wrong-location
[164/494] [chromium] › apps/web/src/applications/root-scoped.component.spec.ts:55:1 › Root scoped PATCH sends one operation and correct record CAS
[165/494] [chromium] › apps/web/src/applications/root-scoped.component.spec.ts:66:1 › Root draft DELETE empty 204 confirms without invented response body
[166/494] [chromium] › apps/web/src/applications/root-scoped.component.spec.ts:80:1 › Root unknown DELETE recovers minimum receipt without a second delete
[167/494] [chromium] › apps/web/src/applications.component.spec.ts:35:1 › V030-012 Home opens the real application catalogue
[168/494] [chromium] › apps/web/src/applications.component.spec.ts:45:1 › V030-012 catalogue reads B5 without parameters and filters its authorized result
[169/494] [chromium] › apps/web/src/applications.component.spec.ts:63:1 › V030-012 catalog trailing slash survives direct entry and refresh
[170/494] [chromium] › apps/web/src/applications.component.spec.ts:73:1 › V030-012 live create capability opens a name-only real create flow
[171/494] [chromium] › apps/web/src/applications.component.spec.ts:84:1 › V030-012 opening an application rechecks access and presents its actual empty workspace
[172/494] [chromium] › apps/web/src/applications.component.spec.ts:104:1 › V030-012 slow create preflight locks its name, ignores repeat clicks, and retains the matching unknown packet
[173/494] [chromium] › apps/web/src/applications.component.spec.ts:141:1 › V030-012 preflight 401 keeps the unsent name without a write or unknown operation
[174/494] [chromium] › apps/web/src/applications.component.spec.ts:176:1 › V030-012 preflight actor mismatch masks the Shell before any create POST
[175/494] [chromium] › apps/web/src/applications.component.spec.ts:201:1 › V030-012 discarding a gated unsent create through Back prevents its later POST and success
[176/494] [chromium] › apps/web/src/applications.component.spec.ts:237:1 › V030-012 create waits for server acknowledgement and sends only the frozen DTO
[177/494] [chromium] › apps/web/src/applications.component.spec.ts:261:1 › V030-012 unconfirmed create recovers its original operation and never treats 404 as rollback
[178/494] [chromium] › apps/web/src/applications.component.spec.ts:290:1 › V030-012 retry after lost response preserves the operation key and exact payload
[179/494] [chromium] › apps/web/src/applications.component.spec.ts:319:2 › V030-012 non-confirming create reply retains the original operation: 201 empty JSON
[180/494] [chromium] › apps/web/src/applications.component.spec.ts:319:2 › V030-012 non-confirming create reply retains the original operation: 201 JSON null
[181/494] [chromium] › apps/web/src/applications.component.spec.ts:319:2 › V030-012 non-confirming create reply retains the original operation: 201 error envelope
[182/494] [chromium] › apps/web/src/applications.component.spec.ts:319:2 › V030-012 non-confirming create reply retains the original operation: 201 missing data
[183/494] [chromium] › apps/web/src/applications.component.spec.ts:319:2 › V030-012 non-confirming create reply retains the original operation: 201 malformed application
[184/494] [chromium] › apps/web/src/applications.component.spec.ts:319:2 › V030-012 non-confirming create reply retains the original operation: 201 wrong owner
[185/494] [chromium] › apps/web/src/applications.component.spec.ts:319:2 › V030-012 non-confirming create reply retains the original operation: 201 invalid application UUID
[186/494] [chromium] › apps/web/src/applications.component.spec.ts:319:2 › V030-012 non-confirming create reply retains the original operation: 201 wrong initial revision
[187/494] [chromium] › apps/web/src/applications.component.spec.ts:319:2 › V030-012 non-confirming create reply retains the original operation: 200 valid application body
[188/494] [chromium] › apps/web/src/applications.component.spec.ts:337:1 › V030-012 A unknown create cannot retry under B after another tab switches the shared session
[189/494] [chromium] › apps/web/src/applications.component.spec.ts:383:1 › V030-012 stale A shell blocks a new create when another tab is now B
[190/494] [chromium] › apps/web/src/applications.component.spec.ts:410:1 › V030-012 switching from a masked A view keeps recovery in the SPA auth flow
[191/494] [chromium] › apps/web/src/applications.component.spec.ts:434:1 › V030-012 a mismatched me/access actor never renders the old application Shell
[192/494] [chromium] › apps/web/src/applications.component.spec.ts:450:1 › V030-012 operation 401 keeps A draft and original key across SPA reauthentication
[193/494] [chromium] › apps/web/src/applications.component.spec.ts:485:1 › V030-012 B login cannot see or replay A draft and unknown operation
[194/494] [chromium] › apps/web/src/applications.component.spec.ts:521:1 › V030-012 late catalog 401 keeps an unsent name for the same actor after login
[195/494] [chromium] › apps/web/src/applications.component.spec.ts:545:1 › V030-012 a pending POST interrupted by forced login resumes as unknown under the same actor
[196/494] [chromium] › apps/web/src/applications.component.spec.ts:589:1 › V030-012 every application-domain read, write and operation query binds the viewed actor
[197/494] [chromium] › apps/web/src/applications.component.spec.ts:614:1 › V030-012 server denial is visible and never produces a success message
[198/494] [chromium] › apps/web/src/applications.component.spec.ts:626:1 › V030-012 dirty create cancel and Escape retain the name until explicit discard
[199/494] [chromium] › apps/web/src/applications.component.spec.ts:640:1 › V030-012 Home and application navigation retain one Shell and reauthorize repeated opens
[200/494] [chromium] › apps/web/src/applications.component.spec.ts:662:1 › V030-012 leaving a dirty create restores its route on cancel and closes it on discard
[201/494] [chromium] › apps/web/src/applications.component.spec.ts:680:1 › V030-012 an operation query denial is visible while the original outcome remains unconfirmed
[202/494] [chromium] › apps/web/src/applications.component.spec.ts:692:1 › V030-012 denial on same-key retry cannot erase an earlier unknown outcome
[203/494] [chromium] › apps/web/src/applications.component.spec.ts:711:1 › V030-012 confirmed create notice stays in the catalogue after opening the workspace
[204/494] [chromium] › apps/web/src/applications.component.spec.ts:728:1 › V030-012 original Home keeps the 56/176 shell and native sidebar item geometry
  1) [chromium] › apps/web/src/applications.component.spec.ts:728:1 › V030-012 original Home keeps the 56/176 shell and native sidebar item geometry 

    Test timeout of 30000ms exceeded.

    Error: locator.boundingBox: Test timeout of 30000ms exceeded.
    Call log:
      - waiting for locator('.app-global-header')


      731 |  await page.goto('/app');
      732 |  await expect(page.getByText('WaveOS', { exact: true })).toBeVisible();
    > 733 |  const rect = async (selector: string) => page.locator(selector).boundingBox();
          |                                                                  ^
      734 |  expect(await rect('.app-global-header')).toMatchObject({ x: 0, y: 0, height: 56 });
      735 |  expect(await rect('.app-sidebar')).toMatchObject({ x: 0, y: 56, width: 176 });
      736 |  expect(await rect('.app-sidebar .sidebar-caption')).toMatchObject({ x: 16, y: 80 });
        at rect (/workspace/WeaveOS-worktrees/V030-021/apps/web/src/applications.component.spec.ts:733:66)
        at /workspace/WeaveOS-worktrees/V030-021/apps/web/src/applications.component.spec.ts:734:15

    Error Context: apps/web/test-results/applications.component-V03-b04b4-ative-sidebar-item-geometry-chromium/error-context.md


(node:6451) Warning: The 'NO_COLOR' env is ignored due to the 'FORCE_COLOR' env being set.
(Use `node --trace-warnings ...` to show where the warning was created)


[205/494] [chromium] › apps/web/src/applications.form-shell.component.spec.ts:41:1 › V030-012 Shell opens the real structure and form view under one app tab
[206/494] [chromium] › apps/web/src/applications.form-shell.component.spec.ts:53:1 › V030-012 external Back discard removes a structure draft before returning
[207/494] [chromium] › apps/web/src/applications.form-shell.component.spec.ts:72:1 › V030-012 external Back discard removes a designer draft before returning
[208/494] [chromium] › apps/web/src/applications.form-shell.component.spec.ts:88:1 › V030-012 closing the current app tab waits for form discard and clears only the unsent draft
[209/494] [chromium] › apps/web/src/applications.form-shell.component.spec.ts:111:1 › V030-012 closing the current app tab retains a sent unknown form operation
[210/494] [chromium] › apps/web/src/applications.form-shell.component.spec.ts:140:1 › V030-012 Shell cancels a slow unsent form preflight before route leave
[211/494] [chromium] › apps/web/src/applications.form-shell.component.spec.ts:170:1 › V030-012 Shell re-confirms a changed preflight outcome and retains the original unknown write
[212/494] [chromium] › apps/web/src/applications.form-shell.component.spec.ts:205:1 › V030-012 forced form 401 routes to login and restores only the same actor draft
[213/494] [chromium] › apps/web/src/applications.form-shell.component.spec.ts:237:2 › Root R26 nested long form actions stay inside the tree and remain clickable at 1280
[214/494] [chromium] › apps/web/src/applications.form-shell.component.spec.ts:237:2 › Root R26 nested long form actions stay inside the tree and remain clickable at 1920
[215/494] [chromium] › apps/web/src/applications.form-shell.component.spec.ts:270:1 › Root R26 money configuration exposes a unique rounding control and preserves its selected rule
[216/494] [chromium] › apps/web/src/applications.permissions.component.spec.ts:61:1 › V030-012 owner manages a real group with three independent server saves
[217/494] [chromium] › apps/web/src/applications.permissions.component.spec.ts:85:1 › V030-012 a non-owner has no group-management entrance
[218/494] [chromium] › apps/web/src/applications.permissions.component.spec.ts:94:1 › V030-012 canceling a dirty current-tab close keeps the tab and its permission draft
[219/494] [chromium] › apps/web/src/applications.permissions.component.spec.ts:109:1 › V030-012 a confirmed group write with failed reread stays confirmed and blocks another save
[220/494] [chromium] › apps/web/src/applications.permissions.component.spec.ts:131:1 › V030-012 creates an enabled group with the real POST and rereads it
[221/494] [chromium] › apps/web/src/applications.permissions.component.spec.ts:145:1 › V030-012 group names count Unicode characters and reject a 101-character write
[222/494] [chromium] › apps/web/src/applications.permissions.component.spec.ts:161:1 › V030-012 permission management remains keyboard reachable with reduced motion
[223/494] [chromium] › apps/web/src/applications.permissions.component.spec.ts:180:1 › V030-012 an existing disabled member remains visible and can be explicitly removed
[224/494] [chromium] › apps/web/src/applications.permissions.component.spec.ts:193:1 › V030-012 permission-group loading and failed read have visible retry states
[225/494] [chromium] › apps/web/src/applications.permissions.component.spec.ts:216:1 › V030-012 member-candidate empty and failure states remain retryable
[226/494] [chromium] › apps/web/src/applications.permissions.component.spec.ts:238:1 › V030-012 preserves an unsupported grant by making the menu read-only
[227/494] [chromium] › apps/web/src/applications.permissions.component.spec.ts:252:1 › V030-012 selected members survive cursor paging and a dirty menu requires review after member save
[228/494] [chromium] › apps/web/src/applications.permissions.component.spec.ts:279:1 › V030-012 CAS review lets two dirty sections save in sequence only after explicit retry
[229/494] [chromium] › apps/web/src/applications.permissions.component.spec.ts:298:1 › V030-012 CAS review keeps a same-section draft after another actor changes its server baseline
[230/494] [chromium] › apps/web/src/applications.permissions.component.spec.ts:320:1 › V030-012 CAS review discards only the selected section and retains a dirty peer
[231/494] [chromium] › apps/web/src/applications.permissions.component.spec.ts:337:1 › V030-012 CAS review handles a second definite conflict without losing input or reusing a key
[232/494] [chromium] › apps/web/src/applications.permissions.component.spec.ts:357:1 › V030-012 CAS review rejects a split policy snapshot before any grant write
[233/494] [chromium] › apps/web/src/applications.permissions.component.spec.ts:388:1 › V030-012 CAS review rejects a stale group item against its list revision
[234/494] [chromium] › apps/web/src/applications.permissions.component.spec.ts:415:1 › V030-012 Back discard cancels a gated group preflight before PUT
[235/494] [chromium] › apps/web/src/applications.permissions.component.spec.ts:439:1 › V030-012 an unconfirmed group PUT keeps its original actor, body, key and editable scope
[236/494] [chromium] › apps/web/src/applications.permissions.component.spec.ts:483:1 › V030-012 group preflight 401 preserves the unsent scoped draft for the same actor
[237/494] [chromium] › apps/web/src/applications.states.component.spec.ts:19:1 › V030-012 catalog error, loading, retry and empty states remain honest
[238/494] [chromium] › apps/web/src/applications.states.component.spec.ts:40:1 › V030-012 stale app access is denied and a fresh retry reauthorizes it
[239/494] [chromium] › apps/web/src/applications.states.component.spec.ts:54:1 › V030-012 catalog 401 sends the user to login
[240/494] [chromium] › apps/web/src/applications.states.component.spec.ts:62:1 › V030-012 unknown create and dirty-close states show the retained operation
[241/494] [chromium] › apps/web/src/auth.component.spec.ts:5:1 › Q29 login error card and registration retain the current Figma dimensions
[242/494] [chromium] › apps/web/src/auth.component.spec.ts:14:1 › approved account dictionary: 254 Unicode characters can be entered and submitted
[243/494] [chromium] › apps/web/src/auth.component.spec.ts:26:1 › approved account dictionary: non-breaking edge spaces are preserved
[244/494] [chromium] › apps/web/src/auth.component.spec.ts:35:1 › Figma brand text keeps its #102044 color above the glow on mobile
[245/494] [chromium] › apps/web/src/auth.component.spec.ts:58:1 › PRD UX: login loading prevents a second submission and restores after failure
[246/494] [chromium] › apps/web/src/auth.component.spec.ts:80:1 › PRD FR-017: successful registration returns to login without restoring a Session
[247/494] [chromium] › apps/web/src/auth.component.spec.ts:93:1 › Q7: logout sends the frontend-readable host CSRF cookie in the header
[WebServer] 5:36:53 PM [vite] http proxy error: /api/v1/applications
[WebServer] Error: connect ECONNREFUSED 127.0.0.1:8080
[WebServer]     at TCPConnectWrap.afterConnect [as oncomplete] (node:net:1864:16)

[WebServer] 5:36:53 PM [vite] http proxy error: /api/v1/applications
[WebServer] Error: connect ECONNREFUSED 127.0.0.1:8080
[WebServer]     at TCPConnectWrap.afterConnect [as oncomplete] (node:net:1864:16)

[248/494] [chromium] › apps/web/src/auth.component.spec.ts:116:1 › Q12: future login controls stay visible and disabled
[249/494] [chromium] › apps/web/src/auth.component.spec.ts:129:1 › WaveOS Figma 13:2 login shell uses the new brand and card geometry
[250/494] [chromium] › apps/web/src/auth.component.spec.ts:144:1 › WaveOS Figma 40:2 register has four large fields and the invitation
[251/494] [chromium] › apps/web/src/auth.component.spec.ts:160:1 › FR-001/011: login is accessible and offers no self-service recovery
[252/494] [chromium] › apps/web/src/auth.component.spec.ts:168:1 › PRD interaction: password visibility can be toggled
[253/494] [chromium] › apps/web/src/auth.component.spec.ts:177:1 › FR-004: invitation URL fills the registration field
[254/494] [chromium] › apps/web/src/auth.component.spec.ts:182:1 › FR-002: registration rejects an account containing spaces before submission
[255/494] [chromium] › apps/web/src/auth.component.spec.ts:197:1 › FR-018: four required character classes suffice without a length hint
[256/494] [chromium] › apps/web/src/auth.component.spec.ts:203:1 › FR-018: registration exposes accessible password-strength feedback
[257/494] [chromium] › apps/web/src/auth.component.spec.ts:208:1 › FR-007: an anonymous browser cannot enter the protected app
[258/494] [chromium] › apps/web/src/auth.component.spec.ts:213:1 › API-14: a current-session service failure is shown as a system error
[259/494] [chromium] › apps/web/src/auth.component.spec.ts:219:1 › FR-001 UX: login reports a network failure in plain language
[260/494] [chromium] › apps/web/src/auth.component.spec.ts:228:1 › FR-001: wrong credentials show an error and remain unauthenticated
[261/494] [chromium] › apps/web/src/auth.component.spec.ts:242:1 › PRD login rule: an empty password is rejected before submission
[262/494] [chromium] › apps/web/src/filter-manager.component.spec.ts:42:1 › approved empty manager opens at viewport center with explicit new action
[263/494] [chromium] › apps/web/src/filter-manager.component.spec.ts:46:1 › save finite OR of AND blocks and typed comparison without applying
[264/494] [chromium] › apps/web/src/filter-manager.component.spec.ts:54:1 › visibility-only save has independent searches and keeps at least one business field
[265/494] [chromium] › apps/web/src/filter-manager.component.spec.ts:61:1 › apply latest resource resets page selection while preserving search quick filters and queryVersion
[266/494] [chromium] › apps/web/src/filter-manager.component.spec.ts:67:1 › editing applied preset saves new version but preserves applied snapshot until explicit apply
[267/494] [chromium] › apps/web/src/filter-manager.component.spec.ts:71:1 › switch A to B then cancel restores original visibility and does not restore A baseline
[268/494] [chromium] › apps/web/src/filter-manager.component.spec.ts:75:1 › delete active requires confirmation then clears filter and restores columns
[269/494] [chromium] › apps/web/src/filter-manager.component.spec.ts:78:115 › PERSONNEL_PRESET_NAME_CONFLICT preserves editor input with specific recovery
[270/494] [chromium] › apps/web/src/filter-manager.component.spec.ts:78:115 › PERSONNEL_PRESET_LIMIT_REACHED preserves editor input with specific recovery
[271/494] [chromium] › apps/web/src/filter-manager.component.spec.ts:78:115 › PERSONNEL_PRESET_CONFLICT preserves editor input with specific recovery
[272/494] [chromium] › apps/web/src/filter-manager.component.spec.ts:81:75 › failed COMMON_QUERY_CHANGED apply cannot change active filter visibility or refresh automatically
[273/494] [chromium] › apps/web/src/filter-manager.component.spec.ts:81:75 › failed COMMON_QUERY_CONTEXT_EXPIRED apply cannot change active filter visibility or refresh automatically
[274/494] [chromium] › apps/web/src/filter-manager.component.spec.ts:84:1 › reopening and reloading do not autoapply persisted presets
[275/494] [chromium] › apps/web/src/filter-manager.component.spec.ts:87:1 › invalid empty intermediate row stays editable and cannot be saved
[276/494] [chromium] › apps/web/src/filter-manager.component.spec.ts:90:1 › narrow centered editor scrolls body with fixed footer and keyboard move controls
[277/494] [chromium] › apps/web/src/filter-manager.component.spec.ts:94:1 › open close reopen last intent survives transition and reduced motion remains operable
[278/494] [chromium] › apps/web/src/filter-manager.component.spec.ts:97:1 › single Arca Table hides by stable ID and preserves hidden width/order through visible resize
[279/494] [chromium] › apps/web/src/filter-manager.component.spec.ts:105:1 › frozen text empty string stays a typed value and is distinct from zero conditions
[280/494] [chromium] › apps/web/src/filter-manager.component.spec.ts:108:1 › successful active delete and later query failure are reported separately with old snapshot retained
[281/494] [chromium] › apps/web/src/filter-manager.component.spec.ts:113:1 › unsupported runtime tree cannot be silently flattened by edit or applied as a full query
[282/494] [chromium] › apps/web/src/filter-manager.component.spec.ts:116:1 › visibility-only applies without a query and deletion of nonactive does not change the snapshot
[283/494] [chromium] › apps/web/src/filter-manager.component.spec.ts:119:1 › unsaved editor Escape preserves input until explicit discard and footer cancel returns to manager
[284/494] [chromium] › apps/web/src/filter-manager.component.spec.ts:122:1 › deleted reference and unknown fields fail apply before any search request
[285/494] [chromium] › apps/web/src/filter-manager.component.spec.ts:125:1 › narrow typed condition retains a readable field name beside NULL controls
[286/494] [chromium] › apps/web/src/password-ascii.component.spec.ts:4:1 › Q13: space is printable but does not satisfy the special class
[287/494] [chromium] › apps/web/src/password-ascii.component.spec.ts:10:1 › Q13: registration rejects Unicode despite having all four ASCII classes
[288/494] [chromium] › apps/web/src/password-ascii.component.spec.ts:25:1 › Q13: printable spaces are preserved when four classes are present
[289/494] [chromium] › apps/web/src/personnel-arca-focus.component.spec.ts:6:1 › Q35 original column focus excludes the workspace outline while retaining outer focus
[290/494] [chromium] › apps/web/src/personnel-arca-keyboard.component.spec.ts:6:1 › Q35 sort menu supports direction keys, visible focus and Escape return
[291/494] [chromium] › apps/web/src/personnel-arca-keyboard.component.spec.ts:42:1 › Q35 original base foreground and smoothing are scoped to the table
  2) [chromium] › apps/web/src/personnel-arca-keyboard.component.spec.ts:42:1 › Q35 original base foreground and smoothing are scoped to the table 

    Error: expect(locator).toHaveCSS(expected) failed

    Locator:  locator('.personnel-page-heading')
    Expected: "rgb(16, 32, 68)"
    Received: "rgb(37, 37, 37)"
    Timeout:  5000ms

    Call log:
      - Expect "toHaveCSS" locator('.personnel-page-heading') with timeout 5000ms
      - waiting for locator('.personnel-page-heading')
        14 × locator resolved to <div class="personnel-page-heading">…</div>
           - unexpected value "rgb(37, 37, 37)"


      56 |     expect(await table.evaluate(n => getComputedStyle(n).getPropertyValue('-webkit-font-smoothing'))).toBe('antialiased');
      57 |   }
    > 58 |   await expect(page.locator('.personnel-page-heading')).toHaveCSS('color', 'rgb(16, 32, 68)');
         |                                                         ^
      59 | });
      60 |
        at /workspace/WeaveOS-worktrees/V030-021/apps/web/src/personnel-arca-keyboard.component.spec.ts:58:57

    Error Context: apps/web/test-results/personnel-arca-keyboard.co-9cd3b-ing-are-scoped-to-the-table-chromium/error-context.md


(node:7880) Warning: The 'NO_COLOR' env is ignored due to the 'FORCE_COLOR' env being set.
(Use `node --trace-warnings ...` to show where the warning was created)


[292/494] [chromium] › apps/web/src/personnel-arca-theme.component.spec.ts:6:1 › Q35 original dark variant leaves the light pager unchanged without a dark class
[293/494] [chromium] › apps/web/src/personnel-arca.component.spec.ts:25:1 › Q35 identity and template share the card list and retain dirty edit protection
[294/494] [chromium] › apps/web/src/personnel-arca.component.spec.ts:45:66 › Q35 成员与部门 0 real rows fill the body with inert blank grid rows
[295/494] [chromium] › apps/web/src/personnel-arca.component.spec.ts:45:66 › Q35 成员与部门 1 real rows fill the body with inert blank grid rows
[296/494] [chromium] › apps/web/src/personnel-arca.component.spec.ts:45:66 › Q35 操作记录 0 real rows fill the body with inert blank grid rows
[297/494] [chromium] › apps/web/src/personnel-arca.component.spec.ts:45:66 › Q35 操作记录 1 real rows fill the body with inert blank grid rows
[298/494] [chromium] › apps/web/src/personnel-arca.component.spec.ts:69:1 › Q35 full original pager and page size control are present
[299/494] [chromium] › apps/web/src/personnel-arca.component.spec.ts:78:1 › Q35 original resize and reorder handles are enabled
[300/494] [chromium] › apps/web/src/personnel-arca.component.spec.ts:85:1 › Q35 official animated checkbox and full pager use real server page sizes without double slicing
[301/494] [chromium] › apps/web/src/personnel-arca.component.spec.ts:107:1 › Q36 typed member headers preserve received order, resize and reorder without business writes
[302/494] [chromium] › apps/web/src/personnel-arca.component.spec.ts:126:1 › Q35 page size retains arrow, Home and Enter keyboard operation
[303/494] [chromium] › apps/web/src/personnel-arca.component.spec.ts:138:1 › Q36 shrinking full result blocks pagination until explicit refresh instead of silently clamping
[304/494] [chromium] › apps/web/src/personnel-arca.component.spec.ts:163:1 › Q35 narrow viewport keeps the original pager controls fully reachable
[305/494] [chromium] › apps/web/src/personnel-arca.component.spec.ts:177:1 › Q35 source font uses Geist with the existing Chinese fallback inside its scope
[306/494] [chromium] › apps/web/src/personnel-arca.component.spec.ts:185:1 › Q35 sorting menu stays open during its own scrolling and closes on table scrolling
[307/494] [chromium] › apps/web/src/personnel-table.component.spec.ts:20:1 › Q35 identity pagination remains accessible in the shared definition list
[308/494] [chromium] › apps/web/src/personnel-table.component.spec.ts:33:1 › Q34 member status retains its meaning with the confirmed body typography
[309/494] [chromium] › apps/web/src/personnel.component.spec.ts:27:89 › Q34 Arca table geometry and readable rows on 成员与部门
[310/494] [chromium] › apps/web/src/personnel.component.spec.ts:27:89 › Q34 Arca table geometry and readable rows on 操作记录
[311/494] [chromium] › apps/web/src/personnel.component.spec.ts:46:1 › Q34 page selection exposes mixed state without writing and shows selected rows
[312/494] [chromium] › apps/web/src/personnel.component.spec.ts:56:1 › Q35 identity cards preserve edit entry, shared fields and unsaved switch protection
[313/494] [chromium] › apps/web/src/personnel.component.spec.ts:67:31 › Q34 dense table keeps sticky header and both scroll axes at 1920
[314/494] [chromium] › apps/web/src/personnel.component.spec.ts:67:31 › Q34 dense table keeps sticky header and both scroll axes at 320
[315/494] [chromium] › apps/web/src/personnel.component.spec.ts:81:1 › Q35 identity empty list and reduced motion preserve accessible states
[WebServer] 5:39:21 PM [vite] (client) [console.warn] You have Reduced Motion enabled on your device. Animations may not appear as expected.. For more information and steps for solving, visit https://motion.dev/troubleshooting/reduced-motion-disabled

[316/494] [chromium] › apps/web/src/personnel.component.spec.ts:87:1 › Q34 keyboard focus ring stays visible inside truncated table cells
[317/494] [chromium] › apps/web/src/personnel.component.spec.ts:96:1 › Q34 reverse keyboard navigation keeps row actions below the sticky header
[318/494] [chromium] › apps/web/src/personnel.component.spec.ts:106:44 › Q33 sidebar stays expanded with no collapse control at 2504
  3) [chromium] › apps/web/src/personnel.component.spec.ts:106:44 › Q33 sidebar stays expanded with no collapse control at 2504 

    Error: expect(locator).toHaveCSS(expected) failed

    Locator: locator('.admin-sidebar')
    Expected: "176px"
    Timeout: 5000ms
    Error: element(s) not found

    Call log:
      - Expect "soft toHaveCSS" locator('.admin-sidebar') with timeout 5000ms
      - waiting for locator('.admin-sidebar')


      107 |  await page.setViewportSize({width,height:844});await admin(page);
      108 |  await expect.soft(page.getByRole('button',{name:/收起侧栏|展开侧栏/})).toHaveCount(0);
    > 109 |  await expect.soft(page.locator('.admin-sidebar')).toHaveCSS('width','176px');
          |                                                    ^
      110 |  await expect.soft(page.locator('.admin-header')).toHaveCSS('height','56px');
      111 |  await expect.soft(page.locator('.personnel-nav-label')).toBeVisible();await expect.soft(page.locator('.personnel-nav-label')).toHaveCSS('opacity','1');
      112 |  await expect.soft(page.locator('.sidebar-caption').first()).toBeVisible();
        at /workspace/WeaveOS-worktrees/V030-021/apps/web/src/personnel.component.spec.ts:109:52

    Error: expect(locator).toHaveCSS(expected) failed

    Locator: locator('.admin-header')
    Expected: "56px"
    Timeout: 5000ms
    Error: element(s) not found

    Call log:
      - Expect "soft toHaveCSS" locator('.admin-header') with timeout 5000ms
      - waiting for locator('.admin-header')


      108 |  await expect.soft(page.getByRole('button',{name:/收起侧栏|展开侧栏/})).toHaveCount(0);
      109 |  await expect.soft(page.locator('.admin-sidebar')).toHaveCSS('width','176px');
    > 110 |  await expect.soft(page.locator('.admin-header')).toHaveCSS('height','56px');
          |                                                   ^
      111 |  await expect.soft(page.locator('.personnel-nav-label')).toBeVisible();await expect.soft(page.locator('.personnel-nav-label')).toHaveCSS('opacity','1');
      112 |  await expect.soft(page.locator('.sidebar-caption').first()).toBeVisible();
      113 |  const menu=(await page.getByRole('button',{name:'人员管理',exact:true}).boundingBox())!;
        at /workspace/WeaveOS-worktrees/V030-021/apps/web/src/personnel.component.spec.ts:110:51

    Error: expect(locator).toBeVisible() failed

    Locator: locator('.personnel-nav-label')
    Expected: visible
    Timeout: 5000ms
    Error: element(s) not found

    Call log:
      - Expect "soft toBeVisible" locator('.personnel-nav-label') with timeout 5000ms
      - waiting for locator('.personnel-nav-label')


      109 |  await expect.soft(page.locator('.admin-sidebar')).toHaveCSS('width','176px');
      110 |  await expect.soft(page.locator('.admin-header')).toHaveCSS('height','56px');
    > 111 |  await expect.soft(page.locator('.personnel-nav-label')).toBeVisible();await expect.soft(page.locator('.personnel-nav-label')).toHaveCSS('opacity','1');
          |                                                          ^
      112 |  await expect.soft(page.locator('.sidebar-caption').first()).toBeVisible();
      113 |  const menu=(await page.getByRole('button',{name:'人员管理',exact:true}).boundingBox())!;
      114 |  expect.soft({x:menu.x,y:menu.y,width:menu.width,height:menu.height}).toEqual({x:16,y:116,width:144,height:48});
        at /workspace/WeaveOS-worktrees/V030-021/apps/web/src/personnel.component.spec.ts:111:58

    Error: expect(locator).toHaveCSS(expected) failed

    Locator: locator('.personnel-nav-label')
    Expected: "1"
    Timeout: 5000ms
    Error: element(s) not found

    Call log:
      - Expect "soft toHaveCSS" locator('.personnel-nav-label') with timeout 5000ms
      - waiting for locator('.personnel-nav-label')


      109 |  await expect.soft(page.locator('.admin-sidebar')).toHaveCSS('width','176px');
      110 |  await expect.soft(page.locator('.admin-header')).toHaveCSS('height','56px');
    > 111 |  await expect.soft(page.locator('.personnel-nav-label')).toBeVisible();await expect.soft(page.locator('.personnel-nav-label')).toHaveCSS('opacity','1');
          |                                                                                                                                ^
      112 |  await expect.soft(page.locator('.sidebar-caption').first()).toBeVisible();
      113 |  const menu=(await page.getByRole('button',{name:'人员管理',exact:true}).boundingBox())!;
      114 |  expect.soft({x:menu.x,y:menu.y,width:menu.width,height:menu.height}).toEqual({x:16,y:116,width:144,height:48});
        at /workspace/WeaveOS-worktrees/V030-021/apps/web/src/personnel.component.spec.ts:111:128

    Error: expect(locator).toBeVisible() failed

    Locator: locator('.sidebar-caption').first()
    Expected: visible
    Timeout: 5000ms
    Error: element(s) not found

    Call log:
      - Expect "soft toBeVisible" locator('.sidebar-caption').first() with timeout 5000ms
      - waiting for locator('.sidebar-caption').first()


      110 |  await expect.soft(page.locator('.admin-header')).toHaveCSS('height','56px');
      111 |  await expect.soft(page.locator('.personnel-nav-label')).toBeVisible();await expect.soft(page.locator('.personnel-nav-label')).toHaveCSS('opacity','1');
    > 112 |  await expect.soft(page.locator('.sidebar-caption').first()).toBeVisible();
          |                                                              ^
      113 |  const menu=(await page.getByRole('button',{name:'人员管理',exact:true}).boundingBox())!;
      114 |  expect.soft({x:menu.x,y:menu.y,width:menu.width,height:menu.height}).toEqual({x:16,y:116,width:144,height:48});
      115 |  expect.soft(await page.evaluate(()=>document.documentElement.scrollWidth<=innerWidth)).toBe(true);
        at /workspace/WeaveOS-worktrees/V030-021/apps/web/src/personnel.component.spec.ts:112:62

    Error: expect(received).toEqual(expected) // deep equality

    - Expected  - 4
    + Received  + 4

      Object {
    -   "height": 48,
    -   "width": 144,
    -   "x": 16,
    -   "y": 116,
    +   "height": 40,
    +   "width": 158,
    +   "x": 94,
    +   "y": 271,
      }

      112 |  await expect.soft(page.locator('.sidebar-caption').first()).toBeVisible();
      113 |  const menu=(await page.getByRole('button',{name:'人员管理',exact:true}).boundingBox())!;
    > 114 |  expect.soft({x:menu.x,y:menu.y,width:menu.width,height:menu.height}).toEqual({x:16,y:116,width:144,height:48});
          |                                                                       ^
      115 |  expect.soft(await page.evaluate(()=>document.documentElement.scrollWidth<=innerWidth)).toBe(true);
      116 | });
      117 |
        at /workspace/WeaveOS-worktrees/V030-021/apps/web/src/personnel.component.spec.ts:114:71

    Error Context: apps/web/test-results/personnel.component-Q33-si-04794-no-collapse-control-at-2504-chromium/error-context.md


(node:8465) Warning: The 'NO_COLOR' env is ignored due to the 'FORCE_COLOR' env being set.
(Use `node --trace-warnings ...` to show where the warning was created)


[319/494] [chromium] › apps/web/src/personnel.component.spec.ts:106:44 › Q33 sidebar stays expanded with no collapse control at 1920
  4) [chromium] › apps/web/src/personnel.component.spec.ts:106:44 › Q33 sidebar stays expanded with no collapse control at 1920 

    Error: expect(locator).toHaveCSS(expected) failed

    Locator: locator('.admin-sidebar')
    Expected: "176px"
    Timeout: 5000ms
    Error: element(s) not found

    Call log:
      - Expect "soft toHaveCSS" locator('.admin-sidebar') with timeout 5000ms
      - waiting for locator('.admin-sidebar')


      107 |  await page.setViewportSize({width,height:844});await admin(page);
      108 |  await expect.soft(page.getByRole('button',{name:/收起侧栏|展开侧栏/})).toHaveCount(0);
    > 109 |  await expect.soft(page.locator('.admin-sidebar')).toHaveCSS('width','176px');
          |                                                    ^
      110 |  await expect.soft(page.locator('.admin-header')).toHaveCSS('height','56px');
      111 |  await expect.soft(page.locator('.personnel-nav-label')).toBeVisible();await expect.soft(page.locator('.personnel-nav-label')).toHaveCSS('opacity','1');
      112 |  await expect.soft(page.locator('.sidebar-caption').first()).toBeVisible();
        at /workspace/WeaveOS-worktrees/V030-021/apps/web/src/personnel.component.spec.ts:109:52

    Error: expect(locator).toHaveCSS(expected) failed

    Locator: locator('.admin-header')
    Expected: "56px"
    Timeout: 5000ms
    Error: element(s) not found

    Call log:
      - Expect "soft toHaveCSS" locator('.admin-header') with timeout 5000ms
      - waiting for locator('.admin-header')


      108 |  await expect.soft(page.getByRole('button',{name:/收起侧栏|展开侧栏/})).toHaveCount(0);
      109 |  await expect.soft(page.locator('.admin-sidebar')).toHaveCSS('width','176px');
    > 110 |  await expect.soft(page.locator('.admin-header')).toHaveCSS('height','56px');
          |                                                   ^
      111 |  await expect.soft(page.locator('.personnel-nav-label')).toBeVisible();await expect.soft(page.locator('.personnel-nav-label')).toHaveCSS('opacity','1');
      112 |  await expect.soft(page.locator('.sidebar-caption').first()).toBeVisible();
      113 |  const menu=(await page.getByRole('button',{name:'人员管理',exact:true}).boundingBox())!;
        at /workspace/WeaveOS-worktrees/V030-021/apps/web/src/personnel.component.spec.ts:110:51

    Error: expect(locator).toBeVisible() failed

    Locator: locator('.personnel-nav-label')
    Expected: visible
    Timeout: 5000ms
    Error: element(s) not found

    Call log:
      - Expect "soft toBeVisible" locator('.personnel-nav-label') with timeout 5000ms
      - waiting for locator('.personnel-nav-label')


      109 |  await expect.soft(page.locator('.admin-sidebar')).toHaveCSS('width','176px');
      110 |  await expect.soft(page.locator('.admin-header')).toHaveCSS('height','56px');
    > 111 |  await expect.soft(page.locator('.personnel-nav-label')).toBeVisible();await expect.soft(page.locator('.personnel-nav-label')).toHaveCSS('opacity','1');
          |                                                          ^
      112 |  await expect.soft(page.locator('.sidebar-caption').first()).toBeVisible();
      113 |  const menu=(await page.getByRole('button',{name:'人员管理',exact:true}).boundingBox())!;
      114 |  expect.soft({x:menu.x,y:menu.y,width:menu.width,height:menu.height}).toEqual({x:16,y:116,width:144,height:48});
        at /workspace/WeaveOS-worktrees/V030-021/apps/web/src/personnel.component.spec.ts:111:58

    Error: expect(locator).toHaveCSS(expected) failed

    Locator: locator('.personnel-nav-label')
    Expected: "1"
    Timeout: 5000ms
    Error: element(s) not found

    Call log:
      - Expect "soft toHaveCSS" locator('.personnel-nav-label') with timeout 5000ms
      - waiting for locator('.personnel-nav-label')


      109 |  await expect.soft(page.locator('.admin-sidebar')).toHaveCSS('width','176px');
      110 |  await expect.soft(page.locator('.admin-header')).toHaveCSS('height','56px');
    > 111 |  await expect.soft(page.locator('.personnel-nav-label')).toBeVisible();await expect.soft(page.locator('.personnel-nav-label')).toHaveCSS('opacity','1');
          |                                                                                                                                ^
      112 |  await expect.soft(page.locator('.sidebar-caption').first()).toBeVisible();
      113 |  const menu=(await page.getByRole('button',{name:'人员管理',exact:true}).boundingBox())!;
      114 |  expect.soft({x:menu.x,y:menu.y,width:menu.width,height:menu.height}).toEqual({x:16,y:116,width:144,height:48});
        at /workspace/WeaveOS-worktrees/V030-021/apps/web/src/personnel.component.spec.ts:111:128

    Error: expect(locator).toBeVisible() failed

    Locator: locator('.sidebar-caption').first()
    Expected: visible
    Timeout: 5000ms
    Error: element(s) not found

    Call log:
      - Expect "soft toBeVisible" locator('.sidebar-caption').first() with timeout 5000ms
      - waiting for locator('.sidebar-caption').first()


      110 |  await expect.soft(page.locator('.admin-header')).toHaveCSS('height','56px');
      111 |  await expect.soft(page.locator('.personnel-nav-label')).toBeVisible();await expect.soft(page.locator('.personnel-nav-label')).toHaveCSS('opacity','1');
    > 112 |  await expect.soft(page.locator('.sidebar-caption').first()).toBeVisible();
          |                                                              ^
      113 |  const menu=(await page.getByRole('button',{name:'人员管理',exact:true}).boundingBox())!;
      114 |  expect.soft({x:menu.x,y:menu.y,width:menu.width,height:menu.height}).toEqual({x:16,y:116,width:144,height:48});
      115 |  expect.soft(await page.evaluate(()=>document.documentElement.scrollWidth<=innerWidth)).toBe(true);
        at /workspace/WeaveOS-worktrees/V030-021/apps/web/src/personnel.component.spec.ts:112:62

    Error: expect(received).toEqual(expected) // deep equality

    - Expected  - 4
    + Received  + 4

      Object {
    -   "height": 48,
    -   "width": 144,
    -   "x": 16,
    -   "y": 116,
    +   "height": 40,
    +   "width": 158,
    +   "x": 94,
    +   "y": 271,
      }

      112 |  await expect.soft(page.locator('.sidebar-caption').first()).toBeVisible();
      113 |  const menu=(await page.getByRole('button',{name:'人员管理',exact:true}).boundingBox())!;
    > 114 |  expect.soft({x:menu.x,y:menu.y,width:menu.width,height:menu.height}).toEqual({x:16,y:116,width:144,height:48});
          |                                                                       ^
      115 |  expect.soft(await page.evaluate(()=>document.documentElement.scrollWidth<=innerWidth)).toBe(true);
      116 | });
      117 |
        at /workspace/WeaveOS-worktrees/V030-021/apps/web/src/personnel.component.spec.ts:114:71

    Error Context: apps/web/test-results/personnel.component-Q33-si-68417-no-collapse-control-at-1920-chromium/error-context.md


(node:8586) Warning: The 'NO_COLOR' env is ignored due to the 'FORCE_COLOR' env being set.
(Use `node --trace-warnings ...` to show where the warning was created)


[320/494] [chromium] › apps/web/src/personnel.component.spec.ts:106:44 › Q33 sidebar stays expanded with no collapse control at 900
  5) [chromium] › apps/web/src/personnel.component.spec.ts:106:44 › Q33 sidebar stays expanded with no collapse control at 900 

    Error: expect(locator).toHaveCSS(expected) failed

    Locator: locator('.admin-sidebar')
    Expected: "176px"
    Timeout: 5000ms
    Error: element(s) not found

    Call log:
      - Expect "soft toHaveCSS" locator('.admin-sidebar') with timeout 5000ms
      - waiting for locator('.admin-sidebar')


      107 |  await page.setViewportSize({width,height:844});await admin(page);
      108 |  await expect.soft(page.getByRole('button',{name:/收起侧栏|展开侧栏/})).toHaveCount(0);
    > 109 |  await expect.soft(page.locator('.admin-sidebar')).toHaveCSS('width','176px');
          |                                                    ^
      110 |  await expect.soft(page.locator('.admin-header')).toHaveCSS('height','56px');
      111 |  await expect.soft(page.locator('.personnel-nav-label')).toBeVisible();await expect.soft(page.locator('.personnel-nav-label')).toHaveCSS('opacity','1');
      112 |  await expect.soft(page.locator('.sidebar-caption').first()).toBeVisible();
        at /workspace/WeaveOS-worktrees/V030-021/apps/web/src/personnel.component.spec.ts:109:52

    Error: expect(locator).toHaveCSS(expected) failed

    Locator: locator('.admin-header')
    Expected: "56px"
    Timeout: 5000ms
    Error: element(s) not found

    Call log:
      - Expect "soft toHaveCSS" locator('.admin-header') with timeout 5000ms
      - waiting for locator('.admin-header')


      108 |  await expect.soft(page.getByRole('button',{name:/收起侧栏|展开侧栏/})).toHaveCount(0);
      109 |  await expect.soft(page.locator('.admin-sidebar')).toHaveCSS('width','176px');
    > 110 |  await expect.soft(page.locator('.admin-header')).toHaveCSS('height','56px');
          |                                                   ^
      111 |  await expect.soft(page.locator('.personnel-nav-label')).toBeVisible();await expect.soft(page.locator('.personnel-nav-label')).toHaveCSS('opacity','1');
      112 |  await expect.soft(page.locator('.sidebar-caption').first()).toBeVisible();
      113 |  const menu=(await page.getByRole('button',{name:'人员管理',exact:true}).boundingBox())!;
        at /workspace/WeaveOS-worktrees/V030-021/apps/web/src/personnel.component.spec.ts:110:51

    Error: expect(locator).toBeVisible() failed

    Locator: locator('.personnel-nav-label')
    Expected: visible
    Timeout: 5000ms
    Error: element(s) not found

    Call log:
      - Expect "soft toBeVisible" locator('.personnel-nav-label') with timeout 5000ms
      - waiting for locator('.personnel-nav-label')


      109 |  await expect.soft(page.locator('.admin-sidebar')).toHaveCSS('width','176px');
      110 |  await expect.soft(page.locator('.admin-header')).toHaveCSS('height','56px');
    > 111 |  await expect.soft(page.locator('.personnel-nav-label')).toBeVisible();await expect.soft(page.locator('.personnel-nav-label')).toHaveCSS('opacity','1');
          |                                                          ^
      112 |  await expect.soft(page.locator('.sidebar-caption').first()).toBeVisible();
      113 |  const menu=(await page.getByRole('button',{name:'人员管理',exact:true}).boundingBox())!;
      114 |  expect.soft({x:menu.x,y:menu.y,width:menu.width,height:menu.height}).toEqual({x:16,y:116,width:144,height:48});
        at /workspace/WeaveOS-worktrees/V030-021/apps/web/src/personnel.component.spec.ts:111:58

    Error: expect(locator).toHaveCSS(expected) failed

    Locator: locator('.personnel-nav-label')
    Expected: "1"
    Timeout: 5000ms
    Error: element(s) not found

    Call log:
      - Expect "soft toHaveCSS" locator('.personnel-nav-label') with timeout 5000ms
      - waiting for locator('.personnel-nav-label')


      109 |  await expect.soft(page.locator('.admin-sidebar')).toHaveCSS('width','176px');
      110 |  await expect.soft(page.locator('.admin-header')).toHaveCSS('height','56px');
    > 111 |  await expect.soft(page.locator('.personnel-nav-label')).toBeVisible();await expect.soft(page.locator('.personnel-nav-label')).toHaveCSS('opacity','1');
          |                                                                                                                                ^
      112 |  await expect.soft(page.locator('.sidebar-caption').first()).toBeVisible();
      113 |  const menu=(await page.getByRole('button',{name:'人员管理',exact:true}).boundingBox())!;
      114 |  expect.soft({x:menu.x,y:menu.y,width:menu.width,height:menu.height}).toEqual({x:16,y:116,width:144,height:48});
        at /workspace/WeaveOS-worktrees/V030-021/apps/web/src/personnel.component.spec.ts:111:128

    Error: expect(locator).toBeVisible() failed

    Locator: locator('.sidebar-caption').first()
    Expected: visible
    Timeout: 5000ms
    Error: element(s) not found

    Call log:
      - Expect "soft toBeVisible" locator('.sidebar-caption').first() with timeout 5000ms
      - waiting for locator('.sidebar-caption').first()


      110 |  await expect.soft(page.locator('.admin-header')).toHaveCSS('height','56px');
      111 |  await expect.soft(page.locator('.personnel-nav-label')).toBeVisible();await expect.soft(page.locator('.personnel-nav-label')).toHaveCSS('opacity','1');
    > 112 |  await expect.soft(page.locator('.sidebar-caption').first()).toBeVisible();
          |                                                              ^
      113 |  const menu=(await page.getByRole('button',{name:'人员管理',exact:true}).boundingBox())!;
      114 |  expect.soft({x:menu.x,y:menu.y,width:menu.width,height:menu.height}).toEqual({x:16,y:116,width:144,height:48});
      115 |  expect.soft(await page.evaluate(()=>document.documentElement.scrollWidth<=innerWidth)).toBe(true);
        at /workspace/WeaveOS-worktrees/V030-021/apps/web/src/personnel.component.spec.ts:112:62

    Error: expect(received).toEqual(expected) // deep equality

    - Expected  - 4
    + Received  + 4

      Object {
    -   "height": 48,
    -   "width": 144,
    -   "x": 16,
    -   "y": 116,
    +   "height": 40,
    +   "width": 134,
    +   "x": 90,
    +   "y": 271,
      }

      112 |  await expect.soft(page.locator('.sidebar-caption').first()).toBeVisible();
      113 |  const menu=(await page.getByRole('button',{name:'人员管理',exact:true}).boundingBox())!;
    > 114 |  expect.soft({x:menu.x,y:menu.y,width:menu.width,height:menu.height}).toEqual({x:16,y:116,width:144,height:48});
          |                                                                       ^
      115 |  expect.soft(await page.evaluate(()=>document.documentElement.scrollWidth<=innerWidth)).toBe(true);
      116 | });
      117 |
        at /workspace/WeaveOS-worktrees/V030-021/apps/web/src/personnel.component.spec.ts:114:71

    Error Context: apps/web/test-results/personnel.component-Q33-si-814ac--no-collapse-control-at-900-chromium/error-context.md


(node:8667) Warning: The 'NO_COLOR' env is ignored due to the 'FORCE_COLOR' env being set.
(Use `node --trace-warnings ...` to show where the warning was created)


[321/494] [chromium] › apps/web/src/personnel.component.spec.ts:106:44 › Q33 sidebar stays expanded with no collapse control at 390
  6) [chromium] › apps/web/src/personnel.component.spec.ts:106:44 › Q33 sidebar stays expanded with no collapse control at 390 

    Error: expect(locator).toHaveCSS(expected) failed

    Locator: locator('.admin-sidebar')
    Expected: "176px"
    Timeout: 5000ms
    Error: element(s) not found

    Call log:
      - Expect "soft toHaveCSS" locator('.admin-sidebar') with timeout 5000ms
      - waiting for locator('.admin-sidebar')


      107 |  await page.setViewportSize({width,height:844});await admin(page);
      108 |  await expect.soft(page.getByRole('button',{name:/收起侧栏|展开侧栏/})).toHaveCount(0);
    > 109 |  await expect.soft(page.locator('.admin-sidebar')).toHaveCSS('width','176px');
          |                                                    ^
      110 |  await expect.soft(page.locator('.admin-header')).toHaveCSS('height','56px');
      111 |  await expect.soft(page.locator('.personnel-nav-label')).toBeVisible();await expect.soft(page.locator('.personnel-nav-label')).toHaveCSS('opacity','1');
      112 |  await expect.soft(page.locator('.sidebar-caption').first()).toBeVisible();
        at /workspace/WeaveOS-worktrees/V030-021/apps/web/src/personnel.component.spec.ts:109:52

    Error: expect(locator).toHaveCSS(expected) failed

    Locator: locator('.admin-header')
    Expected: "56px"
    Timeout: 5000ms
    Error: element(s) not found

    Call log:
      - Expect "soft toHaveCSS" locator('.admin-header') with timeout 5000ms
      - waiting for locator('.admin-header')


      108 |  await expect.soft(page.getByRole('button',{name:/收起侧栏|展开侧栏/})).toHaveCount(0);
      109 |  await expect.soft(page.locator('.admin-sidebar')).toHaveCSS('width','176px');
    > 110 |  await expect.soft(page.locator('.admin-header')).toHaveCSS('height','56px');
          |                                                   ^
      111 |  await expect.soft(page.locator('.personnel-nav-label')).toBeVisible();await expect.soft(page.locator('.personnel-nav-label')).toHaveCSS('opacity','1');
      112 |  await expect.soft(page.locator('.sidebar-caption').first()).toBeVisible();
      113 |  const menu=(await page.getByRole('button',{name:'人员管理',exact:true}).boundingBox())!;
        at /workspace/WeaveOS-worktrees/V030-021/apps/web/src/personnel.component.spec.ts:110:51

    Error: expect(locator).toBeVisible() failed

    Locator: locator('.personnel-nav-label')
    Expected: visible
    Timeout: 5000ms
    Error: element(s) not found

    Call log:
      - Expect "soft toBeVisible" locator('.personnel-nav-label') with timeout 5000ms
      - waiting for locator('.personnel-nav-label')


      109 |  await expect.soft(page.locator('.admin-sidebar')).toHaveCSS('width','176px');
      110 |  await expect.soft(page.locator('.admin-header')).toHaveCSS('height','56px');
    > 111 |  await expect.soft(page.locator('.personnel-nav-label')).toBeVisible();await expect.soft(page.locator('.personnel-nav-label')).toHaveCSS('opacity','1');
          |                                                          ^
      112 |  await expect.soft(page.locator('.sidebar-caption').first()).toBeVisible();
      113 |  const menu=(await page.getByRole('button',{name:'人员管理',exact:true}).boundingBox())!;
      114 |  expect.soft({x:menu.x,y:menu.y,width:menu.width,height:menu.height}).toEqual({x:16,y:116,width:144,height:48});
        at /workspace/WeaveOS-worktrees/V030-021/apps/web/src/personnel.component.spec.ts:111:58

    Error: expect(locator).toHaveCSS(expected) failed

    Locator: locator('.personnel-nav-label')
    Expected: "1"
    Timeout: 5000ms
    Error: element(s) not found

    Call log:
      - Expect "soft toHaveCSS" locator('.personnel-nav-label') with timeout 5000ms
      - waiting for locator('.personnel-nav-label')


      109 |  await expect.soft(page.locator('.admin-sidebar')).toHaveCSS('width','176px');
      110 |  await expect.soft(page.locator('.admin-header')).toHaveCSS('height','56px');
    > 111 |  await expect.soft(page.locator('.personnel-nav-label')).toBeVisible();await expect.soft(page.locator('.personnel-nav-label')).toHaveCSS('opacity','1');
          |                                                                                                                                ^
      112 |  await expect.soft(page.locator('.sidebar-caption').first()).toBeVisible();
      113 |  const menu=(await page.getByRole('button',{name:'人员管理',exact:true}).boundingBox())!;
      114 |  expect.soft({x:menu.x,y:menu.y,width:menu.width,height:menu.height}).toEqual({x:16,y:116,width:144,height:48});
        at /workspace/WeaveOS-worktrees/V030-021/apps/web/src/personnel.component.spec.ts:111:128

    Error: expect(locator).toBeVisible() failed

    Locator: locator('.sidebar-caption').first()
    Expected: visible
    Timeout: 5000ms
    Error: element(s) not found

    Call log:
      - Expect "soft toBeVisible" locator('.sidebar-caption').first() with timeout 5000ms
      - waiting for locator('.sidebar-caption').first()


      110 |  await expect.soft(page.locator('.admin-header')).toHaveCSS('height','56px');
      111 |  await expect.soft(page.locator('.personnel-nav-label')).toBeVisible();await expect.soft(page.locator('.personnel-nav-label')).toHaveCSS('opacity','1');
    > 112 |  await expect.soft(page.locator('.sidebar-caption').first()).toBeVisible();
          |                                                              ^
      113 |  const menu=(await page.getByRole('button',{name:'人员管理',exact:true}).boundingBox())!;
      114 |  expect.soft({x:menu.x,y:menu.y,width:menu.width,height:menu.height}).toEqual({x:16,y:116,width:144,height:48});
      115 |  expect.soft(await page.evaluate(()=>document.documentElement.scrollWidth<=innerWidth)).toBe(true);
        at /workspace/WeaveOS-worktrees/V030-021/apps/web/src/personnel.component.spec.ts:112:62

    Error: expect(received).toEqual(expected) // deep equality

    - Expected  - 4
    + Received  + 4

      Object {
    -   "height": 48,
    -   "width": 144,
    -   "x": 16,
    -   "y": 116,
    +   "height": 40,
    +   "width": 64,
    +   "x": 247.5,
    +   "y": 12,
      }

      112 |  await expect.soft(page.locator('.sidebar-caption').first()).toBeVisible();
      113 |  const menu=(await page.getByRole('button',{name:'人员管理',exact:true}).boundingBox())!;
    > 114 |  expect.soft({x:menu.x,y:menu.y,width:menu.width,height:menu.height}).toEqual({x:16,y:116,width:144,height:48});
          |                                                                       ^
      115 |  expect.soft(await page.evaluate(()=>document.documentElement.scrollWidth<=innerWidth)).toBe(true);
      116 | });
      117 |
        at /workspace/WeaveOS-worktrees/V030-021/apps/web/src/personnel.component.spec.ts:114:71

    Error Context: apps/web/test-results/personnel.component-Q33-si-1fd83--no-collapse-control-at-390-chromium/error-context.md


(node:8771) Warning: The 'NO_COLOR' env is ignored due to the 'FORCE_COLOR' env being set.
(Use `node --trace-warnings ...` to show where the warning was created)


[322/494] [chromium] › apps/web/src/personnel.component.spec.ts:106:44 › Q33 sidebar stays expanded with no collapse control at 320
  7) [chromium] › apps/web/src/personnel.component.spec.ts:106:44 › Q33 sidebar stays expanded with no collapse control at 320 

    Error: expect(locator).toHaveCSS(expected) failed

    Locator: locator('.admin-sidebar')
    Expected: "176px"
    Timeout: 5000ms
    Error: element(s) not found

    Call log:
      - Expect "soft toHaveCSS" locator('.admin-sidebar') with timeout 5000ms
      - waiting for locator('.admin-sidebar')


      107 |  await page.setViewportSize({width,height:844});await admin(page);
      108 |  await expect.soft(page.getByRole('button',{name:/收起侧栏|展开侧栏/})).toHaveCount(0);
    > 109 |  await expect.soft(page.locator('.admin-sidebar')).toHaveCSS('width','176px');
          |                                                    ^
      110 |  await expect.soft(page.locator('.admin-header')).toHaveCSS('height','56px');
      111 |  await expect.soft(page.locator('.personnel-nav-label')).toBeVisible();await expect.soft(page.locator('.personnel-nav-label')).toHaveCSS('opacity','1');
      112 |  await expect.soft(page.locator('.sidebar-caption').first()).toBeVisible();
        at /workspace/WeaveOS-worktrees/V030-021/apps/web/src/personnel.component.spec.ts:109:52

    Error: expect(locator).toHaveCSS(expected) failed

    Locator: locator('.admin-header')
    Expected: "56px"
    Timeout: 5000ms
    Error: element(s) not found

    Call log:
      - Expect "soft toHaveCSS" locator('.admin-header') with timeout 5000ms
      - waiting for locator('.admin-header')


      108 |  await expect.soft(page.getByRole('button',{name:/收起侧栏|展开侧栏/})).toHaveCount(0);
      109 |  await expect.soft(page.locator('.admin-sidebar')).toHaveCSS('width','176px');
    > 110 |  await expect.soft(page.locator('.admin-header')).toHaveCSS('height','56px');
          |                                                   ^
      111 |  await expect.soft(page.locator('.personnel-nav-label')).toBeVisible();await expect.soft(page.locator('.personnel-nav-label')).toHaveCSS('opacity','1');
      112 |  await expect.soft(page.locator('.sidebar-caption').first()).toBeVisible();
      113 |  const menu=(await page.getByRole('button',{name:'人员管理',exact:true}).boundingBox())!;
        at /workspace/WeaveOS-worktrees/V030-021/apps/web/src/personnel.component.spec.ts:110:51

    Error: expect(locator).toBeVisible() failed

    Locator: locator('.personnel-nav-label')
    Expected: visible
    Timeout: 5000ms
    Error: element(s) not found

    Call log:
      - Expect "soft toBeVisible" locator('.personnel-nav-label') with timeout 5000ms
      - waiting for locator('.personnel-nav-label')


      109 |  await expect.soft(page.locator('.admin-sidebar')).toHaveCSS('width','176px');
      110 |  await expect.soft(page.locator('.admin-header')).toHaveCSS('height','56px');
    > 111 |  await expect.soft(page.locator('.personnel-nav-label')).toBeVisible();await expect.soft(page.locator('.personnel-nav-label')).toHaveCSS('opacity','1');
          |                                                          ^
      112 |  await expect.soft(page.locator('.sidebar-caption').first()).toBeVisible();
      113 |  const menu=(await page.getByRole('button',{name:'人员管理',exact:true}).boundingBox())!;
      114 |  expect.soft({x:menu.x,y:menu.y,width:menu.width,height:menu.height}).toEqual({x:16,y:116,width:144,height:48});
        at /workspace/WeaveOS-worktrees/V030-021/apps/web/src/personnel.component.spec.ts:111:58

    Error: expect(locator).toHaveCSS(expected) failed

    Locator: locator('.personnel-nav-label')
    Expected: "1"
    Timeout: 5000ms
    Error: element(s) not found

    Call log:
      - Expect "soft toHaveCSS" locator('.personnel-nav-label') with timeout 5000ms
      - waiting for locator('.personnel-nav-label')


      109 |  await expect.soft(page.locator('.admin-sidebar')).toHaveCSS('width','176px');
      110 |  await expect.soft(page.locator('.admin-header')).toHaveCSS('height','56px');
    > 111 |  await expect.soft(page.locator('.personnel-nav-label')).toBeVisible();await expect.soft(page.locator('.personnel-nav-label')).toHaveCSS('opacity','1');
          |                                                                                                                                ^
      112 |  await expect.soft(page.locator('.sidebar-caption').first()).toBeVisible();
      113 |  const menu=(await page.getByRole('button',{name:'人员管理',exact:true}).boundingBox())!;
      114 |  expect.soft({x:menu.x,y:menu.y,width:menu.width,height:menu.height}).toEqual({x:16,y:116,width:144,height:48});
        at /workspace/WeaveOS-worktrees/V030-021/apps/web/src/personnel.component.spec.ts:111:128

    Error: expect(locator).toBeVisible() failed

    Locator: locator('.sidebar-caption').first()
    Expected: visible
    Timeout: 5000ms
    Error: element(s) not found

    Call log:
      - Expect "soft toBeVisible" locator('.sidebar-caption').first() with timeout 5000ms
      - waiting for locator('.sidebar-caption').first()


      110 |  await expect.soft(page.locator('.admin-header')).toHaveCSS('height','56px');
      111 |  await expect.soft(page.locator('.personnel-nav-label')).toBeVisible();await expect.soft(page.locator('.personnel-nav-label')).toHaveCSS('opacity','1');
    > 112 |  await expect.soft(page.locator('.sidebar-caption').first()).toBeVisible();
          |                                                              ^
      113 |  const menu=(await page.getByRole('button',{name:'人员管理',exact:true}).boundingBox())!;
      114 |  expect.soft({x:menu.x,y:menu.y,width:menu.width,height:menu.height}).toEqual({x:16,y:116,width:144,height:48});
      115 |  expect.soft(await page.evaluate(()=>document.documentElement.scrollWidth<=innerWidth)).toBe(true);
        at /workspace/WeaveOS-worktrees/V030-021/apps/web/src/personnel.component.spec.ts:112:62

    Error: expect(received).toEqual(expected) // deep equality

    - Expected  - 4
    + Received  + 4

      Object {
    -   "height": 48,
    -   "width": 144,
    -   "x": 16,
    -   "y": 116,
    +   "height": 40,
    +   "width": 64,
    +   "x": 247.5,
    +   "y": 12,
      }

      112 |  await expect.soft(page.locator('.sidebar-caption').first()).toBeVisible();
      113 |  const menu=(await page.getByRole('button',{name:'人员管理',exact:true}).boundingBox())!;
    > 114 |  expect.soft({x:menu.x,y:menu.y,width:menu.width,height:menu.height}).toEqual({x:16,y:116,width:144,height:48});
          |                                                                       ^
      115 |  expect.soft(await page.evaluate(()=>document.documentElement.scrollWidth<=innerWidth)).toBe(true);
      116 | });
      117 |
        at /workspace/WeaveOS-worktrees/V030-021/apps/web/src/personnel.component.spec.ts:114:71

    Error Context: apps/web/test-results/personnel.component-Q33-si-88a3d--no-collapse-control-at-320-chromium/error-context.md


(node:8858) Warning: The 'NO_COLOR' env is ignored due to the 'FORCE_COLOR' env being set.
(Use `node --trace-warnings ...` to show where the warning was created)


[323/494] [chromium] › apps/web/src/personnel.component.spec.ts:118:1 › Q33 crossing responsive breakpoints preserves navigation, dirty input and explicit leave protection
  8) [chromium] › apps/web/src/personnel.component.spec.ts:118:1 › Q33 crossing responsive breakpoints preserves navigation, dirty input and explicit leave protection 

    Error: expect(locator).toHaveCSS(expected) failed

    Locator: locator('.admin-sidebar')
    Expected: "176px"
    Timeout: 5000ms
    Error: element(s) not found

    Call log:
      - Expect "soft toHaveCSS" locator('.admin-sidebar') with timeout 5000ms
      - waiting for locator('.admin-sidebar')


      120 |  let writes=0;page.on('request',r=>{if(r.url().includes('/api/v1/')&&!['GET','HEAD'].includes(r.method())&&!r.url().endsWith('/search'))writes++;});
      121 |  for(const width of [390,320,900,1920]){
    > 122 |   await page.setViewportSize({width,height:844});await expect.soft(page.locator('.admin-sidebar')).toHaveCSS('width','176px');
          |                                                                                                    ^
      123 |   await expect(page.getByLabel('身份名称',{exact:true})).toHaveValue('固定侧栏保留草稿');await expect(page.getByRole('tab',{name:'身份',exact:true})).toHaveAttribute('aria-selected','true');
      124 |   await expect(page.getByRole('button',{name:'保存',exact:true})).toBeVisible();await expect(page.getByRole('button',{name:'退出',exact:true})).toBeVisible();
      125 |  }
        at /workspace/WeaveOS-worktrees/V030-021/apps/web/src/personnel.component.spec.ts:122:100

    Error: expect(locator).toHaveCSS(expected) failed

    Locator: locator('.admin-sidebar')
    Expected: "176px"
    Timeout: 5000ms
    Error: element(s) not found

    Call log:
      - Expect "soft toHaveCSS" locator('.admin-sidebar') with timeout 5000ms
      - waiting for locator('.admin-sidebar')


      120 |  let writes=0;page.on('request',r=>{if(r.url().includes('/api/v1/')&&!['GET','HEAD'].includes(r.method())&&!r.url().endsWith('/search'))writes++;});
      121 |  for(const width of [390,320,900,1920]){
    > 122 |   await page.setViewportSize({width,height:844});await expect.soft(page.locator('.admin-sidebar')).toHaveCSS('width','176px');
          |                                                                                                    ^
      123 |   await expect(page.getByLabel('身份名称',{exact:true})).toHaveValue('固定侧栏保留草稿');await expect(page.getByRole('tab',{name:'身份',exact:true})).toHaveAttribute('aria-selected','true');
      124 |   await expect(page.getByRole('button',{name:'保存',exact:true})).toBeVisible();await expect(page.getByRole('button',{name:'退出',exact:true})).toBeVisible();
      125 |  }
        at /workspace/WeaveOS-worktrees/V030-021/apps/web/src/personnel.component.spec.ts:122:100

    Error: expect(locator).toHaveCSS(expected) failed

    Locator: locator('.admin-sidebar')
    Expected: "176px"
    Timeout: 5000ms
    Error: element(s) not found

    Call log:
      - Expect "soft toHaveCSS" locator('.admin-sidebar') with timeout 5000ms
      - waiting for locator('.admin-sidebar')


      120 |  let writes=0;page.on('request',r=>{if(r.url().includes('/api/v1/')&&!['GET','HEAD'].includes(r.method())&&!r.url().endsWith('/search'))writes++;});
      121 |  for(const width of [390,320,900,1920]){
    > 122 |   await page.setViewportSize({width,height:844});await expect.soft(page.locator('.admin-sidebar')).toHaveCSS('width','176px');
          |                                                                                                    ^
      123 |   await expect(page.getByLabel('身份名称',{exact:true})).toHaveValue('固定侧栏保留草稿');await expect(page.getByRole('tab',{name:'身份',exact:true})).toHaveAttribute('aria-selected','true');
      124 |   await expect(page.getByRole('button',{name:'保存',exact:true})).toBeVisible();await expect(page.getByRole('button',{name:'退出',exact:true})).toBeVisible();
      125 |  }
        at /workspace/WeaveOS-worktrees/V030-021/apps/web/src/personnel.component.spec.ts:122:100

    Error: expect(locator).toHaveCSS(expected) failed

    Locator: locator('.admin-sidebar')
    Expected: "176px"
    Timeout: 5000ms
    Error: element(s) not found

    Call log:
      - Expect "soft toHaveCSS" locator('.admin-sidebar') with timeout 5000ms
      - waiting for locator('.admin-sidebar')


      120 |  let writes=0;page.on('request',r=>{if(r.url().includes('/api/v1/')&&!['GET','HEAD'].includes(r.method())&&!r.url().endsWith('/search'))writes++;});
      121 |  for(const width of [390,320,900,1920]){
    > 122 |   await page.setViewportSize({width,height:844});await expect.soft(page.locator('.admin-sidebar')).toHaveCSS('width','176px');
          |                                                                                                    ^
      123 |   await expect(page.getByLabel('身份名称',{exact:true})).toHaveValue('固定侧栏保留草稿');await expect(page.getByRole('tab',{name:'身份',exact:true})).toHaveAttribute('aria-selected','true');
      124 |   await expect(page.getByRole('button',{name:'保存',exact:true})).toBeVisible();await expect(page.getByRole('button',{name:'退出',exact:true})).toBeVisible();
      125 |  }
        at /workspace/WeaveOS-worktrees/V030-021/apps/web/src/personnel.component.spec.ts:122:100

    Error Context: apps/web/test-results/personnel.component-Q33-cr-cc1af-d-explicit-leave-protection-chromium/error-context.md


(node:8932) Warning: The 'NO_COLOR' env is ignored due to the 'FORCE_COLOR' env being set.
(Use `node --trace-warnings ...` to show where the warning was created)


[324/494] [chromium] › apps/web/src/personnel.component.spec.ts:130:30 › Q33 fixed sidebar retains narrow keyboard tabs and real content scrolling at 390
[WebServer] 5:42:04 PM [vite] (client) [console.warn] You have Reduced Motion enabled on your device. Animations may not appear as expected.. For more information and steps for solving, visit https://motion.dev/troubleshooting/reduced-motion-disabled

  9) [chromium] › apps/web/src/personnel.component.spec.ts:130:30 › Q33 fixed sidebar retains narrow keyboard tabs and real content scrolling at 390 

    Error: expect(locator).toHaveCSS(expected) failed

    Locator: locator('.admin-sidebar')
    Expected: "176px"
    Timeout: 5000ms
    Error: element(s) not found

    Call log:
      - Expect "soft toHaveCSS" locator('.admin-sidebar') with timeout 5000ms
      - waiting for locator('.admin-sidebar')


      130 | for(const width of [390,320])test('Q33 fixed sidebar retains narrow keyboard tabs and real content scrolling at '+width,async({page})=>{
      131 |  await page.emulateMedia({reducedMotion:'reduce'});await page.setViewportSize({width,height:600});await admin(page);
    > 132 |  await expect.soft(page.locator('.admin-sidebar')).toHaveCSS('width','176px');
          |                                                    ^
      133 |  const tabs=page.getByRole('tablist'),first=page.getByRole('tab',{name:'成员与部门',exact:true});await first.focus();await first.press('End');await page.keyboard.press('Enter');
      134 |  const last=page.getByRole('tab',{name:'操作记录',exact:true});await expect(last).toHaveAttribute('aria-selected','true');
      135 |  const bar=(await tabs.boundingBox())!,button=(await last.boundingBox())!;expect(button.x).toBeGreaterThanOrEqual(bar.x);expect(button.x+button.width).toBeLessThanOrEqual(bar.x+bar.width+1);
        at /workspace/WeaveOS-worktrees/V030-021/apps/web/src/personnel.component.spec.ts:132:52

    Error: expect(received).toBeGreaterThan(expected)

    Expected: > 0
    Received:   0

      136 |  expect(await tabs.evaluate(n=>n.scrollHeight===n.clientHeight)).toBe(true);
      137 |  await first.focus();await first.press('Enter');const search=page.getByLabel('搜索成员',{exact:true});await search.scrollIntoViewIfNeeded();await search.fill('固定布局');await expect(search).toHaveValue('固定布局');
    > 138 |  expect(await page.locator('.personnel-content').evaluate(n=>n.scrollTop)).toBeGreaterThan(0);
          |                                                                            ^
      139 |  const table=page.locator('.table-scroll');await table.evaluate(n=>{n.scrollLeft=n.scrollWidth;});expect(await table.evaluate(n=>n.scrollLeft)).toBeGreaterThan(0);
      140 |  expect(await page.evaluate(()=>document.documentElement.scrollWidth<=innerWidth)).toBe(true);
      141 | });
        at /workspace/WeaveOS-worktrees/V030-021/apps/web/src/personnel.component.spec.ts:138:76

    Error Context: apps/web/test-results/personnel.component-Q33-fi-6aeb8-al-content-scrolling-at-390-chromium/error-context.md


(node:9005) Warning: The 'NO_COLOR' env is ignored due to the 'FORCE_COLOR' env being set.
(Use `node --trace-warnings ...` to show where the warning was created)


[325/494] [chromium] › apps/web/src/personnel.component.spec.ts:130:30 › Q33 fixed sidebar retains narrow keyboard tabs and real content scrolling at 320
[WebServer] 5:42:11 PM [vite] (client) [console.warn] You have Reduced Motion enabled on your device. Animations may not appear as expected.. For more information and steps for solving, visit https://motion.dev/troubleshooting/reduced-motion-disabled

  10) [chromium] › apps/web/src/personnel.component.spec.ts:130:30 › Q33 fixed sidebar retains narrow keyboard tabs and real content scrolling at 320 

    Error: expect(locator).toHaveCSS(expected) failed

    Locator: locator('.admin-sidebar')
    Expected: "176px"
    Timeout: 5000ms
    Error: element(s) not found

    Call log:
      - Expect "soft toHaveCSS" locator('.admin-sidebar') with timeout 5000ms
      - waiting for locator('.admin-sidebar')


      130 | for(const width of [390,320])test('Q33 fixed sidebar retains narrow keyboard tabs and real content scrolling at '+width,async({page})=>{
      131 |  await page.emulateMedia({reducedMotion:'reduce'});await page.setViewportSize({width,height:600});await admin(page);
    > 132 |  await expect.soft(page.locator('.admin-sidebar')).toHaveCSS('width','176px');
          |                                                    ^
      133 |  const tabs=page.getByRole('tablist'),first=page.getByRole('tab',{name:'成员与部门',exact:true});await first.focus();await first.press('End');await page.keyboard.press('Enter');
      134 |  const last=page.getByRole('tab',{name:'操作记录',exact:true});await expect(last).toHaveAttribute('aria-selected','true');
      135 |  const bar=(await tabs.boundingBox())!,button=(await last.boundingBox())!;expect(button.x).toBeGreaterThanOrEqual(bar.x);expect(button.x+button.width).toBeLessThanOrEqual(bar.x+bar.width+1);
        at /workspace/WeaveOS-worktrees/V030-021/apps/web/src/personnel.component.spec.ts:132:52

    Error: expect(received).toBeGreaterThan(expected)

    Expected: > 0
    Received:   0

      136 |  expect(await tabs.evaluate(n=>n.scrollHeight===n.clientHeight)).toBe(true);
      137 |  await first.focus();await first.press('Enter');const search=page.getByLabel('搜索成员',{exact:true});await search.scrollIntoViewIfNeeded();await search.fill('固定布局');await expect(search).toHaveValue('固定布局');
    > 138 |  expect(await page.locator('.personnel-content').evaluate(n=>n.scrollTop)).toBeGreaterThan(0);
          |                                                                            ^
      139 |  const table=page.locator('.table-scroll');await table.evaluate(n=>{n.scrollLeft=n.scrollWidth;});expect(await table.evaluate(n=>n.scrollLeft)).toBeGreaterThan(0);
      140 |  expect(await page.evaluate(()=>document.documentElement.scrollWidth<=innerWidth)).toBe(true);
      141 | });
        at /workspace/WeaveOS-worktrees/V030-021/apps/web/src/personnel.component.spec.ts:138:76

    Error Context: apps/web/test-results/personnel.component-Q33-fi-7556a-al-content-scrolling-at-320-chromium/error-context.md


(node:9080) Warning: The 'NO_COLOR' env is ignored due to the 'FORCE_COLOR' env being set.
(Use `node --trace-warnings ...` to show where the warning was created)


[326/494] [chromium] › apps/web/src/personnel.component.spec.ts:145:1 › Q32 identity select has the separated rounded menu and preserves server filtering
[327/494] [chromium] › apps/web/src/personnel.component.spec.ts:160:1 › Q32 grouped selectors keep modal focus and Escape first dismisses the menu
[328/494] [chromium] › apps/web/src/personnel.component.spec.ts:171:1 › Q32 parent department chooser uses options without closing the native modal
[329/494] [chromium] › apps/web/src/personnel.component.spec.ts:179:1 › Q32 long action menu stays in the viewport and keyboard chooses the final real action
[330/494] [chromium] › apps/web/src/personnel.component.spec.ts:190:1 › Q32 pill indicator slides between tabs only after unsaved changes are resolved
  11) [chromium] › apps/web/src/personnel.component.spec.ts:190:1 › Q32 pill indicator slides between tabs only after unsaved changes are resolved 

    Error: expect(locator).toHaveCSS(expected) failed

    Locator:  locator('.personnel-tab-indicator')
    Expected: "rgb(23, 23, 23)"
    Received: "rgb(239, 239, 239)"
    Timeout:  5000ms

    Call log:
      - Expect "toHaveCSS" locator('.personnel-tab-indicator') with timeout 5000ms
      - waiting for locator('.personnel-tab-indicator')
        14 × locator resolved to <span aria-hidden="true" class="personnel-tab-indicator"></span>
           - unexpected value "rgb(239, 239, 239)"


      190 | test('Q32 pill indicator slides between tabs only after unsaved changes are resolved',async({page})=>{
      191 |  await page.setViewportSize({width:1920,height:1080});await admin(page);
    > 192 |  const indicator=page.locator('.personnel-tab-indicator');await expect(indicator).toHaveCount(1);await expect(indicator).toHaveCSS('background-color','rgb(23, 23, 23)');await expect(indicator).toHaveCSS('height','32px');
          |                                                                                                                          ^
      193 |  await expect(page.getByRole('tablist')).toHaveCSS('height','48px');for(const tab of await page.getByRole('tab').all())await expect(tab).toHaveCSS('height','32px');
      194 |  const initial=(await indicator.boundingBox())!.x;
      195 |  const positions=await page.evaluate(async()=>{const el=document.querySelector('.personnel-tab-indicator')!;const samples:number[]=[];const done=new Promise<number[]>(resolve=>{const start=performance.now();function sample(){samples.push(el.getBoundingClientRect().x);if(performance.now()-start<900)requestAnimationFrame(sample);else resolve(samples);}requestAnimationFrame(sample);});(document.querySelectorAll('[role=tab]')[1] as HTMLElement).click();return done;});
        at /workspace/WeaveOS-worktrees/V030-021/apps/web/src/personnel.component.spec.ts:192:122

    Error Context: apps/web/test-results/personnel.component-Q32-pi-b3ecb-nsaved-changes-are-resolved-chromium/error-context.md


(node:9212) Warning: The 'NO_COLOR' env is ignored due to the 'FORCE_COLOR' env being set.
(Use `node --trace-warnings ...` to show where the warning was created)


[331/494] [chromium] › apps/web/src/personnel.component.spec.ts:202:1 › Q32 reduced motion removes displacement and option stagger and keeps compact tabs reachable
[WebServer] 5:42:35 PM [vite] (client) [console.warn] You have Reduced Motion enabled on your device. Animations may not appear as expected.. For more information and steps for solving, visit https://motion.dev/troubleshooting/reduced-motion-disabled

[332/494] [chromium] › apps/web/src/personnel.component.spec.ts:213:1 › Q32 large directories expose the final option promptly after End
[333/494] [chromium] › apps/web/src/personnel.component.spec.ts:219:1 › Q32 quick reversal preserves the current menu height rather than jumping to endpoints
[334/494] [chromium] › apps/web/src/personnel.component.spec.ts:238:1 › Q32 searching below the tabs preserves the narrow-screen content scroll position
  12) [chromium] › apps/web/src/personnel.component.spec.ts:238:1 › Q32 searching below the tabs preserves the narrow-screen content scroll position 

    Error: expect(received).toBeGreaterThan(expected)

    Expected: > 80
    Received:   0

      238 | test('Q32 searching below the tabs preserves the narrow-screen content scroll position',async({page})=>{
      239 |  await page.setViewportSize({width:390,height:600});await admin(page);const input=page.getByLabel('搜索成员',{exact:true});await input.scrollIntoViewIfNeeded();
    > 240 |  const content=page.locator('.personnel-content');await input.focus();const before=await content.evaluate(n=>n.scrollTop);expect(before).toBeGreaterThan(80);
          |                                                                                                                                          ^
      241 |  await input.fill('连续输入');await expect(input).toHaveValue('连续输入');await expect.poll(()=>content.evaluate(n=>n.scrollTop)).toBe(before);
      242 | });
      243 |
        at /workspace/WeaveOS-worktrees/V030-021/apps/web/src/personnel.component.spec.ts:240:138

    Error Context: apps/web/test-results/personnel.component-Q32-se-50aef-een-content-scroll-position-chromium/error-context.md


(node:9341) Warning: The 'NO_COLOR' env is ignored due to the 'FORCE_COLOR' env being set.
(Use `node --trace-warnings ...` to show where the warning was created)


[335/494] [chromium] › apps/web/src/personnel.component.spec.ts:244:1 › Q32 upward expansion and closing stay attached to the trigger edge on every frame
[336/494] [chromium] › apps/web/src/personnel.component.spec.ts:258:1 › Q32 upward menus animate the corners adjacent to their trigger
[337/494] [chromium] › apps/web/src/personnel.component.spec.ts:267:1 › Q31 Home navigation stays 56px with no collapse control and retains account actions
  13) [chromium] › apps/web/src/personnel.component.spec.ts:267:1 › Q31 Home navigation stays 56px with no collapse control and retains account actions 

    Error: expect(locator).toHaveCSS(expected) failed

    Locator: locator('.home-header')
    Expected: "56px"
    Timeout: 5000ms
    Error: element(s) not found

    Call log:
      - Expect "soft toHaveCSS" locator('.home-header') with timeout 5000ms
      - waiting for locator('.home-header')


      267 | test('Q31 Home navigation stays 56px with no collapse control and retains account actions',async({page})=>{
      268 |  await page.setViewportSize({width:1920,height:1080});await fixture(page);await page.goto('/app');
    > 269 |  await expect.soft(page.locator('.home-header')).toHaveCSS('height','56px');
          |                                                  ^
      270 |  for(const selector of ['.home-icon-button','.account-button']){const box=(await page.locator(selector).boundingBox())!;expect.soft(box.y).toBeGreaterThanOrEqual(0);expect.soft(box.y+box.height).toBeLessThanOrEqual(56);}
      271 |  await page.getByRole('button',{name:'账号',exact:true}).click();expect.soft((await page.locator('.account-menu').boundingBox())!.y).toBe(66);
      272 |  await expect.soft(page.getByRole('button',{name:/收起顶栏|展开顶栏/})).toHaveCount(0);await expect(page.locator('.account-menu')).toBeVisible();await expect(page.locator('.home-header')).toHaveCSS('height','56px');
        at /workspace/WeaveOS-worktrees/V030-021/apps/web/src/personnel.component.spec.ts:269:50

    Test timeout of 30000ms exceeded.

    Error: locator.boundingBox: Test ended.
    Call log:
      - waiting for locator('.home-icon-button')


      268 |  await page.setViewportSize({width:1920,height:1080});await fixture(page);await page.goto('/app');
      269 |  await expect.soft(page.locator('.home-header')).toHaveCSS('height','56px');
    > 270 |  for(const selector of ['.home-icon-button','.account-button']){const box=(await page.locator(selector).boundingBox())!;expect.soft(box.y).toBeGreaterThanOrEqual(0);expect.soft(box.y+box.height).toBeLessThanOrEqual(56);}
          |                                                                                                         ^
      271 |  await page.getByRole('button',{name:'账号',exact:true}).click();expect.soft((await page.locator('.account-menu').boundingBox())!.y).toBe(66);
      272 |  await expect.soft(page.getByRole('button',{name:/收起顶栏|展开顶栏/})).toHaveCount(0);await expect(page.locator('.account-menu')).toBeVisible();await expect(page.locator('.home-header')).toHaveCSS('height','56px');
      273 | });
        at /workspace/WeaveOS-worktrees/V030-021/apps/web/src/personnel.component.spec.ts:270:105

    Error Context: apps/web/test-results/personnel.component-Q31-Ho-65119-and-retains-account-actions-chromium/error-context.md


(node:9497) Warning: The 'NO_COLOR' env is ignored due to the 'FORCE_COLOR' env being set.
(Use `node --trace-warnings ...` to show where the warning was created)


[338/494] [chromium] › apps/web/src/personnel.component.spec.ts:275:1 › Q33 admin uses fixed 56px top and 176px sidebar geometry across resize
[WebServer] 5:43:17 PM [vite] (client) [console.warn] You have Reduced Motion enabled on your device. Animations may not appear as expected.. For more information and steps for solving, visit https://motion.dev/troubleshooting/reduced-motion-disabled

  14) [chromium] › apps/web/src/personnel.component.spec.ts:275:1 › Q33 admin uses fixed 56px top and 176px sidebar geometry across resize 

    Error: expect(locator).toBeVisible() failed

    Locator:  getByText('管理后台', { exact: true })
    Expected: visible
    Received: hidden
    Timeout:  5000ms

    Call log:
      - Expect "toBeVisible" getByText('管理后台', { exact: true }) with timeout 5000ms
      - waiting for getByText('管理后台', { exact: true })
        14 × locator resolved to <strong>管理后台</strong>
           - unexpected value "hidden"


      278 |   await page.setViewportSize({width,height:1080});
      279 |   await expect(page.getByRole('button',{name:/收起顶栏|展开顶栏|收起侧栏|展开侧栏/})).toHaveCount(0);await expect(page.getByRole('button',{name:'退出',exact:true})).toBeVisible();
    > 280 |   if(width>900)await expect(page.getByText('管理后台',{exact:true})).toBeVisible();
          |                                                                  ^
      281 |   await expect(page.locator('.admin-sidebar')).toHaveCSS('width','176px');await expect(page.locator('.admin-header')).toHaveCSS('height','56px');
      282 |   const content=(await page.locator('.personnel-content').boundingBox())!;expect({x:content.x,y:content.y,width:content.width,height:content.height}).toEqual({x:176,y:56,width:width-176,height:1024});
      283 |   const menu=(await page.locator('.personnel-nav').boundingBox())!;expect({x:menu.x,y:menu.y,width:menu.width,height:menu.height}).toEqual({x:16,y:116,width:144,height:48});
        at /workspace/WeaveOS-worktrees/V030-021/apps/web/src/personnel.component.spec.ts:280:66

    Error Context: apps/web/test-results/personnel.component-Q33-ad-22a9f-ebar-geometry-across-resize-chromium/error-context.md


(node:9569) Warning: The 'NO_COLOR' env is ignored due to the 'FORCE_COLOR' env being set.
(Use `node --trace-warnings ...` to show where the warning was created)


[339/494] [chromium] › apps/web/src/personnel.component.spec.ts:290:1 › Q31 tabs have no vertical overflow and compact layouts retain keyboard access to the last tab
[340/494] [chromium] › apps/web/src/personnel.component.spec.ts:303:1 › Q31 real member overflow remains scrollable while the tab strip has no vertical scrollbar
[341/494] [chromium] › apps/web/src/personnel.component.spec.ts:323:97 › Q33 material fills viewport 2504x1355 with a fixed sidebar and after resize
[WebServer] 5:43:29 PM [vite] (client) [console.warn] You have Reduced Motion enabled on your device. Animations may not appear as expected.. For more information and steps for solving, visit https://motion.dev/troubleshooting/reduced-motion-disabled

  15) [chromium] › apps/web/src/personnel.component.spec.ts:323:97 › Q33 material fills viewport 2504x1355 with a fixed sidebar and after resize 

    Error: Timeout 5000ms exceeded while waiting on the predicate

      324 |  await page.setViewportSize(viewport);await admin(page);await page.emulateMedia({reducedMotion:'reduce'});
      325 |  // 0.76 fill plus the original translucent shadow; require real coverage.
    > 326 |  await expect.poll(async()=> (await materialAlpha(page)).every(a=>a>=190&&a<=200)).toBe(true);
          |                                                                                    ^
      327 |  await expect(page.locator('.admin-sidebar')).toHaveCSS('width','176px');
      328 |  if(viewport.width===2504)await page.screenshot({path:test.info().outputPath('large-fixed-'+test.info().project.name+'.png')});
      329 |  await page.setViewportSize({width:viewport.width+173,height:viewport.height+129});await expect.poll(async()=> (await materialAlpha(page)).every(a=>a>=190&&a<=200)).toBe(true);
        at /workspace/WeaveOS-worktrees/V030-021/apps/web/src/personnel.component.spec.ts:326:84

    Error Context: apps/web/test-results/personnel.component-Q33-ma-de377-ed-sidebar-and-after-resize-chromium/error-context.md


(node:9687) Warning: The 'NO_COLOR' env is ignored due to the 'FORCE_COLOR' env being set.
(Use `node --trace-warnings ...` to show where the warning was created)


[342/494] [chromium] › apps/web/src/personnel.component.spec.ts:323:97 › Q33 material fills viewport 1440x900 with a fixed sidebar and after resize
  16) [chromium] › apps/web/src/personnel.component.spec.ts:323:97 › Q33 material fills viewport 1440x900 with a fixed sidebar and after resize 

    Error: Timeout 5000ms exceeded while waiting on the predicate

      324 |  await page.setViewportSize(viewport);await admin(page);await page.emulateMedia({reducedMotion:'reduce'});
      325 |  // 0.76 fill plus the original translucent shadow; require real coverage.
    > 326 |  await expect.poll(async()=> (await materialAlpha(page)).every(a=>a>=190&&a<=200)).toBe(true);
          |                                                                                    ^
      327 |  await expect(page.locator('.admin-sidebar')).toHaveCSS('width','176px');
      328 |  if(viewport.width===2504)await page.screenshot({path:test.info().outputPath('large-fixed-'+test.info().project.name+'.png')});
      329 |  await page.setViewportSize({width:viewport.width+173,height:viewport.height+129});await expect.poll(async()=> (await materialAlpha(page)).every(a=>a>=190&&a<=200)).toBe(true);
        at /workspace/WeaveOS-worktrees/V030-021/apps/web/src/personnel.component.spec.ts:326:84

    Error Context: apps/web/test-results/personnel.component-Q33-ma-3bf16-ed-sidebar-and-after-resize-chromium/error-context.md


(node:9760) Warning: The 'NO_COLOR' env is ignored due to the 'FORCE_COLOR' env being set.
(Use `node --trace-warnings ...` to show where the warning was created)


[343/494] [chromium] › apps/web/src/personnel.component.spec.ts:323:97 › Q33 material fills viewport 390x844 with a fixed sidebar and after resize
  17) [chromium] › apps/web/src/personnel.component.spec.ts:323:97 › Q33 material fills viewport 390x844 with a fixed sidebar and after resize 

    Error: Timeout 5000ms exceeded while waiting on the predicate

      324 |  await page.setViewportSize(viewport);await admin(page);await page.emulateMedia({reducedMotion:'reduce'});
      325 |  // 0.76 fill plus the original translucent shadow; require real coverage.
    > 326 |  await expect.poll(async()=> (await materialAlpha(page)).every(a=>a>=190&&a<=200)).toBe(true);
          |                                                                                    ^
      327 |  await expect(page.locator('.admin-sidebar')).toHaveCSS('width','176px');
      328 |  if(viewport.width===2504)await page.screenshot({path:test.info().outputPath('large-fixed-'+test.info().project.name+'.png')});
      329 |  await page.setViewportSize({width:viewport.width+173,height:viewport.height+129});await expect.poll(async()=> (await materialAlpha(page)).every(a=>a>=190&&a<=200)).toBe(true);
        at /workspace/WeaveOS-worktrees/V030-021/apps/web/src/personnel.component.spec.ts:326:84

    Error Context: apps/web/test-results/personnel.component-Q33-ma-6ccf1-ed-sidebar-and-after-resize-chromium/error-context.md


(node:9849) Warning: The 'NO_COLOR' env is ignored due to the 'FORCE_COLOR' env being set.
(Use `node --trace-warnings ...` to show where the warning was created)


[344/494] [chromium] › apps/web/src/personnel.component.spec.ts:333:1 › Q33 hover retains fixed navigation width and icon centerline on every frame
  18) [chromium] › apps/web/src/personnel.component.spec.ts:333:1 › Q33 hover retains fixed navigation width and icon centerline on every frame 

    Test timeout of 30000ms exceeded.

    Error: locator.hover: Test timeout of 30000ms exceeded.
    Call log:
      - waiting for locator('.personnel-nav')


      332 |
      333 | test('Q33 hover retains fixed navigation width and icon centerline on every frame',async({page})=>{
    > 334 |  await page.setViewportSize({width:1920,height:1080});await admin(page);await page.locator('.personnel-nav').hover();
          |                                                                                                              ^
      335 |  const frames=await page.evaluate(async()=>{
      336 |   const samples:{x:number;y:number;width:number;opacity:string;filter:string}[]=[];
      337 |   for(let i=0;i<12;i++){await new Promise<void>(resolve=>requestAnimationFrame(()=>resolve()));const icon=document.querySelector('.personnel-nav-icon')!.getBoundingClientRect();const label=getComputedStyle(document.querySelector('.personnel-nav-label')!);samples.push({x:icon.x,y:icon.y,width:document.querySelector('.personnel-nav')!.getBoundingClientRect().width,opacity:label.opacity,filter:label.filter});}return samples;
        at /workspace/WeaveOS-worktrees/V030-021/apps/web/src/personnel.component.spec.ts:334:110

    Error Context: apps/web/test-results/personnel.component-Q33-ho-f32e9-n-centerline-on-every-frame-chromium/error-context.md


(node:9924) Warning: The 'NO_COLOR' env is ignored due to the 'FORCE_COLOR' env being set.
(Use `node --trace-warnings ...` to show where the warning was created)


[345/494] [chromium] › apps/web/src/personnel.component.spec.ts:342:1 › Q33 reduced motion and repeated resize keep navigation geometry and unsaved edit
  19) [chromium] › apps/web/src/personnel.component.spec.ts:342:1 › Q33 reduced motion and repeated resize keep navigation geometry and unsaved edit 

    Error: expect(locator).toHaveCSS(expected) failed

    Locator: locator('.personnel-nav')
    Expected: "144px"
    Timeout: 5000ms
    Error: element(s) not found

    Call log:
      - Expect "toHaveCSS" locator('.personnel-nav') with timeout 5000ms
      - waiting for locator('.personnel-nav')


      344 |  for(const reducedMotion of ['reduce','no-preference'] as const){
      345 |   await page.emulateMedia({reducedMotion});
    > 346 |   for(const width of [390,1000,320,1920]){await page.setViewportSize({width,height:844});await expect(page.locator('.personnel-nav')).toHaveCSS('width','144px');await expect(page.locator('.admin-sidebar')).toHaveCSS('width','176px');expect((await page.locator('.personnel-nav-icon').boundingBox())!.y).toBe(130);await expect(page.getByLabel('身份名称',{exact:true})).toHaveValue('保留输入');}
          |                                                                                                                                       ^
      347 |  }
      348 | });
      349 | test('R3 login enters Home with settings and account navigation; admin exit retains Session',async({page})=>{
        at /workspace/WeaveOS-worktrees/V030-021/apps/web/src/personnel.component.spec.ts:346:135

    Error Context: apps/web/test-results/personnel.component-Q33-re-4e6c7-n-geometry-and-unsaved-edit-chromium/error-context.md


(node:9997) Warning: The 'NO_COLOR' env is ignored due to the 'FORCE_COLOR' env being set.
(Use `node --trace-warnings ...` to show where the warning was created)


[346/494] [chromium] › apps/web/src/personnel.component.spec.ts:349:1 › R3 login enters Home with settings and account navigation; admin exit retains Session
  20) [chromium] › apps/web/src/personnel.component.spec.ts:349:1 › R3 login enters Home with settings and account navigation; admin exit retains Session 

    Error: expect(locator).toHaveCSS(expected) failed

    Locator: locator('.home-header')
    Expected: "56px"
    Timeout: 5000ms
    Error: element(s) not found

    Call log:
      - Expect "toHaveCSS" locator('.home-header') with timeout 5000ms
      - waiting for locator('.home-header')


      352 |  await page.goto('/login');await page.getByLabel('账号',{exact:true}).fill(user.account);await page.getByLabel('密码',{exact:true}).fill('Synthetic@123');await page.getByRole('button',{name:'登录',exact:true}).click();
      353 |  await expect(page).toHaveURL(/\/app$/);await expect(page.getByRole('button',{name:'设置',exact:true})).toBeVisible();
    > 354 |  await expect(page.locator('.home-header')).toHaveCSS('height','56px');
          |                                             ^
      355 |  await page.getByRole('button',{name:'设置',exact:true}).click();await expect(page.getByRole('tab',{name:'成员与部门',exact:true})).toBeVisible();
      356 |  await page.getByRole('button',{name:'退出',exact:true}).click();await expect(page).toHaveURL(/\/app$/);expect(logouts).toBe(0);
      357 |  await page.getByRole('button',{name:'账号',exact:true}).click();await expect(page.getByText(user.account,{exact:true})).toBeVisible();
        at /workspace/WeaveOS-worktrees/V030-021/apps/web/src/personnel.component.spec.ts:354:45

    Error Context: apps/web/test-results/personnel.component-R3-log-668f8--admin-exit-retains-Session-chromium/error-context.md


(node:10073) Warning: The 'NO_COLOR' env is ignored due to the 'FORCE_COLOR' env being set.
(Use `node --trace-warnings ...` to show where the warning was created)


[347/494] [chromium] › apps/web/src/personnel.component.spec.ts:360:1 › R2 AC02 ordinary member Home has own identity/empty app state; direct admin denies
[348/494] [chromium] › apps/web/src/personnel.component.spec.ts:364:1 › Q33 fixed sidebar retains selected tab and unsaved input across viewports; icons aligned
  21) [chromium] › apps/web/src/personnel.component.spec.ts:364:1 › Q33 fixed sidebar retains selected tab and unsaved input across viewports; icons aligned 

    Error: expect(locator).toHaveCSS(expected) failed

    Locator: locator('.admin-sidebar')
    Expected: "176px"
    Timeout: 5000ms
    Error: element(s) not found

    Call log:
      - Expect "toHaveCSS" locator('.admin-sidebar') with timeout 5000ms
      - waiting for locator('.admin-sidebar')


      366 |  for(const width of [1920,1440,390]){
      367 |   await page.setViewportSize({width,height:1080});await expect(page.getByRole('button',{name:'保存',exact:true})).toBeVisible();await expect(page.getByRole('button',{name:'退出',exact:true})).toBeVisible();
    > 368 |   await expect(page.locator('.admin-sidebar')).toHaveCSS('width','176px');await expect(page.locator('.admin-header')).toHaveCSS('height','56px');
          |                                                ^
      369 |   await expect(page.getByLabel('身份名称',{exact:true})).toHaveValue('尚未保存');await expect(page.getByRole('tab',{name:'身份',exact:true})).toHaveAttribute('aria-selected','true');
      370 |   for(const sel of ['.admin-settings-icon','.personnel-nav-icon']){const b=(await page.locator(sel).boundingBox())!;expect(b.x+b.width/2).toBeCloseTo(36,0);}
      371 |  }
        at /workspace/WeaveOS-worktrees/V030-021/apps/web/src/personnel.component.spec.ts:368:48

    Error Context: apps/web/test-results/personnel.component-Q33-fi-26827-oss-viewports-icons-aligned-chromium/error-context.md


(node:10173) Warning: The 'NO_COLOR' env is ignored due to the 'FORCE_COLOR' env being set.
(Use `node --trace-warnings ...` to show where the warning was created)


[349/494] [chromium] › apps/web/src/personnel.component.spec.ts:373:1 › R3 identity separates direct/template sources and confirms impact before versioned save
[350/494] [chromium] › apps/web/src/personnel.component.spec.ts:382:2 › R3 save failure 409 preserves input and exposes specific outcome
[351/494] [chromium] › apps/web/src/personnel.component.spec.ts:382:2 › R3 save failure 403 preserves input and exposes specific outcome
[352/494] [chromium] › apps/web/src/personnel.component.spec.ts:382:2 › R3 save failure 503 preserves input and exposes specific outcome
[353/494] [chromium] › apps/web/src/personnel.component.spec.ts:387:1 › R3 dirty tab/object/admin leave requires explicit choice and never saves
[354/494] [chromium] › apps/web/src/personnel.component.spec.ts:392:1 › R3 template UI has genuine no-application empty state and referenced delete protection
[355/494] [chromium] › apps/web/src/personnel.component.spec.ts:395:1 › R3 members expose multi-identity editor and group operation without changing permissions
[356/494] [chromium] › apps/web/src/personnel.component.spec.ts:400:1 › R3 departments create uses selected parent; enterprise root is protected
[357/494] [chromium] › apps/web/src/personnel.component.spec.ts:405:1 › R3 invitation is deliberate one-time result; activity has true empty state
[358/494] [chromium] › apps/web/src/personnel.component.spec.ts:409:1 › R3 reduced motion and compact layouts retain keyboard-reachable navigation
[WebServer] 5:45:01 PM [vite] (client) [console.warn] You have Reduced Motion enabled on your device. Animations may not appear as expected.. For more information and steps for solving, visit https://motion.dev/troubleshooting/reduced-motion-disabled

  22) [chromium] › apps/web/src/personnel.component.spec.ts:409:1 › R3 reduced motion and compact layouts retain keyboard-reachable navigation 

    Error: expect(locator).toHaveCSS(expected) failed

    Locator: locator('.admin-sidebar')
    Expected: "0s"
    Timeout: 5000ms
    Error: element(s) not found

    Call log:
      - Expect "toHaveCSS" locator('.admin-sidebar') with timeout 5000ms
      - waiting for locator('.admin-sidebar')


      408 | });
      409 | test('R3 reduced motion and compact layouts retain keyboard-reachable navigation',async({page})=>{
    > 410 |  await page.emulateMedia({reducedMotion:'reduce'});await page.setViewportSize({width:390,height:844});await admin(page);await expect(page.locator('.admin-sidebar')).toHaveCSS('transition-duration','0s');await page.getByRole('tab',{name:'身份',exact:true}).focus();await page.keyboard.press('Enter');await expect(page.getByRole('tab',{name:'身份',exact:true})).toHaveAttribute('aria-selected','true');expect(await page.evaluate(()=>document.documentElement.scrollWidth<=innerWidth)).toBe(true);
          |                                                                                                                                                                      ^
      411 | });
      412 |
      413 | test('R3 browser back with dirty configuration prompts, cancel preserves inputs',async({page})=>{
        at /workspace/WeaveOS-worktrees/V030-021/apps/web/src/personnel.component.spec.ts:410:166

    Error Context: apps/web/test-results/personnel.component-R3-red-73885-yboard-reachable-navigation-chromium/error-context.md


(node:10382) Warning: The 'NO_COLOR' env is ignored due to the 'FORCE_COLOR' env being set.
(Use `node --trace-warnings ...` to show where the warning was created)


[359/494] [chromium] › apps/web/src/personnel.component.spec.ts:413:1 › R3 browser back with dirty configuration prompts, cancel preserves inputs
[360/494] [chromium] › apps/web/src/personnel.component.spec.ts:419:1 › V030-012 retained app operation does not hide the current personnel discard consequence
[361/494] [chromium] › apps/web/src/personnel.component.spec.ts:454:1 › R3 definition creation has no fake seed; validates and sends explicit config
[362/494] [chromium] › apps/web/src/personnel.component.spec.ts:460:1 › R3 member explicit move preserves other groups and identity configuration
[363/494] [chromium] › apps/web/src/personnel.component.spec.ts:468:1 › R3 member search and pagination send approved filters, no local page-only filtering
[364/494] [chromium] › apps/web/src/personnel.component.spec.ts:473:1 › R3 activity search and action filter are server-side, not cosmetic controls
[365/494] [chromium] › apps/web/src/personnel.component.spec.ts:478:1 › R3 deleting unreferenced template confirms and sends version; 409 keeps selection
[366/494] [chromium] › apps/web/src/personnel.component.spec.ts:486:1 › R3 creates a permission template with explicit empty configuration
[367/494] [chromium] › apps/web/src/personnel.component.spec.ts:494:1 › R3 identity deletion protects references and explicitly confirms an unreferenced object
[368/494] [chromium] › apps/web/src/personnel.component.spec.ts:501:1 › R3 department selected node filters members; rename and delete use actual version; root protected
[369/494] [chromium] › apps/web/src/personnel.component.spec.ts:511:1 › R3 complete assignment choices load beyond the first 100 templates
[370/494] [chromium] › apps/web/src/personnel.component.spec.ts:518:1 › R3 identity search and next page query the backend while keeping explicit selection
[371/494] [chromium] › apps/web/src/personnel.component.spec.ts:524:1 › R3 member identity filter and activity pagination are server controls
[372/494] [chromium] › apps/web/src/personnel.component.spec.ts:530:1 › R3 invitation uses the existing invitationCode response and clears it on close
[373/494] [chromium] › apps/web/src/personnel.component.spec.ts:536:1 › R3 activity pagination and explicit time range reach the server independently
[374/494] [chromium] › apps/web/src/personnel.component.spec.ts:543:1 › R3 explicit activity time filter sends RFC3339 and resets the page
[375/494] [chromium] › apps/web/src/personnel.component.spec.ts:549:1 › R3 empty department deletion confirms version and preserves conflict feedback
[376/494] [chromium] › apps/web/src/personnel.component.spec.ts:555:61 › R3 unsaved department form survives close and Escape until explicit discard
[377/494] [chromium] › apps/web/src/personnel.component.spec.ts:555:61 › R3 unsaved member form survives close and Escape until explicit discard
[378/494] [chromium] › apps/web/src/personnel.component.spec.ts:555:61 › R3 unsaved groups form survives close and Escape until explicit discard
[379/494] [chromium] › apps/web/src/personnel.component.spec.ts:565:1 › Q33 shell retains responsive L material geometry with one fixed sidebar
  23) [chromium] › apps/web/src/personnel.component.spec.ts:565:1 › Q33 shell retains responsive L material geometry with one fixed sidebar 

    Error: Timeout 5000ms exceeded while waiting on the predicate

      566 |  await page.setViewportSize({width:1920,height:1080});await admin(page);
      567 |  for(const viewport of [{width:1920,height:1080},{width:2504,height:1355}]){
    > 568 |   await page.setViewportSize(viewport);const material=page.locator('.admin-material');await expect.poll(async()=> (await materialAlpha(page)).every(a=>a>=190&&a<=200)).toBe(true);
          |                                                                                                                                                                         ^
      569 |   await expect(material).toHaveCSS('top','0px');await expect(material).toHaveCSS('left','0px');
      570 |   await expect(page.locator('.admin-sidebar')).toHaveCSS('width','176px');await expect(page.locator('.admin-header')).toHaveCSS('height','56px');
      571 |   const dimensions=(await material.boundingBox())!;expect({width:dimensions.width,height:dimensions.height}).toEqual(viewport);
        at /workspace/WeaveOS-worktrees/V030-021/apps/web/src/personnel.component.spec.ts:568:169

    Error Context: apps/web/test-results/personnel.component-Q33-sh-6d909-etry-with-one-fixed-sidebar-chromium/error-context.md


(node:10837) Warning: The 'NO_COLOR' env is ignored due to the 'FORCE_COLOR' env being set.
(Use `node --trace-warnings ...` to show where the warning was created)


[380/494] [chromium] › apps/web/src/personnel.component.spec.ts:576:1 › Q25 default activity range omits optional empty timestamps in every initial request
[381/494] [chromium] › apps/web/src/personnel.component.spec.ts:582:1 › Figma original checkbox uses the original check SVG, 20px surface and 6px corners
[382/494] [chromium] › apps/web/src/personnel.component.spec.ts:589:1 › Figma shell original translucent material has no extra white foreground layers
  24) [chromium] › apps/web/src/personnel.component.spec.ts:589:1 › Figma shell original translucent material has no extra white foreground layers 

    Error: expect(locator).toHaveCSS(expected) failed

    Locator: locator('.admin-header')
    Expected: "rgba(0, 0, 0, 0)"
    Timeout: 5000ms
    Error: element(s) not found

    Call log:
      - Expect "toHaveCSS" locator('.admin-header') with timeout 5000ms
      - waiting for locator('.admin-header')


      588 | });
      589 | test('Figma shell original translucent material has no extra white foreground layers',async({page})=>{
    > 590 |  await admin(page);await expect(page.locator('.admin-header')).toHaveCSS('background-color','rgba(0, 0, 0, 0)');await expect(page.locator('.admin-sidebar')).toHaveCSS('background-color','rgba(0, 0, 0, 0)');
          |                                                                ^
      591 | });
      592 | test('R3 activity presents readable action, target and safe changes rather than raw protocol JSON',async({page})=>{
      593 |  await fixture(page);const event={id:'00000000-0000-4000-8000-000000000020',occurredAt:'2026-09-30T00:00:00Z',actorAccount:'synthetic-operator',action:'DEPARTMENT_UPDATED',objectType:'department',objectId:department.id,summary:{before:{name:'研发部',parentId:department.id},after:{name:'研发中心',parentId:department.id}},outcome:'success'};
        at /workspace/WeaveOS-worktrees/V030-021/apps/web/src/personnel.component.spec.ts:590:64

    Error Context: apps/web/test-results/personnel.component-Figma--ce6ba-tra-white-foreground-layers-chromium/error-context.md


(node:10944) Warning: The 'NO_COLOR' env is ignored due to the 'FORCE_COLOR' env being set.
(Use `node --trace-warnings ...` to show where the warning was created)


[383/494] [chromium] › apps/web/src/personnel.component.spec.ts:592:1 › R3 activity presents readable action, target and safe changes rather than raw protocol JSON
[384/494] [chromium] › apps/web/src/personnel.component.spec.ts:598:1 › Q33 fixed sidebar retains viewport origin and the 144 by 48 menu target after resize
  25) [chromium] › apps/web/src/personnel.component.spec.ts:598:1 › Q33 fixed sidebar retains viewport origin and the 144 by 48 menu target after resize 

    Error: expect(locator).toHaveCSS(expected) failed

    Locator: locator('.admin-material')
    Expected: "0px"
    Timeout: 5000ms
    Error: element(s) not found

    Call log:
      - Expect "toHaveCSS" locator('.admin-material') with timeout 5000ms
      - waiting for locator('.admin-material')


      599 |  await page.setViewportSize({width:1920,height:1080});await admin(page);
      600 |  for(const width of [390,1920]){
    > 601 |   await page.setViewportSize({width,height:1080});await expect(page.locator('.admin-material')).toHaveCSS('left','0px');await expect(page.locator('.admin-material')).toHaveCSS('top','0px');
          |                                                                                                 ^
      602 |   const menu=page.getByRole('button',{name:'人员管理',exact:true});await expect(menu).toHaveCSS('width','144px');await expect(menu).toHaveCSS('height','48px');expect((await menu.boundingBox())!.y).toBe(116);
      603 |   await expect(page.locator('.admin-header')).toHaveCSS('height','56px');
      604 |  }
        at /workspace/WeaveOS-worktrees/V030-021/apps/web/src/personnel.component.spec.ts:601:97

    Error Context: apps/web/test-results/personnel.component-Q33-fi-ff2c5-48-menu-target-after-resize-chromium/error-context.md


(node:11033) Warning: The 'NO_COLOR' env is ignored due to the 'FORCE_COLOR' env being set.
(Use `node --trace-warnings ...` to show where the warning was created)


[385/494] [chromium] › apps/web/src/personnel.component.spec.ts:606:1 › Q34 member table keeps confirmed column geometry and page selection never sends a write
[386/494] [chromium] › apps/web/src/personnel.component.spec.ts:612:1 › Q33 narrow menu retains its expanded 144 by 48 target and y116 position
  26) [chromium] › apps/web/src/personnel.component.spec.ts:612:1 › Q33 narrow menu retains its expanded 144 by 48 target and y116 position 

    Error: expect(locator).toHaveCSS(expected) failed

    Locator:  getByRole('button', { name: '人员管理', exact: true })
    Expected: "144px"
    Received: "64px"
    Timeout:  5000ms

    Call log:
      - Expect "toHaveCSS" getByRole('button', { name: '人员管理', exact: true }) with timeout 5000ms
      - waiting for getByRole('button', { name: '人员管理', exact: true })
        14 × locator resolved to <button type="button" aria-current="page" class="mono-nav-item">…</button>
           - unexpected value "64px"


      611 | });
      612 | test('Q33 narrow menu retains its expanded 144 by 48 target and y116 position',async({page})=>{
    > 613 |  await page.setViewportSize({width:320,height:844});await admin(page);const menu=page.getByRole('button',{name:'人员管理',exact:true});await expect(menu).toHaveCSS('width','144px');const box=(await menu.boundingBox())!;expect({width:box.width,height:box.height,y:box.y}).toEqual({width:144,height:48,y:116});
          |                                                                                                                                                       ^
      614 | });
      615 | test('Q33 fixed top retains the viewport origin after narrow re-entry',async({page})=>{
      616 |  await page.setViewportSize({width:1920,height:1080});await admin(page);await page.setViewportSize({width:390,height:844});await page.reload();await expect(page.locator('.admin-material')).toHaveCSS('top','0px');await expect(page.locator('.admin-sidebar')).toHaveCSS('width','176px');
        at /workspace/WeaveOS-worktrees/V030-021/apps/web/src/personnel.component.spec.ts:613:151

    Error Context: apps/web/test-results/personnel.component-Q33-na-bfb5f-48-target-and-y116-position-chromium/error-context.md


(node:11122) Warning: The 'NO_COLOR' env is ignored due to the 'FORCE_COLOR' env being set.
(Use `node --trace-warnings ...` to show where the warning was created)


[387/494] [chromium] › apps/web/src/personnel.component.spec.ts:615:1 › Q33 fixed top retains the viewport origin after narrow re-entry
  27) [chromium] › apps/web/src/personnel.component.spec.ts:615:1 › Q33 fixed top retains the viewport origin after narrow re-entry 

    Error: expect(locator).toHaveCSS(expected) failed

    Locator: locator('.admin-material')
    Expected: "0px"
    Timeout: 5000ms
    Error: element(s) not found

    Call log:
      - Expect "toHaveCSS" locator('.admin-material') with timeout 5000ms
      - waiting for locator('.admin-material')


      614 | });
      615 | test('Q33 fixed top retains the viewport origin after narrow re-entry',async({page})=>{
    > 616 |  await page.setViewportSize({width:1920,height:1080});await admin(page);await page.setViewportSize({width:390,height:844});await page.reload();await expect(page.locator('.admin-material')).toHaveCSS('top','0px');await expect(page.locator('.admin-sidebar')).toHaveCSS('width','176px');
          |                                                                                                                                                                                              ^
      617 | });
      618 |
      619 | for(const [tab,label] of [['身份','新建身份'],['权限模板','新建权限模板']] as const){
        at /workspace/WeaveOS-worktrees/V030-021/apps/web/src/personnel.component.spec.ts:616:190

    Error Context: apps/web/test-results/personnel.component-Q33-fi-176cf-rigin-after-narrow-re-entry-chromium/error-context.md


(node:11197) Warning: The 'NO_COLOR' env is ignored due to the 'FORCE_COLOR' env being set.
(Use `node --trace-warnings ...` to show where the warning was created)


[388/494] [chromium] › apps/web/src/personnel.component.spec.ts:620:2 › Figma final view original white plus asset on 身份
[389/494] [chromium] › apps/web/src/personnel.component.spec.ts:620:2 › Figma final view original white plus asset on 权限模板
[390/494] [chromium] › apps/web/src/personnel.component.spec.ts:625:1 › Figma final template permission retains the actual controlled code
[391/494] [chromium] › apps/web/src/personnel.component.spec.ts:628:1 › Figma final identity distinguishes assignable management from trusted Root
[392/494] [chromium] › apps/web/src/personnel.component.spec.ts:631:1 › Figma final activity action filter belongs in the section heading
[393/494] [chromium] › apps/web/src/personnel.component.spec.ts:634:1 › Figma final activity time range retains the right toolbar inset
  28) [chromium] › apps/web/src/personnel.component.spec.ts:634:1 › Figma final activity time range retains the right toolbar inset 

    Error: expect(received).toBeCloseTo(expected, precision)

    Expected: 1863
    Received: 1860

    Expected precision:    0
    Expected difference: < 0.5
    Received difference:   3

      633 | });
      634 | test('Figma final activity time range retains the right toolbar inset',async({page})=>{
    > 635 |  await page.setViewportSize({width:1920,height:1080});await admin(page);await page.getByRole('tab',{name:'操作记录',exact:true}).click();const b=await page.locator('.event-time-filter summary').boundingBox();expect(b!.x+b!.width).toBeCloseTo(1863,0);
          |                                                                                                                                                                                                                                   ^
      636 | });
      637 | test('Figma final definition footer retains its source separation line',async({page})=>{
      638 |  await admin(page);await page.getByRole('tab',{name:'权限模板',exact:true}).click();await page.getByRole('button',{name:'企业管理',exact:true}).click();await expect(page.locator('.definition-footer')).toHaveCSS('border-top-width','1px');
        at /workspace/WeaveOS-worktrees/V030-021/apps/web/src/personnel.component.spec.ts:635:227

    Error Context: apps/web/test-results/personnel.component-Figma--b44c1-ins-the-right-toolbar-inset-chromium/error-context.md


(node:11345) Warning: The 'NO_COLOR' env is ignored due to the 'FORCE_COLOR' env being set.
(Use `node --trace-warnings ...` to show where the warning was created)


[394/494] [chromium] › apps/web/src/personnel.component.spec.ts:637:1 › Figma final definition footer retains its source separation line
[395/494] [chromium] › apps/web/src/personnel.component.spec.ts:641:1 › Figma final identity without applications keeps its footer in the original view
[396/494] [chromium] › apps/web/src/personnel.component.spec.ts:644:1 › Q34 successful activity uses Arca body typography and retains the result meaning
[397/494] [chromium] › apps/web/src/q36-b2.component.spec.ts:39:1 › Q36 B2 real member page uses POST typed filter and old context without text sorting
[398/494] [chromium] › apps/web/src/q36-b2.component.spec.ts:50:1 › Q36 B2 event page uses server display and only occurredAt server ordering
[399/494] [chromium] › apps/web/src/q36-b2.component.spec.ts:67:1 › Q36 B2 restored invalid identity reference remains editable until explicitly resolved
[400/494] [chromium] › apps/web/src/q36-b2.component.spec.ts:77:1 › Q36 B2 modal query refresh preserves unsaved member input and original object version
[401/494] [chromium] › apps/web/src/q36-b2.component.spec.ts:82:75 › Q36 B2 COMMON_QUERY_CHANGED requires explicit page-one refresh and clears selection
[402/494] [chromium] › apps/web/src/q36-b2.component.spec.ts:82:75 › Q36 B2 COMMON_QUERY_CONTEXT_EXPIRED requires explicit page-one refresh and clears selection
[403/494] [chromium] › apps/web/src/q36-b2.component.spec.ts:93:1 › Q36 B2 late responses cannot overwrite the newest search
[404/494] [chromium] › apps/web/src/q36-b2.component.spec.ts:101:1 › Q36 B2 unused template card save keeps member page and validates its existing context on return
[405/494] [chromium] › apps/web/src/q36-b2.component.spec.ts:113:1 › Q36 B2 definition explicitly saves durable draft and restores original version with conflict
  29) [chromium] › apps/web/src/q36-b2.component.spec.ts:113:1 › Q36 B2 definition explicitly saves durable draft and restores original version with conflict 

    Error: expect(received).toBeGreaterThanOrEqual(expected)

    Expected: >= 176
    Received:    119

      126 |  const resolve=page.getByRole('button',{name:'保留当前输入，使用最新对象版本',exact:true});await resolve.scrollIntoViewIfNeeded();
      127 |  const box=(await resolve.boundingBox())!;
    > 128 |  expect(box.x).toBeGreaterThanOrEqual(176);expect(box.x+box.width).toBeLessThanOrEqual(390);
          |                ^
      129 | });
      130 |
      131 | test('Q36 B2 explicit member draft does not save automatically or bypass query guard',async({page})=>{
        at /workspace/WeaveOS-worktrees/V030-021/apps/web/src/q36-b2.component.spec.ts:128:16

    Error Context: apps/web/test-results/q36-b2.component-Q36-B2-de-e918e-ginal-version-with-conflict-chromium/error-context.md


(node:11600) Warning: The 'NO_COLOR' env is ignored due to the 'FORCE_COLOR' env being set.
(Use `node --trace-warnings ...` to show where the warning was created)


[406/494] [chromium] › apps/web/src/q36-b2.component.spec.ts:131:1 › Q36 B2 explicit member draft does not save automatically or bypass query guard
[407/494] [chromium] › apps/web/src/q36-b2.component.spec.ts:140:1 › Q36 B2 real-page animation closes on navigation and leaves no root blocker
[408/494] [chromium] › apps/web/src/q36-b2.component.spec.ts:148:1 › Q36 B2 applied preset manager close then trigger press honors reopen intent
[409/494] [chromium] › apps/web/src/q36-b2.component.spec.ts:155:1 › Q36 B2 twenty AND conditions keep the save footer inside the narrow viewport
[410/494] [chromium] › apps/web/src/q36-b2.component.spec.ts:164:1 › Q36 B2 select-current-page cannot resurrect a member hidden by custom filtering
[411/494] [chromium] › apps/web/src/q36-b2.component.spec.ts:176:1 › Q36 B2 a trusted press spanning the exiting selection mark still selects current rows
[412/494] [chromium] › apps/web/src/q36-b2.component.spec.ts:196:1 › Q36 B2 trusted select-all clicks while loading or empty cannot persist into restored or next-page rows
[413/494] [chromium] › apps/web/src/q36-b2.component.spec.ts:213:1 › Q36 B2 completed filter exit preserves a newer deliberate checkbox focus
[414/494] [chromium] › apps/web/src/q36-b2.component.spec.ts:308:108 › Q36 B2 engine button restores focus once after an ordinary close
[415/494] [chromium] › apps/web/src/q36-b2.component.spec.ts:308:108 › Q36 B2 engine Escape restores focus once after an ordinary close
[416/494] [chromium] › apps/web/src/q36-b2.component.spec.ts:308:108 › Q36 B2 fallback button restores focus once after an ordinary close
[417/494] [chromium] › apps/web/src/q36-b2.component.spec.ts:308:108 › Q36 B2 fallback Escape restores focus once after an ordinary close
[418/494] [chromium] › apps/web/src/q36-b2.component.spec.ts:308:108 › Q36 B2 reduced button restores focus once after an ordinary close
[WebServer] 5:47:52 PM [vite] (client) [console.warn] You have Reduced Motion enabled on your device. Animations may not appear as expected.. For more information and steps for solving, visit https://motion.dev/troubleshooting/reduced-motion-disabled

[419/494] [chromium] › apps/web/src/q36-b2.component.spec.ts:308:108 › Q36 B2 reduced Escape restores focus once after an ordinary close
[WebServer] 5:47:54 PM [vite] (client) [console.warn] You have Reduced Motion enabled on your device. Animations may not appear as expected.. For more information and steps for solving, visit https://motion.dev/troubleshooting/reduced-motion-disabled

[420/494] [chromium] › apps/web/src/q36-b2.component.spec.ts:322:50 › Q36 B2 engine late close honors newer focus even after that target is removed
[421/494] [chromium] › apps/web/src/q36-b2.component.spec.ts:322:50 › Q36 B2 fallback late close honors newer focus even after that target is removed
[422/494] [chromium] › apps/web/src/q36-b2.component.spec.ts:333:1 › Q36 B2 removal-induced body focus still restores after Escape
[423/494] [chromium] › apps/web/src/q36-b2.component.spec.ts:340:50 › Q36 B2 engine stale exit cannot focus the trigger after reopen or unmount
[424/494] [chromium] › apps/web/src/q36-b2.component.spec.ts:340:50 › Q36 B2 fallback stale exit cannot focus the trigger after reopen or unmount
[425/494] [chromium] › apps/web/src/q36-b2.component.spec.ts:348:50 › Q36 B2 engine outside pointer and keyboard navigation keep their new focus
[426/494] [chromium] › apps/web/src/q36-b2.component.spec.ts:348:50 › Q36 B2 fallback outside pointer and keyboard navigation keep their new focus
[427/494] [chromium] › apps/web/src/q36-b2.component.spec.ts:356:50 › Q36 B2 engine completion delivered after unmount cannot move focus
[428/494] [chromium] › apps/web/src/q36-b2.component.spec.ts:356:50 › Q36 B2 fallback completion delivered after unmount cannot move focus
[429/494] [chromium] › apps/web/src/q36-b2.component.spec.ts:367:2 › Q36 B2 focus review evidence › manager, editor and closed keyboard focus remain accessible
[430/494] [chromium] › apps/web/src/q36-front-filter.component.spec.ts:3:1 › Q36 filter opens beside search, returns focus on Esc and applies no filter for empty root
[431/494] [chromium] › apps/web/src/q36-front-filter.component.spec.ts:11:1 › Q36 builds nested AND/OR with exact case-sensitive text and relation NOT EXISTS DTO
[432/494] [chromium] › apps/web/src/q36-front-filter.component.spec.ts:25:1 › Q36 empty nested group is blocked visibly and removable without discarding other input
[433/494] [chromium] › apps/web/src/q36-front-filter.component.spec.ts:32:1 › Q36 global 20-leaf limit prevents adding leaves; removing one restores capacity
[434/494] [chromium] › apps/web/src/q36-front-filter.component.spec.ts:38:1 › Q36 groups stop at third level; time accepts explicit zone and only text eq/neq
[435/494] [chromium] › apps/web/src/q36-front-filter.component.spec.ts:52:1 › Q36 rapid reversal, outside close and reduced motion leave no popup or focus blocker
[436/494] [chromium] › apps/web/src/q36-front-motion.component.spec.ts:3:1 › Q36 supported browser uses React native shared ViewTransition for open and close
[437/494] [chromium] › apps/web/src/q36-front-motion.component.spec.ts:23:1 › Q36 unsupported native transition uses popup motion and restores trigger focus
[438/494] [chromium] › apps/web/src/q36-front-motion.component.spec.ts:42:1 › Q36 quick native reversal preserves last close intent and trigger focus
[439/494] [chromium] › apps/web/src/q36-front-motion.component.spec.ts:56:36 › Q36 delayed native opening commit  cannot undo a later trusted Escape close
[440/494] [chromium] › apps/web/src/q36-front-motion.component.spec.ts:56:36 › Q36 delayed native opening commit after fallback expiry cannot undo a later trusted Escape close
[441/494] [chromium] › apps/web/src/q36-front-motion.component.spec.ts:86:1 › Q36 WebKit edits nested groups through the safe animated fallback
[442/494] [chromium] › apps/web/src/q36-front-table.component.spec.ts:4:1 › Q36 Table directly controls 1-based page, arbitrary jump and size reset
[443/494] [chromium] › apps/web/src/q36-front-table.component.spec.ts:16:1 › Q36 typed text has no sort icon; time/number sorting requests preserve received rows
[444/494] [chromium] › apps/web/src/q36-front-table.component.spec.ts:27:1 › Q36 external column width/order controls survive loading; empty grid remains inert
[445/494] [chromium] › apps/web/src/q36-front-table.component.spec.ts:40:1 › Q36 original selection, drag and resize remain interactive
[446/494] [chromium] › apps/web/src/q36-front-trigger-visual.component.spec.ts:13:3 › Q36 native close restores trigger pixels, visible text/icon and reopen
[447/494] [chromium] › apps/web/src/q36-front-trigger-visual.component.spec.ts:13:3 › Q36 fallback close restores trigger pixels, visible text/icon and reopen
[448/494] [chromium] › apps/web/src/q36-front-trigger-visual.component.spec.ts:13:3 › Q36 reduced close restores trigger pixels, visible text/icon and reopen
[WebServer] 5:49:06 PM [vite] (client) [console.warn] You have Reduced Motion enabled on your device. Animations may not appear as expected.. For more information and steps for solving, visit https://motion.dev/troubleshooting/reduced-motion-disabled

[449/494] [chromium] › apps/web/src/q36-front-trigger-visual.component.spec.ts:13:3 › Q36 quick close restores trigger pixels, visible text/icon and reopen
[450/494] [chromium] › apps/web/src/q36-front-trigger-visual.component.spec.ts:13:3 › Q36 fallback-quick close restores trigger pixels, visible text/icon and reopen
[451/494] [chromium] › apps/web/src/q36-front-trigger-visual.component.spec.ts:13:3 › Q36 reduced-quick close restores trigger pixels, visible text/icon and reopen
[WebServer] 5:49:19 PM [vite] (client) [console.warn] You have Reduced Motion enabled on your device. Animations may not appear as expected.. For more information and steps for solving, visit https://motion.dev/troubleshooting/reduced-motion-disabled

[452/494] [chromium] › apps/web/src/q36-front-trigger-visual.component.spec.ts:65:1 › Q36 native shell shares geometry with 300ms open and 220ms close
[453/494] [chromium] › apps/web/src/responsive.component.spec.ts:12:5 › Figma responsive /login at 1920×1080
[454/494] [chromium] › apps/web/src/responsive.component.spec.ts:12:5 › Figma responsive /login at 2560×1440
[455/494] [chromium] › apps/web/src/responsive.component.spec.ts:12:5 › Figma responsive /login at 1440×900
[456/494] [chromium] › apps/web/src/responsive.component.spec.ts:44:5 › responsive /login stays usable at 320×568
[457/494] [chromium] › apps/web/src/responsive.component.spec.ts:44:5 › responsive /login stays usable at 390×844
[458/494] [chromium] › apps/web/src/responsive.component.spec.ts:44:5 › responsive /login stays usable at 768×600
[459/494] [chromium] › apps/web/src/responsive.component.spec.ts:12:5 › Figma responsive /register at 1920×1080
[460/494] [chromium] › apps/web/src/responsive.component.spec.ts:12:5 › Figma responsive /register at 2560×1440
[461/494] [chromium] › apps/web/src/responsive.component.spec.ts:12:5 › Figma responsive /register at 1440×900
[462/494] [chromium] › apps/web/src/responsive.component.spec.ts:44:5 › responsive /register stays usable at 320×568
[463/494] [chromium] › apps/web/src/responsive.component.spec.ts:44:5 › responsive /register stays usable at 390×844
[464/494] [chromium] › apps/web/src/responsive.component.spec.ts:44:5 › responsive /register stays usable at 768×600
[465/494] [chromium] › apps/web/src/root-monochrome-shell.component.spec.ts:67:2 › Root Mono P1 unified full-bleed desktop geometry 1440
[466/494] [chromium] › apps/web/src/root-monochrome-shell.component.spec.ts:67:2 › Root Mono P1 unified full-bleed desktop geometry 1280
[467/494] [chromium] › apps/web/src/root-monochrome-shell.component.spec.ts:74:1 › Root Mono P1 ordinary record route retains live table and authorization under the same shell
[468/494] [chromium] › apps/web/src/root-monochrome-shell.component.spec.ts:81:1 › Root Mono P1 administration and back preserve shell and opened application tab
[469/494] [chromium] › apps/web/src/root-monochrome-shell.component.spec.ts:90:1 › Root Mono P1 no invented business data when real catalogue is empty
[470/494] [chromium] › apps/web/src/root-monochrome-shell.component.spec.ts:95:1 › Root Mono P1 confirmed record save still uses authoritative value after visual migration
[471/494] [chromium] › apps/web/src/root-monochrome-shell.component.spec.ts:102:1 › Root Mono P1 reduced-motion route transition does not hide content or duplicate shell
[WebServer] 5:49:49 PM [vite] (client) [console.warn] You have Reduced Motion enabled on your device. Animations may not appear as expected.. For more information and steps for solving, visit https://motion.dev/troubleshooting/reduced-motion-disabled

[472/494] [chromium] › apps/web/src/root-monochrome-shell.component.spec.ts:108:1 › Root Mono P1 account remains a single accessible control and home cannot be closed
[473/494] [chromium] › apps/web/src/root-record-shell.component.spec.ts:46:1 › Root Shell ordinary form route mounts records under the original persistent chrome
[474/494] [chromium] › apps/web/src/root-record-shell.component.spec.ts:56:1 › Root Shell create then read authoritative normalized data and edit a record
[475/494] [chromium] › apps/web/src/root-record-shell.component.spec.ts:79:1 › Root confirmed write with failed reread remains saved and cannot submit again
[476/494] [chromium] › apps/web/src/root-record-shell.component.spec.ts:90:1 › Root create-only actor confirms a receipt without an unauthorized detail or search read
[477/494] [chromium] › apps/web/src/root-record-shell.component.spec.ts:96:1 › Root opening an existing row validates the original query before reading detail
[478/494] [chromium] › apps/web/src/root-record-shell.component.spec.ts:103:1 › Root dirty record modal close requires an explicit discard and restores the origin focus
[479/494] [chromium] › apps/web/src/root-record-shell.component.spec.ts:111:1 › Root ordinary actor cannot load owner definition by entering the design URL
[480/494] [chromium] › apps/web/src/root-record-shell.component.spec.ts:118:1 › Root ordinary record editor searches only field-scoped reference candidates
[481/494] [chromium] › apps/web/src/root-record-shell.component.spec.ts:135:1 › Root owner returns from configuration to the runtime page that opened it
[482/494] [chromium] › apps/web/src/root-record-shell.component.spec.ts:144:1 › Root rejected create refresh discards only after confirmation and rebuilds page one
[483/494] [chromium] › apps/web/src/root-record-shell.component.spec.ts:157:1 › Root retry after rejected edit and failed refresh never invents a saved result
[484/494] [chromium] › apps/web/src/root-record-shell.component.spec.ts:167:1 › Root footer discard confirms before dropping dirty record input
[485/494] [chromium] › apps/web/src/root-record-shell.component.spec.ts:175:1 › Root shared record route fills its work area and keeps its legend visually hidden
[486/494] [chromium] › apps/web/src/root-record-shell.component.spec.ts:183:1 › Root record dialog separates fields from shared action buttons
[487/494] [chromium] › apps/web/src/table-preset-generic.component.spec.ts:18:1 › dynamic AST preserves nested AND/OR and exact decimal strings without DNF
[488/494] [chromium] › apps/web/src/table-preset-generic.component.spec.ts:31:1 › runtime operators and typed values reject unknown or unauthorized fields
[489/494] [chromium] › apps/web/src/table-preset-generic.component.spec.ts:40:1 › NULL, false and precise dates remain distinct, with server-safe depth limits
[490/494] [chromium] › apps/web/src/table-preset-generic.component.spec.ts:51:1 › one editor serializes record fieldId without altering AND/OR grouping
[491/494] [chromium] › apps/web/src/table-preset-generic.component.spec.ts:61:1 › record preset validates authorized business visibility without discarding a hidden filter
[492/494] [chromium] › apps/web/src/table-preset-generic.component.spec.ts:69:1 › one manager loads scoped resource presets and redacts invalid definitions
[493/494] [chromium] › apps/web/src/table-preset-generic.component.spec.ts:79:1 › resource editor saves fieldId and decimal text through injected repository after confirmation
[494/494] [chromium] › apps/web/src/table-preset-generic.component.spec.ts:96:1 › shared query lifecycle validates changed criteria with old token and clears it only on refresh or actor switch
  29 failed
    [chromium] › apps/web/src/applications.component.spec.ts:728:1 › V030-012 original Home keeps the 56/176 shell and native sidebar item geometry 
    [chromium] › apps/web/src/personnel-arca-keyboard.component.spec.ts:42:1 › Q35 original base foreground and smoothing are scoped to the table 
    [chromium] › apps/web/src/personnel.component.spec.ts:106:44 › Q33 sidebar stays expanded with no collapse control at 2504 
    [chromium] › apps/web/src/personnel.component.spec.ts:106:44 › Q33 sidebar stays expanded with no collapse control at 1920 
    [chromium] › apps/web/src/personnel.component.spec.ts:106:44 › Q33 sidebar stays expanded with no collapse control at 900 
    [chromium] › apps/web/src/personnel.component.spec.ts:106:44 › Q33 sidebar stays expanded with no collapse control at 390 
    [chromium] › apps/web/src/personnel.component.spec.ts:106:44 › Q33 sidebar stays expanded with no collapse control at 320 
    [chromium] › apps/web/src/personnel.component.spec.ts:118:1 › Q33 crossing responsive breakpoints preserves navigation, dirty input and explicit leave protection 
    [chromium] › apps/web/src/personnel.component.spec.ts:130:30 › Q33 fixed sidebar retains narrow keyboard tabs and real content scrolling at 390 
    [chromium] › apps/web/src/personnel.component.spec.ts:130:30 › Q33 fixed sidebar retains narrow keyboard tabs and real content scrolling at 320 
    [chromium] › apps/web/src/personnel.component.spec.ts:190:1 › Q32 pill indicator slides between tabs only after unsaved changes are resolved 
    [chromium] › apps/web/src/personnel.component.spec.ts:238:1 › Q32 searching below the tabs preserves the narrow-screen content scroll position 
    [chromium] › apps/web/src/personnel.component.spec.ts:267:1 › Q31 Home navigation stays 56px with no collapse control and retains account actions 
    [chromium] › apps/web/src/personnel.component.spec.ts:275:1 › Q33 admin uses fixed 56px top and 176px sidebar geometry across resize 
    [chromium] › apps/web/src/personnel.component.spec.ts:323:97 › Q33 material fills viewport 2504x1355 with a fixed sidebar and after resize 
    [chromium] › apps/web/src/personnel.component.spec.ts:323:97 › Q33 material fills viewport 1440x900 with a fixed sidebar and after resize 
    [chromium] › apps/web/src/personnel.component.spec.ts:323:97 › Q33 material fills viewport 390x844 with a fixed sidebar and after resize 
    [chromium] › apps/web/src/personnel.component.spec.ts:333:1 › Q33 hover retains fixed navigation width and icon centerline on every frame 
    [chromium] › apps/web/src/personnel.component.spec.ts:342:1 › Q33 reduced motion and repeated resize keep navigation geometry and unsaved edit 
    [chromium] › apps/web/src/personnel.component.spec.ts:349:1 › R3 login enters Home with settings and account navigation; admin exit retains Session 
    [chromium] › apps/web/src/personnel.component.spec.ts:364:1 › Q33 fixed sidebar retains selected tab and unsaved input across viewports; icons aligned 
    [chromium] › apps/web/src/personnel.component.spec.ts:409:1 › R3 reduced motion and compact layouts retain keyboard-reachable navigation 
    [chromium] › apps/web/src/personnel.component.spec.ts:565:1 › Q33 shell retains responsive L material geometry with one fixed sidebar 
    [chromium] › apps/web/src/personnel.component.spec.ts:589:1 › Figma shell original translucent material has no extra white foreground layers 
    [chromium] › apps/web/src/personnel.component.spec.ts:598:1 › Q33 fixed sidebar retains viewport origin and the 144 by 48 menu target after resize 
    [chromium] › apps/web/src/personnel.component.spec.ts:612:1 › Q33 narrow menu retains its expanded 144 by 48 target and y116 position 
    [chromium] › apps/web/src/personnel.component.spec.ts:615:1 › Q33 fixed top retains the viewport origin after narrow re-entry 
    [chromium] › apps/web/src/personnel.component.spec.ts:634:1 › Figma final activity time range retains the right toolbar inset 
    [chromium] › apps/web/src/q36-b2.component.spec.ts:113:1 › Q36 B2 definition explicitly saves durable draft and restores original version with conflict 
  1 skipped
  464 passed (17.4m)
