{"Time":"2026-10-07T07:38:34.430716757Z","Action":"start","Package":"github.com/Hubujiu/WeaveOS/services/bff/internal/apprecordservice"}
{"Time":"2026-10-07T07:38:34.442915643Z","Action":"run","Package":"github.com/Hubujiu/WeaveOS/services/bff/internal/apprecordservice","Test":"TestRestrictedLostCommitAckRecoversExactRecordDraftAuditOperation"}
{"Time":"2026-10-07T07:38:34.443018838Z","Action":"output","Package":"github.com/Hubujiu/WeaveOS/services/bff/internal/apprecordservice","Test":"TestRestrictedLostCommitAckRecoversExactRecordDraftAuditOperation","Output":"=== RUN   TestRestrictedLostCommitAckRecoversExactRecordDraftAuditOperation\n","OutputType":"frame"}
{"Time":"2026-10-07T07:38:34.551308278Z","Action":"output","Package":"github.com/Hubujiu/WeaveOS/services/bff/internal/apprecordservice","Test":"TestRestrictedLostCommitAckRecoversExactRecordDraftAuditOperation","Output":"--- PASS: TestRestrictedLostCommitAckRecoversExactRecordDraftAuditOperation (0.11s)\n","OutputType":"frame"}
{"Time":"2026-10-07T07:38:34.551358834Z","Action":"pass","Package":"github.com/Hubujiu/WeaveOS/services/bff/internal/apprecordservice","Test":"TestRestrictedLostCommitAckRecoversExactRecordDraftAuditOperation","Elapsed":0.11}
{"Time":"2026-10-07T07:38:34.551385164Z","Action":"run","Package":"github.com/Hubujiu/WeaveOS/services/bff/internal/apprecordservice","Test":"TestRestrictedDefinitePreCommitRollbackKeepsDraftAndOriginalKey"}
{"Time":"2026-10-07T07:38:34.55138895Z","Action":"output","Package":"github.com/Hubujiu/WeaveOS/services/bff/internal/apprecordservice","Test":"TestRestrictedDefinitePreCommitRollbackKeepsDraftAndOriginalKey","Output":"=== RUN   TestRestrictedDefinitePreCommitRollbackKeepsDraftAndOriginalKey\n","OutputType":"frame"}
{"Time":"2026-10-07T07:38:34.670177111Z","Action":"output","Package":"github.com/Hubujiu/WeaveOS/services/bff/internal/apprecordservice","Test":"TestRestrictedDefinitePreCommitRollbackKeepsDraftAndOriginalKey","Output":"--- PASS: TestRestrictedDefinitePreCommitRollbackKeepsDraftAndOriginalKey (0.12s)\n","OutputType":"frame"}
{"Time":"2026-10-07T07:38:34.670213196Z","Action":"pass","Package":"github.com/Hubujiu/WeaveOS/services/bff/internal/apprecordservice","Test":"TestRestrictedDefinitePreCommitRollbackKeepsDraftAndOriginalKey","Elapsed":0.12}
{"Time":"2026-10-07T07:38:34.670224493Z","Action":"run","Package":"github.com/Hubujiu/WeaveOS/services/bff/internal/apprecordservice","Test":"TestRootCommandFenceMetadataExists"}
{"Time":"2026-10-07T07:38:34.670227077Z","Action":"output","Package":"github.com/Hubujiu/WeaveOS/services/bff/internal/apprecordservice","Test":"TestRootCommandFenceMetadataExists","Output":"=== RUN   TestRootCommandFenceMetadataExists\n","OutputType":"frame"}
{"Time":"2026-10-07T07:38:34.711443301Z","Action":"output","Package":"github.com/Hubujiu/WeaveOS/services/bff/internal/apprecordservice","Test":"TestRootCommandFenceMetadataExists","Output":"--- PASS: TestRootCommandFenceMetadataExists (0.04s)\n","OutputType":"frame"}
{"Time":"2026-10-07T07:38:34.711484373Z","Action":"pass","Package":"github.com/Hubujiu/WeaveOS/services/bff/internal/apprecordservice","Test":"TestRootCommandFenceMetadataExists","Elapsed":0.04}
{"Time":"2026-10-07T07:38:34.711494277Z","Action":"run","Package":"github.com/Hubujiu/WeaveOS/services/bff/internal/apprecordservice","Test":"TestRootCommandFenceAcquireReplayAndRelease"}
{"Time":"2026-10-07T07:38:34.711497612Z","Action":"output","Package":"github.com/Hubujiu/WeaveOS/services/bff/internal/apprecordservice","Test":"TestRootCommandFenceAcquireReplayAndRelease","Output":"=== RUN   TestRootCommandFenceAcquireReplayAndRelease\n","OutputType":"frame"}
{"Time":"2026-10-07T07:38:34.760932222Z","Action":"output","Package":"github.com/Hubujiu/WeaveOS/services/bff/internal/apprecordservice","Test":"TestRootCommandFenceAcquireReplayAndRelease","Output":"--- PASS: TestRootCommandFenceAcquireReplayAndRelease (0.05s)\n","OutputType":"frame"}
{"Time":"2026-10-07T07:38:34.760968908Z","Action":"pass","Package":"github.com/Hubujiu/WeaveOS/services/bff/internal/apprecordservice","Test":"TestRootCommandFenceAcquireReplayAndRelease","Elapsed":0.05}
{"Time":"2026-10-07T07:38:34.760979764Z","Action":"run","Package":"github.com/Hubujiu/WeaveOS/services/bff/internal/apprecordservice","Test":"TestRootCommandFenceOtherCommandCannotReplace"}
{"Time":"2026-10-07T07:38:34.760984191Z","Action":"output","Package":"github.com/Hubujiu/WeaveOS/services/bff/internal/apprecordservice","Test":"TestRootCommandFenceOtherCommandCannotReplace","Output":"=== RUN   TestRootCommandFenceOtherCommandCannotReplace\n","OutputType":"frame"}
{"Time":"2026-10-07T07:38:34.81610682Z","Action":"output","Package":"github.com/Hubujiu/WeaveOS/services/bff/internal/apprecordservice","Test":"TestRootCommandFenceOtherCommandCannotReplace","Output":"--- PASS: TestRootCommandFenceOtherCommandCannotReplace (0.06s)\n","OutputType":"frame"}
{"Time":"2026-10-07T07:38:34.816143505Z","Action":"pass","Package":"github.com/Hubujiu/WeaveOS/services/bff/internal/apprecordservice","Test":"TestRootCommandFenceOtherCommandCannotReplace","Elapsed":0.06}
{"Time":"2026-10-07T07:38:34.816149624Z","Action":"run","Package":"github.com/Hubujiu/WeaveOS/services/bff/internal/apprecordservice","Test":"TestRootCommandFenceOldTokenCannotReleaseNewOccupant"}
{"Time":"2026-10-07T07:38:34.816151367Z","Action":"output","Package":"github.com/Hubujiu/WeaveOS/services/bff/internal/apprecordservice","Test":"TestRootCommandFenceOldTokenCannotReleaseNewOccupant","Output":"=== RUN   TestRootCommandFenceOldTokenCannotReleaseNewOccupant\n","OutputType":"frame"}
{"Time":"2026-10-07T07:38:34.86664491Z","Action":"output","Package":"github.com/Hubujiu/WeaveOS/services/bff/internal/apprecordservice","Test":"TestRootCommandFenceOldTokenCannotReleaseNewOccupant","Output":"--- PASS: TestRootCommandFenceOldTokenCannotReleaseNewOccupant (0.05s)\n","OutputType":"frame"}
{"Time":"2026-10-07T07:38:34.866680514Z","Action":"pass","Package":"github.com/Hubujiu/WeaveOS/services/bff/internal/apprecordservice","Test":"TestRootCommandFenceOldTokenCannotReleaseNewOccupant","Elapsed":0.05}
{"Time":"2026-10-07T07:38:34.866690008Z","Action":"run","Package":"github.com/Hubujiu/WeaveOS/services/bff/internal/apprecordservice","Test":"TestRootCommandFenceAcquireCallerRollback"}
{"Time":"2026-10-07T07:38:34.866692642Z","Action":"output","Package":"github.com/Hubujiu/WeaveOS/services/bff/internal/apprecordservice","Test":"TestRootCommandFenceAcquireCallerRollback","Output":"=== RUN   TestRootCommandFenceAcquireCallerRollback\n","OutputType":"frame"}
{"Time":"2026-10-07T07:38:34.909675424Z","Action":"output","Package":"github.com/Hubujiu/WeaveOS/services/bff/internal/apprecordservice","Test":"TestRootCommandFenceAcquireCallerRollback","Output":"--- PASS: TestRootCommandFenceAcquireCallerRollback (0.04s)\n","OutputType":"frame"}
{"Time":"2026-10-07T07:38:34.909713801Z","Action":"pass","Package":"github.com/Hubujiu/WeaveOS/services/bff/internal/apprecordservice","Test":"TestRootCommandFenceAcquireCallerRollback","Elapsed":0.04}
{"Time":"2026-10-07T07:38:34.909722945Z","Action":"run","Package":"github.com/Hubujiu/WeaveOS/services/bff/internal/apprecordservice","Test":"TestRootCommandFenceReleaseCallerRollback"}
{"Time":"2026-10-07T07:38:34.909725659Z","Action":"output","Package":"github.com/Hubujiu/WeaveOS/services/bff/internal/apprecordservice","Test":"TestRootCommandFenceReleaseCallerRollback","Output":"=== RUN   TestRootCommandFenceReleaseCallerRollback\n","OutputType":"frame"}
{"Time":"2026-10-07T07:38:34.95458513Z","Action":"output","Package":"github.com/Hubujiu/WeaveOS/services/bff/internal/apprecordservice","Test":"TestRootCommandFenceReleaseCallerRollback","Output":"--- PASS: TestRootCommandFenceReleaseCallerRollback (0.04s)\n","OutputType":"frame"}
{"Time":"2026-10-07T07:38:34.954626502Z","Action":"pass","Package":"github.com/Hubujiu/WeaveOS/services/bff/internal/apprecordservice","Test":"TestRootCommandFenceReleaseCallerRollback","Elapsed":0.04}
{"Time":"2026-10-07T07:38:34.954634024Z","Action":"run","Package":"github.com/Hubujiu/WeaveOS/services/bff/internal/apprecordservice","Test":"TestRootCommandFenceStaleVersionsAndForeignResources"}
{"Time":"2026-10-07T07:38:34.954640694Z","Action":"output","Package":"github.com/Hubujiu/WeaveOS/services/bff/internal/apprecordservice","Test":"TestRootCommandFenceStaleVersionsAndForeignResources","Output":"=== RUN   TestRootCommandFenceStaleVersionsAndForeignResources\n","OutputType":"frame"}
{"Time":"2026-10-07T07:38:35.000623604Z","Action":"output","Package":"github.com/Hubujiu/WeaveOS/services/bff/internal/apprecordservice","Test":"TestRootCommandFenceStaleVersionsAndForeignResources","Output":"--- PASS: TestRootCommandFenceStaleVersionsAndForeignResources (0.05s)\n","OutputType":"frame"}
{"Time":"2026-10-07T07:38:35.00066692Z","Action":"pass","Package":"github.com/Hubujiu/WeaveOS/services/bff/internal/apprecordservice","Test":"TestRootCommandFenceStaleVersionsAndForeignResources","Elapsed":0.05}
{"Time":"2026-10-07T07:38:35.000674771Z","Action":"run","Package":"github.com/Hubujiu/WeaveOS/services/bff/internal/apprecordservice","Test":"TestRootCommandFenceNullAndZeroInputsFailClosed"}
{"Time":"2026-10-07T07:38:35.000677466Z","Action":"output","Package":"github.com/Hubujiu/WeaveOS/services/bff/internal/apprecordservice","Test":"TestRootCommandFenceNullAndZeroInputsFailClosed","Output":"=== RUN   TestRootCommandFenceNullAndZeroInputsFailClosed\n","OutputType":"frame"}
{"Time":"2026-10-07T07:38:35.055257178Z","Action":"output","Package":"github.com/Hubujiu/WeaveOS/services/bff/internal/apprecordservice","Test":"TestRootCommandFenceNullAndZeroInputsFailClosed","Output":"--- PASS: TestRootCommandFenceNullAndZeroInputsFailClosed (0.05s)\n","OutputType":"frame"}
{"Time":"2026-10-07T07:38:35.055294634Z","Action":"pass","Package":"github.com/Hubujiu/WeaveOS/services/bff/internal/apprecordservice","Test":"TestRootCommandFenceNullAndZeroInputsFailClosed","Elapsed":0.05}
{"Time":"2026-10-07T07:38:35.055301054Z","Action":"run","Package":"github.com/Hubujiu/WeaveOS/services/bff/internal/apprecordservice","Test":"TestRootCommandFenceBlocksRealEditButNotOtherRecord"}
{"Time":"2026-10-07T07:38:35.055303077Z","Action":"output","Package":"github.com/Hubujiu/WeaveOS/services/bff/internal/apprecordservice","Test":"TestRootCommandFenceBlocksRealEditButNotOtherRecord","Output":"=== RUN   TestRootCommandFenceBlocksRealEditButNotOtherRecord\n","OutputType":"frame"}
{"Time":"2026-10-07T07:38:35.148214322Z","Action":"output","Package":"github.com/Hubujiu/WeaveOS/services/bff/internal/apprecordservice","Test":"TestRootCommandFenceBlocksRealEditButNotOtherRecord","Output":"--- PASS: TestRootCommandFenceBlocksRealEditButNotOtherRecord (0.09s)\n","OutputType":"frame"}
{"Time":"2026-10-07T07:38:35.148251739Z","Action":"pass","Package":"github.com/Hubujiu/WeaveOS/services/bff/internal/apprecordservice","Test":"TestRootCommandFenceBlocksRealEditButNotOtherRecord","Elapsed":0.09}
{"Time":"2026-10-07T07:38:35.148261403Z","Action":"run","Package":"github.com/Hubujiu/WeaveOS/services/bff/internal/apprecordservice","Test":"TestRootCommandFenceSchemaChangeRollsBackDDL"}
{"Time":"2026-10-07T07:38:35.148270106Z","Action":"output","Package":"github.com/Hubujiu/WeaveOS/services/bff/internal/apprecordservice","Test":"TestRootCommandFenceSchemaChangeRollsBackDDL","Output":"=== RUN   TestRootCommandFenceSchemaChangeRollsBackDDL\n","OutputType":"frame"}
{"Time":"2026-10-07T07:38:35.198582218Z","Action":"output","Package":"github.com/Hubujiu/WeaveOS/services/bff/internal/apprecordservice","Test":"TestRootCommandFenceSchemaChangeRollsBackDDL","Output":"--- PASS: TestRootCommandFenceSchemaChangeRollsBackDDL (0.05s)\n","OutputType":"frame"}
{"Time":"2026-10-07T07:38:35.198625042Z","Action":"pass","Package":"github.com/Hubujiu/WeaveOS/services/bff/internal/apprecordservice","Test":"TestRootCommandFenceSchemaChangeRollsBackDDL","Elapsed":0.05}
{"Time":"2026-10-07T07:38:35.198636009Z","Action":"run","Package":"github.com/Hubujiu/WeaveOS/services/bff/internal/apprecordservice","Test":"TestRootCommandFenceRuntimeHasNoDirectWritePrivilege"}
{"Time":"2026-10-07T07:38:35.198639324Z","Action":"output","Package":"github.com/Hubujiu/WeaveOS/services/bff/internal/apprecordservice","Test":"TestRootCommandFenceRuntimeHasNoDirectWritePrivilege","Output":"=== RUN   TestRootCommandFenceRuntimeHasNoDirectWritePrivilege\n","OutputType":"frame"}
{"Time":"2026-10-07T07:38:35.24706531Z","Action":"output","Package":"github.com/Hubujiu/WeaveOS/services/bff/internal/apprecordservice","Test":"TestRootCommandFenceRuntimeHasNoDirectWritePrivilege","Output":"--- PASS: TestRootCommandFenceRuntimeHasNoDirectWritePrivilege (0.05s)\n","OutputType":"frame"}
{"Time":"2026-10-07T07:38:35.247109257Z","Action":"pass","Package":"github.com/Hubujiu/WeaveOS/services/bff/internal/apprecordservice","Test":"TestRootCommandFenceRuntimeHasNoDirectWritePrivilege","Elapsed":0.05}
{"Time":"2026-10-07T07:38:35.2471179Z","Action":"run","Package":"github.com/Hubujiu/WeaveOS/services/bff/internal/apprecordservice","Test":"TestRootCommandFenceReleaseRequiresPositiveExactToken"}
{"Time":"2026-10-07T07:38:35.247121295Z","Action":"output","Package":"github.com/Hubujiu/WeaveOS/services/bff/internal/apprecordservice","Test":"TestRootCommandFenceReleaseRequiresPositiveExactToken","Output":"=== RUN   TestRootCommandFenceReleaseRequiresPositiveExactToken\n","OutputType":"frame"}
{"Time":"2026-10-07T07:38:35.297957608Z","Action":"output","Package":"github.com/Hubujiu/WeaveOS/services/bff/internal/apprecordservice","Test":"TestRootCommandFenceReleaseRequiresPositiveExactToken","Output":"--- PASS: TestRootCommandFenceReleaseRequiresPositiveExactToken (0.05s)\n","OutputType":"frame"}
{"Time":"2026-10-07T07:38:35.298002105Z","Action":"pass","Package":"github.com/Hubujiu/WeaveOS/services/bff/internal/apprecordservice","Test":"TestRootCommandFenceReleaseRequiresPositiveExactToken","Elapsed":0.05}
{"Time":"2026-10-07T07:38:35.298040142Z","Action":"run","Package":"github.com/Hubujiu/WeaveOS/services/bff/internal/apprecordservice","Test":"TestRootCommandFenceCounterExhaustionDoesNotWrap"}
{"Time":"2026-10-07T07:38:35.298046011Z","Action":"output","Package":"github.com/Hubujiu/WeaveOS/services/bff/internal/apprecordservice","Test":"TestRootCommandFenceCounterExhaustionDoesNotWrap","Output":"=== RUN   TestRootCommandFenceCounterExhaustionDoesNotWrap\n","OutputType":"frame"}
{"Time":"2026-10-07T07:38:35.346664198Z","Action":"output","Package":"github.com/Hubujiu/WeaveOS/services/bff/internal/apprecordservice","Test":"TestRootCommandFenceCounterExhaustionDoesNotWrap","Output":"--- PASS: TestRootCommandFenceCounterExhaustionDoesNotWrap (0.05s)\n","OutputType":"frame"}
{"Time":"2026-10-07T07:38:35.346724719Z","Action":"pass","Package":"github.com/Hubujiu/WeaveOS/services/bff/internal/apprecordservice","Test":"TestRootCommandFenceCounterExhaustionDoesNotWrap","Elapsed":0.05}
{"Time":"2026-10-07T07:38:35.346736236Z","Action":"run","Package":"github.com/Hubujiu/WeaveOS/services/bff/internal/apprecordservice","Test":"TestRootCommandFenceDoesNotBlockViewOnlyLayout"}
{"Time":"2026-10-07T07:38:35.34673866Z","Action":"output","Package":"github.com/Hubujiu/WeaveOS/services/bff/internal/apprecordservice","Test":"TestRootCommandFenceDoesNotBlockViewOnlyLayout","Output":"=== RUN   TestRootCommandFenceDoesNotBlockViewOnlyLayout\n","OutputType":"frame"}
{"Time":"2026-10-07T07:38:35.391567113Z","Action":"output","Package":"github.com/Hubujiu/WeaveOS/services/bff/internal/apprecordservice","Test":"TestRootCommandFenceDoesNotBlockViewOnlyLayout","Output":"--- PASS: TestRootCommandFenceDoesNotBlockViewOnlyLayout (0.05s)\n","OutputType":"frame"}
{"Time":"2026-10-07T07:38:35.392529762Z","Action":"pass","Package":"github.com/Hubujiu/WeaveOS/services/bff/internal/apprecordservice","Test":"TestRootCommandFenceDoesNotBlockViewOnlyLayout","Elapsed":0.05}
{"Time":"2026-10-07T07:38:35.392540628Z","Action":"run","Package":"github.com/Hubujiu/WeaveOS/services/bff/internal/apprecordservice","Test":"TestRootRecoveryAcceptPersistsOriginalPayloadAndSchedulingIdentity"}
{"Time":"2026-10-07T07:38:35.392545456Z","Action":"output","Package":"github.com/Hubujiu/WeaveOS/services/bff/internal/apprecordservice","Test":"TestRootRecoveryAcceptPersistsOriginalPayloadAndSchedulingIdentity","Output":"=== RUN   TestRootRecoveryAcceptPersistsOriginalPayloadAndSchedulingIdentity\n","OutputType":"frame"}
{"Time":"2026-10-07T07:38:35.459982023Z","Action":"output","Package":"github.com/Hubujiu/WeaveOS/services/bff/internal/apprecordservice","Test":"TestRootRecoveryAcceptPersistsOriginalPayloadAndSchedulingIdentity","Output":"--- PASS: TestRootRecoveryAcceptPersistsOriginalPayloadAndSchedulingIdentity (0.07s)\n","OutputType":"frame"}
{"Time":"2026-10-07T07:38:35.460023075Z","Action":"pass","Package":"github.com/Hubujiu/WeaveOS/services/bff/internal/apprecordservice","Test":"TestRootRecoveryAcceptPersistsOriginalPayloadAndSchedulingIdentity","Elapsed":0.07}
{"Time":"2026-10-07T07:38:35.460033651Z","Action":"run","Package":"github.com/Hubujiu/WeaveOS/services/bff/internal/apprecordservice","Test":"TestRootRecoveryAcceptCallerRollbackDropsPayloadLedgerQueueAndFence"}
{"Time":"2026-10-07T07:38:35.460037006Z","Action":"output","Package":"github.com/Hubujiu/WeaveOS/services/bff/internal/apprecordservice","Test":"TestRootRecoveryAcceptCallerRollbackDropsPayloadLedgerQueueAndFence","Output":"=== RUN   TestRootRecoveryAcceptCallerRollbackDropsPayloadLedgerQueueAndFence\n","OutputType":"frame"}
{"Time":"2026-10-07T07:38:35.533848502Z","Action":"output","Package":"github.com/Hubujiu/WeaveOS/services/bff/internal/apprecordservice","Test":"TestRootRecoveryAcceptCallerRollbackDropsPayloadLedgerQueueAndFence","Output":"--- PASS: TestRootRecoveryAcceptCallerRollbackDropsPayloadLedgerQueueAndFence (0.07s)\n","OutputType":"frame"}
{"Time":"2026-10-07T07:38:35.533884756Z","Action":"pass","Package":"github.com/Hubujiu/WeaveOS/services/bff/internal/apprecordservice","Test":"TestRootRecoveryAcceptCallerRollbackDropsPayloadLedgerQueueAndFence","Elapsed":0.07}
{"Time":"2026-10-07T07:38:35.53389409Z","Action":"run","Package":"github.com/Hubujiu/WeaveOS/services/bff/internal/apprecordservice","Test":"TestRootRecoveryAcceptSavepointPreventsPartialCommandAfterQueueFailure"}
{"Time":"2026-10-07T07:38:35.533896825Z","Action":"output","Package":"github.com/Hubujiu/WeaveOS/services/bff/internal/apprecordservice","Test":"TestRootRecoveryAcceptSavepointPreventsPartialCommandAfterQueueFailure","Output":"=== RUN   TestRootRecoveryAcceptSavepointPreventsPartialCommandAfterQueueFailure\n","OutputType":"frame"}
{"Time":"2026-10-07T07:38:35.599931448Z","Action":"output","Package":"github.com/Hubujiu/WeaveOS/services/bff/internal/apprecordservice","Test":"TestRootRecoveryAcceptSavepointPreventsPartialCommandAfterQueueFailure","Output":"--- PASS: TestRootRecoveryAcceptSavepointPreventsPartialCommandAfterQueueFailure (0.07s)\n","OutputType":"frame"}
{"Time":"2026-10-07T07:38:35.600847487Z","Action":"pass","Package":"github.com/Hubujiu/WeaveOS/services/bff/internal/apprecordservice","Test":"TestRootRecoveryAcceptSavepointPreventsPartialCommandAfterQueueFailure","Elapsed":0.07}
{"Time":"2026-10-07T07:38:35.600865514Z","Action":"run","Package":"github.com/Hubujiu/WeaveOS/services/bff/internal/apprecordservice","Test":"TestRootRecoveryAcceptExactReplayConflictAndTerminalReplay"}
{"Time":"2026-10-07T07:38:35.60087Z","Action":"output","Package":"github.com/Hubujiu/WeaveOS/services/bff/internal/apprecordservice","Test":"TestRootRecoveryAcceptExactReplayConflictAndTerminalReplay","Output":"=== RUN   TestRootRecoveryAcceptExactReplayConflictAndTerminalReplay\n","OutputType":"frame"}
{"Time":"2026-10-07T07:38:35.683234246Z","Action":"output","Package":"github.com/Hubujiu/WeaveOS/services/bff/internal/apprecordservice","Test":"TestRootRecoveryAcceptExactReplayConflictAndTerminalReplay","Output":"--- PASS: TestRootRecoveryAcceptExactReplayConflictAndTerminalReplay (0.08s)\n","OutputType":"frame"}
{"Time":"2026-10-07T07:38:35.683280526Z","Action":"pass","Package":"github.com/Hubujiu/WeaveOS/services/bff/internal/apprecordservice","Test":"TestRootRecoveryAcceptExactReplayConflictAndTerminalReplay","Elapsed":0.08}
{"Time":"2026-10-07T07:38:35.683289589Z","Action":"run","Package":"github.com/Hubujiu/WeaveOS/services/bff/internal/apprecordservice","Test":"TestRootRecoveryLegacyV2CannotBePromotedOrHavePayloadGuessed"}
{"Time":"2026-10-07T07:38:35.683297Z","Action":"output","Package":"github.com/Hubujiu/WeaveOS/services/bff/internal/apprecordservice","Test":"TestRootRecoveryLegacyV2CannotBePromotedOrHavePayloadGuessed","Output":"=== RUN   TestRootRecoveryLegacyV2CannotBePromotedOrHavePayloadGuessed\n","OutputType":"frame"}
{"Time":"2026-10-07T07:38:35.749111036Z","Action":"output","Package":"github.com/Hubujiu/WeaveOS/services/bff/internal/apprecordservice","Test":"TestRootRecoveryLegacyV2CannotBePromotedOrHavePayloadGuessed","Output":"--- PASS: TestRootRecoveryLegacyV2CannotBePromotedOrHavePayloadGuessed (0.07s)\n","OutputType":"frame"}
{"Time":"2026-10-07T07:38:35.749152789Z","Action":"pass","Package":"github.com/Hubujiu/WeaveOS/services/bff/internal/apprecordservice","Test":"TestRootRecoveryLegacyV2CannotBePromotedOrHavePayloadGuessed","Elapsed":0.07}
{"Time":"2026-10-07T07:38:35.749161973Z","Action":"run","Package":"github.com/Hubujiu/WeaveOS/services/bff/internal/apprecordservice","Test":"TestRootRecoveryPayloadBindingCorruptionAndMissingCommand"}
{"Time":"2026-10-07T07:38:35.749164357Z","Action":"output","Package":"github.com/Hubujiu/WeaveOS/services/bff/internal/apprecordservice","Test":"TestRootRecoveryPayloadBindingCorruptionAndMissingCommand","Output":"=== RUN   TestRootRecoveryPayloadBindingCorruptionAndMissingCommand\n","OutputType":"frame"}
{"Time":"2026-10-07T07:38:35.81523476Z","Action":"output","Package":"github.com/Hubujiu/WeaveOS/services/bff/internal/apprecordservice","Test":"TestRootRecoveryPayloadBindingCorruptionAndMissingCommand","Output":"--- PASS: TestRootRecoveryPayloadBindingCorruptionAndMissingCommand (0.07s)\n","OutputType":"frame"}
{"Time":"2026-10-07T07:38:35.815277144Z","Action":"pass","Package":"github.com/Hubujiu/WeaveOS/services/bff/internal/apprecordservice","Test":"TestRootRecoveryPayloadBindingCorruptionAndMissingCommand","Elapsed":0.07}
{"Time":"2026-10-07T07:38:35.815285076Z","Action":"run","Package":"github.com/Hubujiu/WeaveOS/services/bff/internal/apprecordservice","Test":"TestRootRecoveryPayloadImmutableRuntimeAndNarrowSchedulerGrants"}
{"Time":"2026-10-07T07:38:35.81528826Z","Action":"output","Package":"github.com/Hubujiu/WeaveOS/services/bff/internal/apprecordservice","Test":"TestRootRecoveryPayloadImmutableRuntimeAndNarrowSchedulerGrants","Output":"=== RUN   TestRootRecoveryPayloadImmutableRuntimeAndNarrowSchedulerGrants\n","OutputType":"frame"}
{"Time":"2026-10-07T07:38:35.887108671Z","Action":"output","Package":"github.com/Hubujiu/WeaveOS/services/bff/internal/apprecordservice","Test":"TestRootRecoveryPayloadImmutableRuntimeAndNarrowSchedulerGrants","Output":"--- PASS: TestRootRecoveryPayloadImmutableRuntimeAndNarrowSchedulerGrants (0.07s)\n","OutputType":"frame"}
{"Time":"2026-10-07T07:38:35.887150934Z","Action":"pass","Package":"github.com/Hubujiu/WeaveOS/services/bff/internal/apprecordservice","Test":"TestRootRecoveryPayloadImmutableRuntimeAndNarrowSchedulerGrants","Elapsed":0.07}
{"Time":"2026-10-07T07:38:35.887159988Z","Action":"run","Package":"github.com/Hubujiu/WeaveOS/services/bff/internal/apprecordservice","Test":"TestRootRecoveryConcurrentExactAcceptanceKeepsOneQueue"}
{"Time":"2026-10-07T07:38:35.887163683Z","Action":"output","Package":"github.com/Hubujiu/WeaveOS/services/bff/internal/apprecordservice","Test":"TestRootRecoveryConcurrentExactAcceptanceKeepsOneQueue","Output":"=== RUN   TestRootRecoveryConcurrentExactAcceptanceKeepsOneQueue\n","OutputType":"frame"}
{"Time":"2026-10-07T07:38:35.961284756Z","Action":"output","Package":"github.com/Hubujiu/WeaveOS/services/bff/internal/apprecordservice","Test":"TestRootRecoveryConcurrentExactAcceptanceKeepsOneQueue","Output":"--- PASS: TestRootRecoveryConcurrentExactAcceptanceKeepsOneQueue (0.07s)\n","OutputType":"frame"}
{"Time":"2026-10-07T07:38:35.96133435Z","Action":"pass","Package":"github.com/Hubujiu/WeaveOS/services/bff/internal/apprecordservice","Test":"TestRootRecoveryConcurrentExactAcceptanceKeepsOneQueue","Elapsed":0.07}
{"Time":"2026-10-07T07:38:35.961345988Z","Action":"run","Package":"github.com/Hubujiu/WeaveOS/services/bff/internal/apprecordservice","Test":"TestRootProjectionStartCommitsBoundTasksEventAndFence"}
{"Time":"2026-10-07T07:38:35.961352738Z","Action":"output","Package":"github.com/Hubujiu/WeaveOS/services/bff/internal/apprecordservice","Test":"TestRootProjectionStartCommitsBoundTasksEventAndFence","Output":"=== RUN   TestRootProjectionStartCommitsBoundTasksEventAndFence\n","OutputType":"frame"}
{"Time":"2026-10-07T07:38:36.035223327Z","Action":"output","Package":"github.com/Hubujiu/WeaveOS/services/bff/internal/apprecordservice","Test":"TestRootProjectionStartCommitsBoundTasksEventAndFence","Output":"--- PASS: TestRootProjectionStartCommitsBoundTasksEventAndFence (0.07s)\n","OutputType":"frame"}
{"Time":"2026-10-07T07:38:36.035260163Z","Action":"pass","Package":"github.com/Hubujiu/WeaveOS/services/bff/internal/apprecordservice","Test":"TestRootProjectionStartCommitsBoundTasksEventAndFence","Elapsed":0.07}
{"Time":"2026-10-07T07:38:36.035269257Z","Action":"run","Package":"github.com/Hubujiu/WeaveOS/services/bff/internal/apprecordservice","Test":"TestRootProjectionCallerRollbackKeepsPending"}
{"Time":"2026-10-07T07:38:36.035272091Z","Action":"output","Package":"github.com/Hubujiu/WeaveOS/services/bff/internal/apprecordservice","Test":"TestRootProjectionCallerRollbackKeepsPending","Output":"=== RUN   TestRootProjectionCallerRollbackKeepsPending\n","OutputType":"frame"}
{"Time":"2026-10-07T07:38:36.112623613Z","Action":"output","Package":"github.com/Hubujiu/WeaveOS/services/bff/internal/apprecordservice","Test":"TestRootProjectionCallerRollbackKeepsPending","Output":"--- PASS: TestRootProjectionCallerRollbackKeepsPending (0.08s)\n","OutputType":"frame"}
{"Time":"2026-10-07T07:38:36.112665987Z","Action":"pass","Package":"github.com/Hubujiu/WeaveOS/services/bff/internal/apprecordservice","Test":"TestRootProjectionCallerRollbackKeepsPending","Elapsed":0.08}
{"Time":"2026-10-07T07:38:36.112675631Z","Action":"run","Package":"github.com/Hubujiu/WeaveOS/services/bff/internal/apprecordservice","Test":"TestRootProjectionDuplicateDoesNotReleaseNewFence"}
{"Time":"2026-10-07T07:38:36.112678525Z","Action":"output","Package":"github.com/Hubujiu/WeaveOS/services/bff/internal/apprecordservice","Test":"TestRootProjectionDuplicateDoesNotReleaseNewFence","Output":"=== RUN   TestRootProjectionDuplicateDoesNotReleaseNewFence\n","OutputType":"frame"}
{"Time":"2026-10-07T07:38:36.187948179Z","Action":"output","Package":"github.com/Hubujiu/WeaveOS/services/bff/internal/apprecordservice","Test":"TestRootProjectionDuplicateDoesNotReleaseNewFence","Output":"--- PASS: TestRootProjectionDuplicateDoesNotReleaseNewFence (0.08s)\n","OutputType":"frame"}
{"Time":"2026-10-07T07:38:36.189681958Z","Action":"pass","Package":"github.com/Hubujiu/WeaveOS/services/bff/internal/apprecordservice","Test":"TestRootProjectionDuplicateDoesNotReleaseNewFence","Elapsed":0.08}
{"Time":"2026-10-07T07:38:36.189694426Z","Action":"run","Package":"github.com/Hubujiu/WeaveOS/services/bff/internal/apprecordservice","Test":"TestRootProjectionTransitionsPreserveTaskHistory"}
{"Time":"2026-10-07T07:38:36.189698242Z","Action":"output","Package":"github.com/Hubujiu/WeaveOS/services/bff/internal/apprecordservice","Test":"TestRootProjectionTransitionsPreserveTaskHistory","Output":"=== RUN   TestRootProjectionTransitionsPreserveTaskHistory\n","OutputType":"frame"}
{"Time":"2026-10-07T07:38:36.283457633Z","Action":"output","Package":"github.com/Hubujiu/WeaveOS/services/bff/internal/apprecordservice","Test":"TestRootProjectionTransitionsPreserveTaskHistory","Output":"--- PASS: TestRootProjectionTransitionsPreserveTaskHistory (0.10s)\n","OutputType":"frame"}
{"Time":"2026-10-07T07:38:36.283498365Z","Action":"pass","Package":"github.com/Hubujiu/WeaveOS/services/bff/internal/apprecordservice","Test":"TestRootProjectionTransitionsPreserveTaskHistory","Elapsed":0.1}
{"Time":"2026-10-07T07:38:36.283562271Z","Action":"run","Package":"github.com/Hubujiu/WeaveOS/services/bff/internal/apprecordservice","Test":"TestRootProjectionTerminalActionsRemoveOnlyActiveTasks"}
{"Time":"2026-10-07T07:38:36.283569812Z","Action":"output","Package":"github.com/Hubujiu/WeaveOS/services/bff/internal/apprecordservice","Test":"TestRootProjectionTerminalActionsRemoveOnlyActiveTasks","Output":"=== RUN   TestRootProjectionTerminalActionsRemoveOnlyActiveTasks\n","OutputType":"frame"}
{"Time":"2026-10-07T07:38:36.28357481Z","Action":"run","Package":"github.com/Hubujiu/WeaveOS/services/bff/internal/apprecordservice","Test":"TestRootProjectionTerminalActionsRemoveOnlyActiveTasks/agree"}
{"Time":"2026-10-07T07:38:36.283576442Z","Action":"output","Package":"github.com/Hubujiu/WeaveOS/services/bff/internal/apprecordservice","Test":"TestRootProjectionTerminalActionsRemoveOnlyActiveTasks/agree","Output":"=== RUN   TestRootProjectionTerminalActionsRemoveOnlyActiveTasks/agree\n","OutputType":"frame"}
{"Time":"2026-10-07T07:38:36.366867306Z","Action":"output","Package":"github.com/Hubujiu/WeaveOS/services/bff/internal/apprecordservice","Test":"TestRootProjectionTerminalActionsRemoveOnlyActiveTasks/agree","Output":"--- PASS: TestRootProjectionTerminalActionsRemoveOnlyActiveTasks/agree (0.08s)\n","OutputType":"frame"}
{"Time":"2026-10-07T07:38:36.366919775Z","Action":"pass","Package":"github.com/Hubujiu/WeaveOS/services/bff/internal/apprecordservice","Test":"TestRootProjectionTerminalActionsRemoveOnlyActiveTasks/agree","Elapsed":0.08}
{"Time":"2026-10-07T07:38:36.366926024Z","Action":"run","Package":"github.com/Hubujiu/WeaveOS/services/bff/internal/apprecordservice","Test":"TestRootProjectionTerminalActionsRemoveOnlyActiveTasks/reject"}
{"Time":"2026-10-07T07:38:36.366928728Z","Action":"output","Package":"github.com/Hubujiu/WeaveOS/services/bff/internal/apprecordservice","Test":"TestRootProjectionTerminalActionsRemoveOnlyActiveTasks/reject","Output":"=== RUN   TestRootProjectionTerminalActionsRemoveOnlyActiveTasks/reject\n","OutputType":"frame"}
{"Time":"2026-10-07T07:38:36.45380389Z","Action":"output","Package":"github.com/Hubujiu/WeaveOS/services/bff/internal/apprecordservice","Test":"TestRootProjectionTerminalActionsRemoveOnlyActiveTasks/reject","Output":"--- PASS: TestRootProjectionTerminalActionsRemoveOnlyActiveTasks/reject (0.09s)\n","OutputType":"frame"}
{"Time":"2026-10-07T07:38:36.453847476Z","Action":"pass","Package":"github.com/Hubujiu/WeaveOS/services/bff/internal/apprecordservice","Test":"TestRootProjectionTerminalActionsRemoveOnlyActiveTasks/reject","Elapsed":0.09}
{"Time":"2026-10-07T07:38:36.453857611Z","Action":"run","Package":"github.com/Hubujiu/WeaveOS/services/bff/internal/apprecordservice","Test":"TestRootProjectionTerminalActionsRemoveOnlyActiveTasks/withdraw"}
{"Time":"2026-10-07T07:38:36.453861487Z","Action":"output","Package":"github.com/Hubujiu/WeaveOS/services/bff/internal/apprecordservice","Test":"TestRootProjectionTerminalActionsRemoveOnlyActiveTasks/withdraw","Output":"=== RUN   TestRootProjectionTerminalActionsRemoveOnlyActiveTasks/withdraw\n","OutputType":"frame"}
{"Time":"2026-10-07T07:38:36.536462807Z","Action":"output","Package":"github.com/Hubujiu/WeaveOS/services/bff/internal/apprecordservice","Test":"TestRootProjectionTerminalActionsRemoveOnlyActiveTasks/withdraw","Output":"--- PASS: TestRootProjectionTerminalActionsRemoveOnlyActiveTasks/withdraw (0.08s)\n","OutputType":"frame"}
{"Time":"2026-10-07T07:38:36.536507925Z","Action":"pass","Package":"github.com/Hubujiu/WeaveOS/services/bff/internal/apprecordservice","Test":"TestRootProjectionTerminalActionsRemoveOnlyActiveTasks/withdraw","Elapsed":0.08}
{"Time":"2026-10-07T07:38:36.536514615Z","Action":"output","Package":"github.com/Hubujiu/WeaveOS/services/bff/internal/apprecordservice","Test":"TestRootProjectionTerminalActionsRemoveOnlyActiveTasks","Output":"--- PASS: TestRootProjectionTerminalActionsRemoveOnlyActiveTasks (0.25s)\n","OutputType":"frame"}
{"Time":"2026-10-07T07:38:36.53651755Z","Action":"pass","Package":"github.com/Hubujiu/WeaveOS/services/bff/internal/apprecordservice","Test":"TestRootProjectionTerminalActionsRemoveOnlyActiveTasks","Elapsed":0.25}
{"Time":"2026-10-07T07:38:36.536520044Z","Action":"run","Package":"github.com/Hubujiu/WeaveOS/services/bff/internal/apprecordservice","Test":"TestRootProjectionConfirmedNoEffectLeavesActiveState"}
{"Time":"2026-10-07T07:38:36.536526073Z","Action":"output","Package":"github.com/Hubujiu/WeaveOS/services/bff/internal/apprecordservice","Test":"TestRootProjectionConfirmedNoEffectLeavesActiveState","Output":"=== RUN   TestRootProjectionConfirmedNoEffectLeavesActiveState\n","OutputType":"frame"}
{"Time":"2026-10-07T07:38:36.625547173Z","Action":"output","Package":"github.com/Hubujiu/WeaveOS/services/bff/internal/apprecordservice","Test":"TestRootProjectionConfirmedNoEffectLeavesActiveState","Output":"--- PASS: TestRootProjectionConfirmedNoEffectLeavesActiveState (0.09s)\n","OutputType":"frame"}
{"Time":"2026-10-07T07:38:36.625585881Z","Action":"pass","Package":"github.com/Hubujiu/WeaveOS/services/bff/internal/apprecordservice","Test":"TestRootProjectionConfirmedNoEffectLeavesActiveState","Elapsed":0.09}
{"Time":"2026-10-07T07:38:36.625596407Z","Action":"run","Package":"github.com/Hubujiu/WeaveOS/services/bff/internal/apprecordservice","Test":"TestRootProjectionCancelledStartDrainsReservation"}
{"Time":"2026-10-07T07:38:36.625599041Z","Action":"output","Package":"github.com/Hubujiu/WeaveOS/services/bff/internal/apprecordservice","Test":"TestRootProjectionCancelledStartDrainsReservation","Output":"=== RUN   TestRootProjectionCancelledStartDrainsReservation\n","OutputType":"frame"}
{"Time":"2026-10-07T07:38:36.701749555Z","Action":"output","Package":"github.com/Hubujiu/WeaveOS/services/bff/internal/apprecordservice","Test":"TestRootProjectionCancelledStartDrainsReservation","Output":"--- PASS: TestRootProjectionCancelledStartDrainsReservation (0.08s)\n","OutputType":"frame"}
{"Time":"2026-10-07T07:38:36.701816296Z","Action":"pass","Package":"github.com/Hubujiu/WeaveOS/services/bff/internal/apprecordservice","Test":"TestRootProjectionCancelledStartDrainsReservation","Elapsed":0.08}
{"Time":"2026-10-07T07:38:36.70182616Z","Action":"run","Package":"github.com/Hubujiu/WeaveOS/services/bff/internal/apprecordservice","Test":"TestRootProjectionReturnCreatesNewActivation"}
{"Time":"2026-10-07T07:38:36.701829115Z","Action":"output","Package":"github.com/Hubujiu/WeaveOS/services/bff/internal/apprecordservice","Test":"TestRootProjectionReturnCreatesNewActivation","Output":"=== RUN   TestRootProjectionReturnCreatesNewActivation\n","OutputType":"frame"}
{"Time":"2026-10-07T07:38:36.783268602Z","Action":"output","Package":"github.com/Hubujiu/WeaveOS/services/bff/internal/apprecordservice","Test":"TestRootProjectionReturnCreatesNewActivation","Output":"--- PASS: TestRootProjectionReturnCreatesNewActivation (0.08s)\n","OutputType":"frame"}
{"Time":"2026-10-07T07:38:36.783312318Z","Action":"pass","Package":"github.com/Hubujiu/WeaveOS/services/bff/internal/apprecordservice","Test":"TestRootProjectionReturnCreatesNewActivation","Elapsed":0.08}
{"Time":"2026-10-07T07:38:36.783318477Z","Action":"run","Package":"github.com/Hubujiu/WeaveOS/services/bff/internal/apprecordservice","Test":"TestRootProjectionHistoricalReturnBindsTarget"}
{"Time":"2026-10-07T07:38:36.783321101Z","Action":"output","Package":"github.com/Hubujiu/WeaveOS/services/bff/internal/apprecordservice","Test":"TestRootProjectionHistoricalReturnBindsTarget","Output":"=== RUN   TestRootProjectionHistoricalReturnBindsTarget\n","OutputType":"frame"}
{"Time":"2026-10-07T07:38:36.869476545Z","Action":"output","Package":"github.com/Hubujiu/WeaveOS/services/bff/internal/apprecordservice","Test":"TestRootProjectionHistoricalReturnBindsTarget","Output":"--- PASS: TestRootProjectionHistoricalReturnBindsTarget (0.09s)\n","OutputType":"frame"}
{"Time":"2026-10-07T07:38:36.869528263Z","Action":"pass","Package":"github.com/Hubujiu/WeaveOS/services/bff/internal/apprecordservice","Test":"TestRootProjectionHistoricalReturnBindsTarget","Elapsed":0.09}
{"Time":"2026-10-07T07:38:36.869534863Z","Action":"run","Package":"github.com/Hubujiu/WeaveOS/services/bff/internal/apprecordservice","Test":"TestRootProjectionNoEffectUnknownStartCannotHideExistingEngine"}
{"Time":"2026-10-07T07:38:36.869540572Z","Action":"output","Package":"github.com/Hubujiu/WeaveOS/services/bff/internal/apprecordservice","Test":"TestRootProjectionNoEffectUnknownStartCannotHideExistingEngine","Output":"=== RUN   TestRootProjectionNoEffectUnknownStartCannotHideExistingEngine\n","OutputType":"frame"}
{"Time":"2026-10-07T07:38:36.938638549Z","Action":"output","Package":"github.com/Hubujiu/WeaveOS/services/bff/internal/apprecordservice","Test":"TestRootProjectionNoEffectUnknownStartCannotHideExistingEngine","Output":"--- PASS: TestRootProjectionNoEffectUnknownStartCannotHideExistingEngine (0.07s)\n","OutputType":"frame"}
{"Time":"2026-10-07T07:38:36.938674142Z","Action":"pass","Package":"github.com/Hubujiu/WeaveOS/services/bff/internal/apprecordservice","Test":"TestRootProjectionNoEffectUnknownStartCannotHideExistingEngine","Elapsed":0.07}
{"Time":"2026-10-07T07:38:36.938683036Z","Action":"run","Package":"github.com/Hubujiu/WeaveOS/services/bff/internal/apprecordservice","Test":"TestRootProjectionInvalidBindingsNeverWrite"}
{"Time":"2026-10-07T07:38:36.93868559Z","Action":"output","Package":"github.com/Hubujiu/WeaveOS/services/bff/internal/apprecordservice","Test":"TestRootProjectionInvalidBindingsNeverWrite","Output":"=== RUN   TestRootProjectionInvalidBindingsNeverWrite\n","OutputType":"frame"}
{"Time":"2026-10-07T07:38:36.938692049Z","Action":"run","Package":"github.com/Hubujiu/WeaveOS/services/bff/internal/apprecordservice","Test":"TestRootProjectionInvalidBindingsNeverWrite/payload"}
{"Time":"2026-10-07T07:38:36.938694243Z","Action":"output","Package":"github.com/Hubujiu/WeaveOS/services/bff/internal/apprecordservice","Test":"TestRootProjectionInvalidBindingsNeverWrite/payload","Output":"=== RUN   TestRootProjectionInvalidBindingsNeverWrite/payload\n","OutputType":"frame"}
{"Time":"2026-10-07T07:38:37.01751155Z","Action":"output","Package":"github.com/Hubujiu/WeaveOS/services/bff/internal/apprecordservice","Test":"TestRootProjectionInvalidBindingsNeverWrite/payload","Output":"--- PASS: TestRootProjectionInvalidBindingsNeverWrite/payload (0.08s)\n","OutputType":"frame"}
{"Time":"2026-10-07T07:38:37.017548906Z","Action":"pass","Package":"github.com/Hubujiu/WeaveOS/services/bff/internal/apprecordservice","Test":"TestRootProjectionInvalidBindingsNeverWrite/payload","Elapsed":0.08}
{"Time":"2026-10-07T07:38:37.01755816Z","Action":"run","Package":"github.com/Hubujiu/WeaveOS/services/bff/internal/apprecordservice","Test":"TestRootProjectionInvalidBindingsNeverWrite/body"}
{"Time":"2026-10-07T07:38:37.017560543Z","Action":"output","Package":"github.com/Hubujiu/WeaveOS/services/bff/internal/apprecordservice","Test":"TestRootProjectionInvalidBindingsNeverWrite/body","Output":"=== RUN   TestRootProjectionInvalidBindingsNeverWrite/body\n","OutputType":"frame"}
{"Time":"2026-10-07T07:38:37.101958528Z","Action":"output","Package":"github.com/Hubujiu/WeaveOS/services/bff/internal/apprecordservice","Test":"TestRootProjectionInvalidBindingsNeverWrite/body","Output":"--- PASS: TestRootProjectionInvalidBindingsNeverWrite/body (0.09s)\n","OutputType":"frame"}
{"Time":"2026-10-07T07:38:37.102031658Z","Action":"pass","Package":"github.com/Hubujiu/WeaveOS/services/bff/internal/apprecordservice","Test":"TestRootProjectionInvalidBindingsNeverWrite/body","Elapsed":0.09}
{"Time":"2026-10-07T07:38:37.102076476Z","Action":"run","Package":"github.com/Hubujiu/WeaveOS/services/bff/internal/apprecordservice","Test":"TestRootProjectionInvalidBindingsNeverWrite/receipt"}
{"Time":"2026-10-07T07:38:37.10207905Z","Action":"output","Package":"github.com/Hubujiu/WeaveOS/services/bff/internal/apprecordservice","Test":"TestRootProjectionInvalidBindingsNeverWrite/receipt","Output":"=== RUN   TestRootProjectionInvalidBindingsNeverWrite/receipt\n","OutputType":"frame"}
{"Time":"2026-10-07T07:38:37.187977041Z","Action":"output","Package":"github.com/Hubujiu/WeaveOS/services/bff/internal/apprecordservice","Test":"TestRootProjectionInvalidBindingsNeverWrite/receipt","Output":"--- PASS: TestRootProjectionInvalidBindingsNeverWrite/receipt (0.09s)\n","OutputType":"frame"}
{"Time":"2026-10-07T07:38:37.188020006Z","Action":"pass","Package":"github.com/Hubujiu/WeaveOS/services/bff/internal/apprecordservice","Test":"TestRootProjectionInvalidBindingsNeverWrite/receipt","Elapsed":0.09}
{"Time":"2026-10-07T07:38:37.188028288Z","Action":"run","Package":"github.com/Hubujiu/WeaveOS/services/bff/internal/apprecordservice","Test":"TestRootProjectionInvalidBindingsNeverWrite/instance"}
{"Time":"2026-10-07T07:38:37.188051744Z","Action":"output","Package":"github.com/Hubujiu/WeaveOS/services/bff/internal/apprecordservice","Test":"TestRootProjectionInvalidBindingsNeverWrite/instance","Output":"=== RUN   TestRootProjectionInvalidBindingsNeverWrite/instance\n","OutputType":"frame"}
{"Time":"2026-10-07T07:38:37.276001347Z","Action":"output","Package":"github.com/Hubujiu/WeaveOS/services/bff/internal/apprecordservice","Test":"TestRootProjectionInvalidBindingsNeverWrite/instance","Output":"--- PASS: TestRootProjectionInvalidBindingsNeverWrite/instance (0.09s)\n","OutputType":"frame"}
{"Time":"2026-10-07T07:38:37.276061708Z","Action":"pass","Package":"github.com/Hubujiu/WeaveOS/services/bff/internal/apprecordservice","Test":"TestRootProjectionInvalidBindingsNeverWrite/instance","Elapsed":0.09}
{"Time":"2026-10-07T07:38:37.276067937Z","Action":"run","Package":"github.com/Hubujiu/WeaveOS/services/bff/internal/apprecordservice","Test":"TestRootProjectionInvalidBindingsNeverWrite/sequence"}
{"Time":"2026-10-07T07:38:37.276080977Z","Action":"output","Package":"github.com/Hubujiu/WeaveOS/services/bff/internal/apprecordservice","Test":"TestRootProjectionInvalidBindingsNeverWrite/sequence","Output":"=== RUN   TestRootProjectionInvalidBindingsNeverWrite/sequence\n","OutputType":"frame"}
{"Time":"2026-10-07T07:38:37.351054816Z","Action":"output","Package":"github.com/Hubujiu/WeaveOS/services/bff/internal/apprecordservice","Test":"TestRootProjectionInvalidBindingsNeverWrite/sequence","Output":"--- PASS: TestRootProjectionInvalidBindingsNeverWrite/sequence (0.07s)\n","OutputType":"frame"}
{"Time":"2026-10-07T07:38:37.351092833Z","Action":"pass","Package":"github.com/Hubujiu/WeaveOS/services/bff/internal/apprecordservice","Test":"TestRootProjectionInvalidBindingsNeverWrite/sequence","Elapsed":0.07}
{"Time":"2026-10-07T07:38:37.351099573Z","Action":"run","Package":"github.com/Hubujiu/WeaveOS/services/bff/internal/apprecordservice","Test":"TestRootProjectionInvalidBindingsNeverWrite/schema"}
{"Time":"2026-10-07T07:38:37.351101726Z","Action":"output","Package":"github.com/Hubujiu/WeaveOS/services/bff/internal/apprecordservice","Test":"TestRootProjectionInvalidBindingsNeverWrite/schema","Output":"=== RUN   TestRootProjectionInvalidBindingsNeverWrite/schema\n","OutputType":"frame"}
{"Time":"2026-10-07T07:38:37.431773063Z","Action":"output","Package":"github.com/Hubujiu/WeaveOS/services/bff/internal/apprecordservice","Test":"TestRootProjectionInvalidBindingsNeverWrite/schema","Output":"--- PASS: TestRootProjectionInvalidBindingsNeverWrite/schema (0.08s)\n","OutputType":"frame"}
{"Time":"2026-10-07T07:38:37.431922438Z","Action":"pass","Package":"github.com/Hubujiu/WeaveOS/services/bff/internal/apprecordservice","Test":"TestRootProjectionInvalidBindingsNeverWrite/schema","Elapsed":0.08}
{"Time":"2026-10-07T07:38:37.432020796Z","Action":"run","Package":"github.com/Hubujiu/WeaveOS/services/bff/internal/apprecordservice","Test":"TestRootProjectionInvalidBindingsNeverWrite/record"}
{"Time":"2026-10-07T07:38:37.432055548Z","Action":"output","Package":"github.com/Hubujiu/WeaveOS/services/bff/internal/apprecordservice","Test":"TestRootProjectionInvalidBindingsNeverWrite/record","Output":"=== RUN   TestRootProjectionInvalidBindingsNeverWrite/record\n","OutputType":"frame"}
{"Time":"2026-10-07T07:38:37.52973326Z","Action":"output","Package":"github.com/Hubujiu/WeaveOS/services/bff/internal/apprecordservice","Test":"TestRootProjectionInvalidBindingsNeverWrite/record","Output":"--- PASS: TestRootProjectionInvalidBindingsNeverWrite/record (0.10s)\n","OutputType":"frame"}
{"Time":"2026-10-07T07:38:37.529802984Z","Action":"pass","Package":"github.com/Hubujiu/WeaveOS/services/bff/internal/apprecordservice","Test":"TestRootProjectionInvalidBindingsNeverWrite/record","Elapsed":0.1}
{"Time":"2026-10-07T07:38:37.52981304Z","Action":"run","Package":"github.com/Hubujiu/WeaveOS/services/bff/internal/apprecordservice","Test":"TestRootProjectionInvalidBindingsNeverWrite/action_state"}
{"Time":"2026-10-07T07:38:37.529816755Z","Action":"output","Package":"github.com/Hubujiu/WeaveOS/services/bff/internal/apprecordservice","Test":"TestRootProjectionInvalidBindingsNeverWrite/action_state","Output":"=== RUN   TestRootProjectionInvalidBindingsNeverWrite/action_state\n","OutputType":"frame"}
{"Time":"2026-10-07T07:38:37.625573325Z","Action":"output","Package":"github.com/Hubujiu/WeaveOS/services/bff/internal/apprecordservice","Test":"TestRootProjectionInvalidBindingsNeverWrite/action_state","Output":"--- PASS: TestRootProjectionInvalidBindingsNeverWrite/action_state (0.10s)\n","OutputType":"frame"}
{"Time":"2026-10-07T07:38:37.625870843Z","Action":"pass","Package":"github.com/Hubujiu/WeaveOS/services/bff/internal/apprecordservice","Test":"TestRootProjectionInvalidBindingsNeverWrite/action_state","Elapsed":0.1}
{"Time":"2026-10-07T07:38:37.625889922Z","Action":"run","Package":"github.com/Hubujiu/WeaveOS/services/bff/internal/apprecordservice","Test":"TestRootProjectionInvalidBindingsNeverWrite/process"}
{"Time":"2026-10-07T07:38:37.625893637Z","Action":"output","Package":"github.com/Hubujiu/WeaveOS/services/bff/internal/apprecordservice","Test":"TestRootProjectionInvalidBindingsNeverWrite/process","Output":"=== RUN   TestRootProjectionInvalidBindingsNeverWrite/process\n","OutputType":"frame"}
{"Time":"2026-10-07T07:38:37.707622186Z","Action":"output","Package":"github.com/Hubujiu/WeaveOS/services/bff/internal/apprecordservice","Test":"TestRootProjectionInvalidBindingsNeverWrite/process","Output":"--- PASS: TestRootProjectionInvalidBindingsNeverWrite/process (0.08s)\n","OutputType":"frame"}
{"Time":"2026-10-07T07:38:37.707670448Z","Action":"pass","Package":"github.com/Hubujiu/WeaveOS/services/bff/internal/apprecordservice","Test":"TestRootProjectionInvalidBindingsNeverWrite/process","Elapsed":0.08}
{"Time":"2026-10-07T07:38:37.707809738Z","Action":"output","Package":"github.com/Hubujiu/WeaveOS/services/bff/internal/apprecordservice","Test":"TestRootProjectionInvalidBindingsNeverWrite","Output":"--- PASS: TestRootProjectionInvalidBindingsNeverWrite (0.77s)\n","OutputType":"frame"}
{"Time":"2026-10-07T07:38:37.707815256Z","Action":"pass","Package":"github.com/Hubujiu/WeaveOS/services/bff/internal/apprecordservice","Test":"TestRootProjectionInvalidBindingsNeverWrite","Elapsed":0.77}
{"Time":"2026-10-07T07:38:37.70797039Z","Action":"run","Package":"github.com/Hubujiu/WeaveOS/services/bff/internal/apprecordservice","Test":"TestRootProjectionFailureSavepointPreventsPartialCommit"}
{"Time":"2026-10-07T07:38:37.707976679Z","Action":"output","Package":"github.com/Hubujiu/WeaveOS/services/bff/internal/apprecordservice","Test":"TestRootProjectionFailureSavepointPreventsPartialCommit","Output":"=== RUN   TestRootProjectionFailureSavepointPreventsPartialCommit\n","OutputType":"frame"}
{"Time":"2026-10-07T07:38:37.707981827Z","Action":"run","Package":"github.com/Hubujiu/WeaveOS/services/bff/internal/apprecordservice","Test":"TestRootProjectionFailureSavepointPreventsPartialCommit/event"}
{"Time":"2026-10-07T07:38:37.707984461Z","Action":"output","Package":"github.com/Hubujiu/WeaveOS/services/bff/internal/apprecordservice","Test":"TestRootProjectionFailureSavepointPreventsPartialCommit/event","Output":"=== RUN   TestRootProjectionFailureSavepointPreventsPartialCommit/event\n","OutputType":"frame"}
{"Time":"2026-10-07T07:38:37.782541237Z","Action":"output","Package":"github.com/Hubujiu/WeaveOS/services/bff/internal/apprecordservice","Test":"TestRootProjectionFailureSavepointPreventsPartialCommit/event","Output":"--- PASS: TestRootProjectionFailureSavepointPreventsPartialCommit/event (0.07s)\n","OutputType":"frame"}
{"Time":"2026-10-07T07:38:37.782579224Z","Action":"pass","Package":"github.com/Hubujiu/WeaveOS/services/bff/internal/apprecordservice","Test":"TestRootProjectionFailureSavepointPreventsPartialCommit/event","Elapsed":0.07}
{"Time":"2026-10-07T07:38:37.782587977Z","Action":"run","Package":"github.com/Hubujiu/WeaveOS/services/bff/internal/apprecordservice","Test":"TestRootProjectionFailureSavepointPreventsPartialCommit/task"}
{"Time":"2026-10-07T07:38:37.782591823Z","Action":"output","Package":"github.com/Hubujiu/WeaveOS/services/bff/internal/apprecordservice","Test":"TestRootProjectionFailureSavepointPreventsPartialCommit/task","Output":"=== RUN   TestRootProjectionFailureSavepointPreventsPartialCommit/task\n","OutputType":"frame"}
{"Time":"2026-10-07T07:38:37.865489674Z","Action":"output","Package":"github.com/Hubujiu/WeaveOS/services/bff/internal/apprecordservice","Test":"TestRootProjectionFailureSavepointPreventsPartialCommit/task","Output":"--- PASS: TestRootProjectionFailureSavepointPreventsPartialCommit/task (0.08s)\n","OutputType":"frame"}
{"Time":"2026-10-07T07:38:37.86553296Z","Action":"pass","Package":"github.com/Hubujiu/WeaveOS/services/bff/internal/apprecordservice","Test":"TestRootProjectionFailureSavepointPreventsPartialCommit/task","Elapsed":0.08}
{"Time":"2026-10-07T07:38:37.865545909Z","Action":"run","Package":"github.com/Hubujiu/WeaveOS/services/bff/internal/apprecordservice","Test":"TestRootProjectionFailureSavepointPreventsPartialCommit/instance"}
{"Time":"2026-10-07T07:38:37.865550526Z","Action":"output","Package":"github.com/Hubujiu/WeaveOS/services/bff/internal/apprecordservice","Test":"TestRootProjectionFailureSavepointPreventsPartialCommit/instance","Output":"=== RUN   TestRootProjectionFailureSavepointPreventsPartialCommit/instance\n","OutputType":"frame"}
{"Time":"2026-10-07T07:38:37.949722305Z","Action":"output","Package":"github.com/Hubujiu/WeaveOS/services/bff/internal/apprecordservice","Test":"TestRootProjectionFailureSavepointPreventsPartialCommit/instance","Output":"--- PASS: TestRootProjectionFailureSavepointPreventsPartialCommit/instance (0.08s)\n","OutputType":"frame"}
{"Time":"2026-10-07T07:38:37.949761745Z","Action":"pass","Package":"github.com/Hubujiu/WeaveOS/services/bff/internal/apprecordservice","Test":"TestRootProjectionFailureSavepointPreventsPartialCommit/instance","Elapsed":0.08}
{"Time":"2026-10-07T07:38:37.949856287Z","Action":"run","Package":"github.com/Hubujiu/WeaveOS/services/bff/internal/apprecordservice","Test":"TestRootProjectionFailureSavepointPreventsPartialCommit/ledger"}
{"Time":"2026-10-07T07:38:37.949859171Z","Action":"output","Package":"github.com/Hubujiu/WeaveOS/services/bff/internal/apprecordservice","Test":"TestRootProjectionFailureSavepointPreventsPartialCommit/ledger","Output":"=== RUN   TestRootProjectionFailureSavepointPreventsPartialCommit/ledger\n","OutputType":"frame"}
{"Time":"2026-10-07T07:38:38.024632263Z","Action":"output","Package":"github.com/Hubujiu/WeaveOS/services/bff/internal/apprecordservice","Test":"TestRootProjectionFailureSavepointPreventsPartialCommit/ledger","Output":"--- PASS: TestRootProjectionFailureSavepointPreventsPartialCommit/ledger (0.07s)\n","OutputType":"frame"}
{"Time":"2026-10-07T07:38:38.02467014Z","Action":"pass","Package":"github.com/Hubujiu/WeaveOS/services/bff/internal/apprecordservice","Test":"TestRootProjectionFailureSavepointPreventsPartialCommit/ledger","Elapsed":0.07}
{"Time":"2026-10-07T07:38:38.02467708Z","Action":"run","Package":"github.com/Hubujiu/WeaveOS/services/bff/internal/apprecordservice","Test":"TestRootProjectionFailureSavepointPreventsPartialCommit/dispatch"}
{"Time":"2026-10-07T07:38:38.024679554Z","Action":"output","Package":"github.com/Hubujiu/WeaveOS/services/bff/internal/apprecordservice","Test":"TestRootProjectionFailureSavepointPreventsPartialCommit/dispatch","Output":"=== RUN   TestRootProjectionFailureSavepointPreventsPartialCommit/dispatch\n","OutputType":"frame"}
{"Time":"2026-10-07T07:38:38.113646764Z","Action":"output","Package":"github.com/Hubujiu/WeaveOS/services/bff/internal/apprecordservice","Test":"TestRootProjectionFailureSavepointPreventsPartialCommit/dispatch","Output":"--- PASS: TestRootProjectionFailureSavepointPreventsPartialCommit/dispatch (0.09s)\n","OutputType":"frame"}
{"Time":"2026-10-07T07:38:38.113690149Z","Action":"pass","Package":"github.com/Hubujiu/WeaveOS/services/bff/internal/apprecordservice","Test":"TestRootProjectionFailureSavepointPreventsPartialCommit/dispatch","Elapsed":0.09}
{"Time":"2026-10-07T07:38:38.11369744Z","Action":"run","Package":"github.com/Hubujiu/WeaveOS/services/bff/internal/apprecordservice","Test":"TestRootProjectionFailureSavepointPreventsPartialCommit/fence"}
{"Time":"2026-10-07T07:38:38.113699453Z","Action":"output","Package":"github.com/Hubujiu/WeaveOS/services/bff/internal/apprecordservice","Test":"TestRootProjectionFailureSavepointPreventsPartialCommit/fence","Output":"=== RUN   TestRootProjectionFailureSavepointPreventsPartialCommit/fence\n","OutputType":"frame"}
{"Time":"2026-10-07T07:38:38.192609249Z","Action":"output","Package":"github.com/Hubujiu/WeaveOS/services/bff/internal/apprecordservice","Test":"TestRootProjectionFailureSavepointPreventsPartialCommit/fence","Output":"--- PASS: TestRootProjectionFailureSavepointPreventsPartialCommit/fence (0.08s)\n","OutputType":"frame"}
{"Time":"2026-10-07T07:38:38.192647497Z","Action":"pass","Package":"github.com/Hubujiu/WeaveOS/services/bff/internal/apprecordservice","Test":"TestRootProjectionFailureSavepointPreventsPartialCommit/fence","Elapsed":0.08}
{"Time":"2026-10-07T07:38:38.192660526Z","Action":"output","Package":"github.com/Hubujiu/WeaveOS/services/bff/internal/apprecordservice","Test":"TestRootProjectionFailureSavepointPreventsPartialCommit","Output":"--- PASS: TestRootProjectionFailureSavepointPreventsPartialCommit (0.48s)\n","OutputType":"frame"}
{"Time":"2026-10-07T07:38:38.192663691Z","Action":"pass","Package":"github.com/Hubujiu/WeaveOS/services/bff/internal/apprecordservice","Test":"TestRootProjectionFailureSavepointPreventsPartialCommit","Elapsed":0.48}
{"Time":"2026-10-07T07:38:38.192665764Z","Action":"run","Package":"github.com/Hubujiu/WeaveOS/services/bff/internal/apprecordservice","Test":"TestRootProjectionConcurrentExactReceiptHasOneEffect"}
{"Time":"2026-10-07T07:38:38.192667797Z","Action":"output","Package":"github.com/Hubujiu/WeaveOS/services/bff/internal/apprecordservice","Test":"TestRootProjectionConcurrentExactReceiptHasOneEffect","Output":"=== RUN   TestRootProjectionConcurrentExactReceiptHasOneEffect\n","OutputType":"frame"}
{"Time":"2026-10-07T07:38:38.273860889Z","Action":"output","Package":"github.com/Hubujiu/WeaveOS/services/bff/internal/apprecordservice","Test":"TestRootProjectionConcurrentExactReceiptHasOneEffect","Output":"--- PASS: TestRootProjectionConcurrentExactReceiptHasOneEffect (0.08s)\n","OutputType":"frame"}
{"Time":"2026-10-07T07:38:38.273895952Z","Action":"pass","Package":"github.com/Hubujiu/WeaveOS/services/bff/internal/apprecordservice","Test":"TestRootProjectionConcurrentExactReceiptHasOneEffect","Elapsed":0.08}
{"Time":"2026-10-07T07:38:38.273904305Z","Action":"run","Package":"github.com/Hubujiu/WeaveOS/services/bff/internal/apprecordservice","Test":"TestRootProjectionNilPortsAndInvalidVersion"}
{"Time":"2026-10-07T07:38:38.273907089Z","Action":"output","Package":"github.com/Hubujiu/WeaveOS/services/bff/internal/apprecordservice","Test":"TestRootProjectionNilPortsAndInvalidVersion","Output":"=== RUN   TestRootProjectionNilPortsAndInvalidVersion\n","OutputType":"frame"}
{"Time":"2026-10-07T07:38:38.336532632Z","Action":"output","Package":"github.com/Hubujiu/WeaveOS/services/bff/internal/apprecordservice","Test":"TestRootProjectionNilPortsAndInvalidVersion","Output":"--- PASS: TestRootProjectionNilPortsAndInvalidVersion (0.06s)\n","OutputType":"frame"}
{"Time":"2026-10-07T07:38:38.336568937Z","Action":"pass","Package":"github.com/Hubujiu/WeaveOS/services/bff/internal/apprecordservice","Test":"TestRootProjectionNilPortsAndInvalidVersion","Elapsed":0.06}
{"Time":"2026-10-07T07:38:38.336649668Z","Action":"run","Package":"github.com/Hubujiu/WeaveOS/services/bff/internal/apprecordservice","Test":"TestRootProjectionMissingFenceCannotPublish"}
{"Time":"2026-10-07T07:38:38.336656238Z","Action":"output","Package":"github.com/Hubujiu/WeaveOS/services/bff/internal/apprecordservice","Test":"TestRootProjectionMissingFenceCannotPublish","Output":"=== RUN   TestRootProjectionMissingFenceCannotPublish\n","OutputType":"frame"}
{"Time":"2026-10-07T07:38:38.420436858Z","Action":"output","Package":"github.com/Hubujiu/WeaveOS/services/bff/internal/apprecordservice","Test":"TestRootProjectionMissingFenceCannotPublish","Output":"--- PASS: TestRootProjectionMissingFenceCannotPublish (0.08s)\n","OutputType":"frame"}
{"Time":"2026-10-07T07:38:38.420475506Z","Action":"pass","Package":"github.com/Hubujiu/WeaveOS/services/bff/internal/apprecordservice","Test":"TestRootProjectionMissingFenceCannotPublish","Elapsed":0.08}
{"Time":"2026-10-07T07:38:38.42048451Z","Action":"run","Package":"github.com/Hubujiu/WeaveOS/services/bff/internal/apprecordservice","Test":"TestRootProjectionTaskIdentityCannotBeRewrittenOrReactivated"}
{"Time":"2026-10-07T07:38:38.420486623Z","Action":"output","Package":"github.com/Hubujiu/WeaveOS/services/bff/internal/apprecordservice","Test":"TestRootProjectionTaskIdentityCannotBeRewrittenOrReactivated","Output":"=== RUN   TestRootProjectionTaskIdentityCannotBeRewrittenOrReactivated\n","OutputType":"frame"}
{"Time":"2026-10-07T07:38:38.420489327Z","Action":"run","Package":"github.com/Hubujiu/WeaveOS/services/bff/internal/apprecordservice","Test":"TestRootProjectionTaskIdentityCannotBeRewrittenOrReactivated/assignee"}
{"Time":"2026-10-07T07:38:38.420491049Z","Action":"output","Package":"github.com/Hubujiu/WeaveOS/services/bff/internal/apprecordservice","Test":"TestRootProjectionTaskIdentityCannotBeRewrittenOrReactivated/assignee","Output":"=== RUN   TestRootProjectionTaskIdentityCannotBeRewrittenOrReactivated/assignee\n","OutputType":"frame"}
{"Time":"2026-10-07T07:38:38.51303433Z","Action":"output","Package":"github.com/Hubujiu/WeaveOS/services/bff/internal/apprecordservice","Test":"TestRootProjectionTaskIdentityCannotBeRewrittenOrReactivated/assignee","Output":"--- PASS: TestRootProjectionTaskIdentityCannotBeRewrittenOrReactivated/assignee (0.09s)\n","OutputType":"frame"}
{"Time":"2026-10-07T07:38:38.513072006Z","Action":"pass","Package":"github.com/Hubujiu/WeaveOS/services/bff/internal/apprecordservice","Test":"TestRootProjectionTaskIdentityCannotBeRewrittenOrReactivated/assignee","Elapsed":0.09}
{"Time":"2026-10-07T07:38:38.513078636Z","Action":"run","Package":"github.com/Hubujiu/WeaveOS/services/bff/internal/apprecordservice","Test":"TestRootProjectionTaskIdentityCannotBeRewrittenOrReactivated/engine"}
{"Time":"2026-10-07T07:38:38.51308098Z","Action":"output","Package":"github.com/Hubujiu/WeaveOS/services/bff/internal/apprecordservice","Test":"TestRootProjectionTaskIdentityCannotBeRewrittenOrReactivated/engine","Output":"=== RUN   TestRootProjectionTaskIdentityCannotBeRewrittenOrReactivated/engine\n","OutputType":"frame"}
{"Time":"2026-10-07T07:38:38.60541179Z","Action":"output","Package":"github.com/Hubujiu/WeaveOS/services/bff/internal/apprecordservice","Test":"TestRootProjectionTaskIdentityCannotBeRewrittenOrReactivated/engine","Output":"--- PASS: TestRootProjectionTaskIdentityCannotBeRewrittenOrReactivated/engine (0.09s)\n","OutputType":"frame"}
{"Time":"2026-10-07T07:38:38.605450388Z","Action":"pass","Package":"github.com/Hubujiu/WeaveOS/services/bff/internal/apprecordservice","Test":"TestRootProjectionTaskIdentityCannotBeRewrittenOrReactivated/engine","Elapsed":0.09}
{"Time":"2026-10-07T07:38:38.605523288Z","Action":"run","Package":"github.com/Hubujiu/WeaveOS/services/bff/internal/apprecordservice","Test":"TestRootProjectionTaskIdentityCannotBeRewrittenOrReactivated/epoch"}
{"Time":"2026-10-07T07:38:38.605525571Z","Action":"output","Package":"github.com/Hubujiu/WeaveOS/services/bff/internal/apprecordservice","Test":"TestRootProjectionTaskIdentityCannotBeRewrittenOrReactivated/epoch","Output":"=== RUN   TestRootProjectionTaskIdentityCannotBeRewrittenOrReactivated/epoch\n","OutputType":"frame"}
{"Time":"2026-10-07T07:38:38.701278747Z","Action":"output","Package":"github.com/Hubujiu/WeaveOS/services/bff/internal/apprecordservice","Test":"TestRootProjectionTaskIdentityCannotBeRewrittenOrReactivated/epoch","Output":"--- PASS: TestRootProjectionTaskIdentityCannotBeRewrittenOrReactivated/epoch (0.10s)\n","OutputType":"frame"}
{"Time":"2026-10-07T07:38:38.701325047Z","Action":"pass","Package":"github.com/Hubujiu/WeaveOS/services/bff/internal/apprecordservice","Test":"TestRootProjectionTaskIdentityCannotBeRewrittenOrReactivated/epoch","Elapsed":0.1}
{"Time":"2026-10-07T07:38:38.701334381Z","Action":"run","Package":"github.com/Hubujiu/WeaveOS/services/bff/internal/apprecordservice","Test":"TestRootProjectionTaskIdentityCannotBeRewrittenOrReactivated/reactivate"}
{"Time":"2026-10-07T07:38:38.701336404Z","Action":"output","Package":"github.com/Hubujiu/WeaveOS/services/bff/internal/apprecordservice","Test":"TestRootProjectionTaskIdentityCannotBeRewrittenOrReactivated/reactivate","Output":"=== RUN   TestRootProjectionTaskIdentityCannotBeRewrittenOrReactivated/reactivate\n","OutputType":"frame"}
{"Time":"2026-10-07T07:38:38.792588137Z","Action":"output","Package":"github.com/Hubujiu/WeaveOS/services/bff/internal/apprecordservice","Test":"TestRootProjectionTaskIdentityCannotBeRewrittenOrReactivated/reactivate","Output":"--- PASS: TestRootProjectionTaskIdentityCannotBeRewrittenOrReactivated/reactivate (0.09s)\n","OutputType":"frame"}
{"Time":"2026-10-07T07:38:38.792630631Z","Action":"pass","Package":"github.com/Hubujiu/WeaveOS/services/bff/internal/apprecordservice","Test":"TestRootProjectionTaskIdentityCannotBeRewrittenOrReactivated/reactivate","Elapsed":0.09}
{"Time":"2026-10-07T07:38:38.792641317Z","Action":"run","Package":"github.com/Hubujiu/WeaveOS/services/bff/internal/apprecordservice","Test":"TestRootProjectionTaskIdentityCannotBeRewrittenOrReactivated/foreign_node"}
{"Time":"2026-10-07T07:38:38.792644692Z","Action":"output","Package":"github.com/Hubujiu/WeaveOS/services/bff/internal/apprecordservice","Test":"TestRootProjectionTaskIdentityCannotBeRewrittenOrReactivated/foreign_node","Output":"=== RUN   TestRootProjectionTaskIdentityCannotBeRewrittenOrReactivated/foreign_node\n","OutputType":"frame"}
{"Time":"2026-10-07T07:38:38.875248877Z","Action":"output","Package":"github.com/Hubujiu/WeaveOS/services/bff/internal/apprecordservice","Test":"TestRootProjectionTaskIdentityCannotBeRewrittenOrReactivated/foreign_node","Output":"--- PASS: TestRootProjectionTaskIdentityCannotBeRewrittenOrReactivated/foreign_node (0.08s)\n","OutputType":"frame"}
{"Time":"2026-10-07T07:38:38.875286383Z","Action":"pass","Package":"github.com/Hubujiu/WeaveOS/services/bff/internal/apprecordservice","Test":"TestRootProjectionTaskIdentityCannotBeRewrittenOrReactivated/foreign_node","Elapsed":0.08}
{"Time":"2026-10-07T07:38:38.875336188Z","Action":"output","Package":"github.com/Hubujiu/WeaveOS/services/bff/internal/apprecordservice","Test":"TestRootProjectionTaskIdentityCannotBeRewrittenOrReactivated","Output":"--- PASS: TestRootProjectionTaskIdentityCannotBeRewrittenOrReactivated (0.45s)\n","OutputType":"frame"}
{"Time":"2026-10-07T07:38:38.875406103Z","Action":"pass","Package":"github.com/Hubujiu/WeaveOS/services/bff/internal/apprecordservice","Test":"TestRootProjectionTaskIdentityCannotBeRewrittenOrReactivated","Elapsed":0.45}
{"Time":"2026-10-07T07:38:38.875427175Z","Action":"run","Package":"github.com/Hubujiu/WeaveOS/services/bff/internal/apprecordservice","Test":"TestRootProjectionIndependentFlowsKeepSeparateResults"}
{"Time":"2026-10-07T07:38:38.875429559Z","Action":"output","Package":"github.com/Hubujiu/WeaveOS/services/bff/internal/apprecordservice","Test":"TestRootProjectionIndependentFlowsKeepSeparateResults","Output":"=== RUN   TestRootProjectionIndependentFlowsKeepSeparateResults\n","OutputType":"frame"}
{"Time":"2026-10-07T07:38:38.9684448Z","Action":"output","Package":"github.com/Hubujiu/WeaveOS/services/bff/internal/apprecordservice","Test":"TestRootProjectionIndependentFlowsKeepSeparateResults","Output":"--- PASS: TestRootProjectionIndependentFlowsKeepSeparateResults (0.09s)\n","OutputType":"frame"}
{"Time":"2026-10-07T07:38:38.96848491Z","Action":"pass","Package":"github.com/Hubujiu/WeaveOS/services/bff/internal/apprecordservice","Test":"TestRootProjectionIndependentFlowsKeepSeparateResults","Elapsed":0.09}
{"Time":"2026-10-07T07:38:38.968493833Z","Action":"run","Package":"github.com/Hubujiu/WeaveOS/services/bff/internal/apprecordservice","Test":"TestRootProjectionRuntimeEventsAreAppendOnly"}
{"Time":"2026-10-07T07:38:38.968496728Z","Action":"output","Package":"github.com/Hubujiu/WeaveOS/services/bff/internal/apprecordservice","Test":"TestRootProjectionRuntimeEventsAreAppendOnly","Output":"=== RUN   TestRootProjectionRuntimeEventsAreAppendOnly\n","OutputType":"frame"}
{"Time":"2026-10-07T07:38:39.025463376Z","Action":"output","Package":"github.com/Hubujiu/WeaveOS/services/bff/internal/apprecordservice","Test":"TestRootProjectionRuntimeEventsAreAppendOnly","Output":"--- PASS: TestRootProjectionRuntimeEventsAreAppendOnly (0.06s)\n","OutputType":"frame"}
{"Time":"2026-10-07T07:38:39.025500231Z","Action":"pass","Package":"github.com/Hubujiu/WeaveOS/services/bff/internal/apprecordservice","Test":"TestRootProjectionRuntimeEventsAreAppendOnly","Elapsed":0.06}
{"Time":"2026-10-07T07:38:39.025508253Z","Action":"run","Package":"github.com/Hubujiu/WeaveOS/services/bff/internal/apprecordservice","Test":"TestRootProjectionAssigneeMustBelongToVersionNode"}
{"Time":"2026-10-07T07:38:39.025510837Z","Action":"output","Package":"github.com/Hubujiu/WeaveOS/services/bff/internal/apprecordservice","Test":"TestRootProjectionAssigneeMustBelongToVersionNode","Output":"=== RUN   TestRootProjectionAssigneeMustBelongToVersionNode\n","OutputType":"frame"}
{"Time":"2026-10-07T07:38:39.089659648Z","Action":"output","Package":"github.com/Hubujiu/WeaveOS/services/bff/internal/apprecordservice","Test":"TestRootProjectionAssigneeMustBelongToVersionNode","Output":"--- PASS: TestRootProjectionAssigneeMustBelongToVersionNode (0.06s)\n","OutputType":"frame"}
{"Time":"2026-10-07T07:38:39.08969477Z","Action":"pass","Package":"github.com/Hubujiu/WeaveOS/services/bff/internal/apprecordservice","Test":"TestRootProjectionAssigneeMustBelongToVersionNode","Elapsed":0.06}
{"Time":"2026-10-07T07:38:39.089702252Z","Action":"run","Package":"github.com/Hubujiu/WeaveOS/services/bff/internal/apprecordservice","Test":"TestRootProjectionForeignInstanceDoesNotAcquireItsLock"}
{"Time":"2026-10-07T07:38:39.089704215Z","Action":"output","Package":"github.com/Hubujiu/WeaveOS/services/bff/internal/apprecordservice","Test":"TestRootProjectionForeignInstanceDoesNotAcquireItsLock","Output":"=== RUN   TestRootProjectionForeignInstanceDoesNotAcquireItsLock\n","OutputType":"frame"}
{"Time":"2026-10-07T07:38:39.228354368Z","Action":"output","Package":"github.com/Hubujiu/WeaveOS/services/bff/internal/apprecordservice","Test":"TestRootProjectionForeignInstanceDoesNotAcquireItsLock","Output":"--- PASS: TestRootProjectionForeignInstanceDoesNotAcquireItsLock (0.14s)\n","OutputType":"frame"}
{"Time":"2026-10-07T07:38:39.228392715Z","Action":"pass","Package":"github.com/Hubujiu/WeaveOS/services/bff/internal/apprecordservice","Test":"TestRootProjectionForeignInstanceDoesNotAcquireItsLock","Elapsed":0.14}
{"Time":"2026-10-07T07:38:39.228400878Z","Action":"run","Package":"github.com/Hubujiu/WeaveOS/services/bff/internal/apprecordservice","Test":"TestRootProjectionVisitedNodeHasScopedIndex"}
{"Time":"2026-10-07T07:38:39.228403702Z","Action":"output","Package":"github.com/Hubujiu/WeaveOS/services/bff/internal/apprecordservice","Test":"TestRootProjectionVisitedNodeHasScopedIndex","Output":"=== RUN   TestRootProjectionVisitedNodeHasScopedIndex\n","OutputType":"frame"}
{"Time":"2026-10-07T07:38:39.286339498Z","Action":"output","Package":"github.com/Hubujiu/WeaveOS/services/bff/internal/apprecordservice","Test":"TestRootProjectionVisitedNodeHasScopedIndex","Output":"--- PASS: TestRootProjectionVisitedNodeHasScopedIndex (0.06s)\n","OutputType":"frame"}
{"Time":"2026-10-07T07:38:39.286376134Z","Action":"pass","Package":"github.com/Hubujiu/WeaveOS/services/bff/internal/apprecordservice","Test":"TestRootProjectionVisitedNodeHasScopedIndex","Elapsed":0.06}
{"Time":"2026-10-07T07:38:39.286388803Z","Action":"run","Package":"github.com/Hubujiu/WeaveOS/services/bff/internal/apprecordservice","Test":"TestRootRecoveryWorkerExecuteAndProjectWithoutDatabaseTransactionAcrossRPC"}
{"Time":"2026-10-07T07:38:39.286392498Z","Action":"output","Package":"github.com/Hubujiu/WeaveOS/services/bff/internal/apprecordservice","Test":"TestRootRecoveryWorkerExecuteAndProjectWithoutDatabaseTransactionAcrossRPC","Output":"=== RUN   TestRootRecoveryWorkerExecuteAndProjectWithoutDatabaseTransactionAcrossRPC\n","OutputType":"frame"}
{"Time":"2026-10-07T07:38:39.372071435Z","Action":"output","Package":"github.com/Hubujiu/WeaveOS/services/bff/internal/apprecordservice","Test":"TestRootRecoveryWorkerExecuteAndProjectWithoutDatabaseTransactionAcrossRPC","Output":"--- PASS: TestRootRecoveryWorkerExecuteAndProjectWithoutDatabaseTransactionAcrossRPC (0.09s)\n","OutputType":"frame"}
{"Time":"2026-10-07T07:38:39.372107259Z","Action":"pass","Package":"github.com/Hubujiu/WeaveOS/services/bff/internal/apprecordservice","Test":"TestRootRecoveryWorkerExecuteAndProjectWithoutDatabaseTransactionAcrossRPC","Elapsed":0.09}
{"Time":"2026-10-07T07:38:39.372192407Z","Action":"run","Package":"github.com/Hubujiu/WeaveOS/services/bff/internal/apprecordservice","Test":"TestRootRecoveryWorkerLookupConfirmedNeverReexecutes"}
{"Time":"2026-10-07T07:38:39.372195602Z","Action":"output","Package":"github.com/Hubujiu/WeaveOS/services/bff/internal/apprecordservice","Test":"TestRootRecoveryWorkerLookupConfirmedNeverReexecutes","Output":"=== RUN   TestRootRecoveryWorkerLookupConfirmedNeverReexecutes\n","OutputType":"frame"}
{"Time":"2026-10-07T07:38:39.460984895Z","Action":"output","Package":"github.com/Hubujiu/WeaveOS/services/bff/internal/apprecordservice","Test":"TestRootRecoveryWorkerLookupConfirmedNeverReexecutes","Output":"--- PASS: TestRootRecoveryWorkerLookupConfirmedNeverReexecutes (0.09s)\n","OutputType":"frame"}
{"Time":"2026-10-07T07:38:39.461020839Z","Action":"pass","Package":"github.com/Hubujiu/WeaveOS/services/bff/internal/apprecordservice","Test":"TestRootRecoveryWorkerLookupConfirmedNeverReexecutes","Elapsed":0.09}
{"Time":"2026-10-07T07:38:39.461034239Z","Action":"run","Package":"github.com/Hubujiu/WeaveOS/services/bff/internal/apprecordservice","Test":"TestRootRecoveryWorkerLookupFailureStaysPending"}
{"Time":"2026-10-07T07:38:39.461037133Z","Action":"output","Package":"github.com/Hubujiu/WeaveOS/services/bff/internal/apprecordservice","Test":"TestRootRecoveryWorkerLookupFailureStaysPending","Output":"=== RUN   TestRootRecoveryWorkerLookupFailureStaysPending\n","OutputType":"frame"}
{"Time":"2026-10-07T07:38:39.534848047Z","Action":"output","Package":"github.com/Hubujiu/WeaveOS/services/bff/internal/apprecordservice","Test":"TestRootRecoveryWorkerLookupFailureStaysPending","Output":"--- PASS: TestRootRecoveryWorkerLookupFailureStaysPending (0.07s)\n","OutputType":"frame"}
{"Time":"2026-10-07T07:38:39.534884782Z","Action":"pass","Package":"github.com/Hubujiu/WeaveOS/services/bff/internal/apprecordservice","Test":"TestRootRecoveryWorkerLookupFailureStaysPending","Elapsed":0.07}
{"Time":"2026-10-07T07:38:39.534891612Z","Action":"run","Package":"github.com/Hubujiu/WeaveOS/services/bff/internal/apprecordservice","Test":"TestRootRecoveryWorkerLostExecuteResponseRestartsWithSameIdentity"}
{"Time":"2026-10-07T07:38:39.534893545Z","Action":"output","Package":"github.com/Hubujiu/WeaveOS/services/bff/internal/apprecordservice","Test":"TestRootRecoveryWorkerLostExecuteResponseRestartsWithSameIdentity","Output":"=== RUN   TestRootRecoveryWorkerLostExecuteResponseRestartsWithSameIdentity\n","OutputType":"frame"}
{"Time":"2026-10-07T07:38:39.62919077Z","Action":"output","Package":"github.com/Hubujiu/WeaveOS/services/bff/internal/apprecordservice","Test":"TestRootRecoveryWorkerLostExecuteResponseRestartsWithSameIdentity","Output":"--- PASS: TestRootRecoveryWorkerLostExecuteResponseRestartsWithSameIdentity (0.09s)\n","OutputType":"frame"}
{"Time":"2026-10-07T07:38:39.629232913Z","Action":"pass","Package":"github.com/Hubujiu/WeaveOS/services/bff/internal/apprecordservice","Test":"TestRootRecoveryWorkerLostExecuteResponseRestartsWithSameIdentity","Elapsed":0.09}
{"Time":"2026-10-07T07:38:39.62924389Z","Action":"run","Package":"github.com/Hubujiu/WeaveOS/services/bff/internal/apprecordservice","Test":"TestRootRecoveryWorkerRejectsMalformedOrContradictoryReplies"}
{"Time":"2026-10-07T07:38:39.629246654Z","Action":"output","Package":"github.com/Hubujiu/WeaveOS/services/bff/internal/apprecordservice","Test":"TestRootRecoveryWorkerRejectsMalformedOrContradictoryReplies","Output":"=== RUN   TestRootRecoveryWorkerRejectsMalformedOrContradictoryReplies\n","OutputType":"frame"}
{"Time":"2026-10-07T07:38:39.629249849Z","Action":"run","Package":"github.com/Hubujiu/WeaveOS/services/bff/internal/apprecordservice","Test":"TestRootRecoveryWorkerRejectsMalformedOrContradictoryReplies/nil-confirmed"}
{"Time":"2026-10-07T07:38:39.629251942Z","Action":"output","Package":"github.com/Hubujiu/WeaveOS/services/bff/internal/apprecordservice","Test":"TestRootRecoveryWorkerRejectsMalformedOrContradictoryReplies/nil-confirmed","Output":"=== RUN   TestRootRecoveryWorkerRejectsMalformedOrContradictoryReplies/nil-confirmed\n","OutputType":"frame"}
{"Time":"2026-10-07T07:38:39.697090339Z","Action":"output","Package":"github.com/Hubujiu/WeaveOS/services/bff/internal/apprecordservice","Test":"TestRootRecoveryWorkerRejectsMalformedOrContradictoryReplies/nil-confirmed","Output":"--- PASS: TestRootRecoveryWorkerRejectsMalformedOrContradictoryReplies/nil-confirmed (0.07s)\n","OutputType":"frame"}
{"Time":"2026-10-07T07:38:39.697128076Z","Action":"pass","Package":"github.com/Hubujiu/WeaveOS/services/bff/internal/apprecordservice","Test":"TestRootRecoveryWorkerRejectsMalformedOrContradictoryReplies/nil-confirmed","Elapsed":0.07}
{"Time":"2026-10-07T07:38:39.697134916Z","Action":"run","Package":"github.com/Hubujiu/WeaveOS/services/bff/internal/apprecordservice","Test":"TestRootRecoveryWorkerRejectsMalformedOrContradictoryReplies/contradictory-absent"}
{"Time":"2026-10-07T07:38:39.69713707Z","Action":"output","Package":"github.com/Hubujiu/WeaveOS/services/bff/internal/apprecordservice","Test":"TestRootRecoveryWorkerRejectsMalformedOrContradictoryReplies/contradictory-absent","Output":"=== RUN   TestRootRecoveryWorkerRejectsMalformedOrContradictoryReplies/contradictory-absent\n","OutputType":"frame"}
{"Time":"2026-10-07T07:38:39.762394798Z","Action":"output","Package":"github.com/Hubujiu/WeaveOS/services/bff/internal/apprecordservice","Test":"TestRootRecoveryWorkerRejectsMalformedOrContradictoryReplies/contradictory-absent","Output":"--- PASS: TestRootRecoveryWorkerRejectsMalformedOrContradictoryReplies/contradictory-absent (0.07s)\n","OutputType":"frame"}
{"Time":"2026-10-07T07:38:39.762439315Z","Action":"pass","Package":"github.com/Hubujiu/WeaveOS/services/bff/internal/apprecordservice","Test":"TestRootRecoveryWorkerRejectsMalformedOrContradictoryReplies/contradictory-absent","Elapsed":0.07}
{"Time":"2026-10-07T07:38:39.76427678Z","Action":"run","Package":"github.com/Hubujiu/WeaveOS/services/bff/internal/apprecordservice","Test":"TestRootRecoveryWorkerRejectsMalformedOrContradictoryReplies/wrong-body-hash"}
{"Time":"2026-10-07T07:38:39.764297962Z","Action":"output","Package":"github.com/Hubujiu/WeaveOS/services/bff/internal/apprecordservice","Test":"TestRootRecoveryWorkerRejectsMalformedOrContradictoryReplies/wrong-body-hash","Output":"=== RUN   TestRootRecoveryWorkerRejectsMalformedOrContradictoryReplies/wrong-body-hash\n","OutputType":"frame"}
{"Time":"2026-10-07T07:38:39.83440618Z","Action":"output","Package":"github.com/Hubujiu/WeaveOS/services/bff/internal/apprecordservice","Test":"TestRootRecoveryWorkerRejectsMalformedOrContradictoryReplies/wrong-body-hash","Output":"--- PASS: TestRootRecoveryWorkerRejectsMalformedOrContradictoryReplies/wrong-body-hash (0.07s)\n","OutputType":"frame"}
{"Time":"2026-10-07T07:38:39.834449995Z","Action":"pass","Package":"github.com/Hubujiu/WeaveOS/services/bff/internal/apprecordservice","Test":"TestRootRecoveryWorkerRejectsMalformedOrContradictoryReplies/wrong-body-hash","Elapsed":0.07}
{"Time":"2026-10-07T07:38:39.834462224Z","Action":"run","Package":"github.com/Hubujiu/WeaveOS/services/bff/internal/apprecordservice","Test":"TestRootRecoveryWorkerRejectsMalformedOrContradictoryReplies/nil-execute"}
{"Time":"2026-10-07T07:38:39.834467231Z","Action":"output","Package":"github.com/Hubujiu/WeaveOS/services/bff/internal/apprecordservice","Test":"TestRootRecoveryWorkerRejectsMalformedOrContradictoryReplies/nil-execute","Output":"=== RUN   TestRootRecoveryWorkerRejectsMalformedOrContradictoryReplies/nil-execute\n","OutputType":"frame"}
{"Time":"2026-10-07T07:38:39.905704888Z","Action":"output","Package":"github.com/Hubujiu/WeaveOS/services/bff/internal/apprecordservice","Test":"TestRootRecoveryWorkerRejectsMalformedOrContradictoryReplies/nil-execute","Output":"--- PASS: TestRootRecoveryWorkerRejectsMalformedOrContradictoryReplies/nil-execute (0.07s)\n","OutputType":"frame"}
{"Time":"2026-10-07T07:38:39.905741764Z","Action":"pass","Package":"github.com/Hubujiu/WeaveOS/services/bff/internal/apprecordservice","Test":"TestRootRecoveryWorkerRejectsMalformedOrContradictoryReplies/nil-execute","Elapsed":0.07}
{"Time":"2026-10-07T07:38:39.905750577Z","Action":"output","Package":"github.com/Hubujiu/WeaveOS/services/bff/internal/apprecordservice","Test":"TestRootRecoveryWorkerRejectsMalformedOrContradictoryReplies","Output":"--- PASS: TestRootRecoveryWorkerRejectsMalformedOrContradictoryReplies (0.28s)\n","OutputType":"frame"}
{"Time":"2026-10-07T07:38:39.905754463Z","Action":"pass","Package":"github.com/Hubujiu/WeaveOS/services/bff/internal/apprecordservice","Test":"TestRootRecoveryWorkerRejectsMalformedOrContradictoryReplies","Elapsed":0.28}
{"Time":"2026-10-07T07:38:39.905757317Z","Action":"run","Package":"github.com/Hubujiu/WeaveOS/services/bff/internal/apprecordservice","Test":"TestRootRecoveryWorkerProjectionFailureKeepsFenceThenRecovers"}
{"Time":"2026-10-07T07:38:39.90575959Z","Action":"output","Package":"github.com/Hubujiu/WeaveOS/services/bff/internal/apprecordservice","Test":"TestRootRecoveryWorkerProjectionFailureKeepsFenceThenRecovers","Output":"=== RUN   TestRootRecoveryWorkerProjectionFailureKeepsFenceThenRecovers\n","OutputType":"frame"}
{"Time":"2026-10-07T07:38:40.019600453Z","Action":"output","Package":"github.com/Hubujiu/WeaveOS/services/bff/internal/apprecordservice","Test":"TestRootRecoveryWorkerProjectionFailureKeepsFenceThenRecovers","Output":"--- PASS: TestRootRecoveryWorkerProjectionFailureKeepsFenceThenRecovers (0.11s)\n","OutputType":"frame"}
{"Time":"2026-10-07T07:38:40.019638991Z","Action":"pass","Package":"github.com/Hubujiu/WeaveOS/services/bff/internal/apprecordservice","Test":"TestRootRecoveryWorkerProjectionFailureKeepsFenceThenRecovers","Elapsed":0.11}
{"Time":"2026-10-07T07:38:40.019648315Z","Action":"run","Package":"github.com/Hubujiu/WeaveOS/services/bff/internal/apprecordservice","Test":"TestRootRecoveryWorkerClaimPreventsDuplicateLiveDispatch"}
{"Time":"2026-10-07T07:38:40.019650879Z","Action":"output","Package":"github.com/Hubujiu/WeaveOS/services/bff/internal/apprecordservice","Test":"TestRootRecoveryWorkerClaimPreventsDuplicateLiveDispatch","Output":"=== RUN   TestRootRecoveryWorkerClaimPreventsDuplicateLiveDispatch\n","OutputType":"frame"}
{"Time":"2026-10-07T07:38:40.141597737Z","Action":"output","Package":"github.com/Hubujiu/WeaveOS/services/bff/internal/apprecordservice","Test":"TestRootRecoveryWorkerClaimPreventsDuplicateLiveDispatch","Output":"--- PASS: TestRootRecoveryWorkerClaimPreventsDuplicateLiveDispatch (0.12s)\n","OutputType":"frame"}
{"Time":"2026-10-07T07:38:40.141635154Z","Action":"pass","Package":"github.com/Hubujiu/WeaveOS/services/bff/internal/apprecordservice","Test":"TestRootRecoveryWorkerClaimPreventsDuplicateLiveDispatch","Elapsed":0.12}
{"Time":"2026-10-07T07:38:40.141642655Z","Action":"run","Package":"github.com/Hubujiu/WeaveOS/services/bff/internal/apprecordservice","Test":"TestRootRecoveryWorkerExpiredLeaseCannotAffectLaterFence"}
{"Time":"2026-10-07T07:38:40.141649115Z","Action":"output","Package":"github.com/Hubujiu/WeaveOS/services/bff/internal/apprecordservice","Test":"TestRootRecoveryWorkerExpiredLeaseCannotAffectLaterFence","Output":"=== RUN   TestRootRecoveryWorkerExpiredLeaseCannotAffectLaterFence\n","OutputType":"frame"}
{"Time":"2026-10-07T07:38:40.141655084Z","Action":"run","Package":"github.com/Hubujiu/WeaveOS/services/bff/internal/apprecordservice","Test":"TestRootRecoveryWorkerExpiredLeaseCannotAffectLaterFence/false"}
{"Time":"2026-10-07T07:38:40.141656766Z","Action":"output","Package":"github.com/Hubujiu/WeaveOS/services/bff/internal/apprecordservice","Test":"TestRootRecoveryWorkerExpiredLeaseCannotAffectLaterFence/false","Output":"=== RUN   TestRootRecoveryWorkerExpiredLeaseCannotAffectLaterFence/false\n","OutputType":"frame"}
{"Time":"2026-10-07T07:38:40.259312794Z","Action":"output","Package":"github.com/Hubujiu/WeaveOS/services/bff/internal/apprecordservice","Test":"TestRootRecoveryWorkerExpiredLeaseCannotAffectLaterFence/false","Output":"--- PASS: TestRootRecoveryWorkerExpiredLeaseCannotAffectLaterFence/false (0.12s)\n","OutputType":"frame"}
{"Time":"2026-10-07T07:38:40.259350671Z","Action":"pass","Package":"github.com/Hubujiu/WeaveOS/services/bff/internal/apprecordservice","Test":"TestRootRecoveryWorkerExpiredLeaseCannotAffectLaterFence/false","Elapsed":0.12}
{"Time":"2026-10-07T07:38:40.259358964Z","Action":"run","Package":"github.com/Hubujiu/WeaveOS/services/bff/internal/apprecordservice","Test":"TestRootRecoveryWorkerExpiredLeaseCannotAffectLaterFence/true"}
{"Time":"2026-10-07T07:38:40.259361337Z","Action":"output","Package":"github.com/Hubujiu/WeaveOS/services/bff/internal/apprecordservice","Test":"TestRootRecoveryWorkerExpiredLeaseCannotAffectLaterFence/true","Output":"=== RUN   TestRootRecoveryWorkerExpiredLeaseCannotAffectLaterFence/true\n","OutputType":"frame"}
{"Time":"2026-10-07T07:38:40.380074766Z","Action":"output","Package":"github.com/Hubujiu/WeaveOS/services/bff/internal/apprecordservice","Test":"TestRootRecoveryWorkerExpiredLeaseCannotAffectLaterFence/true","Output":"--- PASS: TestRootRecoveryWorkerExpiredLeaseCannotAffectLaterFence/true (0.12s)\n","OutputType":"frame"}
{"Time":"2026-10-07T07:38:40.380115107Z","Action":"pass","Package":"github.com/Hubujiu/WeaveOS/services/bff/internal/apprecordservice","Test":"TestRootRecoveryWorkerExpiredLeaseCannotAffectLaterFence/true","Elapsed":0.12}
{"Time":"2026-10-07T07:38:40.380121927Z","Action":"output","Package":"github.com/Hubujiu/WeaveOS/services/bff/internal/apprecordservice","Test":"TestRootRecoveryWorkerExpiredLeaseCannotAffectLaterFence","Output":"--- PASS: TestRootRecoveryWorkerExpiredLeaseCannotAffectLaterFence (0.24s)\n","OutputType":"frame"}
{"Time":"2026-10-07T07:38:40.380126724Z","Action":"pass","Package":"github.com/Hubujiu/WeaveOS/services/bff/internal/apprecordservice","Test":"TestRootRecoveryWorkerExpiredLeaseCannotAffectLaterFence","Elapsed":0.24}
{"Time":"2026-10-07T07:38:40.380128828Z","Action":"run","Package":"github.com/Hubujiu/WeaveOS/services/bff/internal/apprecordservice","Test":"TestRootRecoveryWorkerAcceptedCommandSurvivesAuthorityRevocation"}
{"Time":"2026-10-07T07:38:40.380131461Z","Action":"output","Package":"github.com/Hubujiu/WeaveOS/services/bff/internal/apprecordservice","Test":"TestRootRecoveryWorkerAcceptedCommandSurvivesAuthorityRevocation","Output":"=== RUN   TestRootRecoveryWorkerAcceptedCommandSurvivesAuthorityRevocation\n","OutputType":"frame"}
{"Time":"2026-10-07T07:38:40.470032491Z","Action":"output","Package":"github.com/Hubujiu/WeaveOS/services/bff/internal/apprecordservice","Test":"TestRootRecoveryWorkerAcceptedCommandSurvivesAuthorityRevocation","Output":"--- PASS: TestRootRecoveryWorkerAcceptedCommandSurvivesAuthorityRevocation (0.09s)\n","OutputType":"frame"}
{"Time":"2026-10-07T07:38:40.470068155Z","Action":"pass","Package":"github.com/Hubujiu/WeaveOS/services/bff/internal/apprecordservice","Test":"TestRootRecoveryWorkerAcceptedCommandSurvivesAuthorityRevocation","Elapsed":0.09}
{"Time":"2026-10-07T07:38:40.470075166Z","Action":"run","Package":"github.com/Hubujiu/WeaveOS/services/bff/internal/apprecordservice","Test":"TestRootRecoveryWorkerLegacyQueueAndFutureDueAreNotExecuted"}
{"Time":"2026-10-07T07:38:40.470080383Z","Action":"output","Package":"github.com/Hubujiu/WeaveOS/services/bff/internal/apprecordservice","Test":"TestRootRecoveryWorkerLegacyQueueAndFutureDueAreNotExecuted","Output":"=== RUN   TestRootRecoveryWorkerLegacyQueueAndFutureDueAreNotExecuted\n","OutputType":"frame"}
{"Time":"2026-10-07T07:38:40.62143966Z","Action":"output","Package":"github.com/Hubujiu/WeaveOS/services/bff/internal/apprecordservice","Test":"TestRootRecoveryWorkerLegacyQueueAndFutureDueAreNotExecuted","Output":"--- PASS: TestRootRecoveryWorkerLegacyQueueAndFutureDueAreNotExecuted (0.15s)\n","OutputType":"frame"}
{"Time":"2026-10-07T07:38:40.621476425Z","Action":"pass","Package":"github.com/Hubujiu/WeaveOS/services/bff/internal/apprecordservice","Test":"TestRootRecoveryWorkerLegacyQueueAndFutureDueAreNotExecuted","Elapsed":0.15}
{"Time":"2026-10-07T07:38:40.622568438Z","Action":"run","Package":"github.com/Hubujiu/WeaveOS/services/bff/internal/apprecordservice","Test":"TestRootRecoveryWorkerCorruptStoredPayloadFailsBeforeRPC"}
{"Time":"2026-10-07T07:38:40.62257643Z","Action":"output","Package":"github.com/Hubujiu/WeaveOS/services/bff/internal/apprecordservice","Test":"TestRootRecoveryWorkerCorruptStoredPayloadFailsBeforeRPC","Output":"=== RUN   TestRootRecoveryWorkerCorruptStoredPayloadFailsBeforeRPC\n","OutputType":"frame"}
{"Time":"2026-10-07T07:38:40.701079235Z","Action":"output","Package":"github.com/Hubujiu/WeaveOS/services/bff/internal/apprecordservice","Test":"TestRootRecoveryWorkerCorruptStoredPayloadFailsBeforeRPC","Output":"--- PASS: TestRootRecoveryWorkerCorruptStoredPayloadFailsBeforeRPC (0.08s)\n","OutputType":"frame"}
{"Time":"2026-10-07T07:38:40.701114738Z","Action":"pass","Package":"github.com/Hubujiu/WeaveOS/services/bff/internal/apprecordservice","Test":"TestRootRecoveryWorkerCorruptStoredPayloadFailsBeforeRPC","Elapsed":0.08}
{"Time":"2026-10-07T07:38:40.701121258Z","Action":"run","Package":"github.com/Hubujiu/WeaveOS/services/bff/internal/apprecordservice","Test":"TestRootRecoveryWorkerOtherRecordContinuesDuringUnknownRPC"}
{"Time":"2026-10-07T07:38:40.701127537Z","Action":"output","Package":"github.com/Hubujiu/WeaveOS/services/bff/internal/apprecordservice","Test":"TestRootRecoveryWorkerOtherRecordContinuesDuringUnknownRPC","Output":"=== RUN   TestRootRecoveryWorkerOtherRecordContinuesDuringUnknownRPC\n","OutputType":"frame"}
{"Time":"2026-10-07T07:38:40.880584538Z","Action":"output","Package":"github.com/Hubujiu/WeaveOS/services/bff/internal/apprecordservice","Test":"TestRootRecoveryWorkerOtherRecordContinuesDuringUnknownRPC","Output":"--- PASS: TestRootRecoveryWorkerOtherRecordContinuesDuringUnknownRPC (0.18s)\n","OutputType":"frame"}
{"Time":"2026-10-07T07:38:40.880622866Z","Action":"pass","Package":"github.com/Hubujiu/WeaveOS/services/bff/internal/apprecordservice","Test":"TestRootRecoveryWorkerOtherRecordContinuesDuringUnknownRPC","Elapsed":0.18}
{"Time":"2026-10-07T07:38:40.880631539Z","Action":"run","Package":"github.com/Hubujiu/WeaveOS/services/bff/internal/apprecordservice","Test":"TestRootRecoveryWorkerConfirmedNoEffectUsesExistingAtomicProjection"}
{"Time":"2026-10-07T07:38:40.880633652Z","Action":"output","Package":"github.com/Hubujiu/WeaveOS/services/bff/internal/apprecordservice","Test":"TestRootRecoveryWorkerConfirmedNoEffectUsesExistingAtomicProjection","Output":"=== RUN   TestRootRecoveryWorkerConfirmedNoEffectUsesExistingAtomicProjection\n","OutputType":"frame"}
{"Time":"2026-10-07T07:38:40.971703Z","Action":"output","Package":"github.com/Hubujiu/WeaveOS/services/bff/internal/apprecordservice","Test":"TestRootRecoveryWorkerConfirmedNoEffectUsesExistingAtomicProjection","Output":"--- PASS: TestRootRecoveryWorkerConfirmedNoEffectUsesExistingAtomicProjection (0.09s)\n","OutputType":"frame"}
{"Time":"2026-10-07T07:38:40.971739856Z","Action":"pass","Package":"github.com/Hubujiu/WeaveOS/services/bff/internal/apprecordservice","Test":"TestRootRecoveryWorkerConfirmedNoEffectUsesExistingAtomicProjection","Elapsed":0.09}
{"Time":"2026-10-07T07:38:40.971754447Z","Action":"run","Package":"github.com/Hubujiu/WeaveOS/services/bff/internal/apprecordservice","Test":"TestRootFormalLedgerTablesExist"}
{"Time":"2026-10-07T07:38:40.971758083Z","Action":"output","Package":"github.com/Hubujiu/WeaveOS/services/bff/internal/apprecordservice","Test":"TestRootFormalLedgerTablesExist","Output":"=== RUN   TestRootFormalLedgerTablesExist\n","OutputType":"frame"}
{"Time":"2026-10-07T07:38:41.016046414Z","Action":"output","Package":"github.com/Hubujiu/WeaveOS/services/bff/internal/apprecordservice","Test":"TestRootFormalLedgerTablesExist","Output":"--- PASS: TestRootFormalLedgerTablesExist (0.04s)\n","OutputType":"frame"}
{"Time":"2026-10-07T07:38:41.016085052Z","Action":"pass","Package":"github.com/Hubujiu/WeaveOS/services/bff/internal/apprecordservice","Test":"TestRootFormalLedgerTablesExist","Elapsed":0.04}
{"Time":"2026-10-07T07:38:41.016092183Z","Action":"run","Package":"github.com/Hubujiu/WeaveOS/services/bff/internal/apprecordservice","Test":"TestRootFormalLedgerAcceptAndFenceCommitTogether"}
{"Time":"2026-10-07T07:38:41.016094997Z","Action":"output","Package":"github.com/Hubujiu/WeaveOS/services/bff/internal/apprecordservice","Test":"TestRootFormalLedgerAcceptAndFenceCommitTogether","Output":"=== RUN   TestRootFormalLedgerAcceptAndFenceCommitTogether\n","OutputType":"frame"}
{"Time":"2026-10-07T07:38:41.068964144Z","Action":"output","Package":"github.com/Hubujiu/WeaveOS/services/bff/internal/apprecordservice","Test":"TestRootFormalLedgerAcceptAndFenceCommitTogether","Output":"--- PASS: TestRootFormalLedgerAcceptAndFenceCommitTogether (0.05s)\n","OutputType":"frame"}
{"Time":"2026-10-07T07:38:41.069006137Z","Action":"pass","Package":"github.com/Hubujiu/WeaveOS/services/bff/internal/apprecordservice","Test":"TestRootFormalLedgerAcceptAndFenceCommitTogether","Elapsed":0.05}
{"Time":"2026-10-07T07:38:41.069014209Z","Action":"run","Package":"github.com/Hubujiu/WeaveOS/services/bff/internal/apprecordservice","Test":"TestRootFormalLedgerAcceptAndFenceRollbackTogether"}
{"Time":"2026-10-07T07:38:41.069016493Z","Action":"output","Package":"github.com/Hubujiu/WeaveOS/services/bff/internal/apprecordservice","Test":"TestRootFormalLedgerAcceptAndFenceRollbackTogether","Output":"=== RUN   TestRootFormalLedgerAcceptAndFenceRollbackTogether\n","OutputType":"frame"}
{"Time":"2026-10-07T07:38:41.121723937Z","Action":"output","Package":"github.com/Hubujiu/WeaveOS/services/bff/internal/apprecordservice","Test":"TestRootFormalLedgerAcceptAndFenceRollbackTogether","Output":"--- PASS: TestRootFormalLedgerAcceptAndFenceRollbackTogether (0.05s)\n","OutputType":"frame"}
{"Time":"2026-10-07T07:38:41.121761944Z","Action":"pass","Package":"github.com/Hubujiu/WeaveOS/services/bff/internal/apprecordservice","Test":"TestRootFormalLedgerAcceptAndFenceRollbackTogether","Elapsed":0.05}
{"Time":"2026-10-07T07:38:41.121769596Z","Action":"run","Package":"github.com/Hubujiu/WeaveOS/services/bff/internal/apprecordservice","Test":"TestRootFormalLedgerApplyReleaseAtomicAndReplay"}
{"Time":"2026-10-07T07:38:41.12177246Z","Action":"output","Package":"github.com/Hubujiu/WeaveOS/services/bff/internal/apprecordservice","Test":"TestRootFormalLedgerApplyReleaseAtomicAndReplay","Output":"=== RUN   TestRootFormalLedgerApplyReleaseAtomicAndReplay\n","OutputType":"frame"}
{"Time":"2026-10-07T07:38:41.177843586Z","Action":"output","Package":"github.com/Hubujiu/WeaveOS/services/bff/internal/apprecordservice","Test":"TestRootFormalLedgerApplyReleaseAtomicAndReplay","Output":"--- PASS: TestRootFormalLedgerApplyReleaseAtomicAndReplay (0.06s)\n","OutputType":"frame"}
{"Time":"2026-10-07T07:38:41.177880101Z","Action":"pass","Package":"github.com/Hubujiu/WeaveOS/services/bff/internal/apprecordservice","Test":"TestRootFormalLedgerApplyReleaseAtomicAndReplay","Elapsed":0.06}
{"Time":"2026-10-07T07:38:41.177886751Z","Action":"run","Package":"github.com/Hubujiu/WeaveOS/services/bff/internal/apprecordservice","Test":"TestRootFormalLedgerRuntimeCannotRewriteIdentityOrDeleteHistory"}
{"Time":"2026-10-07T07:38:41.177898518Z","Action":"output","Package":"github.com/Hubujiu/WeaveOS/services/bff/internal/apprecordservice","Test":"TestRootFormalLedgerRuntimeCannotRewriteIdentityOrDeleteHistory","Output":"=== RUN   TestRootFormalLedgerRuntimeCannotRewriteIdentityOrDeleteHistory\n","OutputType":"frame"}
{"Time":"2026-10-07T07:38:41.224989531Z","Action":"output","Package":"github.com/Hubujiu/WeaveOS/services/bff/internal/apprecordservice","Test":"TestRootFormalLedgerRuntimeCannotRewriteIdentityOrDeleteHistory","Output":"--- PASS: TestRootFormalLedgerRuntimeCannotRewriteIdentityOrDeleteHistory (0.05s)\n","OutputType":"frame"}
{"Time":"2026-10-07T07:38:41.225034759Z","Action":"pass","Package":"github.com/Hubujiu/WeaveOS/services/bff/internal/apprecordservice","Test":"TestRootFormalLedgerRuntimeCannotRewriteIdentityOrDeleteHistory","Elapsed":0.05}
{"Time":"2026-10-07T07:38:41.225046547Z","Action":"run","Package":"github.com/Hubujiu/WeaveOS/services/bff/internal/apprecordservice","Test":"TestRootFormalLedgerDatabaseConstraints"}
{"Time":"2026-10-07T07:38:41.225049341Z","Action":"output","Package":"github.com/Hubujiu/WeaveOS/services/bff/internal/apprecordservice","Test":"TestRootFormalLedgerDatabaseConstraints","Output":"=== RUN   TestRootFormalLedgerDatabaseConstraints\n","OutputType":"frame"}
{"Time":"2026-10-07T07:38:41.27198759Z","Action":"output","Package":"github.com/Hubujiu/WeaveOS/services/bff/internal/apprecordservice","Test":"TestRootFormalLedgerDatabaseConstraints","Output":"--- PASS: TestRootFormalLedgerDatabaseConstraints (0.05s)\n","OutputType":"frame"}
{"Time":"2026-10-07T07:38:41.272029674Z","Action":"pass","Package":"github.com/Hubujiu/WeaveOS/services/bff/internal/apprecordservice","Test":"TestRootFormalLedgerDatabaseConstraints","Elapsed":0.05}
{"Time":"2026-10-07T07:38:41.272036774Z","Action":"run","Package":"github.com/Hubujiu/WeaveOS/services/bff/internal/apprecordservice","Test":"TestRootFormalLedgerCurrentRolesLeastPrivilege"}
{"Time":"2026-10-07T07:38:41.272040179Z","Action":"output","Package":"github.com/Hubujiu/WeaveOS/services/bff/internal/apprecordservice","Test":"TestRootFormalLedgerCurrentRolesLeastPrivilege","Output":"=== RUN   TestRootFormalLedgerCurrentRolesLeastPrivilege\n","OutputType":"frame"}
{"Time":"2026-10-07T07:38:41.315194829Z","Action":"output","Package":"github.com/Hubujiu/WeaveOS/services/bff/internal/apprecordservice","Test":"TestRootFormalLedgerCurrentRolesLeastPrivilege","Output":"--- PASS: TestRootFormalLedgerCurrentRolesLeastPrivilege (0.04s)\n","OutputType":"frame"}
{"Time":"2026-10-07T07:38:41.315232696Z","Action":"pass","Package":"github.com/Hubujiu/WeaveOS/services/bff/internal/apprecordservice","Test":"TestRootFormalLedgerCurrentRolesLeastPrivilege","Elapsed":0.04}
{"Time":"2026-10-07T07:38:41.315240648Z","Action":"run","Package":"github.com/Hubujiu/WeaveOS/services/bff/internal/apprecordservice","Test":"TestRootNativeCatalogStableKeyAndImmutablePriorVersion"}
{"Time":"2026-10-07T07:38:41.315242661Z","Action":"output","Package":"github.com/Hubujiu/WeaveOS/services/bff/internal/apprecordservice","Test":"TestRootNativeCatalogStableKeyAndImmutablePriorVersion","Output":"=== RUN   TestRootNativeCatalogStableKeyAndImmutablePriorVersion\n","OutputType":"frame"}
{"Time":"2026-10-07T07:38:41.384832959Z","Action":"output","Package":"github.com/Hubujiu/WeaveOS/services/bff/internal/apprecordservice","Test":"TestRootNativeCatalogStableKeyAndImmutablePriorVersion","Output":"--- PASS: TestRootNativeCatalogStableKeyAndImmutablePriorVersion (0.07s)\n","OutputType":"frame"}
{"Time":"2026-10-07T07:38:41.384872589Z","Action":"pass","Package":"github.com/Hubujiu/WeaveOS/services/bff/internal/apprecordservice","Test":"TestRootNativeCatalogStableKeyAndImmutablePriorVersion","Elapsed":0.07}
{"Time":"2026-10-07T07:38:41.384884637Z","Action":"run","Package":"github.com/Hubujiu/WeaveOS/services/bff/internal/apprecordservice","Test":"TestRootNativeCatalogBindsEachApplicationScope"}
{"Time":"2026-10-07T07:38:41.384887161Z","Action":"output","Package":"github.com/Hubujiu/WeaveOS/services/bff/internal/apprecordservice","Test":"TestRootNativeCatalogBindsEachApplicationScope","Output":"=== RUN   TestRootNativeCatalogBindsEachApplicationScope\n","OutputType":"frame"}
{"Time":"2026-10-07T07:38:41.504514105Z","Action":"output","Package":"github.com/Hubujiu/WeaveOS/services/bff/internal/apprecordservice","Test":"TestRootNativeCatalogBindsEachApplicationScope","Output":"--- PASS: TestRootNativeCatalogBindsEachApplicationScope (0.12s)\n","OutputType":"frame"}
{"Time":"2026-10-07T07:38:41.504553173Z","Action":"pass","Package":"github.com/Hubujiu/WeaveOS/services/bff/internal/apprecordservice","Test":"TestRootNativeCatalogBindsEachApplicationScope","Elapsed":0.12}
{"Time":"2026-10-07T07:38:41.50456395Z","Action":"run","Package":"github.com/Hubujiu/WeaveOS/services/bff/internal/apprecordservice","Test":"TestRootRuntimeAdmissionRejectsUnavailableWithoutConsumingAction"}
{"Time":"2026-10-07T07:38:41.504566123Z","Action":"output","Package":"github.com/Hubujiu/WeaveOS/services/bff/internal/apprecordservice","Test":"TestRootRuntimeAdmissionRejectsUnavailableWithoutConsumingAction","Output":"=== RUN   TestRootRuntimeAdmissionRejectsUnavailableWithoutConsumingAction\n","OutputType":"frame"}
{"Time":"2026-10-07T07:38:41.504569348Z","Action":"run","Package":"github.com/Hubujiu/WeaveOS/services/bff/internal/apprecordservice","Test":"TestRootRuntimeAdmissionRejectsUnavailableWithoutConsumingAction/agree"}
{"Time":"2026-10-07T07:38:41.504571781Z","Action":"output","Package":"github.com/Hubujiu/WeaveOS/services/bff/internal/apprecordservice","Test":"TestRootRuntimeAdmissionRejectsUnavailableWithoutConsumingAction/agree","Output":"=== RUN   TestRootRuntimeAdmissionRejectsUnavailableWithoutConsumingAction/agree\n","OutputType":"frame"}
{"Time":"2026-10-07T07:38:41.735500396Z","Action":"output","Package":"github.com/Hubujiu/WeaveOS/services/bff/internal/apprecordservice","Test":"TestRootRuntimeAdmissionRejectsUnavailableWithoutConsumingAction/agree","Output":"--- PASS: TestRootRuntimeAdmissionRejectsUnavailableWithoutConsumingAction/agree (0.23s)\n","OutputType":"frame"}
{"Time":"2026-10-07T07:38:41.73560964Z","Action":"pass","Package":"github.com/Hubujiu/WeaveOS/services/bff/internal/apprecordservice","Test":"TestRootRuntimeAdmissionRejectsUnavailableWithoutConsumingAction/agree","Elapsed":0.23}
{"Time":"2026-10-07T07:38:41.735679355Z","Action":"run","Package":"github.com/Hubujiu/WeaveOS/services/bff/internal/apprecordservice","Test":"TestRootRuntimeAdmissionRejectsUnavailableWithoutConsumingAction/reject"}
{"Time":"2026-10-07T07:38:41.735683171Z","Action":"output","Package":"github.com/Hubujiu/WeaveOS/services/bff/internal/apprecordservice","Test":"TestRootRuntimeAdmissionRejectsUnavailableWithoutConsumingAction/reject","Output":"=== RUN   TestRootRuntimeAdmissionRejectsUnavailableWithoutConsumingAction/reject\n","OutputType":"frame"}
{"Time":"2026-10-07T07:38:41.938012542Z","Action":"output","Package":"github.com/Hubujiu/WeaveOS/services/bff/internal/apprecordservice","Test":"TestRootRuntimeAdmissionRejectsUnavailableWithoutConsumingAction/reject","Output":"--- PASS: TestRootRuntimeAdmissionRejectsUnavailableWithoutConsumingAction/reject (0.20s)\n","OutputType":"frame"}
{"Time":"2026-10-07T07:38:41.938058051Z","Action":"pass","Package":"github.com/Hubujiu/WeaveOS/services/bff/internal/apprecordservice","Test":"TestRootRuntimeAdmissionRejectsUnavailableWithoutConsumingAction/reject","Elapsed":0.2}
{"Time":"2026-10-07T07:38:41.938070459Z","Action":"output","Package":"github.com/Hubujiu/WeaveOS/services/bff/internal/apprecordservice","Test":"TestRootRuntimeAdmissionRejectsUnavailableWithoutConsumingAction","Output":"--- PASS: TestRootRuntimeAdmissionRejectsUnavailableWithoutConsumingAction (0.43s)\n","OutputType":"frame"}
{"Time":"2026-10-07T07:38:41.938073895Z","Action":"pass","Package":"github.com/Hubujiu/WeaveOS/services/bff/internal/apprecordservice","Test":"TestRootRuntimeAdmissionRejectsUnavailableWithoutConsumingAction","Elapsed":0.43}
{"Time":"2026-10-07T07:38:41.938078131Z","Action":"run","Package":"github.com/Hubujiu/WeaveOS/services/bff/internal/apprecordservice","Test":"TestRootRuntimeAdmissionChecksHealthOutsideBusinessTransaction"}
{"Time":"2026-10-07T07:38:41.938086534Z","Action":"output","Package":"github.com/Hubujiu/WeaveOS/services/bff/internal/apprecordservice","Test":"TestRootRuntimeAdmissionChecksHealthOutsideBusinessTransaction","Output":"=== RUN   TestRootRuntimeAdmissionChecksHealthOutsideBusinessTransaction\n","OutputType":"frame"}
{"Time":"2026-10-07T07:38:42.123968546Z","Action":"output","Package":"github.com/Hubujiu/WeaveOS/services/bff/internal/apprecordservice","Test":"TestRootRuntimeAdmissionChecksHealthOutsideBusinessTransaction","Output":"--- PASS: TestRootRuntimeAdmissionChecksHealthOutsideBusinessTransaction (0.19s)\n","OutputType":"frame"}
{"Time":"2026-10-07T07:38:42.124009508Z","Action":"pass","Package":"github.com/Hubujiu/WeaveOS/services/bff/internal/apprecordservice","Test":"TestRootRuntimeAdmissionChecksHealthOutsideBusinessTransaction","Elapsed":0.19}
{"Time":"2026-10-07T07:38:42.124023419Z","Action":"run","Package":"github.com/Hubujiu/WeaveOS/services/bff/internal/apprecordservice","Test":"TestRootRuntimeAdmissionKeepsAcceptedReplayDuringOutage"}
{"Time":"2026-10-07T07:38:42.124027505Z","Action":"output","Package":"github.com/Hubujiu/WeaveOS/services/bff/internal/apprecordservice","Test":"TestRootRuntimeAdmissionKeepsAcceptedReplayDuringOutage","Output":"=== RUN   TestRootRuntimeAdmissionKeepsAcceptedReplayDuringOutage\n","OutputType":"frame"}
{"Time":"2026-10-07T07:38:42.294777614Z","Action":"output","Package":"github.com/Hubujiu/WeaveOS/services/bff/internal/apprecordservice","Test":"TestRootRuntimeAdmissionKeepsAcceptedReplayDuringOutage","Output":"--- PASS: TestRootRuntimeAdmissionKeepsAcceptedReplayDuringOutage (0.17s)\n","OutputType":"frame"}
{"Time":"2026-10-07T07:38:42.295082403Z","Action":"pass","Package":"github.com/Hubujiu/WeaveOS/services/bff/internal/apprecordservice","Test":"TestRootRuntimeAdmissionKeepsAcceptedReplayDuringOutage","Elapsed":0.17}
{"Time":"2026-10-07T07:38:42.295124256Z","Action":"run","Package":"github.com/Hubujiu/WeaveOS/services/bff/internal/apprecordservice","Test":"TestRootRuntimeAdmissionPreservesActualRowVisibilityPriority"}
{"Time":"2026-10-07T07:38:42.295127691Z","Action":"output","Package":"github.com/Hubujiu/WeaveOS/services/bff/internal/apprecordservice","Test":"TestRootRuntimeAdmissionPreservesActualRowVisibilityPriority","Output":"=== RUN   TestRootRuntimeAdmissionPreservesActualRowVisibilityPriority\n","OutputType":"frame"}
{"Time":"2026-10-07T07:38:42.427083721Z","Action":"output","Package":"github.com/Hubujiu/WeaveOS/services/bff/internal/apprecordservice","Test":"TestRootRuntimeAdmissionPreservesActualRowVisibilityPriority","Output":"--- PASS: TestRootRuntimeAdmissionPreservesActualRowVisibilityPriority (0.13s)\n","OutputType":"frame"}
{"Time":"2026-10-07T07:38:42.42712967Z","Action":"pass","Package":"github.com/Hubujiu/WeaveOS/services/bff/internal/apprecordservice","Test":"TestRootRuntimeAdmissionPreservesActualRowVisibilityPriority","Elapsed":0.13}
{"Time":"2026-10-07T07:38:42.427144012Z","Action":"run","Package":"github.com/Hubujiu/WeaveOS/services/bff/internal/apprecordservice","Test":"TestRootWorkflowActionLostActualRowAccessDoesNotRevealClosedTask"}
{"Time":"2026-10-07T07:38:42.427148168Z","Action":"output","Package":"github.com/Hubujiu/WeaveOS/services/bff/internal/apprecordservice","Test":"TestRootWorkflowActionLostActualRowAccessDoesNotRevealClosedTask","Output":"=== RUN   TestRootWorkflowActionLostActualRowAccessDoesNotRevealClosedTask\n","OutputType":"frame"}
{"Time":"2026-10-07T07:38:42.565899859Z","Action":"output","Package":"github.com/Hubujiu/WeaveOS/services/bff/internal/apprecordservice","Test":"TestRootWorkflowActionLostActualRowAccessDoesNotRevealClosedTask","Output":"--- PASS: TestRootWorkflowActionLostActualRowAccessDoesNotRevealClosedTask (0.14s)\n","OutputType":"frame"}
{"Time":"2026-10-07T07:38:42.567075243Z","Action":"pass","Package":"github.com/Hubujiu/WeaveOS/services/bff/internal/apprecordservice","Test":"TestRootWorkflowActionLostActualRowAccessDoesNotRevealClosedTask","Elapsed":0.14}
{"Time":"2026-10-07T07:38:42.56710627Z","Action":"run","Package":"github.com/Hubujiu/WeaveOS/services/bff/internal/apprecordservice","Test":"TestRootWorkflowActionSQLNullIsFalseButMissingConditionIsNotTrue"}
{"Time":"2026-10-07T07:38:42.567111267Z","Action":"output","Package":"github.com/Hubujiu/WeaveOS/services/bff/internal/apprecordservice","Test":"TestRootWorkflowActionSQLNullIsFalseButMissingConditionIsNotTrue","Output":"=== RUN   TestRootWorkflowActionSQLNullIsFalseButMissingConditionIsNotTrue\n","OutputType":"frame"}
{"Time":"2026-10-07T07:38:42.567117386Z","Action":"run","Package":"github.com/Hubujiu/WeaveOS/services/bff/internal/apprecordservice","Test":"TestRootWorkflowActionSQLNullIsFalseButMissingConditionIsNotTrue/actual-null-value"}
{"Time":"2026-10-07T07:38:42.567120471Z","Action":"output","Package":"github.com/Hubujiu/WeaveOS/services/bff/internal/apprecordservice","Test":"TestRootWorkflowActionSQLNullIsFalseButMissingConditionIsNotTrue/actual-null-value","Output":"=== RUN   TestRootWorkflowActionSQLNullIsFalseButMissingConditionIsNotTrue/actual-null-value\n","OutputType":"frame"}
{"Time":"2026-10-07T07:38:42.695164755Z","Action":"output","Package":"github.com/Hubujiu/WeaveOS/services/bff/internal/apprecordservice","Test":"TestRootWorkflowActionSQLNullIsFalseButMissingConditionIsNotTrue/actual-null-value","Output":"--- PASS: TestRootWorkflowActionSQLNullIsFalseButMissingConditionIsNotTrue/actual-null-value (0.13s)\n","OutputType":"frame"}
{"Time":"2026-10-07T07:38:42.695203203Z","Action":"pass","Package":"github.com/Hubujiu/WeaveOS/services/bff/internal/apprecordservice","Test":"TestRootWorkflowActionSQLNullIsFalseButMissingConditionIsNotTrue/actual-null-value","Elapsed":0.13}
{"Time":"2026-10-07T07:38:42.695213047Z","Action":"run","Package":"github.com/Hubujiu/WeaveOS/services/bff/internal/apprecordservice","Test":"TestRootWorkflowActionSQLNullIsFalseButMissingConditionIsNotTrue/corrupt-null-predicate"}
{"Time":"2026-10-07T07:38:42.695216092Z","Action":"output","Package":"github.com/Hubujiu/WeaveOS/services/bff/internal/apprecordservice","Test":"TestRootWorkflowActionSQLNullIsFalseButMissingConditionIsNotTrue/corrupt-null-predicate","Output":"=== RUN   TestRootWorkflowActionSQLNullIsFalseButMissingConditionIsNotTrue/corrupt-null-predicate\n","OutputType":"frame"}
{"Time":"2026-10-07T07:38:42.840427017Z","Action":"output","Package":"github.com/Hubujiu/WeaveOS/services/bff/internal/apprecordservice","Test":"TestRootWorkflowActionSQLNullIsFalseButMissingConditionIsNotTrue/corrupt-null-predicate","Output":"--- PASS: TestRootWorkflowActionSQLNullIsFalseButMissingConditionIsNotTrue/corrupt-null-predicate (0.15s)\n","OutputType":"frame"}
{"Time":"2026-10-07T07:38:42.840470152Z","Action":"pass","Package":"github.com/Hubujiu/WeaveOS/services/bff/internal/apprecordservice","Test":"TestRootWorkflowActionSQLNullIsFalseButMissingConditionIsNotTrue/corrupt-null-predicate","Elapsed":0.15}
{"Time":"2026-10-07T07:38:42.840481349Z","Action":"output","Package":"github.com/Hubujiu/WeaveOS/services/bff/internal/apprecordservice","Test":"TestRootWorkflowActionSQLNullIsFalseButMissingConditionIsNotTrue","Output":"--- PASS: TestRootWorkflowActionSQLNullIsFalseButMissingConditionIsNotTrue (0.27s)\n","OutputType":"frame"}
{"Time":"2026-10-07T07:38:42.840485325Z","Action":"pass","Package":"github.com/Hubujiu/WeaveOS/services/bff/internal/apprecordservice","Test":"TestRootWorkflowActionSQLNullIsFalseButMissingConditionIsNotTrue","Elapsed":0.27}
{"Time":"2026-10-07T07:38:42.840489371Z","Action":"run","Package":"github.com/Hubujiu/WeaveOS/services/bff/internal/apprecordservice","Test":"TestRootWorkflowActionLostActualCommitReplyRecoversOnePendingCommand"}
{"Time":"2026-10-07T07:38:42.840491634Z","Action":"output","Package":"github.com/Hubujiu/WeaveOS/services/bff/internal/apprecordservice","Test":"TestRootWorkflowActionLostActualCommitReplyRecoversOnePendingCommand","Output":"=== RUN   TestRootWorkflowActionLostActualCommitReplyRecoversOnePendingCommand\n","OutputType":"frame"}
{"Time":"2026-10-07T07:38:43.030523957Z","Action":"output","Package":"github.com/Hubujiu/WeaveOS/services/bff/internal/apprecordservice","Test":"TestRootWorkflowActionLostActualCommitReplyRecoversOnePendingCommand","Output":"--- PASS: TestRootWorkflowActionLostActualCommitReplyRecoversOnePendingCommand (0.19s)\n","OutputType":"frame"}
{"Time":"2026-10-07T07:38:43.030562576Z","Action":"pass","Package":"github.com/Hubujiu/WeaveOS/services/bff/internal/apprecordservice","Test":"TestRootWorkflowActionLostActualCommitReplyRecoversOnePendingCommand","Elapsed":0.19}
{"Time":"2026-10-07T07:38:43.030570017Z","Action":"run","Package":"github.com/Hubujiu/WeaveOS/services/bff/internal/apprecordservice","Test":"TestRootWorkflowActionActualCommitRollbackLeavesNoPartialAcceptance"}
{"Time":"2026-10-07T07:38:43.030572721Z","Action":"output","Package":"github.com/Hubujiu/WeaveOS/services/bff/internal/apprecordservice","Test":"TestRootWorkflowActionActualCommitRollbackLeavesNoPartialAcceptance","Output":"=== RUN   TestRootWorkflowActionActualCommitRollbackLeavesNoPartialAcceptance\n","OutputType":"frame"}
{"Time":"2026-10-07T07:38:43.226903672Z","Action":"output","Package":"github.com/Hubujiu/WeaveOS/services/bff/internal/apprecordservice","Test":"TestRootWorkflowActionActualCommitRollbackLeavesNoPartialAcceptance","Output":"--- PASS: TestRootWorkflowActionActualCommitRollbackLeavesNoPartialAcceptance (0.20s)\n","OutputType":"frame"}
{"Time":"2026-10-07T07:38:43.226941269Z","Action":"pass","Package":"github.com/Hubujiu/WeaveOS/services/bff/internal/apprecordservice","Test":"TestRootWorkflowActionActualCommitRollbackLeavesNoPartialAcceptance","Elapsed":0.2}
{"Time":"2026-10-07T07:38:43.22694865Z","Action":"run","Package":"github.com/Hubujiu/WeaveOS/services/bff/internal/apprecordservice","Test":"TestRootWorkflowActionAcceptedReceiptIsPendingMinimalAnd202Only"}
{"Time":"2026-10-07T07:38:43.226951234Z","Action":"output","Package":"github.com/Hubujiu/WeaveOS/services/bff/internal/apprecordservice","Test":"TestRootWorkflowActionAcceptedReceiptIsPendingMinimalAnd202Only","Output":"=== RUN   TestRootWorkflowActionAcceptedReceiptIsPendingMinimalAnd202Only\n","OutputType":"frame"}
{"Time":"2026-10-07T07:38:43.398463049Z","Action":"output","Package":"github.com/Hubujiu/WeaveOS/services/bff/internal/apprecordservice","Test":"TestRootWorkflowActionAcceptedReceiptIsPendingMinimalAnd202Only","Output":"--- PASS: TestRootWorkflowActionAcceptedReceiptIsPendingMinimalAnd202Only (0.17s)\n","OutputType":"frame"}
{"Time":"2026-10-07T07:38:43.398505262Z","Action":"pass","Package":"github.com/Hubujiu/WeaveOS/services/bff/internal/apprecordservice","Test":"TestRootWorkflowActionAcceptedReceiptIsPendingMinimalAnd202Only","Elapsed":0.17}
{"Time":"2026-10-07T07:38:43.398512543Z","Action":"run","Package":"github.com/Hubujiu/WeaveOS/services/bff/internal/apprecordservice","Test":"TestRootWorkflowActionMigrationDownNeverDeletesAcceptedHistory"}
{"Time":"2026-10-07T07:38:43.398522318Z","Action":"output","Package":"github.com/Hubujiu/WeaveOS/services/bff/internal/apprecordservice","Test":"TestRootWorkflowActionMigrationDownNeverDeletesAcceptedHistory","Output":"=== RUN   TestRootWorkflowActionMigrationDownNeverDeletesAcceptedHistory\n","OutputType":"frame"}
{"Time":"2026-10-07T07:38:43.637543024Z","Action":"output","Package":"github.com/Hubujiu/WeaveOS/services/bff/internal/apprecordservice","Test":"TestRootWorkflowActionMigrationDownNeverDeletesAcceptedHistory","Output":"--- PASS: TestRootWorkflowActionMigrationDownNeverDeletesAcceptedHistory (0.24s)\n","OutputType":"frame"}
{"Time":"2026-10-07T07:38:43.637607791Z","Action":"pass","Package":"github.com/Hubujiu/WeaveOS/services/bff/internal/apprecordservice","Test":"TestRootWorkflowActionMigrationDownNeverDeletesAcceptedHistory","Elapsed":0.24}
{"Time":"2026-10-07T07:38:43.637616264Z","Action":"run","Package":"github.com/Hubujiu/WeaveOS/services/bff/internal/apprecordservice","Test":"TestRootWorkflowActionAcceptsOriginalEvidenceCommandQueueFenceAndMinimumReceipt"}
{"Time":"2026-10-07T07:38:43.637623505Z","Action":"output","Package":"github.com/Hubujiu/WeaveOS/services/bff/internal/apprecordservice","Test":"TestRootWorkflowActionAcceptsOriginalEvidenceCommandQueueFenceAndMinimumReceipt","Output":"=== RUN   TestRootWorkflowActionAcceptsOriginalEvidenceCommandQueueFenceAndMinimumReceipt\n","OutputType":"frame"}
{"Time":"2026-10-07T07:38:43.637628693Z","Action":"run","Package":"github.com/Hubujiu/WeaveOS/services/bff/internal/apprecordservice","Test":"TestRootWorkflowActionAcceptsOriginalEvidenceCommandQueueFenceAndMinimumReceipt/agree"}
{"Time":"2026-10-07T07:38:43.637631788Z","Action":"output","Package":"github.com/Hubujiu/WeaveOS/services/bff/internal/apprecordservice","Test":"TestRootWorkflowActionAcceptsOriginalEvidenceCommandQueueFenceAndMinimumReceipt/agree","Output":"=== RUN   TestRootWorkflowActionAcceptsOriginalEvidenceCommandQueueFenceAndMinimumReceipt/agree\n","OutputType":"frame"}
{"Time":"2026-10-07T07:38:43.779729113Z","Action":"output","Package":"github.com/Hubujiu/WeaveOS/services/bff/internal/apprecordservice","Test":"TestRootWorkflowActionAcceptsOriginalEvidenceCommandQueueFenceAndMinimumReceipt/agree","Output":"--- PASS: TestRootWorkflowActionAcceptsOriginalEvidenceCommandQueueFenceAndMinimumReceipt/agree (0.14s)\n","OutputType":"frame"}
{"Time":"2026-10-07T07:38:43.779778637Z","Action":"pass","Package":"github.com/Hubujiu/WeaveOS/services/bff/internal/apprecordservice","Test":"TestRootWorkflowActionAcceptsOriginalEvidenceCommandQueueFenceAndMinimumReceipt/agree","Elapsed":0.14}
{"Time":"2026-10-07T07:38:43.77980707Z","Action":"run","Package":"github.com/Hubujiu/WeaveOS/services/bff/internal/apprecordservice","Test":"TestRootWorkflowActionAcceptsOriginalEvidenceCommandQueueFenceAndMinimumReceipt/reject"}
{"Time":"2026-10-07T07:38:43.779810806Z","Action":"output","Package":"github.com/Hubujiu/WeaveOS/services/bff/internal/apprecordservice","Test":"TestRootWorkflowActionAcceptsOriginalEvidenceCommandQueueFenceAndMinimumReceipt/reject","Output":"=== RUN   TestRootWorkflowActionAcceptsOriginalEvidenceCommandQueueFenceAndMinimumReceipt/reject\n","OutputType":"frame"}
{"Time":"2026-10-07T07:38:43.934837355Z","Action":"output","Package":"github.com/Hubujiu/WeaveOS/services/bff/internal/apprecordservice","Test":"TestRootWorkflowActionAcceptsOriginalEvidenceCommandQueueFenceAndMinimumReceipt/reject","Output":"--- PASS: TestRootWorkflowActionAcceptsOriginalEvidenceCommandQueueFenceAndMinimumReceipt/reject (0.15s)\n","OutputType":"frame"}
{"Time":"2026-10-07T07:38:43.935003736Z","Action":"pass","Package":"github.com/Hubujiu/WeaveOS/services/bff/internal/apprecordservice","Test":"TestRootWorkflowActionAcceptsOriginalEvidenceCommandQueueFenceAndMinimumReceipt/reject","Elapsed":0.15}
{"Time":"2026-10-07T07:38:43.935087442Z","Action":"output","Package":"github.com/Hubujiu/WeaveOS/services/bff/internal/apprecordservice","Test":"TestRootWorkflowActionAcceptsOriginalEvidenceCommandQueueFenceAndMinimumReceipt","Output":"--- PASS: TestRootWorkflowActionAcceptsOriginalEvidenceCommandQueueFenceAndMinimumReceipt (0.30s)\n","OutputType":"frame"}
{"Time":"2026-10-07T07:38:43.935140111Z","Action":"pass","Package":"github.com/Hubujiu/WeaveOS/services/bff/internal/apprecordservice","Test":"TestRootWorkflowActionAcceptsOriginalEvidenceCommandQueueFenceAndMinimumReceipt","Elapsed":0.3}
{"Time":"2026-10-07T07:38:43.935938893Z","Action":"run","Package":"github.com/Hubujiu/WeaveOS/services/bff/internal/apprecordservice","Test":"TestRootWorkflowActionReplayIgnoresExpiredTokenAndRevokedDataButChecksLiveActor"}
{"Time":"2026-10-07T07:38:43.935949709Z","Action":"output","Package":"github.com/Hubujiu/WeaveOS/services/bff/internal/apprecordservice","Test":"TestRootWorkflowActionReplayIgnoresExpiredTokenAndRevokedDataButChecksLiveActor","Output":"=== RUN   TestRootWorkflowActionReplayIgnoresExpiredTokenAndRevokedDataButChecksLiveActor\n","OutputType":"frame"}
{"Time":"2026-10-07T07:38:44.15073678Z","Action":"output","Package":"github.com/Hubujiu/WeaveOS/services/bff/internal/apprecordservice","Test":"TestRootWorkflowActionReplayIgnoresExpiredTokenAndRevokedDataButChecksLiveActor","Output":"--- PASS: TestRootWorkflowActionReplayIgnoresExpiredTokenAndRevokedDataButChecksLiveActor (0.21s)\n","OutputType":"frame"}
{"Time":"2026-10-07T07:38:44.150780125Z","Action":"pass","Package":"github.com/Hubujiu/WeaveOS/services/bff/internal/apprecordservice","Test":"TestRootWorkflowActionReplayIgnoresExpiredTokenAndRevokedDataButChecksLiveActor","Elapsed":0.21}
{"Time":"2026-10-07T07:38:44.150810591Z","Action":"run","Package":"github.com/Hubujiu/WeaveOS/services/bff/internal/apprecordservice","Test":"TestRootWorkflowActionSameOperationDifferentRequestCannotMutate"}
{"Time":"2026-10-07T07:38:44.150813916Z","Action":"output","Package":"github.com/Hubujiu/WeaveOS/services/bff/internal/apprecordservice","Test":"TestRootWorkflowActionSameOperationDifferentRequestCannotMutate","Output":"=== RUN   TestRootWorkflowActionSameOperationDifferentRequestCannotMutate\n","OutputType":"frame"}
{"Time":"2026-10-07T07:38:44.280024573Z","Action":"run","Package":"github.com/Hubujiu/WeaveOS/services/bff/internal/apprecordservice","Test":"TestRootWorkflowActionSameOperationDifferentRequestCannotMutate/action"}
{"Time":"2026-10-07T07:38:44.280058514Z","Action":"output","Package":"github.com/Hubujiu/WeaveOS/services/bff/internal/apprecordservice","Test":"TestRootWorkflowActionSameOperationDifferentRequestCannotMutate/action","Output":"=== RUN   TestRootWorkflowActionSameOperationDifferentRequestCannotMutate/action\n","OutputType":"frame"}
{"Time":"2026-10-07T07:38:44.285846884Z","Action":"output","Package":"github.com/Hubujiu/WeaveOS/services/bff/internal/apprecordservice","Test":"TestRootWorkflowActionSameOperationDifferentRequestCannotMutate/action","Output":"--- PASS: TestRootWorkflowActionSameOperationDifferentRequestCannotMutate/action (0.01s)\n","OutputType":"frame"}
{"Time":"2026-10-07T07:38:44.286336421Z","Action":"pass","Package":"github.com/Hubujiu/WeaveOS/services/bff/internal/apprecordservice","Test":"TestRootWorkflowActionSameOperationDifferentRequestCannotMutate/action","Elapsed":0.01}
{"Time":"2026-10-07T07:38:44.286348609Z","Action":"run","Package":"github.com/Hubujiu/WeaveOS/services/bff/internal/apprecordservice","Test":"TestRootWorkflowActionSameOperationDifferentRequestCannotMutate/record"}
{"Time":"2026-10-07T07:38:44.286351583Z","Action":"output","Package":"github.com/Hubujiu/WeaveOS/services/bff/internal/apprecordservice","Test":"TestRootWorkflowActionSameOperationDifferentRequestCannotMutate/record","Output":"=== RUN   TestRootWorkflowActionSameOperationDifferentRequestCannotMutate/record\n","OutputType":"frame"}
{"Time":"2026-10-07T07:38:44.291641934Z","Action":"output","Package":"github.com/Hubujiu/WeaveOS/services/bff/internal/apprecordservice","Test":"TestRootWorkflowActionSameOperationDifferentRequestCannotMutate/record","Output":"--- PASS: TestRootWorkflowActionSameOperationDifferentRequestCannotMutate/record (0.01s)\n","OutputType":"frame"}
{"Time":"2026-10-07T07:38:44.291736086Z","Action":"pass","Package":"github.com/Hubujiu/WeaveOS/services/bff/internal/apprecordservice","Test":"TestRootWorkflowActionSameOperationDifferentRequestCannotMutate/record","Elapsed":0.01}
{"Time":"2026-10-07T07:38:44.291847033Z","Action":"run","Package":"github.com/Hubujiu/WeaveOS/services/bff/internal/apprecordservice","Test":"TestRootWorkflowActionSameOperationDifferentRequestCannotMutate/instance"}
{"Time":"2026-10-07T07:38:44.291852391Z","Action":"output","Package":"github.com/Hubujiu/WeaveOS/services/bff/internal/apprecordservice","Test":"TestRootWorkflowActionSameOperationDifferentRequestCannotMutate/instance","Output":"=== RUN   TestRootWorkflowActionSameOperationDifferentRequestCannotMutate/instance\n","OutputType":"frame"}
{"Time":"2026-10-07T07:38:44.299222591Z","Action":"output","Package":"github.com/Hubujiu/WeaveOS/services/bff/internal/apprecordservice","Test":"TestRootWorkflowActionSameOperationDifferentRequestCannotMutate/instance","Output":"--- PASS: TestRootWorkflowActionSameOperationDifferentRequestCannotMutate/instance (0.01s)\n","OutputType":"frame"}
{"Time":"2026-10-07T07:38:44.299326437Z","Action":"pass","Package":"github.com/Hubujiu/WeaveOS/services/bff/internal/apprecordservice","Test":"TestRootWorkflowActionSameOperationDifferentRequestCannotMutate/instance","Elapsed":0.01}
{"Time":"2026-10-07T07:38:44.299399637Z","Action":"run","Package":"github.com/Hubujiu/WeaveOS/services/bff/internal/apprecordservice","Test":"TestRootWorkflowActionSameOperationDifferentRequestCannotMutate/task"}
{"Time":"2026-10-07T07:38:44.299403383Z","Action":"output","Package":"github.com/Hubujiu/WeaveOS/services/bff/internal/apprecordservice","Test":"TestRootWorkflowActionSameOperationDifferentRequestCannotMutate/task","Output":"=== RUN   TestRootWorkflowActionSameOperationDifferentRequestCannotMutate/task\n","OutputType":"frame"}
{"Time":"2026-10-07T07:38:44.305136419Z","Action":"output","Package":"github.com/Hubujiu/WeaveOS/services/bff/internal/apprecordservice","Test":"TestRootWorkflowActionSameOperationDifferentRequestCannotMutate/task","Output":"--- PASS: TestRootWorkflowActionSameOperationDifferentRequestCannotMutate/task (0.01s)\n","OutputType":"frame"}
{"Time":"2026-10-07T07:38:44.30521718Z","Action":"pass","Package":"github.com/Hubujiu/WeaveOS/services/bff/internal/apprecordservice","Test":"TestRootWorkflowActionSameOperationDifferentRequestCannotMutate/task","Elapsed":0.01}
{"Time":"2026-10-07T07:38:44.305295468Z","Action":"run","Package":"github.com/Hubujiu/WeaveOS/services/bff/internal/apprecordservice","Test":"TestRootWorkflowActionSameOperationDifferentRequestCannotMutate/token"}
{"Time":"2026-10-07T07:38:44.305299164Z","Action":"output","Package":"github.com/Hubujiu/WeaveOS/services/bff/internal/apprecordservice","Test":"TestRootWorkflowActionSameOperationDifferentRequestCannotMutate/token","Output":"=== RUN   TestRootWorkflowActionSameOperationDifferentRequestCannotMutate/token\n","OutputType":"frame"}
{"Time":"2026-10-07T07:38:44.310642714Z","Action":"output","Package":"github.com/Hubujiu/WeaveOS/services/bff/internal/apprecordservice","Test":"TestRootWorkflowActionSameOperationDifferentRequestCannotMutate/token","Output":"--- PASS: TestRootWorkflowActionSameOperationDifferentRequestCannotMutate/token (0.01s)\n","OutputType":"frame"}
{"Time":"2026-10-07T07:38:44.310728643Z","Action":"pass","Package":"github.com/Hubujiu/WeaveOS/services/bff/internal/apprecordservice","Test":"TestRootWorkflowActionSameOperationDifferentRequestCannotMutate/token","Elapsed":0.01}
{"Time":"2026-10-07T07:38:44.334293496Z","Action":"output","Package":"github.com/Hubujiu/WeaveOS/services/bff/internal/apprecordservice","Test":"TestRootWorkflowActionSameOperationDifferentRequestCannotMutate","Output":"--- PASS: TestRootWorkflowActionSameOperationDifferentRequestCannotMutate (0.19s)\n","OutputType":"frame"}
{"Time":"2026-10-07T07:38:44.334400347Z","Action":"pass","Package":"github.com/Hubujiu/WeaveOS/services/bff/internal/apprecordservice","Test":"TestRootWorkflowActionSameOperationDifferentRequestCannotMutate","Elapsed":0.19}
{"Time":"2026-10-07T07:38:44.334477373Z","Action":"run","Package":"github.com/Hubujiu/WeaveOS/services/bff/internal/apprecordservice","Test":"TestRootWorkflowActionRejectsStaleRelatedEvidenceAndAcceptsUnrelatedSourceChange"}
{"Time":"2026-10-07T07:38:44.334481599Z","Action":"output","Package":"github.com/Hubujiu/WeaveOS/services/bff/internal/apprecordservice","Test":"TestRootWorkflowActionRejectsStaleRelatedEvidenceAndAcceptsUnrelatedSourceChange","Output":"=== RUN   TestRootWorkflowActionRejectsStaleRelatedEvidenceAndAcceptsUnrelatedSourceChange\n","OutputType":"frame"}
{"Time":"2026-10-07T07:38:44.335197577Z","Action":"run","Package":"github.com/Hubujiu/WeaveOS/services/bff/internal/apprecordservice","Test":"TestRootWorkflowActionRejectsStaleRelatedEvidenceAndAcceptsUnrelatedSourceChange/record"}
{"Time":"2026-10-07T07:38:44.335209445Z","Action":"output","Package":"github.com/Hubujiu/WeaveOS/services/bff/internal/apprecordservice","Test":"TestRootWorkflowActionRejectsStaleRelatedEvidenceAndAcceptsUnrelatedSourceChange/record","Output":"=== RUN   TestRootWorkflowActionRejectsStaleRelatedEvidenceAndAcceptsUnrelatedSourceChange/record\n","OutputType":"frame"}
{"Time":"2026-10-07T07:38:44.516211882Z","Action":"output","Package":"github.com/Hubujiu/WeaveOS/services/bff/internal/apprecordservice","Test":"TestRootWorkflowActionRejectsStaleRelatedEvidenceAndAcceptsUnrelatedSourceChange/record","Output":"--- PASS: TestRootWorkflowActionRejectsStaleRelatedEvidenceAndAcceptsUnrelatedSourceChange/record (0.18s)\n","OutputType":"frame"}
{"Time":"2026-10-07T07:38:44.516257781Z","Action":"pass","Package":"github.com/Hubujiu/WeaveOS/services/bff/internal/apprecordservice","Test":"TestRootWorkflowActionRejectsStaleRelatedEvidenceAndAcceptsUnrelatedSourceChange/record","Elapsed":0.18}
{"Time":"2026-10-07T07:38:44.516266104Z","Action":"run","Package":"github.com/Hubujiu/WeaveOS/services/bff/internal/apprecordservice","Test":"TestRootWorkflowActionRejectsStaleRelatedEvidenceAndAcceptsUnrelatedSourceChange/reference"}
{"Time":"2026-10-07T07:38:44.516269869Z","Action":"output","Package":"github.com/Hubujiu/WeaveOS/services/bff/internal/apprecordservice","Test":"TestRootWorkflowActionRejectsStaleRelatedEvidenceAndAcceptsUnrelatedSourceChange/reference","Output":"=== RUN   TestRootWorkflowActionRejectsStaleRelatedEvidenceAndAcceptsUnrelatedSourceChange/reference\n","OutputType":"frame"}
{"Time":"2026-10-07T07:38:44.676605584Z","Action":"output","Package":"github.com/Hubujiu/WeaveOS/services/bff/internal/apprecordservice","Test":"TestRootWorkflowActionRejectsStaleRelatedEvidenceAndAcceptsUnrelatedSourceChange/reference","Output":"--- PASS: TestRootWorkflowActionRejectsStaleRelatedEvidenceAndAcceptsUnrelatedSourceChange/reference (0.16s)\n","OutputType":"frame"}
{"Time":"2026-10-07T07:38:44.676643411Z","Action":"pass","Package":"github.com/Hubujiu/WeaveOS/services/bff/internal/apprecordservice","Test":"TestRootWorkflowActionRejectsStaleRelatedEvidenceAndAcceptsUnrelatedSourceChange/reference","Elapsed":0.16}
{"Time":"2026-10-07T07:38:44.676650091Z","Action":"run","Package":"github.com/Hubujiu/WeaveOS/services/bff/internal/apprecordservice","Test":"TestRootWorkflowActionRejectsStaleRelatedEvidenceAndAcceptsUnrelatedSourceChange/visible-mask"}
{"Time":"2026-10-07T07:38:44.676659625Z","Action":"output","Package":"github.com/Hubujiu/WeaveOS/services/bff/internal/apprecordservice","Test":"TestRootWorkflowActionRejectsStaleRelatedEvidenceAndAcceptsUnrelatedSourceChange/visible-mask","Output":"=== RUN   TestRootWorkflowActionRejectsStaleRelatedEvidenceAndAcceptsUnrelatedSourceChange/visible-mask\n","OutputType":"frame"}
{"Time":"2026-10-07T07:38:44.801049349Z","Action":"output","Package":"github.com/Hubujiu/WeaveOS/services/bff/internal/apprecordservice","Test":"TestRootWorkflowActionRejectsStaleRelatedEvidenceAndAcceptsUnrelatedSourceChange/visible-mask","Output":"--- PASS: TestRootWorkflowActionRejectsStaleRelatedEvidenceAndAcceptsUnrelatedSourceChange/visible-mask (0.12s)\n","OutputType":"frame"}
{"Time":"2026-10-07T07:38:44.801094176Z","Action":"pass","Package":"github.com/Hubujiu/WeaveOS/services/bff/internal/apprecordservice","Test":"TestRootWorkflowActionRejectsStaleRelatedEvidenceAndAcceptsUnrelatedSourceChange/visible-mask","Elapsed":0.12}
{"Time":"2026-10-07T07:38:44.801102198Z","Action":"run","Package":"github.com/Hubujiu/WeaveOS/services/bff/internal/apprecordservice","Test":"TestRootWorkflowActionRejectsStaleRelatedEvidenceAndAcceptsUnrelatedSourceChange/schema"}
{"Time":"2026-10-07T07:38:44.801105613Z","Action":"output","Package":"github.com/Hubujiu/WeaveOS/services/bff/internal/apprecordservice","Test":"TestRootWorkflowActionRejectsStaleRelatedEvidenceAndAcceptsUnrelatedSourceChange/schema","Output":"=== RUN   TestRootWorkflowActionRejectsStaleRelatedEvidenceAndAcceptsUnrelatedSourceChange/schema\n","OutputType":"frame"}
{"Time":"2026-10-07T07:38:44.91880194Z","Action":"output","Package":"github.com/Hubujiu/WeaveOS/services/bff/internal/apprecordservice","Test":"TestRootWorkflowActionRejectsStaleRelatedEvidenceAndAcceptsUnrelatedSourceChange/schema","Output":"--- PASS: TestRootWorkflowActionRejectsStaleRelatedEvidenceAndAcceptsUnrelatedSourceChange/schema (0.12s)\n","OutputType":"frame"}
{"Time":"2026-10-07T07:38:44.918844253Z","Action":"pass","Package":"github.com/Hubujiu/WeaveOS/services/bff/internal/apprecordservice","Test":"TestRootWorkflowActionRejectsStaleRelatedEvidenceAndAcceptsUnrelatedSourceChange/schema","Elapsed":0.12}
{"Time":"2026-10-07T07:38:44.918852115Z","Action":"run","Package":"github.com/Hubujiu/WeaveOS/services/bff/internal/apprecordservice","Test":"TestRootWorkflowActionRejectsStaleRelatedEvidenceAndAcceptsUnrelatedSourceChange/unrelated"}
{"Time":"2026-10-07T07:38:44.918854298Z","Action":"output","Package":"github.com/Hubujiu/WeaveOS/services/bff/internal/apprecordservice","Test":"TestRootWorkflowActionRejectsStaleRelatedEvidenceAndAcceptsUnrelatedSourceChange/unrelated","Output":"=== RUN   TestRootWorkflowActionRejectsStaleRelatedEvidenceAndAcceptsUnrelatedSourceChange/unrelated\n","OutputType":"frame"}
{"Time":"2026-10-07T07:38:45.052070142Z","Action":"output","Package":"github.com/Hubujiu/WeaveOS/services/bff/internal/apprecordservice","Test":"TestRootWorkflowActionRejectsStaleRelatedEvidenceAndAcceptsUnrelatedSourceChange/unrelated","Output":"--- PASS: TestRootWorkflowActionRejectsStaleRelatedEvidenceAndAcceptsUnrelatedSourceChange/unrelated (0.13s)\n","OutputType":"frame"}
{"Time":"2026-10-07T07:38:45.052114599Z","Action":"pass","Package":"github.com/Hubujiu/WeaveOS/services/bff/internal/apprecordservice","Test":"TestRootWorkflowActionRejectsStaleRelatedEvidenceAndAcceptsUnrelatedSourceChange/unrelated","Elapsed":0.13}
{"Time":"2026-10-07T07:38:45.052132546Z","Action":"output","Package":"github.com/Hubujiu/WeaveOS/services/bff/internal/apprecordservice","Test":"TestRootWorkflowActionRejectsStaleRelatedEvidenceAndAcceptsUnrelatedSourceChange","Output":"--- PASS: TestRootWorkflowActionRejectsStaleRelatedEvidenceAndAcceptsUnrelatedSourceChange (0.72s)\n","OutputType":"frame"}
{"Time":"2026-10-07T07:38:45.052137023Z","Action":"pass","Package":"github.com/Hubujiu/WeaveOS/services/bff/internal/apprecordservice","Test":"TestRootWorkflowActionRejectsStaleRelatedEvidenceAndAcceptsUnrelatedSourceChange","Elapsed":0.72}
{"Time":"2026-10-07T07:38:45.052144274Z","Action":"run","Package":"github.com/Hubujiu/WeaveOS/services/bff/internal/apprecordservice","Test":"TestRootWorkflowActionExpiredCrossSessionAndWrongTaskTokensCreateNothing"}
{"Time":"2026-10-07T07:38:45.052147308Z","Action":"output","Package":"github.com/Hubujiu/WeaveOS/services/bff/internal/apprecordservice","Test":"TestRootWorkflowActionExpiredCrossSessionAndWrongTaskTokensCreateNothing","Output":"=== RUN   TestRootWorkflowActionExpiredCrossSessionAndWrongTaskTokensCreateNothing\n","OutputType":"frame"}
{"Time":"2026-10-07T07:38:45.052189732Z","Action":"run","Package":"github.com/Hubujiu/WeaveOS/services/bff/internal/apprecordservice","Test":"TestRootWorkflowActionExpiredCrossSessionAndWrongTaskTokensCreateNothing/expired"}
{"Time":"2026-10-07T07:38:45.052193027Z","Action":"output","Package":"github.com/Hubujiu/WeaveOS/services/bff/internal/apprecordservice","Test":"TestRootWorkflowActionExpiredCrossSessionAndWrongTaskTokensCreateNothing/expired","Output":"=== RUN   TestRootWorkflowActionExpiredCrossSessionAndWrongTaskTokensCreateNothing/expired\n","OutputType":"frame"}
{"Time":"2026-10-07T07:38:45.162727457Z","Action":"output","Package":"github.com/Hubujiu/WeaveOS/services/bff/internal/apprecordservice","Test":"TestRootWorkflowActionExpiredCrossSessionAndWrongTaskTokensCreateNothing/expired","Output":"--- PASS: TestRootWorkflowActionExpiredCrossSessionAndWrongTaskTokensCreateNothing/expired (0.11s)\n","OutputType":"frame"}
{"Time":"2026-10-07T07:38:45.162771884Z","Action":"pass","Package":"github.com/Hubujiu/WeaveOS/services/bff/internal/apprecordservice","Test":"TestRootWorkflowActionExpiredCrossSessionAndWrongTaskTokensCreateNothing/expired","Elapsed":0.11}
{"Time":"2026-10-07T07:38:45.162780297Z","Action":"run","Package":"github.com/Hubujiu/WeaveOS/services/bff/internal/apprecordservice","Test":"TestRootWorkflowActionExpiredCrossSessionAndWrongTaskTokensCreateNothing/different-session"}
{"Time":"2026-10-07T07:38:45.16282909Z","Action":"output","Package":"github.com/Hubujiu/WeaveOS/services/bff/internal/apprecordservice","Test":"TestRootWorkflowActionExpiredCrossSessionAndWrongTaskTokensCreateNothing/different-session","Output":"=== RUN   TestRootWorkflowActionExpiredCrossSessionAndWrongTaskTokensCreateNothing/different-session\n","OutputType":"frame"}
{"Time":"2026-10-07T07:38:45.269121847Z","Action":"output","Package":"github.com/Hubujiu/WeaveOS/services/bff/internal/apprecordservice","Test":"TestRootWorkflowActionExpiredCrossSessionAndWrongTaskTokensCreateNothing/different-session","Output":"--- PASS: TestRootWorkflowActionExpiredCrossSessionAndWrongTaskTokensCreateNothing/different-session (0.11s)\n","OutputType":"frame"}
{"Time":"2026-10-07T07:38:45.269219054Z","Action":"pass","Package":"github.com/Hubujiu/WeaveOS/services/bff/internal/apprecordservice","Test":"TestRootWorkflowActionExpiredCrossSessionAndWrongTaskTokensCreateNothing/different-session","Elapsed":0.11}
{"Time":"2026-10-07T07:38:45.269259785Z","Action":"run","Package":"github.com/Hubujiu/WeaveOS/services/bff/internal/apprecordservice","Test":"TestRootWorkflowActionExpiredCrossSessionAndWrongTaskTokensCreateNothing/different-task"}
{"Time":"2026-10-07T07:38:45.26926302Z","Action":"output","Package":"github.com/Hubujiu/WeaveOS/services/bff/internal/apprecordservice","Test":"TestRootWorkflowActionExpiredCrossSessionAndWrongTaskTokensCreateNothing/different-task","Output":"=== RUN   TestRootWorkflowActionExpiredCrossSessionAndWrongTaskTokensCreateNothing/different-task\n","OutputType":"frame"}
{"Time":"2026-10-07T07:38:45.374917522Z","Action":"output","Package":"github.com/Hubujiu/WeaveOS/services/bff/internal/apprecordservice","Test":"TestRootWorkflowActionExpiredCrossSessionAndWrongTaskTokensCreateNothing/different-task","Output":"--- PASS: TestRootWorkflowActionExpiredCrossSessionAndWrongTaskTokensCreateNothing/different-task (0.11s)\n","OutputType":"frame"}
{"Time":"2026-10-07T07:38:45.37495647Z","Action":"pass","Package":"github.com/Hubujiu/WeaveOS/services/bff/internal/apprecordservice","Test":"TestRootWorkflowActionExpiredCrossSessionAndWrongTaskTokensCreateNothing/different-task","Elapsed":0.11}
{"Time":"2026-10-07T07:38:45.374966395Z","Action":"run","Package":"github.com/Hubujiu/WeaveOS/services/bff/internal/apprecordservice","Test":"TestRootWorkflowActionExpiredCrossSessionAndWrongTaskTokensCreateNothing/different-record"}
{"Time":"2026-10-07T07:38:45.374968829Z","Action":"output","Package":"github.com/Hubujiu/WeaveOS/services/bff/internal/apprecordservice","Test":"TestRootWorkflowActionExpiredCrossSessionAndWrongTaskTokensCreateNothing/different-record","Output":"=== RUN   TestRootWorkflowActionExpiredCrossSessionAndWrongTaskTokensCreateNothing/different-record\n","OutputType":"frame"}
{"Time":"2026-10-07T07:38:45.487082806Z","Action":"output","Package":"github.com/Hubujiu/WeaveOS/services/bff/internal/apprecordservice","Test":"TestRootWorkflowActionExpiredCrossSessionAndWrongTaskTokensCreateNothing/different-record","Output":"--- PASS: TestRootWorkflowActionExpiredCrossSessionAndWrongTaskTokensCreateNothing/different-record (0.11s)\n","OutputType":"frame"}
{"Time":"2026-10-07T07:38:45.487121104Z","Action":"pass","Package":"github.com/Hubujiu/WeaveOS/services/bff/internal/apprecordservice","Test":"TestRootWorkflowActionExpiredCrossSessionAndWrongTaskTokensCreateNothing/different-record","Elapsed":0.11}
{"Time":"2026-10-07T07:38:45.487128885Z","Action":"output","Package":"github.com/Hubujiu/WeaveOS/services/bff/internal/apprecordservice","Test":"TestRootWorkflowActionExpiredCrossSessionAndWrongTaskTokensCreateNothing","Output":"--- PASS: TestRootWorkflowActionExpiredCrossSessionAndWrongTaskTokensCreateNothing (0.43s)\n","OutputType":"frame"}
{"Time":"2026-10-07T07:38:45.48713162Z","Action":"pass","Package":"github.com/Hubujiu/WeaveOS/services/bff/internal/apprecordservice","Test":"TestRootWorkflowActionExpiredCrossSessionAndWrongTaskTokensCreateNothing","Elapsed":0.43}
{"Time":"2026-10-07T07:38:45.487137679Z","Action":"run","Package":"github.com/Hubujiu/WeaveOS/services/bff/internal/apprecordservice","Test":"TestRootWorkflowActionRevokedDataOrTaskNeverGrantsAuthority"}
{"Time":"2026-10-07T07:38:45.487142105Z","Action":"output","Package":"github.com/Hubujiu/WeaveOS/services/bff/internal/apprecordservice","Test":"TestRootWorkflowActionRevokedDataOrTaskNeverGrantsAuthority","Output":"=== RUN   TestRootWorkflowActionRevokedDataOrTaskNeverGrantsAuthority\n","OutputType":"frame"}
{"Time":"2026-10-07T07:38:45.487144509Z","Action":"run","Package":"github.com/Hubujiu/WeaveOS/services/bff/internal/apprecordservice","Test":"TestRootWorkflowActionRevokedDataOrTaskNeverGrantsAuthority/data"}
{"Time":"2026-10-07T07:38:45.487146832Z","Action":"output","Package":"github.com/Hubujiu/WeaveOS/services/bff/internal/apprecordservice","Test":"TestRootWorkflowActionRevokedDataOrTaskNeverGrantsAuthority/data","Output":"=== RUN   TestRootWorkflowActionRevokedDataOrTaskNeverGrantsAuthority/data\n","OutputType":"frame"}
{"Time":"2026-10-07T07:38:45.585695668Z","Action":"output","Package":"github.com/Hubujiu/WeaveOS/services/bff/internal/apprecordservice","Test":"TestRootWorkflowActionRevokedDataOrTaskNeverGrantsAuthority/data","Output":"--- PASS: TestRootWorkflowActionRevokedDataOrTaskNeverGrantsAuthority/data (0.10s)\n","OutputType":"frame"}
{"Time":"2026-10-07T07:38:45.585827917Z","Action":"pass","Package":"github.com/Hubujiu/WeaveOS/services/bff/internal/apprecordservice","Test":"TestRootWorkflowActionRevokedDataOrTaskNeverGrantsAuthority/data","Elapsed":0.1}
{"Time":"2026-10-07T07:38:45.585885734Z","Action":"run","Package":"github.com/Hubujiu/WeaveOS/services/bff/internal/apprecordservice","Test":"TestRootWorkflowActionRevokedDataOrTaskNeverGrantsAuthority/assignee"}
{"Time":"2026-10-07T07:38:45.58588982Z","Action":"output","Package":"github.com/Hubujiu/WeaveOS/services/bff/internal/apprecordservice","Test":"TestRootWorkflowActionRevokedDataOrTaskNeverGrantsAuthority/assignee","Output":"=== RUN   TestRootWorkflowActionRevokedDataOrTaskNeverGrantsAuthority/assignee\n","OutputType":"frame"}
{"Time":"2026-10-07T07:38:45.685231418Z","Action":"output","Package":"github.com/Hubujiu/WeaveOS/services/bff/internal/apprecordservice","Test":"TestRootWorkflowActionRevokedDataOrTaskNeverGrantsAuthority/assignee","Output":"--- PASS: TestRootWorkflowActionRevokedDataOrTaskNeverGrantsAuthority/assignee (0.10s)\n","OutputType":"frame"}
{"Time":"2026-10-07T07:38:45.685337187Z","Action":"pass","Package":"github.com/Hubujiu/WeaveOS/services/bff/internal/apprecordservice","Test":"TestRootWorkflowActionRevokedDataOrTaskNeverGrantsAuthority/assignee","Elapsed":0.1}
{"Time":"2026-10-07T07:38:45.685384949Z","Action":"run","Package":"github.com/Hubujiu/WeaveOS/services/bff/internal/apprecordservice","Test":"TestRootWorkflowActionRevokedDataOrTaskNeverGrantsAuthority/epoch"}
{"Time":"2026-10-07T07:38:45.685388945Z","Action":"output","Package":"github.com/Hubujiu/WeaveOS/services/bff/internal/apprecordservice","Test":"TestRootWorkflowActionRevokedDataOrTaskNeverGrantsAuthority/epoch","Output":"=== RUN   TestRootWorkflowActionRevokedDataOrTaskNeverGrantsAuthority/epoch\n","OutputType":"frame"}
{"Time":"2026-10-07T07:38:45.780397023Z","Action":"output","Package":"github.com/Hubujiu/WeaveOS/services/bff/internal/apprecordservice","Test":"TestRootWorkflowActionRevokedDataOrTaskNeverGrantsAuthority/epoch","Output":"--- PASS: TestRootWorkflowActionRevokedDataOrTaskNeverGrantsAuthority/epoch (0.09s)\n","OutputType":"frame"}
{"Time":"2026-10-07T07:38:45.780466097Z","Action":"pass","Package":"github.com/Hubujiu/WeaveOS/services/bff/internal/apprecordservice","Test":"TestRootWorkflowActionRevokedDataOrTaskNeverGrantsAuthority/epoch","Elapsed":0.09}
{"Time":"2026-10-07T07:38:45.78047452Z","Action":"run","Package":"github.com/Hubujiu/WeaveOS/services/bff/internal/apprecordservice","Test":"TestRootWorkflowActionRevokedDataOrTaskNeverGrantsAuthority/closed"}
{"Time":"2026-10-07T07:38:45.780482331Z","Action":"output","Package":"github.com/Hubujiu/WeaveOS/services/bff/internal/apprecordservice","Test":"TestRootWorkflowActionRevokedDataOrTaskNeverGrantsAuthority/closed","Output":"=== RUN   TestRootWorkflowActionRevokedDataOrTaskNeverGrantsAuthority/closed\n","OutputType":"frame"}
{"Time":"2026-10-07T07:38:45.892050197Z","Action":"output","Package":"github.com/Hubujiu/WeaveOS/services/bff/internal/apprecordservice","Test":"TestRootWorkflowActionRevokedDataOrTaskNeverGrantsAuthority/closed","Output":"--- PASS: TestRootWorkflowActionRevokedDataOrTaskNeverGrantsAuthority/closed (0.11s)\n","OutputType":"frame"}
{"Time":"2026-10-07T07:38:45.892104568Z","Action":"pass","Package":"github.com/Hubujiu/WeaveOS/services/bff/internal/apprecordservice","Test":"TestRootWorkflowActionRevokedDataOrTaskNeverGrantsAuthority/closed","Elapsed":0.11}
{"Time":"2026-10-07T07:38:45.892116907Z","Action":"output","Package":"github.com/Hubujiu/WeaveOS/services/bff/internal/apprecordservice","Test":"TestRootWorkflowActionRevokedDataOrTaskNeverGrantsAuthority","Output":"--- PASS: TestRootWorkflowActionRevokedDataOrTaskNeverGrantsAuthority (0.40s)\n","OutputType":"frame"}
{"Time":"2026-10-07T07:38:45.892121384Z","Action":"pass","Package":"github.com/Hubujiu/WeaveOS/services/bff/internal/apprecordservice","Test":"TestRootWorkflowActionRevokedDataOrTaskNeverGrantsAuthority","Elapsed":0.4}
{"Time":"2026-10-07T07:38:45.892124689Z","Action":"run","Package":"github.com/Hubujiu/WeaveOS/services/bff/internal/apprecordservice","Test":"TestRootWorkflowActionConcurrentExactRequestsCreateOneCommand"}
{"Time":"2026-10-07T07:38:45.892128174Z","Action":"output","Package":"github.com/Hubujiu/WeaveOS/services/bff/internal/apprecordservice","Test":"TestRootWorkflowActionConcurrentExactRequestsCreateOneCommand","Output":"=== RUN   TestRootWorkflowActionConcurrentExactRequestsCreateOneCommand\n","OutputType":"frame"}
{"Time":"2026-10-07T07:38:46.100368411Z","Action":"output","Package":"github.com/Hubujiu/WeaveOS/services/bff/internal/apprecordservice","Test":"TestRootWorkflowActionConcurrentExactRequestsCreateOneCommand","Output":"--- PASS: TestRootWorkflowActionConcurrentExactRequestsCreateOneCommand (0.21s)\n","OutputType":"frame"}
{"Time":"2026-10-07T07:38:46.100404726Z","Action":"pass","Package":"github.com/Hubujiu/WeaveOS/services/bff/internal/apprecordservice","Test":"TestRootWorkflowActionConcurrentExactRequestsCreateOneCommand","Elapsed":0.21}
{"Time":"2026-10-07T07:38:46.100412978Z","Action":"run","Package":"github.com/Hubujiu/WeaveOS/services/bff/internal/apprecordservice","Test":"TestRootWorkflowActionDistinctConcurrentKeysCannotBypassRecordFence"}
{"Time":"2026-10-07T07:38:46.100415151Z","Action":"output","Package":"github.com/Hubujiu/WeaveOS/services/bff/internal/apprecordservice","Test":"TestRootWorkflowActionDistinctConcurrentKeysCannotBypassRecordFence","Output":"=== RUN   TestRootWorkflowActionDistinctConcurrentKeysCannotBypassRecordFence\n","OutputType":"frame"}
{"Time":"2026-10-07T07:38:46.246102976Z","Action":"output","Package":"github.com/Hubujiu/WeaveOS/services/bff/internal/apprecordservice","Test":"TestRootWorkflowActionDistinctConcurrentKeysCannotBypassRecordFence","Output":"--- PASS: TestRootWorkflowActionDistinctConcurrentKeysCannotBypassRecordFence (0.15s)\n","OutputType":"frame"}
{"Time":"2026-10-07T07:38:46.246138169Z","Action":"pass","Package":"github.com/Hubujiu/WeaveOS/services/bff/internal/apprecordservice","Test":"TestRootWorkflowActionDistinctConcurrentKeysCannotBypassRecordFence","Elapsed":0.15}
{"Time":"2026-10-07T07:38:46.246147543Z","Action":"run","Package":"github.com/Hubujiu/WeaveOS/services/bff/internal/apprecordservice","Test":"TestRootWorkflowActionEveryDatabaseFailureRollsBackAllNewState"}
{"Time":"2026-10-07T07:38:46.246150037Z","Action":"output","Package":"github.com/Hubujiu/WeaveOS/services/bff/internal/apprecordservice","Test":"TestRootWorkflowActionEveryDatabaseFailureRollsBackAllNewState","Output":"=== RUN   TestRootWorkflowActionEveryDatabaseFailureRollsBackAllNewState\n","OutputType":"frame"}
{"Time":"2026-10-07T07:38:46.246153973Z","Action":"run","Package":"github.com/Hubujiu/WeaveOS/services/bff/internal/apprecordservice","Test":"TestRootWorkflowActionEveryDatabaseFailureRollsBackAllNewState/workflow_evidence_documents"}
{"Time":"2026-10-07T07:38:46.246164659Z","Action":"output","Package":"github.com/Hubujiu/WeaveOS/services/bff/internal/apprecordservice","Test":"TestRootWorkflowActionEveryDatabaseFailureRollsBackAllNewState/workflow_evidence_documents","Output":"=== RUN   TestRootWorkflowActionEveryDatabaseFailureRollsBackAllNewState/workflow_evidence_documents\n","OutputType":"frame"}
{"Time":"2026-10-07T07:38:46.399325599Z","Action":"output","Package":"github.com/Hubujiu/WeaveOS/services/bff/internal/apprecordservice","Test":"TestRootWorkflowActionEveryDatabaseFailureRollsBackAllNewState/workflow_evidence_documents","Output":"--- PASS: TestRootWorkflowActionEveryDatabaseFailureRollsBackAllNewState/workflow_evidence_documents (0.15s)\n","OutputType":"frame"}
{"Time":"2026-10-07T07:38:46.399364107Z","Action":"pass","Package":"github.com/Hubujiu/WeaveOS/services/bff/internal/apprecordservice","Test":"TestRootWorkflowActionEveryDatabaseFailureRollsBackAllNewState/workflow_evidence_documents","Elapsed":0.15}
{"Time":"2026-10-07T07:38:46.399371258Z","Action":"run","Package":"github.com/Hubujiu/WeaveOS/services/bff/internal/apprecordservice","Test":"TestRootWorkflowActionEveryDatabaseFailureRollsBackAllNewState/workflow_commands"}
{"Time":"2026-10-07T07:38:46.399374583Z","Action":"output","Package":"github.com/Hubujiu/WeaveOS/services/bff/internal/apprecordservice","Test":"TestRootWorkflowActionEveryDatabaseFailureRollsBackAllNewState/workflow_commands","Output":"=== RUN   TestRootWorkflowActionEveryDatabaseFailureRollsBackAllNewState/workflow_commands\n","OutputType":"frame"}
{"Time":"2026-10-07T07:38:46.547701644Z","Action":"output","Package":"github.com/Hubujiu/WeaveOS/services/bff/internal/apprecordservice","Test":"TestRootWorkflowActionEveryDatabaseFailureRollsBackAllNewState/workflow_commands","Output":"--- PASS: TestRootWorkflowActionEveryDatabaseFailureRollsBackAllNewState/workflow_commands (0.15s)\n","OutputType":"frame"}
{"Time":"2026-10-07T07:38:46.547739551Z","Action":"pass","Package":"github.com/Hubujiu/WeaveOS/services/bff/internal/apprecordservice","Test":"TestRootWorkflowActionEveryDatabaseFailureRollsBackAllNewState/workflow_commands","Elapsed":0.15}
{"Time":"2026-10-07T07:38:46.547747764Z","Action":"run","Package":"github.com/Hubujiu/WeaveOS/services/bff/internal/apprecordservice","Test":"TestRootWorkflowActionEveryDatabaseFailureRollsBackAllNewState/workflow_dispatch"}
{"Time":"2026-10-07T07:38:46.547751089Z","Action":"output","Package":"github.com/Hubujiu/WeaveOS/services/bff/internal/apprecordservice","Test":"TestRootWorkflowActionEveryDatabaseFailureRollsBackAllNewState/workflow_dispatch","Output":"=== RUN   TestRootWorkflowActionEveryDatabaseFailureRollsBackAllNewState/workflow_dispatch\n","OutputType":"frame"}
{"Time":"2026-10-07T07:38:46.693096898Z","Action":"output","Package":"github.com/Hubujiu/WeaveOS/services/bff/internal/apprecordservice","Test":"TestRootWorkflowActionEveryDatabaseFailureRollsBackAllNewState/workflow_dispatch","Output":"--- PASS: TestRootWorkflowActionEveryDatabaseFailureRollsBackAllNewState/workflow_dispatch (0.15s)\n","OutputType":"frame"}
{"Time":"2026-10-07T07:38:46.693136378Z","Action":"pass","Package":"github.com/Hubujiu/WeaveOS/services/bff/internal/apprecordservice","Test":"TestRootWorkflowActionEveryDatabaseFailureRollsBackAllNewState/workflow_dispatch","Elapsed":0.15}
{"Time":"2026-10-07T07:38:46.693145031Z","Action":"run","Package":"github.com/Hubujiu/WeaveOS/services/bff/internal/apprecordservice","Test":"TestRootWorkflowActionEveryDatabaseFailureRollsBackAllNewState/operations"}
{"Time":"2026-10-07T07:38:46.693148176Z","Action":"output","Package":"github.com/Hubujiu/WeaveOS/services/bff/internal/apprecordservice","Test":"TestRootWorkflowActionEveryDatabaseFailureRollsBackAllNewState/operations","Output":"=== RUN   TestRootWorkflowActionEveryDatabaseFailureRollsBackAllNewState/operations\n","OutputType":"frame"}
{"Time":"2026-10-07T07:38:46.839061945Z","Action":"output","Package":"github.com/Hubujiu/WeaveOS/services/bff/internal/apprecordservice","Test":"TestRootWorkflowActionEveryDatabaseFailureRollsBackAllNewState/operations","Output":"--- PASS: TestRootWorkflowActionEveryDatabaseFailureRollsBackAllNewState/operations (0.14s)\n","OutputType":"frame"}
{"Time":"2026-10-07T07:38:46.839109537Z","Action":"pass","Package":"github.com/Hubujiu/WeaveOS/services/bff/internal/apprecordservice","Test":"TestRootWorkflowActionEveryDatabaseFailureRollsBackAllNewState/operations","Elapsed":0.14}
{"Time":"2026-10-07T07:38:46.83911789Z","Action":"output","Package":"github.com/Hubujiu/WeaveOS/services/bff/internal/apprecordservice","Test":"TestRootWorkflowActionEveryDatabaseFailureRollsBackAllNewState","Output":"--- PASS: TestRootWorkflowActionEveryDatabaseFailureRollsBackAllNewState (0.59s)\n","OutputType":"frame"}
{"Time":"2026-10-07T07:38:46.839121425Z","Action":"pass","Package":"github.com/Hubujiu/WeaveOS/services/bff/internal/apprecordservice","Test":"TestRootWorkflowActionEveryDatabaseFailureRollsBackAllNewState","Elapsed":0.59}
{"Time":"2026-10-07T07:38:46.839125611Z","Action":"run","Package":"github.com/Hubujiu/WeaveOS/services/bff/internal/apprecordservice","Test":"TestRootWorkflowActionConfirmedStatusRequiresOriginalAppliedEvent"}
{"Time":"2026-10-07T07:38:46.839128095Z","Action":"output","Package":"github.com/Hubujiu/WeaveOS/services/bff/internal/apprecordservice","Test":"TestRootWorkflowActionConfirmedStatusRequiresOriginalAppliedEvent","Output":"=== RUN   TestRootWorkflowActionConfirmedStatusRequiresOriginalAppliedEvent\n","OutputType":"frame"}
{"Time":"2026-10-07T07:38:46.83913155Z","Action":"run","Package":"github.com/Hubujiu/WeaveOS/services/bff/internal/apprecordservice","Test":"TestRootWorkflowActionConfirmedStatusRequiresOriginalAppliedEvent/agree"}
{"Time":"2026-10-07T07:38:46.839133894Z","Action":"output","Package":"github.com/Hubujiu/WeaveOS/services/bff/internal/apprecordservice","Test":"TestRootWorkflowActionConfirmedStatusRequiresOriginalAppliedEvent/agree","Output":"=== RUN   TestRootWorkflowActionConfirmedStatusRequiresOriginalAppliedEvent/agree\n","OutputType":"frame"}
{"Time":"2026-10-07T07:38:46.994886914Z","Action":"output","Package":"github.com/Hubujiu/WeaveOS/services/bff/internal/apprecordservice","Test":"TestRootWorkflowActionConfirmedStatusRequiresOriginalAppliedEvent/agree","Output":"--- PASS: TestRootWorkflowActionConfirmedStatusRequiresOriginalAppliedEvent/agree (0.16s)\n","OutputType":"frame"}
{"Time":"2026-10-07T07:38:46.99492475Z","Action":"pass","Package":"github.com/Hubujiu/WeaveOS/services/bff/internal/apprecordservice","Test":"TestRootWorkflowActionConfirmedStatusRequiresOriginalAppliedEvent/agree","Elapsed":0.16}
{"Time":"2026-10-07T07:38:46.994933003Z","Action":"run","Package":"github.com/Hubujiu/WeaveOS/services/bff/internal/apprecordservice","Test":"TestRootWorkflowActionConfirmedStatusRequiresOriginalAppliedEvent/reject"}
{"Time":"2026-10-07T07:38:46.994936178Z","Action":"output","Package":"github.com/Hubujiu/WeaveOS/services/bff/internal/apprecordservice","Test":"TestRootWorkflowActionConfirmedStatusRequiresOriginalAppliedEvent/reject","Output":"=== RUN   TestRootWorkflowActionConfirmedStatusRequiresOriginalAppliedEvent/reject\n","OutputType":"frame"}
{"Time":"2026-10-07T07:38:47.141203535Z","Action":"output","Package":"github.com/Hubujiu/WeaveOS/services/bff/internal/apprecordservice","Test":"TestRootWorkflowActionConfirmedStatusRequiresOriginalAppliedEvent/reject","Output":"--- PASS: TestRootWorkflowActionConfirmedStatusRequiresOriginalAppliedEvent/reject (0.15s)\n","OutputType":"frame"}
{"Time":"2026-10-07T07:38:47.141242524Z","Action":"pass","Package":"github.com/Hubujiu/WeaveOS/services/bff/internal/apprecordservice","Test":"TestRootWorkflowActionConfirmedStatusRequiresOriginalAppliedEvent/reject","Elapsed":0.15}
{"Time":"2026-10-07T07:38:47.141250135Z","Action":"output","Package":"github.com/Hubujiu/WeaveOS/services/bff/internal/apprecordservice","Test":"TestRootWorkflowActionConfirmedStatusRequiresOriginalAppliedEvent","Output":"--- PASS: TestRootWorkflowActionConfirmedStatusRequiresOriginalAppliedEvent (0.31s)\n","OutputType":"frame"}
{"Time":"2026-10-07T07:38:47.141274181Z","Action":"pass","Package":"github.com/Hubujiu/WeaveOS/services/bff/internal/apprecordservice","Test":"TestRootWorkflowActionConfirmedStatusRequiresOriginalAppliedEvent","Elapsed":0.31}
{"Time":"2026-10-07T07:38:47.141292719Z","Action":"run","Package":"github.com/Hubujiu/WeaveOS/services/bff/internal/apprecordservice","Test":"TestRootWorkflowActionNoEffectIsConfirmedOnlyAfterApplicationProjection"}
{"Time":"2026-10-07T07:38:47.141295303Z","Action":"output","Package":"github.com/Hubujiu/WeaveOS/services/bff/internal/apprecordservice","Test":"TestRootWorkflowActionNoEffectIsConfirmedOnlyAfterApplicationProjection","Output":"=== RUN   TestRootWorkflowActionNoEffectIsConfirmedOnlyAfterApplicationProjection\n","OutputType":"frame"}
{"Time":"2026-10-07T07:38:47.29106141Z","Action":"output","Package":"github.com/Hubujiu/WeaveOS/services/bff/internal/apprecordservice","Test":"TestRootWorkflowActionNoEffectIsConfirmedOnlyAfterApplicationProjection","Output":"--- PASS: TestRootWorkflowActionNoEffectIsConfirmedOnlyAfterApplicationProjection (0.15s)\n","OutputType":"frame"}
{"Time":"2026-10-07T07:38:47.291111145Z","Action":"pass","Package":"github.com/Hubujiu/WeaveOS/services/bff/internal/apprecordservice","Test":"TestRootWorkflowActionNoEffectIsConfirmedOnlyAfterApplicationProjection","Elapsed":0.15}
{"Time":"2026-10-07T07:38:47.29112107Z","Action":"run","Package":"github.com/Hubujiu/WeaveOS/services/bff/internal/apprecordservice","Test":"TestRootWorkflowActionEvaluatesPinnedConditionsOnActualHiddenTypedFields"}
{"Time":"2026-10-07T07:38:47.291123924Z","Action":"output","Package":"github.com/Hubujiu/WeaveOS/services/bff/internal/apprecordservice","Test":"TestRootWorkflowActionEvaluatesPinnedConditionsOnActualHiddenTypedFields","Output":"=== RUN   TestRootWorkflowActionEvaluatesPinnedConditionsOnActualHiddenTypedFields\n","OutputType":"frame"}
{"Time":"2026-10-07T07:38:47.427858928Z","Action":"output","Package":"github.com/Hubujiu/WeaveOS/services/bff/internal/apprecordservice","Test":"TestRootWorkflowActionEvaluatesPinnedConditionsOnActualHiddenTypedFields","Output":"--- PASS: TestRootWorkflowActionEvaluatesPinnedConditionsOnActualHiddenTypedFields (0.14s)\n","OutputType":"frame"}
{"Time":"2026-10-07T07:38:47.427896885Z","Action":"pass","Package":"github.com/Hubujiu/WeaveOS/services/bff/internal/apprecordservice","Test":"TestRootWorkflowActionEvaluatesPinnedConditionsOnActualHiddenTypedFields","Elapsed":0.14}
{"Time":"2026-10-07T07:38:47.427909604Z","Action":"run","Package":"github.com/Hubujiu/WeaveOS/services/bff/internal/apprecordservice","Test":"TestRootWorkflowActionFenceProtectsOnlyTargetAndDoesNotImplicitlySave"}
{"Time":"2026-10-07T07:38:47.427912518Z","Action":"output","Package":"github.com/Hubujiu/WeaveOS/services/bff/internal/apprecordservice","Test":"TestRootWorkflowActionFenceProtectsOnlyTargetAndDoesNotImplicitlySave","Output":"=== RUN   TestRootWorkflowActionFenceProtectsOnlyTargetAndDoesNotImplicitlySave\n","OutputType":"frame"}
{"Time":"2026-10-07T07:38:47.572603183Z","Action":"output","Package":"github.com/Hubujiu/WeaveOS/services/bff/internal/apprecordservice","Test":"TestRootWorkflowActionFenceProtectsOnlyTargetAndDoesNotImplicitlySave","Output":"--- PASS: TestRootWorkflowActionFenceProtectsOnlyTargetAndDoesNotImplicitlySave (0.14s)\n","OutputType":"frame"}
{"Time":"2026-10-07T07:38:47.572638596Z","Action":"pass","Package":"github.com/Hubujiu/WeaveOS/services/bff/internal/apprecordservice","Test":"TestRootWorkflowActionFenceProtectsOnlyTargetAndDoesNotImplicitlySave","Elapsed":0.14}
{"Time":"2026-10-07T07:38:47.572645707Z","Action":"run","Package":"github.com/Hubujiu/WeaveOS/services/bff/internal/apprecordservice","Test":"TestRootWorkflowActionInvalidOrNonWorkflowOperationsNeverReturnStatus"}
{"Time":"2026-10-07T07:38:47.572648531Z","Action":"output","Package":"github.com/Hubujiu/WeaveOS/services/bff/internal/apprecordservice","Test":"TestRootWorkflowActionInvalidOrNonWorkflowOperationsNeverReturnStatus","Output":"=== RUN   TestRootWorkflowActionInvalidOrNonWorkflowOperationsNeverReturnStatus\n","OutputType":"frame"}
{"Time":"2026-10-07T07:38:47.69025637Z","Action":"output","Package":"github.com/Hubujiu/WeaveOS/services/bff/internal/apprecordservice","Test":"TestRootWorkflowActionInvalidOrNonWorkflowOperationsNeverReturnStatus","Output":"--- PASS: TestRootWorkflowActionInvalidOrNonWorkflowOperationsNeverReturnStatus (0.12s)\n","OutputType":"frame"}
{"Time":"2026-10-07T07:38:47.690298773Z","Action":"pass","Package":"github.com/Hubujiu/WeaveOS/services/bff/internal/apprecordservice","Test":"TestRootWorkflowActionInvalidOrNonWorkflowOperationsNeverReturnStatus","Elapsed":0.12}
{"Time":"2026-10-07T07:38:47.69030957Z","Action":"run","Package":"github.com/Hubujiu/WeaveOS/services/bff/internal/apprecordservice","Test":"TestRootCatalogVersionWorkOracle"}
{"Time":"2026-10-07T07:38:47.690312845Z","Action":"output","Package":"github.com/Hubujiu/WeaveOS/services/bff/internal/apprecordservice","Test":"TestRootCatalogVersionWorkOracle","Output":"=== RUN   TestRootCatalogVersionWorkOracle\n","OutputType":"frame"}
{"Time":"2026-10-07T07:38:47.690700157Z","Action":"output","Package":"github.com/Hubujiu/WeaveOS/services/bff/internal/apprecordservice","Test":"TestRootCatalogVersionWorkOracle","Output":"--- PASS: TestRootCatalogVersionWorkOracle (0.00s)\n","OutputType":"frame"}
{"Time":"2026-10-07T07:38:47.690706888Z","Action":"pass","Package":"github.com/Hubujiu/WeaveOS/services/bff/internal/apprecordservice","Test":"TestRootCatalogVersionWorkOracle","Elapsed":0}
{"Time":"2026-10-07T07:38:47.690712346Z","Action":"run","Package":"github.com/Hubujiu/WeaveOS/services/bff/internal/apprecordservice","Test":"TestRootCatalogCompatibilityDoesNotScanArchivedVersions"}
{"Time":"2026-10-07T07:38:47.690715861Z","Action":"output","Package":"github.com/Hubujiu/WeaveOS/services/bff/internal/apprecordservice","Test":"TestRootCatalogCompatibilityDoesNotScanArchivedVersions","Output":"=== RUN   TestRootCatalogCompatibilityDoesNotScanArchivedVersions\n","OutputType":"frame"}
{"Time":"2026-10-07T07:38:48.024708322Z","Action":"output","Package":"github.com/Hubujiu/WeaveOS/services/bff/internal/apprecordservice","Test":"TestRootCatalogCompatibilityDoesNotScanArchivedVersions","Output":"    root_workflow_catalog_scale_test.go:165: catalog actual query: retired=4999 live=1 elapsed=3.347366ms aggregate_plan_rows=172 plan=[\n"}
{"Time":"2026-10-07T07:38:48.024744937Z","Action":"output","Package":"github.com/Hubujiu/WeaveOS/services/bff/internal/apprecordservice","Test":"TestRootCatalogCompatibilityDoesNotScanArchivedVersions","Output":"          {\n"}
{"Time":"2026-10-07T07:38:48.024748332Z","Action":"output","Package":"github.com/Hubujiu/WeaveOS/services/bff/internal/apprecordservice","Test":"TestRootCatalogCompatibilityDoesNotScanArchivedVersions","Output":"            \"Plan\": {\n"}
{"Time":"2026-10-07T07:38:48.024750495Z","Action":"output","Package":"github.com/Hubujiu/WeaveOS/services/bff/internal/apprecordservice","Test":"TestRootCatalogCompatibilityDoesNotScanArchivedVersions","Output":"              \"Node Type\": \"Sort\",\n"}
{"Time":"2026-10-07T07:38:48.02475384Z","Action":"output","Package":"github.com/Hubujiu/WeaveOS/services/bff/internal/apprecordservice","Test":"TestRootCatalogCompatibilityDoesNotScanArchivedVersions","Output":"              \"Parallel Aware\": false,\n"}
{"Time":"2026-10-07T07:38:48.024755683Z","Action":"output","Package":"github.com/Hubujiu/WeaveOS/services/bff/internal/apprecordservice","Test":"TestRootCatalogCompatibilityDoesNotScanArchivedVersions","Output":"              \"Async Capable\": false,\n"}
{"Time":"2026-10-07T07:38:48.024757245Z","Action":"output","Package":"github.com/Hubujiu/WeaveOS/services/bff/internal/apprecordservice","Test":"TestRootCatalogCompatibilityDoesNotScanArchivedVersions","Output":"              \"Startup Cost\": 32.87,\n"}
{"Time":"2026-10-07T07:38:48.024758708Z","Action":"output","Package":"github.com/Hubujiu/WeaveOS/services/bff/internal/apprecordservice","Test":"TestRootCatalogCompatibilityDoesNotScanArchivedVersions","Output":"              \"Total Cost\": 32.87,\n"}
{"Time":"2026-10-07T07:38:48.024762974Z","Action":"output","Package":"github.com/Hubujiu/WeaveOS/services/bff/internal/apprecordservice","Test":"TestRootCatalogCompatibilityDoesNotScanArchivedVersions","Output":"              \"Plan Rows\": 1,\n"}
{"Time":"2026-10-07T07:38:48.024766299Z","Action":"output","Package":"github.com/Hubujiu/WeaveOS/services/bff/internal/apprecordservice","Test":"TestRootCatalogCompatibilityDoesNotScanArchivedVersions","Output":"              \"Plan Width\": 804,\n"}
{"Time":"2026-10-07T07:38:48.024768062Z","Action":"output","Package":"github.com/Hubujiu/WeaveOS/services/bff/internal/apprecordservice","Test":"TestRootCatalogCompatibilityDoesNotScanArchivedVersions","Output":"              \"Actual Startup Time\": 0.045,\n"}
{"Time":"2026-10-07T07:38:48.024770886Z","Action":"output","Package":"github.com/Hubujiu/WeaveOS/services/bff/internal/apprecordservice","Test":"TestRootCatalogCompatibilityDoesNotScanArchivedVersions","Output":"              \"Actual Total Time\": 0.046,\n"}
{"Time":"2026-10-07T07:38:48.024772548Z","Action":"output","Package":"github.com/Hubujiu/WeaveOS/services/bff/internal/apprecordservice","Test":"TestRootCatalogCompatibilityDoesNotScanArchivedVersions","Output":"              \"Actual Rows\": 1.00,\n"}
{"Time":"2026-10-07T07:38:48.024773991Z","Action":"output","Package":"github.com/Hubujiu/WeaveOS/services/bff/internal/apprecordservice","Test":"TestRootCatalogCompatibilityDoesNotScanArchivedVersions","Output":"              \"Actual Loops\": 1,\n"}
{"Time":"2026-10-07T07:38:48.024775413Z","Action":"output","Package":"github.com/Hubujiu/WeaveOS/services/bff/internal/apprecordservice","Test":"TestRootCatalogCompatibilityDoesNotScanArchivedVersions","Output":"              \"Disabled\": false,\n"}
{"Time":"2026-10-07T07:38:48.024776955Z","Action":"output","Package":"github.com/Hubujiu/WeaveOS/services/bff/internal/apprecordservice","Test":"TestRootCatalogCompatibilityDoesNotScanArchivedVersions","Output":"              \"Sort Key\": [\"((d.id)::text)\", \"v.version\"],\n"}
{"Time":"2026-10-07T07:38:48.024778618Z","Action":"output","Package":"github.com/Hubujiu/WeaveOS/services/bff/internal/apprecordservice","Test":"TestRootCatalogCompatibilityDoesNotScanArchivedVersions","Output":"              \"Sort Method\": \"quicksort\",\n"}
{"Time":"2026-10-07T07:38:48.0247803Z","Action":"output","Package":"github.com/Hubujiu/WeaveOS/services/bff/internal/apprecordservice","Test":"TestRootCatalogCompatibilityDoesNotScanArchivedVersions","Output":"              \"Sort Space Used\": 25,\n"}
{"Time":"2026-10-07T07:38:48.024781872Z","Action":"output","Package":"github.com/Hubujiu/WeaveOS/services/bff/internal/apprecordservice","Test":"TestRootCatalogCompatibilityDoesNotScanArchivedVersions","Output":"              \"Sort Space Type\": \"Memory\",\n"}
{"Time":"2026-10-07T07:38:48.024783495Z","Action":"output","Package":"github.com/Hubujiu/WeaveOS/services/bff/internal/apprecordservice","Test":"TestRootCatalogCompatibilityDoesNotScanArchivedVersions","Output":"              \"Shared Hit Blocks\": 11,\n"}
{"Time":"2026-10-07T07:38:48.024802123Z","Action":"output","Package":"github.com/Hubujiu/WeaveOS/services/bff/internal/apprecordservice","Test":"TestRootCatalogCompatibilityDoesNotScanArchivedVersions","Output":"              \"Shared Read Blocks\": 0,\n"}
{"Time":"2026-10-07T07:38:48.024803605Z","Action":"output","Package":"github.com/Hubujiu/WeaveOS/services/bff/internal/apprecordservice","Test":"TestRootCatalogCompatibilityDoesNotScanArchivedVersions","Output":"              \"Shared Dirtied Blocks\": 0,\n"}
{"Time":"2026-10-07T07:38:48.024805428Z","Action":"output","Package":"github.com/Hubujiu/WeaveOS/services/bff/internal/apprecordservice","Test":"TestRootCatalogCompatibilityDoesNotScanArchivedVersions","Output":"              \"Shared Written Blocks\": 0,\n"}
{"Time":"2026-10-07T07:38:48.024807Z","Action":"output","Package":"github.com/Hubujiu/WeaveOS/services/bff/internal/apprecordservice","Test":"TestRootCatalogCompatibilityDoesNotScanArchivedVersions","Output":"              \"Local Hit Blocks\": 0,\n"}
{"Time":"2026-10-07T07:38:48.024809564Z","Action":"output","Package":"github.com/Hubujiu/WeaveOS/services/bff/internal/apprecordservice","Test":"TestRootCatalogCompatibilityDoesNotScanArchivedVersions","Output":"              \"Local Read Blocks\": 0,\n"}
{"Time":"2026-10-07T07:38:48.024817236Z","Action":"output","Package":"github.com/Hubujiu/WeaveOS/services/bff/internal/apprecordservice","Test":"TestRootCatalogCompatibilityDoesNotScanArchivedVersions","Output":"              \"Local Dirtied Blocks\": 0,\n"}
{"Time":"2026-10-07T07:38:48.024818778Z","Action":"output","Package":"github.com/Hubujiu/WeaveOS/services/bff/internal/apprecordservice","Test":"TestRootCatalogCompatibilityDoesNotScanArchivedVersions","Output":"              \"Local Written Blocks\": 0,\n"}
{"Time":"2026-10-07T07:38:48.02482022Z","Action":"output","Package":"github.com/Hubujiu/WeaveOS/services/bff/internal/apprecordservice","Test":"TestRootCatalogCompatibilityDoesNotScanArchivedVersions","Output":"              \"Temp Read Blocks\": 0,\n"}
{"Time":"2026-10-07T07:38:48.024822013Z","Action":"output","Package":"github.com/Hubujiu/WeaveOS/services/bff/internal/apprecordservice","Test":"TestRootCatalogCompatibilityDoesNotScanArchivedVersions","Output":"              \"Temp Written Blocks\": 0,\n"}
{"Time":"2026-10-07T07:38:48.024823655Z","Action":"output","Package":"github.com/Hubujiu/WeaveOS/services/bff/internal/apprecordservice","Test":"TestRootCatalogCompatibilityDoesNotScanArchivedVersions","Output":"              \"Plans\": [\n"}
{"Time":"2026-10-07T07:38:48.024825178Z","Action":"output","Package":"github.com/Hubujiu/WeaveOS/services/bff/internal/apprecordservice","Test":"TestRootCatalogCompatibilityDoesNotScanArchivedVersions","Output":"                {\n"}
{"Time":"2026-10-07T07:38:48.02482676Z","Action":"output","Package":"github.com/Hubujiu/WeaveOS/services/bff/internal/apprecordservice","Test":"TestRootCatalogCompatibilityDoesNotScanArchivedVersions","Output":"                  \"Node Type\": \"Nested Loop\",\n"}
{"Time":"2026-10-07T07:38:48.024828503Z","Action":"output","Package":"github.com/Hubujiu/WeaveOS/services/bff/internal/apprecordservice","Test":"TestRootCatalogCompatibilityDoesNotScanArchivedVersions","Output":"                  \"Parent Relationship\": \"Outer\",\n"}
{"Time":"2026-10-07T07:38:48.024830095Z","Action":"output","Package":"github.com/Hubujiu/WeaveOS/services/bff/internal/apprecordservice","Test":"TestRootCatalogCompatibilityDoesNotScanArchivedVersions","Output":"                  \"Parallel Aware\": false,\n"}
{"Time":"2026-10-07T07:38:48.02483333Z","Action":"output","Package":"github.com/Hubujiu/WeaveOS/services/bff/internal/apprecordservice","Test":"TestRootCatalogCompatibilityDoesNotScanArchivedVersions","Output":"                  \"Async Capable\": false,\n"}
{"Time":"2026-10-07T07:38:48.024837146Z","Action":"output","Package":"github.com/Hubujiu/WeaveOS/services/bff/internal/apprecordservice","Test":"TestRootCatalogCompatibilityDoesNotScanArchivedVersions","Output":"                  \"Join Type\": \"Inner\",\n"}
{"Time":"2026-10-07T07:38:48.024839008Z","Action":"output","Package":"github.com/Hubujiu/WeaveOS/services/bff/internal/apprecordservice","Test":"TestRootCatalogCompatibilityDoesNotScanArchivedVersions","Output":"                  \"Startup Cost\": 16.48,\n"}
{"Time":"2026-10-07T07:38:48.024840631Z","Action":"output","Package":"github.com/Hubujiu/WeaveOS/services/bff/internal/apprecordservice","Test":"TestRootCatalogCompatibilityDoesNotScanArchivedVersions","Output":"                  \"Total Cost\": 32.86,\n"}
{"Time":"2026-10-07T07:38:48.024842183Z","Action":"output","Package":"github.com/Hubujiu/WeaveOS/services/bff/internal/apprecordservice","Test":"TestRootCatalogCompatibilityDoesNotScanArchivedVersions","Output":"                  \"Plan Rows\": 1,\n"}
{"Time":"2026-10-07T07:38:48.024843625Z","Action":"output","Package":"github.com/Hubujiu/WeaveOS/services/bff/internal/apprecordservice","Test":"TestRootCatalogCompatibilityDoesNotScanArchivedVersions","Output":"                  \"Plan Width\": 804,\n"}
{"Time":"2026-10-07T07:38:48.024846259Z","Action":"output","Package":"github.com/Hubujiu/WeaveOS/services/bff/internal/apprecordservice","Test":"TestRootCatalogCompatibilityDoesNotScanArchivedVersions","Output":"                  \"Actual Startup Time\": 0.041,\n"}
{"Time":"2026-10-07T07:38:48.024848042Z","Action":"output","Package":"github.com/Hubujiu/WeaveOS/services/bff/internal/apprecordservice","Test":"TestRootCatalogCompatibilityDoesNotScanArchivedVersions","Output":"                  \"Actual Total Time\": 0.043,\n"}
{"Time":"2026-10-07T07:38:48.024849624Z","Action":"output","Package":"github.com/Hubujiu/WeaveOS/services/bff/internal/apprecordservice","Test":"TestRootCatalogCompatibilityDoesNotScanArchivedVersions","Output":"                  \"Actual Rows\": 1.00,\n"}
{"Time":"2026-10-07T07:38:48.024851157Z","Action":"output","Package":"github.com/Hubujiu/WeaveOS/services/bff/internal/apprecordservice","Test":"TestRootCatalogCompatibilityDoesNotScanArchivedVersions","Output":"                  \"Actual Loops\": 1,\n"}
{"Time":"2026-10-07T07:38:48.024852629Z","Action":"output","Package":"github.com/Hubujiu/WeaveOS/services/bff/internal/apprecordservice","Test":"TestRootCatalogCompatibilityDoesNotScanArchivedVersions","Output":"                  \"Disabled\": false,\n"}
{"Time":"2026-10-07T07:38:48.024854111Z","Action":"output","Package":"github.com/Hubujiu/WeaveOS/services/bff/internal/apprecordservice","Test":"TestRootCatalogCompatibilityDoesNotScanArchivedVersions","Output":"                  \"Inner Unique\": true,\n"}
{"Time":"2026-10-07T07:38:48.024855633Z","Action":"output","Package":"github.com/Hubujiu/WeaveOS/services/bff/internal/apprecordservice","Test":"TestRootCatalogCompatibilityDoesNotScanArchivedVersions","Output":"                  \"Shared Hit Blocks\": 11,\n"}
{"Time":"2026-10-07T07:38:48.024857286Z","Action":"output","Package":"github.com/Hubujiu/WeaveOS/services/bff/internal/apprecordservice","Test":"TestRootCatalogCompatibilityDoesNotScanArchivedVersions","Output":"                  \"Shared Read Blocks\": 0,\n"}
{"Time":"2026-10-07T07:38:48.024858978Z","Action":"output","Package":"github.com/Hubujiu/WeaveOS/services/bff/internal/apprecordservice","Test":"TestRootCatalogCompatibilityDoesNotScanArchivedVersions","Output":"                  \"Shared Dirtied Blocks\": 0,\n"}
{"Time":"2026-10-07T07:38:48.024860531Z","Action":"output","Package":"github.com/Hubujiu/WeaveOS/services/bff/internal/apprecordservice","Test":"TestRootCatalogCompatibilityDoesNotScanArchivedVersions","Output":"                  \"Shared Written Blocks\": 0,\n"}
{"Time":"2026-10-07T07:38:48.024862273Z","Action":"output","Package":"github.com/Hubujiu/WeaveOS/services/bff/internal/apprecordservice","Test":"TestRootCatalogCompatibilityDoesNotScanArchivedVersions","Output":"                  \"Local Hit Blocks\": 0,\n"}
{"Time":"2026-10-07T07:38:48.024863816Z","Action":"output","Package":"github.com/Hubujiu/WeaveOS/services/bff/internal/apprecordservice","Test":"TestRootCatalogCompatibilityDoesNotScanArchivedVersions","Output":"                  \"Local Read Blocks\": 0,\n"}
{"Time":"2026-10-07T07:38:48.024865368Z","Action":"output","Package":"github.com/Hubujiu/WeaveOS/services/bff/internal/apprecordservice","Test":"TestRootCatalogCompatibilityDoesNotScanArchivedVersions","Output":"                  \"Local Dirtied Blocks\": 0,\n"}
{"Time":"2026-10-07T07:38:48.024867081Z","Action":"output","Package":"github.com/Hubujiu/WeaveOS/services/bff/internal/apprecordservice","Test":"TestRootCatalogCompatibilityDoesNotScanArchivedVersions","Output":"                  \"Local Written Blocks\": 0,\n"}
{"Time":"2026-10-07T07:38:48.024868643Z","Action":"output","Package":"github.com/Hubujiu/WeaveOS/services/bff/internal/apprecordservice","Test":"TestRootCatalogCompatibilityDoesNotScanArchivedVersions","Output":"                  \"Temp Read Blocks\": 0,\n"}
{"Time":"2026-10-07T07:38:48.024871397Z","Action":"output","Package":"github.com/Hubujiu/WeaveOS/services/bff/internal/apprecordservice","Test":"TestRootCatalogCompatibilityDoesNotScanArchivedVersions","Output":"                  \"Temp Written Blocks\": 0,\n"}
{"Time":"2026-10-07T07:38:48.02487327Z","Action":"output","Package":"github.com/Hubujiu/WeaveOS/services/bff/internal/apprecordservice","Test":"TestRootCatalogCompatibilityDoesNotScanArchivedVersions","Output":"                  \"Plans\": [\n"}
{"Time":"2026-10-07T07:38:48.024874732Z","Action":"output","Package":"github.com/Hubujiu/WeaveOS/services/bff/internal/apprecordservice","Test":"TestRootCatalogCompatibilityDoesNotScanArchivedVersions","Output":"                    {\n"}
{"Time":"2026-10-07T07:38:48.024876194Z","Action":"output","Package":"github.com/Hubujiu/WeaveOS/services/bff/internal/apprecordservice","Test":"TestRootCatalogCompatibilityDoesNotScanArchivedVersions","Output":"                      \"Node Type\": \"Unique\",\n"}
{"Time":"2026-10-07T07:38:48.024877877Z","Action":"output","Package":"github.com/Hubujiu/WeaveOS/services/bff/internal/apprecordservice","Test":"TestRootCatalogCompatibilityDoesNotScanArchivedVersions","Output":"                      \"Parent Relationship\": \"Outer\",\n"}
{"Time":"2026-10-07T07:38:48.0248798Z","Action":"output","Package":"github.com/Hubujiu/WeaveOS/services/bff/internal/apprecordservice","Test":"TestRootCatalogCompatibilityDoesNotScanArchivedVersions","Output":"                      \"Parallel Aware\": false,\n"}
{"Time":"2026-10-07T07:38:48.024881602Z","Action":"output","Package":"github.com/Hubujiu/WeaveOS/services/bff/internal/apprecordservice","Test":"TestRootCatalogCompatibilityDoesNotScanArchivedVersions","Output":"                      \"Async Capable\": false,\n"}
{"Time":"2026-10-07T07:38:48.024883175Z","Action":"output","Package":"github.com/Hubujiu/WeaveOS/services/bff/internal/apprecordservice","Test":"TestRootCatalogCompatibilityDoesNotScanArchivedVersions","Output":"                      \"Startup Cost\": 16.20,\n"}
{"Time":"2026-10-07T07:38:48.024884707Z","Action":"output","Package":"github.com/Hubujiu/WeaveOS/services/bff/internal/apprecordservice","Test":"TestRootCatalogCompatibilityDoesNotScanArchivedVersions","Output":"                      \"Total Cost\": 16.22,\n"}
{"Time":"2026-10-07T07:38:48.024886189Z","Action":"output","Package":"github.com/Hubujiu/WeaveOS/services/bff/internal/apprecordservice","Test":"TestRootCatalogCompatibilityDoesNotScanArchivedVersions","Output":"                      \"Plan Rows\": 2,\n"}
{"Time":"2026-10-07T07:38:48.024887601Z","Action":"output","Package":"github.com/Hubujiu/WeaveOS/services/bff/internal/apprecordservice","Test":"TestRootCatalogCompatibilityDoesNotScanArchivedVersions","Output":"                      \"Plan Width\": 40,\n"}
{"Time":"2026-10-07T07:38:48.024889134Z","Action":"output","Package":"github.com/Hubujiu/WeaveOS/services/bff/internal/apprecordservice","Test":"TestRootCatalogCompatibilityDoesNotScanArchivedVersions","Output":"                      \"Actual Startup Time\": 0.035,\n"}
{"Time":"2026-10-07T07:38:48.024890606Z","Action":"output","Package":"github.com/Hubujiu/WeaveOS/services/bff/internal/apprecordservice","Test":"TestRootCatalogCompatibilityDoesNotScanArchivedVersions","Output":"                      \"Actual Total Time\": 0.036,\n"}
{"Time":"2026-10-07T07:38:48.024892038Z","Action":"output","Package":"github.com/Hubujiu/WeaveOS/services/bff/internal/apprecordservice","Test":"TestRootCatalogCompatibilityDoesNotScanArchivedVersions","Output":"                      \"Actual Rows\": 1.00,\n"}
{"Time":"2026-10-07T07:38:48.02489348Z","Action":"output","Package":"github.com/Hubujiu/WeaveOS/services/bff/internal/apprecordservice","Test":"TestRootCatalogCompatibilityDoesNotScanArchivedVersions","Output":"                      \"Actual Loops\": 1,\n"}
{"Time":"2026-10-07T07:38:48.024894943Z","Action":"output","Package":"github.com/Hubujiu/WeaveOS/services/bff/internal/apprecordservice","Test":"TestRootCatalogCompatibilityDoesNotScanArchivedVersions","Output":"                      \"Disabled\": false,\n"}
{"Time":"2026-10-07T07:38:48.024897496Z","Action":"output","Package":"github.com/Hubujiu/WeaveOS/services/bff/internal/apprecordservice","Test":"TestRootCatalogCompatibilityDoesNotScanArchivedVersions","Output":"                      \"Shared Hit Blocks\": 8,\n"}
{"Time":"2026-10-07T07:38:48.024903746Z","Action":"output","Package":"github.com/Hubujiu/WeaveOS/services/bff/internal/apprecordservice","Test":"TestRootCatalogCompatibilityDoesNotScanArchivedVersions","Output":"                      \"Shared Read Blocks\": 0,\n"}
{"Time":"2026-10-07T07:38:48.024905358Z","Action":"output","Package":"github.com/Hubujiu/WeaveOS/services/bff/internal/apprecordservice","Test":"TestRootCatalogCompatibilityDoesNotScanArchivedVersions","Output":"                      \"Shared Dirtied Blocks\": 0,\n"}
{"Time":"2026-10-07T07:38:48.0249068Z","Action":"output","Package":"github.com/Hubujiu/WeaveOS/services/bff/internal/apprecordservice","Test":"TestRootCatalogCompatibilityDoesNotScanArchivedVersions","Output":"                      \"Shared Written Blocks\": 0,\n"}
{"Time":"2026-10-07T07:38:48.024908273Z","Action":"output","Package":"github.com/Hubujiu/WeaveOS/services/bff/internal/apprecordservice","Test":"TestRootCatalogCompatibilityDoesNotScanArchivedVersions","Output":"                      \"Local Hit Blocks\": 0,\n"}
{"Time":"2026-10-07T07:38:48.024909785Z","Action":"output","Package":"github.com/Hubujiu/WeaveOS/services/bff/internal/apprecordservice","Test":"TestRootCatalogCompatibilityDoesNotScanArchivedVersions","Output":"                      \"Local Read Blocks\": 0,\n"}
{"Time":"2026-10-07T07:38:48.024911237Z","Action":"output","Package":"github.com/Hubujiu/WeaveOS/services/bff/internal/apprecordservice","Test":"TestRootCatalogCompatibilityDoesNotScanArchivedVersions","Output":"                      \"Local Dirtied Blocks\": 0,\n"}
{"Time":"2026-10-07T07:38:48.024912709Z","Action":"output","Package":"github.com/Hubujiu/WeaveOS/services/bff/internal/apprecordservice","Test":"TestRootCatalogCompatibilityDoesNotScanArchivedVersions","Output":"                      \"Local Written Blocks\": 0,\n"}
{"Time":"2026-10-07T07:38:48.024914192Z","Action":"output","Package":"github.com/Hubujiu/WeaveOS/services/bff/internal/apprecordservice","Test":"TestRootCatalogCompatibilityDoesNotScanArchivedVersions","Output":"                      \"Temp Read Blocks\": 0,\n"}
{"Time":"2026-10-07T07:38:48.024915754Z","Action":"output","Package":"github.com/Hubujiu/WeaveOS/services/bff/internal/apprecordservice","Test":"TestRootCatalogCompatibilityDoesNotScanArchivedVersions","Output":"                      \"Temp Written Blocks\": 0,\n"}
{"Time":"2026-10-07T07:38:48.024917186Z","Action":"output","Package":"github.com/Hubujiu/WeaveOS/services/bff/internal/apprecordservice","Test":"TestRootCatalogCompatibilityDoesNotScanArchivedVersions","Output":"                      \"Plans\": [\n"}
{"Time":"2026-10-07T07:38:48.024918608Z","Action":"output","Package":"github.com/Hubujiu/WeaveOS/services/bff/internal/apprecordservice","Test":"TestRootCatalogCompatibilityDoesNotScanArchivedVersions","Output":"                        {\n"}
{"Time":"2026-10-07T07:38:48.024920481Z","Action":"output","Package":"github.com/Hubujiu/WeaveOS/services/bff/internal/apprecordservice","Test":"TestRootCatalogCompatibilityDoesNotScanArchivedVersions","Output":"                          \"Node Type\": \"Sort\",\n"}
{"Time":"2026-10-07T07:38:48.024922073Z","Action":"output","Package":"github.com/Hubujiu/WeaveOS/services/bff/internal/apprecordservice","Test":"TestRootCatalogCompatibilityDoesNotScanArchivedVersions","Output":"                          \"Parent Relationship\": \"Outer\",\n"}
{"Time":"2026-10-07T07:38:48.024925619Z","Action":"output","Package":"github.com/Hubujiu/WeaveOS/services/bff/internal/apprecordservice","Test":"TestRootCatalogCompatibilityDoesNotScanArchivedVersions","Output":"                          \"Parallel Aware\": false,\n"}
{"Time":"2026-10-07T07:38:48.024927231Z","Action":"output","Package":"github.com/Hubujiu/WeaveOS/services/bff/internal/apprecordservice","Test":"TestRootCatalogCompatibilityDoesNotScanArchivedVersions","Output":"                          \"Async Capable\": false,\n"}
{"Time":"2026-10-07T07:38:48.024929935Z","Action":"output","Package":"github.com/Hubujiu/WeaveOS/services/bff/internal/apprecordservice","Test":"TestRootCatalogCompatibilityDoesNotScanArchivedVersions","Output":"                          \"Startup Cost\": 16.20,\n"}
{"Time":"2026-10-07T07:38:48.024931658Z","Action":"output","Package":"github.com/Hubujiu/WeaveOS/services/bff/internal/apprecordservice","Test":"TestRootCatalogCompatibilityDoesNotScanArchivedVersions","Output":"                          \"Total Cost\": 16.21,\n"}
{"Time":"2026-10-07T07:38:48.02493312Z","Action":"output","Package":"github.com/Hubujiu/WeaveOS/services/bff/internal/apprecordservice","Test":"TestRootCatalogCompatibilityDoesNotScanArchivedVersions","Output":"                          \"Plan Rows\": 2,\n"}
{"Time":"2026-10-07T07:38:48.024934582Z","Action":"output","Package":"github.com/Hubujiu/WeaveOS/services/bff/internal/apprecordservice","Test":"TestRootCatalogCompatibilityDoesNotScanArchivedVersions","Output":"                          \"Plan Width\": 40,\n"}
{"Time":"2026-10-07T07:38:48.024936084Z","Action":"output","Package":"github.com/Hubujiu/WeaveOS/services/bff/internal/apprecordservice","Test":"TestRootCatalogCompatibilityDoesNotScanArchivedVersions","Output":"                          \"Actual Startup Time\": 0.035,\n"}
{"Time":"2026-10-07T07:38:48.024937587Z","Action":"output","Package":"github.com/Hubujiu/WeaveOS/services/bff/internal/apprecordservice","Test":"TestRootCatalogCompatibilityDoesNotScanArchivedVersions","Output":"                          \"Actual Total Time\": 0.035,\n"}
{"Time":"2026-10-07T07:38:48.024939069Z","Action":"output","Package":"github.com/Hubujiu/WeaveOS/services/bff/internal/apprecordservice","Test":"TestRootCatalogCompatibilityDoesNotScanArchivedVersions","Output":"                          \"Actual Rows\": 1.00,\n"}
{"Time":"2026-10-07T07:38:48.024940521Z","Action":"output","Package":"github.com/Hubujiu/WeaveOS/services/bff/internal/apprecordservice","Test":"TestRootCatalogCompatibilityDoesNotScanArchivedVersions","Output":"                          \"Actual Loops\": 1,\n"}
{"Time":"2026-10-07T07:38:48.024941983Z","Action":"output","Package":"github.com/Hubujiu/WeaveOS/services/bff/internal/apprecordservice","Test":"TestRootCatalogCompatibilityDoesNotScanArchivedVersions","Output":"                          \"Disabled\": false,\n"}
{"Time":"2026-10-07T07:38:48.024944207Z","Action":"output","Package":"github.com/Hubujiu/WeaveOS/services/bff/internal/apprecordservice","Test":"TestRootCatalogCompatibilityDoesNotScanArchivedVersions","Output":"                          \"Sort Key\": [\"d.app_id\", \"d.id\", \"d.current_version\"],\n"}
{"Time":"2026-10-07T07:38:48.024946781Z","Action":"output","Package":"github.com/Hubujiu/WeaveOS/services/bff/internal/apprecordservice","Test":"TestRootCatalogCompatibilityDoesNotScanArchivedVersions","Output":"                          \"Sort Method\": \"quicksort\",\n"}
{"Time":"2026-10-07T07:38:48.024948353Z","Action":"output","Package":"github.com/Hubujiu/WeaveOS/services/bff/internal/apprecordservice","Test":"TestRootCatalogCompatibilityDoesNotScanArchivedVersions","Output":"                          \"Sort Space Used\": 25,\n"}
{"Time":"2026-10-07T07:38:48.024949885Z","Action":"output","Package":"github.com/Hubujiu/WeaveOS/services/bff/internal/apprecordservice","Test":"TestRootCatalogCompatibilityDoesNotScanArchivedVersions","Output":"                          \"Sort Space Type\": \"Memory\",\n"}
{"Time":"2026-10-07T07:38:48.024951397Z","Action":"output","Package":"github.com/Hubujiu/WeaveOS/services/bff/internal/apprecordservice","Test":"TestRootCatalogCompatibilityDoesNotScanArchivedVersions","Output":"                          \"Shared Hit Blocks\": 8,\n"}
{"Time":"2026-10-07T07:38:48.02495294Z","Action":"output","Package":"github.com/Hubujiu/WeaveOS/services/bff/internal/apprecordservice","Test":"TestRootCatalogCompatibilityDoesNotScanArchivedVersions","Output":"                          \"Shared Read Blocks\": 0,\n"}
{"Time":"2026-10-07T07:38:48.024955554Z","Action":"output","Package":"github.com/Hubujiu/WeaveOS/services/bff/internal/apprecordservice","Test":"TestRootCatalogCompatibilityDoesNotScanArchivedVersions","Output":"                          \"Shared Dirtied Blocks\": 0,\n"}
{"Time":"2026-10-07T07:38:48.024958027Z","Action":"output","Package":"github.com/Hubujiu/WeaveOS/services/bff/internal/apprecordservice","Test":"TestRootCatalogCompatibilityDoesNotScanArchivedVersions","Output":"                          \"Shared Written Blocks\": 0,\n"}
{"Time":"2026-10-07T07:38:48.02495967Z","Action":"output","Package":"github.com/Hubujiu/WeaveOS/services/bff/internal/apprecordservice","Test":"TestRootCatalogCompatibilityDoesNotScanArchivedVersions","Output":"                          \"Local Hit Blocks\": 0,\n"}
{"Time":"2026-10-07T07:38:48.024961252Z","Action":"output","Package":"github.com/Hubujiu/WeaveOS/services/bff/internal/apprecordservice","Test":"TestRootCatalogCompatibilityDoesNotScanArchivedVersions","Output":"                          \"Local Read Blocks\": 0,\n"}
{"Time":"2026-10-07T07:38:48.024962875Z","Action":"output","Package":"github.com/Hubujiu/WeaveOS/services/bff/internal/apprecordservice","Test":"TestRootCatalogCompatibilityDoesNotScanArchivedVersions","Output":"                          \"Local Dirtied Blocks\": 0,\n"}
{"Time":"2026-10-07T07:38:48.024964627Z","Action":"output","Package":"github.com/Hubujiu/WeaveOS/services/bff/internal/apprecordservice","Test":"TestRootCatalogCompatibilityDoesNotScanArchivedVersions","Output":"                          \"Local Written Blocks\": 0,\n"}
{"Time":"2026-10-07T07:38:48.02496621Z","Action":"output","Package":"github.com/Hubujiu/WeaveOS/services/bff/internal/apprecordservice","Test":"TestRootCatalogCompatibilityDoesNotScanArchivedVersions","Output":"                          \"Temp Read Blocks\": 0,\n"}
{"Time":"2026-10-07T07:38:48.024968343Z","Action":"output","Package":"github.com/Hubujiu/WeaveOS/services/bff/internal/apprecordservice","Test":"TestRootCatalogCompatibilityDoesNotScanArchivedVersions","Output":"                          \"Temp Written Blocks\": 0,\n"}
{"Time":"2026-10-07T07:38:48.024970426Z","Action":"output","Package":"github.com/Hubujiu/WeaveOS/services/bff/internal/apprecordservice","Test":"TestRootCatalogCompatibilityDoesNotScanArchivedVersions","Output":"                          \"Plans\": [\n"}
{"Time":"2026-10-07T07:38:48.024972229Z","Action":"output","Package":"github.com/Hubujiu/WeaveOS/services/bff/internal/apprecordservice","Test":"TestRootCatalogCompatibilityDoesNotScanArchivedVersions","Output":"                            {\n"}
{"Time":"2026-10-07T07:38:48.024973911Z","Action":"output","Package":"github.com/Hubujiu/WeaveOS/services/bff/internal/apprecordservice","Test":"TestRootCatalogCompatibilityDoesNotScanArchivedVersions","Output":"                              \"Node Type\": \"Append\",\n"}
{"Time":"2026-10-07T07:38:48.024975824Z","Action":"output","Package":"github.com/Hubujiu/WeaveOS/services/bff/internal/apprecordservice","Test":"TestRootCatalogCompatibilityDoesNotScanArchivedVersions","Output":"                              \"Parent Relationship\": \"Outer\",\n"}
{"Time":"2026-10-07T07:38:48.024977467Z","Action":"output","Package":"github.com/Hubujiu/WeaveOS/services/bff/internal/apprecordservice","Test":"TestRootCatalogCompatibilityDoesNotScanArchivedVersions","Output":"                              \"Parallel Aware\": false,\n"}
{"Time":"2026-10-07T07:38:48.024979279Z","Action":"output","Package":"github.com/Hubujiu/WeaveOS/services/bff/internal/apprecordservice","Test":"TestRootCatalogCompatibilityDoesNotScanArchivedVersions","Output":"                              \"Async Capable\": false,\n"}
{"Time":"2026-10-07T07:38:48.024981022Z","Action":"output","Package":"github.com/Hubujiu/WeaveOS/services/bff/internal/apprecordservice","Test":"TestRootCatalogCompatibilityDoesNotScanArchivedVersions","Output":"                              \"Startup Cost\": 0.27,\n"}
{"Time":"2026-10-07T07:38:48.024983656Z","Action":"output","Package":"github.com/Hubujiu/WeaveOS/services/bff/internal/apprecordservice","Test":"TestRootCatalogCompatibilityDoesNotScanArchivedVersions","Output":"                              \"Total Cost\": 16.19,\n"}
{"Time":"2026-10-07T07:38:48.024985629Z","Action":"output","Package":"github.com/Hubujiu/WeaveOS/services/bff/internal/apprecordservice","Test":"TestRootCatalogCompatibilityDoesNotScanArchivedVersions","Output":"                              \"Plan Rows\": 2,\n"}
{"Time":"2026-10-07T07:38:48.024987462Z","Action":"output","Package":"github.com/Hubujiu/WeaveOS/services/bff/internal/apprecordservice","Test":"TestRootCatalogCompatibilityDoesNotScanArchivedVersions","Output":"                              \"Plan Width\": 40,\n"}
{"Time":"2026-10-07T07:38:48.024989174Z","Action":"output","Package":"github.com/Hubujiu/WeaveOS/services/bff/internal/apprecordservice","Test":"TestRootCatalogCompatibilityDoesNotScanArchivedVersions","Output":"                              \"Actual Startup Time\": 0.008,\n"}
{"Time":"2026-10-07T07:38:48.024991107Z","Action":"output","Package":"github.com/Hubujiu/WeaveOS/services/bff/internal/apprecordservice","Test":"TestRootCatalogCompatibilityDoesNotScanArchivedVersions","Output":"                              \"Actual Total Time\": 0.029,\n"}
{"Time":"2026-10-07T07:38:48.02499266Z","Action":"output","Package":"github.com/Hubujiu/WeaveOS/services/bff/internal/apprecordservice","Test":"TestRootCatalogCompatibilityDoesNotScanArchivedVersions","Output":"                              \"Actual Rows\": 1.00,\n"}
{"Time":"2026-10-07T07:38:48.024994162Z","Action":"output","Package":"github.com/Hubujiu/WeaveOS/services/bff/internal/apprecordservice","Test":"TestRootCatalogCompatibilityDoesNotScanArchivedVersions","Output":"                              \"Actual Loops\": 1,\n"}
{"Time":"2026-10-07T07:38:48.024995674Z","Action":"output","Package":"github.com/Hubujiu/WeaveOS/services/bff/internal/apprecordservice","Test":"TestRootCatalogCompatibilityDoesNotScanArchivedVersions","Output":"                              \"Disabled\": false,\n"}
{"Time":"2026-10-07T07:38:48.024997196Z","Action":"output","Package":"github.com/Hubujiu/WeaveOS/services/bff/internal/apprecordservice","Test":"TestRootCatalogCompatibilityDoesNotScanArchivedVersions","Output":"                              \"Shared Hit Blocks\": 8,\n"}
{"Time":"2026-10-07T07:38:48.024998779Z","Action":"output","Package":"github.com/Hubujiu/WeaveOS/services/bff/internal/apprecordservice","Test":"TestRootCatalogCompatibilityDoesNotScanArchivedVersions","Output":"                              \"Shared Read Blocks\": 0,\n"}
{"Time":"2026-10-07T07:38:48.025000341Z","Action":"output","Package":"github.com/Hubujiu/WeaveOS/services/bff/internal/apprecordservice","Test":"TestRootCatalogCompatibilityDoesNotScanArchivedVersions","Output":"                              \"Shared Dirtied Blocks\": 0,\n"}
{"Time":"2026-10-07T07:38:48.025001883Z","Action":"output","Package":"github.com/Hubujiu/WeaveOS/services/bff/internal/apprecordservice","Test":"TestRootCatalogCompatibilityDoesNotScanArchivedVersions","Output":"                              \"Shared Written Blocks\": 0,\n"}
{"Time":"2026-10-07T07:38:48.025003386Z","Action":"output","Package":"github.com/Hubujiu/WeaveOS/services/bff/internal/apprecordservice","Test":"TestRootCatalogCompatibilityDoesNotScanArchivedVersions","Output":"                              \"Local Hit Blocks\": 0,\n"}
{"Time":"2026-10-07T07:38:48.025004918Z","Action":"output","Package":"github.com/Hubujiu/WeaveOS/services/bff/internal/apprecordservice","Test":"TestRootCatalogCompatibilityDoesNotScanArchivedVersions","Output":"                              \"Local Read Blocks\": 0,\n"}
{"Time":"2026-10-07T07:38:48.02500642Z","Action":"output","Package":"github.com/Hubujiu/WeaveOS/services/bff/internal/apprecordservice","Test":"TestRootCatalogCompatibilityDoesNotScanArchivedVersions","Output":"                              \"Local Dirtied Blocks\": 0,\n"}
{"Time":"2026-10-07T07:38:48.025009475Z","Action":"output","Package":"github.com/Hubujiu/WeaveOS/services/bff/internal/apprecordservice","Test":"TestRootCatalogCompatibilityDoesNotScanArchivedVersions","Output":"                              \"Local Written Blocks\": 0,\n"}
{"Time":"2026-10-07T07:38:48.025011999Z","Action":"output","Package":"github.com/Hubujiu/WeaveOS/services/bff/internal/apprecordservice","Test":"TestRootCatalogCompatibilityDoesNotScanArchivedVersions","Output":"                              \"Temp Read Blocks\": 0,\n"}
{"Time":"2026-10-07T07:38:48.025013551Z","Action":"output","Package":"github.com/Hubujiu/WeaveOS/services/bff/internal/apprecordservice","Test":"TestRootCatalogCompatibilityDoesNotScanArchivedVersions","Output":"                              \"Temp Written Blocks\": 0,\n"}
{"Time":"2026-10-07T07:38:48.025015113Z","Action":"output","Package":"github.com/Hubujiu/WeaveOS/services/bff/internal/apprecordservice","Test":"TestRootCatalogCompatibilityDoesNotScanArchivedVersions","Output":"                              \"Subplans Removed\": 0,\n"}
{"Time":"2026-10-07T07:38:48.025016586Z","Action":"output","Package":"github.com/Hubujiu/WeaveOS/services/bff/internal/apprecordservice","Test":"TestRootCatalogCompatibilityDoesNotScanArchivedVersions","Output":"                              \"Plans\": [\n"}
{"Time":"2026-10-07T07:38:48.025018048Z","Action":"output","Package":"github.com/Hubujiu/WeaveOS/services/bff/internal/apprecordservice","Test":"TestRootCatalogCompatibilityDoesNotScanArchivedVersions","Output":"                                {\n"}
{"Time":"2026-10-07T07:38:48.025019901Z","Action":"output","Package":"github.com/Hubujiu/WeaveOS/services/bff/internal/apprecordservice","Test":"TestRootCatalogCompatibilityDoesNotScanArchivedVersions","Output":"                                  \"Node Type\": \"Index Scan\",\n"}
{"Time":"2026-10-07T07:38:48.025021613Z","Action":"output","Package":"github.com/Hubujiu/WeaveOS/services/bff/internal/apprecordservice","Test":"TestRootCatalogCompatibilityDoesNotScanArchivedVersions","Output":"                                  \"Parent Relationship\": \"Member\",\n"}
{"Time":"2026-10-07T07:38:48.025023185Z","Action":"output","Package":"github.com/Hubujiu/WeaveOS/services/bff/internal/apprecordservice","Test":"TestRootCatalogCompatibilityDoesNotScanArchivedVersions","Output":"                                  \"Parallel Aware\": false,\n"}
{"Time":"2026-10-07T07:38:48.025024768Z","Action":"output","Package":"github.com/Hubujiu/WeaveOS/services/bff/internal/apprecordservice","Test":"TestRootCatalogCompatibilityDoesNotScanArchivedVersions","Output":"                                  \"Async Capable\": false,\n"}
{"Time":"2026-10-07T07:38:48.02502639Z","Action":"output","Package":"github.com/Hubujiu/WeaveOS/services/bff/internal/apprecordservice","Test":"TestRootCatalogCompatibilityDoesNotScanArchivedVersions","Output":"                                  \"Scan Direction\": \"Forward\",\n"}
{"Time":"2026-10-07T07:38:48.025028073Z","Action":"output","Package":"github.com/Hubujiu/WeaveOS/services/bff/internal/apprecordservice","Test":"TestRootCatalogCompatibilityDoesNotScanArchivedVersions","Output":"                                  \"Index Name\": \"uq_workflow_publication_view\",\n"}
{"Time":"2026-10-07T07:38:48.025031528Z","Action":"output","Package":"github.com/Hubujiu/WeaveOS/services/bff/internal/apprecordservice","Test":"TestRootCatalogCompatibilityDoesNotScanArchivedVersions","Output":"                                  \"Relation Name\": \"workflow_definitions\",\n"}
{"Time":"2026-10-07T07:38:48.025033211Z","Action":"output","Package":"github.com/Hubujiu/WeaveOS/services/bff/internal/apprecordservice","Test":"TestRootCatalogCompatibilityDoesNotScanArchivedVersions","Output":"                                  \"Alias\": \"d\",\n"}
{"Time":"2026-10-07T07:38:48.025034783Z","Action":"output","Package":"github.com/Hubujiu/WeaveOS/services/bff/internal/apprecordservice","Test":"TestRootCatalogCompatibilityDoesNotScanArchivedVersions","Output":"                                  \"Startup Cost\": 0.27,\n"}
{"Time":"2026-10-07T07:38:48.025037577Z","Action":"output","Package":"github.com/Hubujiu/WeaveOS/services/bff/internal/apprecordservice","Test":"TestRootCatalogCompatibilityDoesNotScanArchivedVersions","Output":"                                  \"Total Cost\": 8.29,\n"}
{"Time":"2026-10-07T07:38:48.02503928Z","Action":"output","Package":"github.com/Hubujiu/WeaveOS/services/bff/internal/apprecordservice","Test":"TestRootCatalogCompatibilityDoesNotScanArchivedVersions","Output":"                                  \"Plan Rows\": 1,\n"}
{"Time":"2026-10-07T07:38:48.025040802Z","Action":"output","Package":"github.com/Hubujiu/WeaveOS/services/bff/internal/apprecordservice","Test":"TestRootCatalogCompatibilityDoesNotScanArchivedVersions","Output":"                                  \"Plan Width\": 40,\n"}
{"Time":"2026-10-07T07:38:48.025042495Z","Action":"output","Package":"github.com/Hubujiu/WeaveOS/services/bff/internal/apprecordservice","Test":"TestRootCatalogCompatibilityDoesNotScanArchivedVersions","Output":"                                  \"Actual Startup Time\": 0.008,\n"}
{"Time":"2026-10-07T07:38:48.025044307Z","Action":"output","Package":"github.com/Hubujiu/WeaveOS/services/bff/internal/apprecordservice","Test":"TestRootCatalogCompatibilityDoesNotScanArchivedVersions","Output":"                                  \"Actual Total Time\": 0.008,\n"}
{"Time":"2026-10-07T07:38:48.02504586Z","Action":"output","Package":"github.com/Hubujiu/WeaveOS/services/bff/internal/apprecordservice","Test":"TestRootCatalogCompatibilityDoesNotScanArchivedVersions","Output":"                                  \"Actual Rows\": 1.00,\n"}
{"Time":"2026-10-07T07:38:48.025047412Z","Action":"output","Package":"github.com/Hubujiu/WeaveOS/services/bff/internal/apprecordservice","Test":"TestRootCatalogCompatibilityDoesNotScanArchivedVersions","Output":"                                  \"Actual Loops\": 1,\n"}
{"Time":"2026-10-07T07:38:48.025048984Z","Action":"output","Package":"github.com/Hubujiu/WeaveOS/services/bff/internal/apprecordservice","Test":"TestRootCatalogCompatibilityDoesNotScanArchivedVersions","Output":"                                  \"Disabled\": false,\n"}
{"Time":"2026-10-07T07:38:48.025050707Z","Action":"output","Package":"github.com/Hubujiu/WeaveOS/services/bff/internal/apprecordservice","Test":"TestRootCatalogCompatibilityDoesNotScanArchivedVersions","Output":"                                  \"Index Cond\": \"(app_id = 'b458ce35-1dcf-4774-863a-8075bc0a748a'::uuid)\",\n"}
{"Time":"2026-10-07T07:38:48.025052409Z","Action":"output","Package":"github.com/Hubujiu/WeaveOS/services/bff/internal/apprecordservice","Test":"TestRootCatalogCompatibilityDoesNotScanArchivedVersions","Output":"                                  \"Rows Removed by Index Recheck\": 0,\n"}
{"Time":"2026-10-07T07:38:48.025054443Z","Action":"output","Package":"github.com/Hubujiu/WeaveOS/services/bff/internal/apprecordservice","Test":"TestRootCatalogCompatibilityDoesNotScanArchivedVersions","Output":"                                  \"Filter\": \"(((state)::text = ANY ('{enabled,closing}'::text[])) AND (table_id = 'c9d5f234-c2d2-489b-9c36-77a53a7341d0'::uuid))\",\n"}
{"Time":"2026-10-07T07:38:48.025056766Z","Action":"output","Package":"github.com/Hubujiu/WeaveOS/services/bff/internal/apprecordservice","Test":"TestRootCatalogCompatibilityDoesNotScanArchivedVersions","Output":"                                  \"Rows Removed by Filter\": 0,\n"}
{"Time":"2026-10-07T07:38:48.025058328Z","Action":"output","Package":"github.com/Hubujiu/WeaveOS/services/bff/internal/apprecordservice","Test":"TestRootCatalogCompatibilityDoesNotScanArchivedVersions","Output":"                                  \"Index Searches\": 1,\n"}
{"Time":"2026-10-07T07:38:48.025059841Z","Action":"output","Package":"github.com/Hubujiu/WeaveOS/services/bff/internal/apprecordservice","Test":"TestRootCatalogCompatibilityDoesNotScanArchivedVersions","Output":"                                  \"Shared Hit Blocks\": 3,\n"}
{"Time":"2026-10-07T07:38:48.025062575Z","Action":"output","Package":"github.com/Hubujiu/WeaveOS/services/bff/internal/apprecordservice","Test":"TestRootCatalogCompatibilityDoesNotScanArchivedVersions","Output":"                                  \"Shared Read Blocks\": 0,\n"}
{"Time":"2026-10-07T07:38:48.025064327Z","Action":"output","Package":"github.com/Hubujiu/WeaveOS/services/bff/internal/apprecordservice","Test":"TestRootCatalogCompatibilityDoesNotScanArchivedVersions","Output":"                                  \"Shared Dirtied Blocks\": 0,\n"}
{"Time":"2026-10-07T07:38:48.02506592Z","Action":"output","Package":"github.com/Hubujiu/WeaveOS/services/bff/internal/apprecordservice","Test":"TestRootCatalogCompatibilityDoesNotScanArchivedVersions","Output":"                                  \"Shared Written Blocks\": 0,\n"}
{"Time":"2026-10-07T07:38:48.025067502Z","Action":"output","Package":"github.com/Hubujiu/WeaveOS/services/bff/internal/apprecordservice","Test":"TestRootCatalogCompatibilityDoesNotScanArchivedVersions","Output":"                                  \"Local Hit Blocks\": 0,\n"}
{"Time":"2026-10-07T07:38:48.025069255Z","Action":"output","Package":"github.com/Hubujiu/WeaveOS/services/bff/internal/apprecordservice","Test":"TestRootCatalogCompatibilityDoesNotScanArchivedVersions","Output":"                                  \"Local Read Blocks\": 0,\n"}
{"Time":"2026-10-07T07:38:48.025071548Z","Action":"output","Package":"github.com/Hubujiu/WeaveOS/services/bff/internal/apprecordservice","Test":"TestRootCatalogCompatibilityDoesNotScanArchivedVersions","Output":"                                  \"Local Dirtied Blocks\": 0,\n"}
{"Time":"2026-10-07T07:38:48.025073822Z","Action":"output","Package":"github.com/Hubujiu/WeaveOS/services/bff/internal/apprecordservice","Test":"TestRootCatalogCompatibilityDoesNotScanArchivedVersions","Output":"                                  \"Local Written Blocks\": 0,\n"}
{"Time":"2026-10-07T07:38:48.025075504Z","Action":"output","Package":"github.com/Hubujiu/WeaveOS/services/bff/internal/apprecordservice","Test":"TestRootCatalogCompatibilityDoesNotScanArchivedVersions","Output":"                                  \"Temp Read Blocks\": 0,\n"}
{"Time":"2026-10-07T07:38:48.025077027Z","Action":"output","Package":"github.com/Hubujiu/WeaveOS/services/bff/internal/apprecordservice","Test":"TestRootCatalogCompatibilityDoesNotScanArchivedVersions","Output":"                                  \"Temp Written Blocks\": 0\n"}
{"Time":"2026-10-07T07:38:48.025078469Z","Action":"output","Package":"github.com/Hubujiu/WeaveOS/services/bff/internal/apprecordservice","Test":"TestRootCatalogCompatibilityDoesNotScanArchivedVersions","Output":"                                },\n"}
{"Time":"2026-10-07T07:38:48.025080011Z","Action":"output","Package":"github.com/Hubujiu/WeaveOS/services/bff/internal/apprecordservice","Test":"TestRootCatalogCompatibilityDoesNotScanArchivedVersions","Output":"                                {\n"}
{"Time":"2026-10-07T07:38:48.025081744Z","Action":"output","Package":"github.com/Hubujiu/WeaveOS/services/bff/internal/apprecordservice","Test":"TestRootCatalogCompatibilityDoesNotScanArchivedVersions","Output":"                                  \"Node Type\": \"Seq Scan\",\n"}
{"Time":"2026-10-07T07:38:48.025083346Z","Action":"output","Package":"github.com/Hubujiu/WeaveOS/services/bff/internal/apprecordservice","Test":"TestRootCatalogCompatibilityDoesNotScanArchivedVersions","Output":"                                  \"Parent Relationship\": \"Member\",\n"}
{"Time":"2026-10-07T07:38:48.025084928Z","Action":"output","Package":"github.com/Hubujiu/WeaveOS/services/bff/internal/apprecordservice","Test":"TestRootCatalogCompatibilityDoesNotScanArchivedVersions","Output":"                                  \"Parallel Aware\": false,\n"}
{"Time":"2026-10-07T07:38:48.025086481Z","Action":"output","Package":"github.com/Hubujiu/WeaveOS/services/bff/internal/apprecordservice","Test":"TestRootCatalogCompatibilityDoesNotScanArchivedVersions","Output":"                                  \"Async Capable\": false,\n"}
{"Time":"2026-10-07T07:38:48.025089405Z","Action":"output","Package":"github.com/Hubujiu/WeaveOS/services/bff/internal/apprecordservice","Test":"TestRootCatalogCompatibilityDoesNotScanArchivedVersions","Output":"                                  \"Relation Name\": \"workflow_instances\",\n"}
{"Time":"2026-10-07T07:38:48.025091248Z","Action":"output","Package":"github.com/Hubujiu/WeaveOS/services/bff/internal/apprecordservice","Test":"TestRootCatalogCompatibilityDoesNotScanArchivedVersions","Output":"                                  \"Alias\": \"i\",\n"}
{"Time":"2026-10-07T07:38:48.02509283Z","Action":"output","Package":"github.com/Hubujiu/WeaveOS/services/bff/internal/apprecordservice","Test":"TestRootCatalogCompatibilityDoesNotScanArchivedVersions","Output":"                                  \"Startup Cost\": 0.00,\n"}
{"Time":"2026-10-07T07:38:48.025094373Z","Action":"output","Package":"github.com/Hubujiu/WeaveOS/services/bff/internal/apprecordservice","Test":"TestRootCatalogCompatibilityDoesNotScanArchivedVersions","Output":"                                  \"Total Cost\": 7.89,\n"}
{"Time":"2026-10-07T07:38:48.025095915Z","Action":"output","Package":"github.com/Hubujiu/WeaveOS/services/bff/internal/apprecordservice","Test":"TestRootCatalogCompatibilityDoesNotScanArchivedVersions","Output":"                                  \"Plan Rows\": 1,\n"}
{"Time":"2026-10-07T07:38:48.0250991Z","Action":"output","Package":"github.com/Hubujiu/WeaveOS/services/bff/internal/apprecordservice","Test":"TestRootCatalogCompatibilityDoesNotScanArchivedVersions","Output":"                                  \"Plan Width\": 40,\n"}
{"Time":"2026-10-07T07:38:48.025100702Z","Action":"output","Package":"github.com/Hubujiu/WeaveOS/services/bff/internal/apprecordservice","Test":"TestRootCatalogCompatibilityDoesNotScanArchivedVersions","Output":"                                  \"Actual Startup Time\": 0.020,\n"}
{"Time":"2026-10-07T07:38:48.025102355Z","Action":"output","Package":"github.com/Hubujiu/WeaveOS/services/bff/internal/apprecordservice","Test":"TestRootCatalogCompatibilityDoesNotScanArchivedVersions","Output":"                                  \"Actual Total Time\": 0.020,\n"}
{"Time":"2026-10-07T07:38:48.025104077Z","Action":"output","Package":"github.com/Hubujiu/WeaveOS/services/bff/internal/apprecordservice","Test":"TestRootCatalogCompatibilityDoesNotScanArchivedVersions","Output":"                                  \"Actual Rows\": 0.00,\n"}
{"Time":"2026-10-07T07:38:48.02510564Z","Action":"output","Package":"github.com/Hubujiu/WeaveOS/services/bff/internal/apprecordservice","Test":"TestRootCatalogCompatibilityDoesNotScanArchivedVersions","Output":"                                  \"Actual Loops\": 1,\n"}
{"Time":"2026-10-07T07:38:48.025107172Z","Action":"output","Package":"github.com/Hubujiu/WeaveOS/services/bff/internal/apprecordservice","Test":"TestRootCatalogCompatibilityDoesNotScanArchivedVersions","Output":"                                  \"Disabled\": false,\n"}
{"Time":"2026-10-07T07:38:48.025109385Z","Action":"output","Package":"github.com/Hubujiu/WeaveOS/services/bff/internal/apprecordservice","Test":"TestRootCatalogCompatibilityDoesNotScanArchivedVersions","Output":"                                  \"Filter\": \"(((state)::text = ANY ('{starting,active}'::text[])) AND (app_id = 'b458ce35-1dcf-4774-863a-8075bc0a748a'::uuid) AND (table_id = 'c9d5f234-c2d2-489b-9c36-77a53a7341d0'::uuid))\",\n"}
{"Time":"2026-10-07T07:38:48.025111879Z","Action":"output","Package":"github.com/Hubujiu/WeaveOS/services/bff/internal/apprecordservice","Test":"TestRootCatalogCompatibilityDoesNotScanArchivedVersions","Output":"                                  \"Rows Removed by Filter\": 165,\n"}
{"Time":"2026-10-07T07:38:48.025113461Z","Action":"output","Package":"github.com/Hubujiu/WeaveOS/services/bff/internal/apprecordservice","Test":"TestRootCatalogCompatibilityDoesNotScanArchivedVersions","Output":"                                  \"Shared Hit Blocks\": 5,\n"}
{"Time":"2026-10-07T07:38:48.025115014Z","Action":"output","Package":"github.com/Hubujiu/WeaveOS/services/bff/internal/apprecordservice","Test":"TestRootCatalogCompatibilityDoesNotScanArchivedVersions","Output":"                                  \"Shared Read Blocks\": 0,\n"}
{"Time":"2026-10-07T07:38:48.025118008Z","Action":"output","Package":"github.com/Hubujiu/WeaveOS/services/bff/internal/apprecordservice","Test":"TestRootCatalogCompatibilityDoesNotScanArchivedVersions","Output":"                                  \"Shared Dirtied Blocks\": 0,\n"}
{"Time":"2026-10-07T07:38:48.025119841Z","Action":"output","Package":"github.com/Hubujiu/WeaveOS/services/bff/internal/apprecordservice","Test":"TestRootCatalogCompatibilityDoesNotScanArchivedVersions","Output":"                                  \"Shared Written Blocks\": 0,\n"}
{"Time":"2026-10-07T07:38:48.025121363Z","Action":"output","Package":"github.com/Hubujiu/WeaveOS/services/bff/internal/apprecordservice","Test":"TestRootCatalogCompatibilityDoesNotScanArchivedVersions","Output":"                                  \"Local Hit Blocks\": 0,\n"}
{"Time":"2026-10-07T07:38:48.025122906Z","Action":"output","Package":"github.com/Hubujiu/WeaveOS/services/bff/internal/apprecordservice","Test":"TestRootCatalogCompatibilityDoesNotScanArchivedVersions","Output":"                                  \"Local Read Blocks\": 0,\n"}
{"Time":"2026-10-07T07:38:48.025124458Z","Action":"output","Package":"github.com/Hubujiu/WeaveOS/services/bff/internal/apprecordservice","Test":"TestRootCatalogCompatibilityDoesNotScanArchivedVersions","Output":"                                  \"Local Dirtied Blocks\": 0,\n"}
{"Time":"2026-10-07T07:38:48.025126Z","Action":"output","Package":"github.com/Hubujiu/WeaveOS/services/bff/internal/apprecordservice","Test":"TestRootCatalogCompatibilityDoesNotScanArchivedVersions","Output":"                                  \"Local Written Blocks\": 0,\n"}
{"Time":"2026-10-07T07:38:48.025127512Z","Action":"output","Package":"github.com/Hubujiu/WeaveOS/services/bff/internal/apprecordservice","Test":"TestRootCatalogCompatibilityDoesNotScanArchivedVersions","Output":"                                  \"Temp Read Blocks\": 0,\n"}
{"Time":"2026-10-07T07:38:48.025129956Z","Action":"output","Package":"github.com/Hubujiu/WeaveOS/services/bff/internal/apprecordservice","Test":"TestRootCatalogCompatibilityDoesNotScanArchivedVersions","Output":"                                  \"Temp Written Blocks\": 0\n"}
{"Time":"2026-10-07T07:38:48.025131518Z","Action":"output","Package":"github.com/Hubujiu/WeaveOS/services/bff/internal/apprecordservice","Test":"TestRootCatalogCompatibilityDoesNotScanArchivedVersions","Output":"                                }\n"}
{"Time":"2026-10-07T07:38:48.025132951Z","Action":"output","Package":"github.com/Hubujiu/WeaveOS/services/bff/internal/apprecordservice","Test":"TestRootCatalogCompatibilityDoesNotScanArchivedVersions","Output":"                              ]\n"}
{"Time":"2026-10-07T07:38:48.025134553Z","Action":"output","Package":"github.com/Hubujiu/WeaveOS/services/bff/internal/apprecordservice","Test":"TestRootCatalogCompatibilityDoesNotScanArchivedVersions","Output":"                            }\n"}
{"Time":"2026-10-07T07:38:48.025136286Z","Action":"output","Package":"github.com/Hubujiu/WeaveOS/services/bff/internal/apprecordservice","Test":"TestRootCatalogCompatibilityDoesNotScanArchivedVersions","Output":"                          ]\n"}
{"Time":"2026-10-07T07:38:48.025137988Z","Action":"output","Package":"github.com/Hubujiu/WeaveOS/services/bff/internal/apprecordservice","Test":"TestRootCatalogCompatibilityDoesNotScanArchivedVersions","Output":"                        }\n"}
{"Time":"2026-10-07T07:38:48.02513945Z","Action":"output","Package":"github.com/Hubujiu/WeaveOS/services/bff/internal/apprecordservice","Test":"TestRootCatalogCompatibilityDoesNotScanArchivedVersions","Output":"                      ]\n"}
{"Time":"2026-10-07T07:38:48.025140963Z","Action":"output","Package":"github.com/Hubujiu/WeaveOS/services/bff/internal/apprecordservice","Test":"TestRootCatalogCompatibilityDoesNotScanArchivedVersions","Output":"                    },\n"}
{"Time":"2026-10-07T07:38:48.025143657Z","Action":"output","Package":"github.com/Hubujiu/WeaveOS/services/bff/internal/apprecordservice","Test":"TestRootCatalogCompatibilityDoesNotScanArchivedVersions","Output":"                    {\n"}
{"Time":"2026-10-07T07:38:48.02514552Z","Action":"output","Package":"github.com/Hubujiu/WeaveOS/services/bff/internal/apprecordservice","Test":"TestRootCatalogCompatibilityDoesNotScanArchivedVersions","Output":"                      \"Node Type\": \"Index Scan\",\n"}
{"Time":"2026-10-07T07:38:48.025147212Z","Action":"output","Package":"github.com/Hubujiu/WeaveOS/services/bff/internal/apprecordservice","Test":"TestRootCatalogCompatibilityDoesNotScanArchivedVersions","Output":"                      \"Parent Relationship\": \"Inner\",\n"}
{"Time":"2026-10-07T07:38:48.025148865Z","Action":"output","Package":"github.com/Hubujiu/WeaveOS/services/bff/internal/apprecordservice","Test":"TestRootCatalogCompatibilityDoesNotScanArchivedVersions","Output":"                      \"Parallel Aware\": false,\n"}
{"Time":"2026-10-07T07:38:48.025150467Z","Action":"output","Package":"github.com/Hubujiu/WeaveOS/services/bff/internal/apprecordservice","Test":"TestRootCatalogCompatibilityDoesNotScanArchivedVersions","Output":"                      \"Async Capable\": false,\n"}
{"Time":"2026-10-07T07:38:48.025152019Z","Action":"output","Package":"github.com/Hubujiu/WeaveOS/services/bff/internal/apprecordservice","Test":"TestRootCatalogCompatibilityDoesNotScanArchivedVersions","Output":"                      \"Scan Direction\": \"Forward\",\n"}
{"Time":"2026-10-07T07:38:48.025153832Z","Action":"output","Package":"github.com/Hubujiu/WeaveOS/services/bff/internal/apprecordservice","Test":"TestRootCatalogCompatibilityDoesNotScanArchivedVersions","Output":"                      \"Index Name\": \"uq_workflow_publication_version\",\n"}
{"Time":"2026-10-07T07:38:48.025155535Z","Action":"output","Package":"github.com/Hubujiu/WeaveOS/services/bff/internal/apprecordservice","Test":"TestRootCatalogCompatibilityDoesNotScanArchivedVersions","Output":"                      \"Relation Name\": \"workflow_versions\",\n"}
{"Time":"2026-10-07T07:38:48.025157137Z","Action":"output","Package":"github.com/Hubujiu/WeaveOS/services/bff/internal/apprecordservice","Test":"TestRootCatalogCompatibilityDoesNotScanArchivedVersions","Output":"                      \"Alias\": \"v\",\n"}
{"Time":"2026-10-07T07:38:48.025158739Z","Action":"output","Package":"github.com/Hubujiu/WeaveOS/services/bff/internal/apprecordservice","Test":"TestRootCatalogCompatibilityDoesNotScanArchivedVersions","Output":"                      \"Startup Cost\": 0.28,\n"}
{"Time":"2026-10-07T07:38:48.025160502Z","Action":"output","Package":"github.com/Hubujiu/WeaveOS/services/bff/internal/apprecordservice","Test":"TestRootCatalogCompatibilityDoesNotScanArchivedVersions","Output":"                      \"Total Cost\": 8.30,\n"}
{"Time":"2026-10-07T07:38:48.025162014Z","Action":"output","Package":"github.com/Hubujiu/WeaveOS/services/bff/internal/apprecordservice","Test":"TestRootCatalogCompatibilityDoesNotScanArchivedVersions","Output":"                      \"Plan Rows\": 1,\n"}
{"Time":"2026-10-07T07:38:48.025163527Z","Action":"output","Package":"github.com/Hubujiu/WeaveOS/services/bff/internal/apprecordservice","Test":"TestRootCatalogCompatibilityDoesNotScanArchivedVersions","Output":"                      \"Plan Width\": 804,\n"}
{"Time":"2026-10-07T07:38:48.025165039Z","Action":"output","Package":"github.com/Hubujiu/WeaveOS/services/bff/internal/apprecordservice","Test":"TestRootCatalogCompatibilityDoesNotScanArchivedVersions","Output":"                      \"Actual Startup Time\": 0.005,\n"}
{"Time":"2026-10-07T07:38:48.025166521Z","Action":"output","Package":"github.com/Hubujiu/WeaveOS/services/bff/internal/apprecordservice","Test":"TestRootCatalogCompatibilityDoesNotScanArchivedVersions","Output":"                      \"Actual Total Time\": 0.005,\n"}
{"Time":"2026-10-07T07:38:48.025167993Z","Action":"output","Package":"github.com/Hubujiu/WeaveOS/services/bff/internal/apprecordservice","Test":"TestRootCatalogCompatibilityDoesNotScanArchivedVersions","Output":"                      \"Actual Rows\": 1.00,\n"}
{"Time":"2026-10-07T07:38:48.025170377Z","Action":"output","Package":"github.com/Hubujiu/WeaveOS/services/bff/internal/apprecordservice","Test":"TestRootCatalogCompatibilityDoesNotScanArchivedVersions","Output":"                      \"Actual Loops\": 1,\n"}
{"Time":"2026-10-07T07:38:48.02517212Z","Action":"output","Package":"github.com/Hubujiu/WeaveOS/services/bff/internal/apprecordservice","Test":"TestRootCatalogCompatibilityDoesNotScanArchivedVersions","Output":"                      \"Disabled\": false,\n"}
{"Time":"2026-10-07T07:38:48.025174012Z","Action":"output","Package":"github.com/Hubujiu/WeaveOS/services/bff/internal/apprecordservice","Test":"TestRootCatalogCompatibilityDoesNotScanArchivedVersions","Output":"                      \"Index Cond\": \"((app_id = d.app_id) AND (flow_id = d.id) AND (version = d.current_version))\",\n"}
{"Time":"2026-10-07T07:38:48.025175685Z","Action":"output","Package":"github.com/Hubujiu/WeaveOS/services/bff/internal/apprecordservice","Test":"TestRootCatalogCompatibilityDoesNotScanArchivedVersions","Output":"                      \"Rows Removed by Index Recheck\": 0,\n"}
{"Time":"2026-10-07T07:38:48.025177357Z","Action":"output","Package":"github.com/Hubujiu/WeaveOS/services/bff/internal/apprecordservice","Test":"TestRootCatalogCompatibilityDoesNotScanArchivedVersions","Output":"                      \"Index Searches\": 1,\n"}
{"Time":"2026-10-07T07:38:48.02517909Z","Action":"output","Package":"github.com/Hubujiu/WeaveOS/services/bff/internal/apprecordservice","Test":"TestRootCatalogCompatibilityDoesNotScanArchivedVersions","Output":"                      \"Shared Hit Blocks\": 3,\n"}
{"Time":"2026-10-07T07:38:48.025180682Z","Action":"output","Package":"github.com/Hubujiu/WeaveOS/services/bff/internal/apprecordservice","Test":"TestRootCatalogCompatibilityDoesNotScanArchivedVersions","Output":"                      \"Shared Read Blocks\": 0,\n"}
{"Time":"2026-10-07T07:38:48.025182245Z","Action":"output","Package":"github.com/Hubujiu/WeaveOS/services/bff/internal/apprecordservice","Test":"TestRootCatalogCompatibilityDoesNotScanArchivedVersions","Output":"                      \"Shared Dirtied Blocks\": 0,\n"}
{"Time":"2026-10-07T07:38:48.025184749Z","Action":"output","Package":"github.com/Hubujiu/WeaveOS/services/bff/internal/apprecordservice","Test":"TestRootCatalogCompatibilityDoesNotScanArchivedVersions","Output":"                      \"Shared Written Blocks\": 0,\n"}
{"Time":"2026-10-07T07:38:48.025186361Z","Action":"output","Package":"github.com/Hubujiu/WeaveOS/services/bff/internal/apprecordservice","Test":"TestRootCatalogCompatibilityDoesNotScanArchivedVersions","Output":"                      \"Local Hit Blocks\": 0,\n"}
{"Time":"2026-10-07T07:38:48.025188244Z","Action":"output","Package":"github.com/Hubujiu/WeaveOS/services/bff/internal/apprecordservice","Test":"TestRootCatalogCompatibilityDoesNotScanArchivedVersions","Output":"                      \"Local Read Blocks\": 0,\n"}
{"Time":"2026-10-07T07:38:48.025189846Z","Action":"output","Package":"github.com/Hubujiu/WeaveOS/services/bff/internal/apprecordservice","Test":"TestRootCatalogCompatibilityDoesNotScanArchivedVersions","Output":"                      \"Local Dirtied Blocks\": 0,\n"}
{"Time":"2026-10-07T07:38:48.025191529Z","Action":"output","Package":"github.com/Hubujiu/WeaveOS/services/bff/internal/apprecordservice","Test":"TestRootCatalogCompatibilityDoesNotScanArchivedVersions","Output":"                      \"Local Written Blocks\": 0,\n"}
{"Time":"2026-10-07T07:38:48.025193151Z","Action":"output","Package":"github.com/Hubujiu/WeaveOS/services/bff/internal/apprecordservice","Test":"TestRootCatalogCompatibilityDoesNotScanArchivedVersions","Output":"                      \"Temp Read Blocks\": 0,\n"}
{"Time":"2026-10-07T07:38:48.025194774Z","Action":"output","Package":"github.com/Hubujiu/WeaveOS/services/bff/internal/apprecordservice","Test":"TestRootCatalogCompatibilityDoesNotScanArchivedVersions","Output":"                      \"Temp Written Blocks\": 0\n"}
{"Time":"2026-10-07T07:38:48.025197408Z","Action":"output","Package":"github.com/Hubujiu/WeaveOS/services/bff/internal/apprecordservice","Test":"TestRootCatalogCompatibilityDoesNotScanArchivedVersions","Output":"                    }\n"}
{"Time":"2026-10-07T07:38:48.02519901Z","Action":"output","Package":"github.com/Hubujiu/WeaveOS/services/bff/internal/apprecordservice","Test":"TestRootCatalogCompatibilityDoesNotScanArchivedVersions","Output":"                  ]\n"}
{"Time":"2026-10-07T07:38:48.025200362Z","Action":"output","Package":"github.com/Hubujiu/WeaveOS/services/bff/internal/apprecordservice","Test":"TestRootCatalogCompatibilityDoesNotScanArchivedVersions","Output":"                }\n"}
{"Time":"2026-10-07T07:38:48.025202646Z","Action":"output","Package":"github.com/Hubujiu/WeaveOS/services/bff/internal/apprecordservice","Test":"TestRootCatalogCompatibilityDoesNotScanArchivedVersions","Output":"              ]\n"}
{"Time":"2026-10-07T07:38:48.025204198Z","Action":"output","Package":"github.com/Hubujiu/WeaveOS/services/bff/internal/apprecordservice","Test":"TestRootCatalogCompatibilityDoesNotScanArchivedVersions","Output":"            },\n"}
{"Time":"2026-10-07T07:38:48.02520585Z","Action":"output","Package":"github.com/Hubujiu/WeaveOS/services/bff/internal/apprecordservice","Test":"TestRootCatalogCompatibilityDoesNotScanArchivedVersions","Output":"            \"Planning\": {\n"}
{"Time":"2026-10-07T07:38:48.025207483Z","Action":"output","Package":"github.com/Hubujiu/WeaveOS/services/bff/internal/apprecordservice","Test":"TestRootCatalogCompatibilityDoesNotScanArchivedVersions","Output":"              \"Shared Hit Blocks\": 0,\n"}
{"Time":"2026-10-07T07:38:48.025209075Z","Action":"output","Package":"github.com/Hubujiu/WeaveOS/services/bff/internal/apprecordservice","Test":"TestRootCatalogCompatibilityDoesNotScanArchivedVersions","Output":"              \"Shared Read Blocks\": 0,\n"}
{"Time":"2026-10-07T07:38:48.025210778Z","Action":"output","Package":"github.com/Hubujiu/WeaveOS/services/bff/internal/apprecordservice","Test":"TestRootCatalogCompatibilityDoesNotScanArchivedVersions","Output":"              \"Shared Dirtied Blocks\": 0,\n"}
{"Time":"2026-10-07T07:38:48.025212981Z","Action":"output","Package":"github.com/Hubujiu/WeaveOS/services/bff/internal/apprecordservice","Test":"TestRootCatalogCompatibilityDoesNotScanArchivedVersions","Output":"              \"Shared Written Blocks\": 0,\n"}
{"Time":"2026-10-07T07:38:48.025214684Z","Action":"output","Package":"github.com/Hubujiu/WeaveOS/services/bff/internal/apprecordservice","Test":"TestRootCatalogCompatibilityDoesNotScanArchivedVersions","Output":"              \"Local Hit Blocks\": 0,\n"}
{"Time":"2026-10-07T07:38:48.025216136Z","Action":"output","Package":"github.com/Hubujiu/WeaveOS/services/bff/internal/apprecordservice","Test":"TestRootCatalogCompatibilityDoesNotScanArchivedVersions","Output":"              \"Local Read Blocks\": 0,\n"}
{"Time":"2026-10-07T07:38:48.025217778Z","Action":"output","Package":"github.com/Hubujiu/WeaveOS/services/bff/internal/apprecordservice","Test":"TestRootCatalogCompatibilityDoesNotScanArchivedVersions","Output":"              \"Local Dirtied Blocks\": 0,\n"}
{"Time":"2026-10-07T07:38:48.025219411Z","Action":"output","Package":"github.com/Hubujiu/WeaveOS/services/bff/internal/apprecordservice","Test":"TestRootCatalogCompatibilityDoesNotScanArchivedVersions","Output":"              \"Local Written Blocks\": 0,\n"}
{"Time":"2026-10-07T07:38:48.025221233Z","Action":"output","Package":"github.com/Hubujiu/WeaveOS/services/bff/internal/apprecordservice","Test":"TestRootCatalogCompatibilityDoesNotScanArchivedVersions","Output":"              \"Temp Read Blocks\": 0,\n"}
{"Time":"2026-10-07T07:38:48.025222766Z","Action":"output","Package":"github.com/Hubujiu/WeaveOS/services/bff/internal/apprecordservice","Test":"TestRootCatalogCompatibilityDoesNotScanArchivedVersions","Output":"              \"Temp Written Blocks\": 0\n"}
{"Time":"2026-10-07T07:38:48.025226091Z","Action":"output","Package":"github.com/Hubujiu/WeaveOS/services/bff/internal/apprecordservice","Test":"TestRootCatalogCompatibilityDoesNotScanArchivedVersions","Output":"            },\n"}
{"Time":"2026-10-07T07:38:48.025227783Z","Action":"output","Package":"github.com/Hubujiu/WeaveOS/services/bff/internal/apprecordservice","Test":"TestRootCatalogCompatibilityDoesNotScanArchivedVersions","Output":"            \"Planning Time\": 0.200,\n"}
{"Time":"2026-10-07T07:38:48.025229336Z","Action":"output","Package":"github.com/Hubujiu/WeaveOS/services/bff/internal/apprecordservice","Test":"TestRootCatalogCompatibilityDoesNotScanArchivedVersions","Output":"            \"Triggers\": [\n"}
{"Time":"2026-10-07T07:38:48.025231098Z","Action":"output","Package":"github.com/Hubujiu/WeaveOS/services/bff/internal/apprecordservice","Test":"TestRootCatalogCompatibilityDoesNotScanArchivedVersions","Output":"            ],\n"}
{"Time":"2026-10-07T07:38:48.025232611Z","Action":"output","Package":"github.com/Hubujiu/WeaveOS/services/bff/internal/apprecordservice","Test":"TestRootCatalogCompatibilityDoesNotScanArchivedVersions","Output":"            \"Execution Time\": 0.069\n"}
{"Time":"2026-10-07T07:38:48.025234043Z","Action":"output","Package":"github.com/Hubujiu/WeaveOS/services/bff/internal/apprecordservice","Test":"TestRootCatalogCompatibilityDoesNotScanArchivedVersions","Output":"          }\n"}
{"Time":"2026-10-07T07:38:48.025235505Z","Action":"output","Package":"github.com/Hubujiu/WeaveOS/services/bff/internal/apprecordservice","Test":"TestRootCatalogCompatibilityDoesNotScanArchivedVersions","Output":"        ]\n"}
{"Time":"2026-10-07T07:38:48.025237248Z","Action":"output","Package":"github.com/Hubujiu/WeaveOS/services/bff/internal/apprecordservice","Test":"TestRootCatalogCompatibilityDoesNotScanArchivedVersions","Output":"    root_workflow_catalog_scale_test.go:167: catalog version relation examined_rows=1\n"}
{"Time":"2026-10-07T07:38:48.025830831Z","Action":"output","Package":"github.com/Hubujiu/WeaveOS/services/bff/internal/apprecordservice","Test":"TestRootCatalogCompatibilityDoesNotScanArchivedVersions","Output":"--- PASS: TestRootCatalogCompatibilityDoesNotScanArchivedVersions (0.34s)\n","OutputType":"frame"}
{"Time":"2026-10-07T07:38:48.025904371Z","Action":"pass","Package":"github.com/Hubujiu/WeaveOS/services/bff/internal/apprecordservice","Test":"TestRootCatalogCompatibilityDoesNotScanArchivedVersions","Elapsed":0.34}
{"Time":"2026-10-07T07:38:48.025964091Z","Action":"run","Package":"github.com/Hubujiu/WeaveOS/services/bff/internal/apprecordservice","Test":"TestRootCatalogVersionIsDurableAndCallerRollback"}
{"Time":"2026-10-07T07:38:48.025969439Z","Action":"output","Package":"github.com/Hubujiu/WeaveOS/services/bff/internal/apprecordservice","Test":"TestRootCatalogVersionIsDurableAndCallerRollback","Output":"=== RUN   TestRootCatalogVersionIsDurableAndCallerRollback\n","OutputType":"frame"}
{"Time":"2026-10-07T07:38:48.072049395Z","Action":"output","Package":"github.com/Hubujiu/WeaveOS/services/bff/internal/apprecordservice","Test":"TestRootCatalogVersionIsDurableAndCallerRollback","Output":"--- PASS: TestRootCatalogVersionIsDurableAndCallerRollback (0.05s)\n","OutputType":"frame"}
{"Time":"2026-10-07T07:38:48.072088644Z","Action":"pass","Package":"github.com/Hubujiu/WeaveOS/services/bff/internal/apprecordservice","Test":"TestRootCatalogVersionIsDurableAndCallerRollback","Elapsed":0.05}
{"Time":"2026-10-07T07:38:48.072097628Z","Action":"run","Package":"github.com/Hubujiu/WeaveOS/services/bff/internal/apprecordservice","Test":"TestRootCatalogUndeployedCannotEnableOrStart"}
{"Time":"2026-10-07T07:38:48.072100843Z","Action":"output","Package":"github.com/Hubujiu/WeaveOS/services/bff/internal/apprecordservice","Test":"TestRootCatalogUndeployedCannotEnableOrStart","Output":"=== RUN   TestRootCatalogUndeployedCannotEnableOrStart\n","OutputType":"frame"}
{"Time":"2026-10-07T07:38:48.115254611Z","Action":"output","Package":"github.com/Hubujiu/WeaveOS/services/bff/internal/apprecordservice","Test":"TestRootCatalogUndeployedCannotEnableOrStart","Output":"--- PASS: TestRootCatalogUndeployedCannotEnableOrStart (0.04s)\n","OutputType":"frame"}
{"Time":"2026-10-07T07:38:48.115293149Z","Action":"pass","Package":"github.com/Hubujiu/WeaveOS/services/bff/internal/apprecordservice","Test":"TestRootCatalogUndeployedCannotEnableOrStart","Elapsed":0.04}
{"Time":"2026-10-07T07:38:48.115301051Z","Action":"run","Package":"github.com/Hubujiu/WeaveOS/services/bff/internal/apprecordservice","Test":"TestRootCatalogDeploymentReceiptIdempotentAndBound"}
{"Time":"2026-10-07T07:38:48.115302703Z","Action":"output","Package":"github.com/Hubujiu/WeaveOS/services/bff/internal/apprecordservice","Test":"TestRootCatalogDeploymentReceiptIdempotentAndBound","Output":"=== RUN   TestRootCatalogDeploymentReceiptIdempotentAndBound\n","OutputType":"frame"}
{"Time":"2026-10-07T07:38:48.161917399Z","Action":"output","Package":"github.com/Hubujiu/WeaveOS/services/bff/internal/apprecordservice","Test":"TestRootCatalogDeploymentReceiptIdempotentAndBound","Output":"--- PASS: TestRootCatalogDeploymentReceiptIdempotentAndBound (0.05s)\n","OutputType":"frame"}
{"Time":"2026-10-07T07:38:48.161956147Z","Action":"pass","Package":"github.com/Hubujiu/WeaveOS/services/bff/internal/apprecordservice","Test":"TestRootCatalogDeploymentReceiptIdempotentAndBound","Elapsed":0.05}
{"Time":"2026-10-07T07:38:48.161973463Z","Action":"run","Package":"github.com/Hubujiu/WeaveOS/services/bff/internal/apprecordservice","Test":"TestRootCatalogOldDeploymentCannotReplaceNewCandidate"}
{"Time":"2026-10-07T07:38:48.161976858Z","Action":"output","Package":"github.com/Hubujiu/WeaveOS/services/bff/internal/apprecordservice","Test":"TestRootCatalogOldDeploymentCannotReplaceNewCandidate","Output":"=== RUN   TestRootCatalogOldDeploymentCannotReplaceNewCandidate\n","OutputType":"frame"}
{"Time":"2026-10-07T07:38:48.21047277Z","Action":"output","Package":"github.com/Hubujiu/WeaveOS/services/bff/internal/apprecordservice","Test":"TestRootCatalogOldDeploymentCannotReplaceNewCandidate","Output":"--- PASS: TestRootCatalogOldDeploymentCannotReplaceNewCandidate (0.05s)\n","OutputType":"frame"}
{"Time":"2026-10-07T07:38:48.210508504Z","Action":"pass","Package":"github.com/Hubujiu/WeaveOS/services/bff/internal/apprecordservice","Test":"TestRootCatalogOldDeploymentCannotReplaceNewCandidate","Elapsed":0.05}
{"Time":"2026-10-07T07:38:48.210518068Z","Action":"run","Package":"github.com/Hubujiu/WeaveOS/services/bff/internal/apprecordservice","Test":"TestRootCatalogInstancesKeepStructureWhileNextUsesConfirmedVersion"}
{"Time":"2026-10-07T07:38:48.210520081Z","Action":"output","Package":"github.com/Hubujiu/WeaveOS/services/bff/internal/apprecordservice","Test":"TestRootCatalogInstancesKeepStructureWhileNextUsesConfirmedVersion","Output":"=== RUN   TestRootCatalogInstancesKeepStructureWhileNextUsesConfirmedVersion\n","OutputType":"frame"}
{"Time":"2026-10-07T07:38:48.269140987Z","Action":"output","Package":"github.com/Hubujiu/WeaveOS/services/bff/internal/apprecordservice","Test":"TestRootCatalogInstancesKeepStructureWhileNextUsesConfirmedVersion","Output":"--- PASS: TestRootCatalogInstancesKeepStructureWhileNextUsesConfirmedVersion (0.06s)\n","OutputType":"frame"}
{"Time":"2026-10-07T07:38:48.26918247Z","Action":"pass","Package":"github.com/Hubujiu/WeaveOS/services/bff/internal/apprecordservice","Test":"TestRootCatalogInstancesKeepStructureWhileNextUsesConfirmedVersion","Elapsed":0.06}
{"Time":"2026-10-07T07:38:48.269190552Z","Action":"run","Package":"github.com/Hubujiu/WeaveOS/services/bff/internal/apprecordservice","Test":"TestRootCatalogCloseWaitsForAcceptedStartAndRejectsNewStart"}
{"Time":"2026-10-07T07:38:48.269193927Z","Action":"output","Package":"github.com/Hubujiu/WeaveOS/services/bff/internal/apprecordservice","Test":"TestRootCatalogCloseWaitsForAcceptedStartAndRejectsNewStart","Output":"=== RUN   TestRootCatalogCloseWaitsForAcceptedStartAndRejectsNewStart\n","OutputType":"frame"}
{"Time":"2026-10-07T07:38:48.326840231Z","Action":"output","Package":"github.com/Hubujiu/WeaveOS/services/bff/internal/apprecordservice","Test":"TestRootCatalogCloseWaitsForAcceptedStartAndRejectsNewStart","Output":"--- PASS: TestRootCatalogCloseWaitsForAcceptedStartAndRejectsNewStart (0.06s)\n","OutputType":"frame"}
{"Time":"2026-10-07T07:38:48.3273844Z","Action":"pass","Package":"github.com/Hubujiu/WeaveOS/services/bff/internal/apprecordservice","Test":"TestRootCatalogCloseWaitsForAcceptedStartAndRejectsNewStart","Elapsed":0.06}
{"Time":"2026-10-07T07:38:48.32739751Z","Action":"run","Package":"github.com/Hubujiu/WeaveOS/services/bff/internal/apprecordservice","Test":"TestRootCatalogCloseWithoutInstancesAndLateCloseCAS"}
{"Time":"2026-10-07T07:38:48.327400304Z","Action":"output","Package":"github.com/Hubujiu/WeaveOS/services/bff/internal/apprecordservice","Test":"TestRootCatalogCloseWithoutInstancesAndLateCloseCAS","Output":"=== RUN   TestRootCatalogCloseWithoutInstancesAndLateCloseCAS\n","OutputType":"frame"}
{"Time":"2026-10-07T07:38:48.382739979Z","Action":"output","Package":"github.com/Hubujiu/WeaveOS/services/bff/internal/apprecordservice","Test":"TestRootCatalogCloseWithoutInstancesAndLateCloseCAS","Output":"--- PASS: TestRootCatalogCloseWithoutInstancesAndLateCloseCAS (0.06s)\n","OutputType":"frame"}
{"Time":"2026-10-07T07:38:48.382772097Z","Action":"pass","Package":"github.com/Hubujiu/WeaveOS/services/bff/internal/apprecordservice","Test":"TestRootCatalogCloseWithoutInstancesAndLateCloseCAS","Elapsed":0.06}
{"Time":"2026-10-07T07:38:48.382779999Z","Action":"run","Package":"github.com/Hubujiu/WeaveOS/services/bff/internal/apprecordservice","Test":"TestRootCatalogIndependentFlowsSameRecord"}
{"Time":"2026-10-07T07:38:48.382782743Z","Action":"output","Package":"github.com/Hubujiu/WeaveOS/services/bff/internal/apprecordservice","Test":"TestRootCatalogIndependentFlowsSameRecord","Output":"=== RUN   TestRootCatalogIndependentFlowsSameRecord\n","OutputType":"frame"}
{"Time":"2026-10-07T07:38:48.441456634Z","Action":"output","Package":"github.com/Hubujiu/WeaveOS/services/bff/internal/apprecordservice","Test":"TestRootCatalogIndependentFlowsSameRecord","Output":"--- PASS: TestRootCatalogIndependentFlowsSameRecord (0.06s)\n","OutputType":"frame"}
{"Time":"2026-10-07T07:38:48.441581972Z","Action":"pass","Package":"github.com/Hubujiu/WeaveOS/services/bff/internal/apprecordservice","Test":"TestRootCatalogIndependentFlowsSameRecord","Elapsed":0.06}
{"Time":"2026-10-07T07:38:48.441617856Z","Action":"run","Package":"github.com/Hubujiu/WeaveOS/services/bff/internal/apprecordservice","Test":"TestRootCatalogCASAndResourceScope"}
{"Time":"2026-10-07T07:38:48.441621191Z","Action":"output","Package":"github.com/Hubujiu/WeaveOS/services/bff/internal/apprecordservice","Test":"TestRootCatalogCASAndResourceScope","Output":"=== RUN   TestRootCatalogCASAndResourceScope\n","OutputType":"frame"}
{"Time":"2026-10-07T07:38:48.52936253Z","Action":"output","Package":"github.com/Hubujiu/WeaveOS/services/bff/internal/apprecordservice","Test":"TestRootCatalogCASAndResourceScope","Output":"--- PASS: TestRootCatalogCASAndResourceScope (0.09s)\n","OutputType":"frame"}
{"Time":"2026-10-07T07:38:48.529983014Z","Action":"pass","Package":"github.com/Hubujiu/WeaveOS/services/bff/internal/apprecordservice","Test":"TestRootCatalogCASAndResourceScope","Elapsed":0.09}
{"Time":"2026-10-07T07:38:48.530002072Z","Action":"run","Package":"github.com/Hubujiu/WeaveOS/services/bff/internal/apprecordservice","Test":"TestRootCatalogInvalidGraphHasNoPersistentVersion"}
{"Time":"2026-10-07T07:38:48.530004586Z","Action":"output","Package":"github.com/Hubujiu/WeaveOS/services/bff/internal/apprecordservice","Test":"TestRootCatalogInvalidGraphHasNoPersistentVersion","Output":"=== RUN   TestRootCatalogInvalidGraphHasNoPersistentVersion\n","OutputType":"frame"}
{"Time":"2026-10-07T07:38:48.569019612Z","Action":"output","Package":"github.com/Hubujiu/WeaveOS/services/bff/internal/apprecordservice","Test":"TestRootCatalogInvalidGraphHasNoPersistentVersion","Output":"--- PASS: TestRootCatalogInvalidGraphHasNoPersistentVersion (0.04s)\n","OutputType":"frame"}
{"Time":"2026-10-07T07:38:48.569101545Z","Action":"pass","Package":"github.com/Hubujiu/WeaveOS/services/bff/internal/apprecordservice","Test":"TestRootCatalogInvalidGraphHasNoPersistentVersion","Elapsed":0.04}
{"Time":"2026-10-07T07:38:48.569161485Z","Action":"run","Package":"github.com/Hubujiu/WeaveOS/services/bff/internal/apprecordservice","Test":"TestRootCatalogCompatibilityIsPrecise"}
{"Time":"2026-10-07T07:38:48.56916489Z","Action":"output","Package":"github.com/Hubujiu/WeaveOS/services/bff/internal/apprecordservice","Test":"TestRootCatalogCompatibilityIsPrecise","Output":"=== RUN   TestRootCatalogCompatibilityIsPrecise\n","OutputType":"frame"}
{"Time":"2026-10-07T07:38:48.620026411Z","Action":"output","Package":"github.com/Hubujiu/WeaveOS/services/bff/internal/apprecordservice","Test":"TestRootCatalogCompatibilityIsPrecise","Output":"--- PASS: TestRootCatalogCompatibilityIsPrecise (0.05s)\n","OutputType":"frame"}
{"Time":"2026-10-07T07:38:48.620127473Z","Action":"pass","Package":"github.com/Hubujiu/WeaveOS/services/bff/internal/apprecordservice","Test":"TestRootCatalogCompatibilityIsPrecise","Elapsed":0.05}
{"Time":"2026-10-07T07:38:48.620174063Z","Action":"run","Package":"github.com/Hubujiu/WeaveOS/services/bff/internal/apprecordservice","Test":"TestRootCatalogOldInFlightVersionBlocksUntilTerminal"}
{"Time":"2026-10-07T07:38:48.620177739Z","Action":"output","Package":"github.com/Hubujiu/WeaveOS/services/bff/internal/apprecordservice","Test":"TestRootCatalogOldInFlightVersionBlocksUntilTerminal","Output":"=== RUN   TestRootCatalogOldInFlightVersionBlocksUntilTerminal\n","OutputType":"frame"}
{"Time":"2026-10-07T07:38:48.678087956Z","Action":"output","Package":"github.com/Hubujiu/WeaveOS/services/bff/internal/apprecordservice","Test":"TestRootCatalogOldInFlightVersionBlocksUntilTerminal","Output":"--- PASS: TestRootCatalogOldInFlightVersionBlocksUntilTerminal (0.06s)\n","OutputType":"frame"}
{"Time":"2026-10-07T07:38:48.678127285Z","Action":"pass","Package":"github.com/Hubujiu/WeaveOS/services/bff/internal/apprecordservice","Test":"TestRootCatalogOldInFlightVersionBlocksUntilTerminal","Elapsed":0.06}
{"Time":"2026-10-07T07:38:48.678135477Z","Action":"run","Package":"github.com/Hubujiu/WeaveOS/services/bff/internal/apprecordservice","Test":"TestRootCatalogDisabledHistoryDoesNotBlockSchema"}
{"Time":"2026-10-07T07:38:48.678139453Z","Action":"output","Package":"github.com/Hubujiu/WeaveOS/services/bff/internal/apprecordservice","Test":"TestRootCatalogDisabledHistoryDoesNotBlockSchema","Output":"=== RUN   TestRootCatalogDisabledHistoryDoesNotBlockSchema\n","OutputType":"frame"}
{"Time":"2026-10-07T07:38:48.730919481Z","Action":"output","Package":"github.com/Hubujiu/WeaveOS/services/bff/internal/apprecordservice","Test":"TestRootCatalogDisabledHistoryDoesNotBlockSchema","Output":"--- PASS: TestRootCatalogDisabledHistoryDoesNotBlockSchema (0.05s)\n","OutputType":"frame"}
{"Time":"2026-10-07T07:38:48.731019461Z","Action":"pass","Package":"github.com/Hubujiu/WeaveOS/services/bff/internal/apprecordservice","Test":"TestRootCatalogDisabledHistoryDoesNotBlockSchema","Elapsed":0.05}
{"Time":"2026-10-07T07:38:48.731029626Z","Action":"run","Package":"github.com/Hubujiu/WeaveOS/services/bff/internal/apprecordservice","Test":"TestRootCatalogDeploymentRechecksChangedSchema"}
{"Time":"2026-10-07T07:38:48.731033282Z","Action":"output","Package":"github.com/Hubujiu/WeaveOS/services/bff/internal/apprecordservice","Test":"TestRootCatalogDeploymentRechecksChangedSchema","Output":"=== RUN   TestRootCatalogDeploymentRechecksChangedSchema\n","OutputType":"frame"}
{"Time":"2026-10-07T07:38:48.777235517Z","Action":"output","Package":"github.com/Hubujiu/WeaveOS/services/bff/internal/apprecordservice","Test":"TestRootCatalogDeploymentRechecksChangedSchema","Output":"--- PASS: TestRootCatalogDeploymentRechecksChangedSchema (0.05s)\n","OutputType":"frame"}
{"Time":"2026-10-07T07:38:48.777275006Z","Action":"pass","Package":"github.com/Hubujiu/WeaveOS/services/bff/internal/apprecordservice","Test":"TestRootCatalogDeploymentRechecksChangedSchema","Elapsed":0.05}
{"Time":"2026-10-07T07:38:48.777287545Z","Action":"run","Package":"github.com/Hubujiu/WeaveOS/services/bff/internal/apprecordservice","Test":"TestRootCatalogConcurrentVersionCAS"}
{"Time":"2026-10-07T07:38:48.777292292Z","Action":"output","Package":"github.com/Hubujiu/WeaveOS/services/bff/internal/apprecordservice","Test":"TestRootCatalogConcurrentVersionCAS","Output":"=== RUN   TestRootCatalogConcurrentVersionCAS\n","OutputType":"frame"}
{"Time":"2026-10-07T07:38:48.823932111Z","Action":"output","Package":"github.com/Hubujiu/WeaveOS/services/bff/internal/apprecordservice","Test":"TestRootCatalogConcurrentVersionCAS","Output":"--- PASS: TestRootCatalogConcurrentVersionCAS (0.05s)\n","OutputType":"frame"}
{"Time":"2026-10-07T07:38:48.823971661Z","Action":"pass","Package":"github.com/Hubujiu/WeaveOS/services/bff/internal/apprecordservice","Test":"TestRootCatalogConcurrentVersionCAS","Elapsed":0.05}
{"Time":"2026-10-07T07:38:48.82397804Z","Action":"run","Package":"github.com/Hubujiu/WeaveOS/services/bff/internal/apprecordservice","Test":"TestRootCatalogImmutableVersionsAndMinimumRoles"}
{"Time":"2026-10-07T07:38:48.823980684Z","Action":"output","Package":"github.com/Hubujiu/WeaveOS/services/bff/internal/apprecordservice","Test":"TestRootCatalogImmutableVersionsAndMinimumRoles","Output":"=== RUN   TestRootCatalogImmutableVersionsAndMinimumRoles\n","OutputType":"frame"}
{"Time":"2026-10-07T07:38:48.873112767Z","Action":"output","Package":"github.com/Hubujiu/WeaveOS/services/bff/internal/apprecordservice","Test":"TestRootCatalogImmutableVersionsAndMinimumRoles","Output":"--- PASS: TestRootCatalogImmutableVersionsAndMinimumRoles (0.05s)\n","OutputType":"frame"}
{"Time":"2026-10-07T07:38:48.873198216Z","Action":"pass","Package":"github.com/Hubujiu/WeaveOS/services/bff/internal/apprecordservice","Test":"TestRootCatalogImmutableVersionsAndMinimumRoles","Elapsed":0.05}
{"Time":"2026-10-07T07:38:48.873262763Z","Action":"run","Package":"github.com/Hubujiu/WeaveOS/services/bff/internal/apprecordservice","Test":"TestRootWorkflowCloseFinalizesWithLastConfirmedCompletion"}
{"Time":"2026-10-07T07:38:48.873265728Z","Action":"output","Package":"github.com/Hubujiu/WeaveOS/services/bff/internal/apprecordservice","Test":"TestRootWorkflowCloseFinalizesWithLastConfirmedCompletion","Output":"=== RUN   TestRootWorkflowCloseFinalizesWithLastConfirmedCompletion\n","OutputType":"frame"}
{"Time":"2026-10-07T07:38:48.991230538Z","Action":"output","Package":"github.com/Hubujiu/WeaveOS/services/bff/internal/apprecordservice","Test":"TestRootWorkflowCloseFinalizesWithLastConfirmedCompletion","Output":"--- PASS: TestRootWorkflowCloseFinalizesWithLastConfirmedCompletion (0.12s)\n","OutputType":"frame"}
{"Time":"2026-10-07T07:38:48.99127161Z","Action":"pass","Package":"github.com/Hubujiu/WeaveOS/services/bff/internal/apprecordservice","Test":"TestRootWorkflowCloseFinalizesWithLastConfirmedCompletion","Elapsed":0.12}
{"Time":"2026-10-07T07:38:48.991281134Z","Action":"run","Package":"github.com/Hubujiu/WeaveOS/services/bff/internal/apprecordservice","Test":"TestRootWorkflowCloseDoesNotDisableWithoutCloseRequest"}
{"Time":"2026-10-07T07:38:48.99128473Z","Action":"output","Package":"github.com/Hubujiu/WeaveOS/services/bff/internal/apprecordservice","Test":"TestRootWorkflowCloseDoesNotDisableWithoutCloseRequest","Output":"=== RUN   TestRootWorkflowCloseDoesNotDisableWithoutCloseRequest\n","OutputType":"frame"}
{"Time":"2026-10-07T07:38:49.099975991Z","Action":"output","Package":"github.com/Hubujiu/WeaveOS/services/bff/internal/apprecordservice","Test":"TestRootWorkflowCloseDoesNotDisableWithoutCloseRequest","Output":"--- PASS: TestRootWorkflowCloseDoesNotDisableWithoutCloseRequest (0.11s)\n","OutputType":"frame"}
{"Time":"2026-10-07T07:38:49.100104485Z","Action":"pass","Package":"github.com/Hubujiu/WeaveOS/services/bff/internal/apprecordservice","Test":"TestRootWorkflowCloseDoesNotDisableWithoutCloseRequest","Elapsed":0.11}
{"Time":"2026-10-07T07:38:49.100182793Z","Action":"run","Package":"github.com/Hubujiu/WeaveOS/services/bff/internal/apprecordservice","Test":"TestRootWorkflowCloseCountsAcceptedStartingUntilConfirmedNoEffect"}
{"Time":"2026-10-07T07:38:49.100191335Z","Action":"output","Package":"github.com/Hubujiu/WeaveOS/services/bff/internal/apprecordservice","Test":"TestRootWorkflowCloseCountsAcceptedStartingUntilConfirmedNoEffect","Output":"=== RUN   TestRootWorkflowCloseCountsAcceptedStartingUntilConfirmedNoEffect\n","OutputType":"frame"}
{"Time":"2026-10-07T07:38:49.228963878Z","Action":"output","Package":"github.com/Hubujiu/WeaveOS/services/bff/internal/apprecordservice","Test":"TestRootWorkflowCloseCountsAcceptedStartingUntilConfirmedNoEffect","Output":"--- PASS: TestRootWorkflowCloseCountsAcceptedStartingUntilConfirmedNoEffect (0.13s)\n","OutputType":"frame"}
{"Time":"2026-10-07T07:38:49.229002467Z","Action":"pass","Package":"github.com/Hubujiu/WeaveOS/services/bff/internal/apprecordservice","Test":"TestRootWorkflowCloseCountsAcceptedStartingUntilConfirmedNoEffect","Elapsed":0.13}
{"Time":"2026-10-07T07:38:49.229010128Z","Action":"run","Package":"github.com/Hubujiu/WeaveOS/services/bff/internal/apprecordservice","Test":"TestRootWorkflowCloseOuterRollbackKeepsPendingAndClosing"}
{"Time":"2026-10-07T07:38:49.229013032Z","Action":"output","Package":"github.com/Hubujiu/WeaveOS/services/bff/internal/apprecordservice","Test":"TestRootWorkflowCloseOuterRollbackKeepsPendingAndClosing","Output":"=== RUN   TestRootWorkflowCloseOuterRollbackKeepsPendingAndClosing\n","OutputType":"frame"}
{"Time":"2026-10-07T07:38:49.368271133Z","Action":"output","Package":"github.com/Hubujiu/WeaveOS/services/bff/internal/apprecordservice","Test":"TestRootWorkflowCloseOuterRollbackKeepsPendingAndClosing","Output":"--- PASS: TestRootWorkflowCloseOuterRollbackKeepsPendingAndClosing (0.14s)\n","OutputType":"frame"}
{"Time":"2026-10-07T07:38:49.368309871Z","Action":"pass","Package":"github.com/Hubujiu/WeaveOS/services/bff/internal/apprecordservice","Test":"TestRootWorkflowCloseOuterRollbackKeepsPendingAndClosing","Elapsed":0.14}
{"Time":"2026-10-07T07:38:49.368318704Z","Action":"run","Package":"github.com/Hubujiu/WeaveOS/services/bff/internal/apprecordservice","Test":"TestRootWorkflowCloseWriteFaultRollsBackProjectionForRecovery"}
{"Time":"2026-10-07T07:38:49.368321619Z","Action":"output","Package":"github.com/Hubujiu/WeaveOS/services/bff/internal/apprecordservice","Test":"TestRootWorkflowCloseWriteFaultRollsBackProjectionForRecovery","Output":"=== RUN   TestRootWorkflowCloseWriteFaultRollsBackProjectionForRecovery\n","OutputType":"frame"}
{"Time":"2026-10-07T07:38:49.513772402Z","Action":"output","Package":"github.com/Hubujiu/WeaveOS/services/bff/internal/apprecordservice","Test":"TestRootWorkflowCloseWriteFaultRollsBackProjectionForRecovery","Output":"--- PASS: TestRootWorkflowCloseWriteFaultRollsBackProjectionForRecovery (0.15s)\n","OutputType":"frame"}
{"Time":"2026-10-07T07:38:49.513844931Z","Action":"pass","Package":"github.com/Hubujiu/WeaveOS/services/bff/internal/apprecordservice","Test":"TestRootWorkflowCloseWriteFaultRollsBackProjectionForRecovery","Elapsed":0.15}
{"Time":"2026-10-07T07:38:49.513853043Z","Action":"run","Package":"github.com/Hubujiu/WeaveOS/services/bff/internal/apprecordservice","Test":"TestRootWorkflowCloseRetainsOtherActiveInstance"}
{"Time":"2026-10-07T07:38:49.513855267Z","Action":"output","Package":"github.com/Hubujiu/WeaveOS/services/bff/internal/apprecordservice","Test":"TestRootWorkflowCloseRetainsOtherActiveInstance","Output":"=== RUN   TestRootWorkflowCloseRetainsOtherActiveInstance\n","OutputType":"frame"}
{"Time":"2026-10-07T07:38:49.686597921Z","Action":"output","Package":"github.com/Hubujiu/WeaveOS/services/bff/internal/apprecordservice","Test":"TestRootWorkflowCloseRetainsOtherActiveInstance","Output":"--- PASS: TestRootWorkflowCloseRetainsOtherActiveInstance (0.17s)\n","OutputType":"frame"}
{"Time":"2026-10-07T07:38:49.686634927Z","Action":"pass","Package":"github.com/Hubujiu/WeaveOS/services/bff/internal/apprecordservice","Test":"TestRootWorkflowCloseRetainsOtherActiveInstance","Elapsed":0.17}
{"Time":"2026-10-07T07:38:49.686647566Z","Action":"run","Package":"github.com/Hubujiu/WeaveOS/services/bff/internal/apprecordservice","Test":"TestRootWorkflowCloseConcurrentFinalReceiptsFinalizeOnce"}
{"Time":"2026-10-07T07:38:49.686653014Z","Action":"output","Package":"github.com/Hubujiu/WeaveOS/services/bff/internal/apprecordservice","Test":"TestRootWorkflowCloseConcurrentFinalReceiptsFinalizeOnce","Output":"=== RUN   TestRootWorkflowCloseConcurrentFinalReceiptsFinalizeOnce\n","OutputType":"frame"}
{"Time":"2026-10-07T07:38:49.86757803Z","Action":"output","Package":"github.com/Hubujiu/WeaveOS/services/bff/internal/apprecordservice","Test":"TestRootWorkflowCloseConcurrentFinalReceiptsFinalizeOnce","Output":"--- PASS: TestRootWorkflowCloseConcurrentFinalReceiptsFinalizeOnce (0.18s)\n","OutputType":"frame"}
{"Time":"2026-10-07T07:38:49.867616949Z","Action":"pass","Package":"github.com/Hubujiu/WeaveOS/services/bff/internal/apprecordservice","Test":"TestRootWorkflowCloseConcurrentFinalReceiptsFinalizeOnce","Elapsed":0.18}
{"Time":"2026-10-07T07:38:49.867626644Z","Action":"run","Package":"github.com/Hubujiu/WeaveOS/services/bff/internal/apprecordservice","Test":"TestRootEvidenceCaptureRejectsOversizeBeforeTransferringValue"}
{"Time":"2026-10-07T07:38:49.867629999Z","Action":"output","Package":"github.com/Hubujiu/WeaveOS/services/bff/internal/apprecordservice","Test":"TestRootEvidenceCaptureRejectsOversizeBeforeTransferringValue","Output":"=== RUN   TestRootEvidenceCaptureRejectsOversizeBeforeTransferringValue\n","OutputType":"frame"}
{"Time":"2026-10-07T07:38:49.953439525Z","Action":"output","Package":"github.com/Hubujiu/WeaveOS/services/bff/internal/apprecordservice","Test":"TestRootEvidenceCaptureRejectsOversizeBeforeTransferringValue","Output":"    root_workflow_evidence_capture_budget_test.go:64: oversize rejection received 552 transport bytes instead of a \u003e4MiB field\n"}
{"Time":"2026-10-07T07:38:49.95404821Z","Action":"output","Package":"github.com/Hubujiu/WeaveOS/services/bff/internal/apprecordservice","Test":"TestRootEvidenceCaptureRejectsOversizeBeforeTransferringValue","Output":"--- PASS: TestRootEvidenceCaptureRejectsOversizeBeforeTransferringValue (0.09s)\n","OutputType":"frame"}
{"Time":"2026-10-07T07:38:49.954065687Z","Action":"pass","Package":"github.com/Hubujiu/WeaveOS/services/bff/internal/apprecordservice","Test":"TestRootEvidenceCaptureRejectsOversizeBeforeTransferringValue","Elapsed":0.09}
{"Time":"2026-10-07T07:38:49.954092237Z","Action":"run","Package":"github.com/Hubujiu/WeaveOS/services/bff/internal/apprecordservice","Test":"TestRootEvidenceCaptureUsesRealValuesAndOriginalVisibleMask"}
{"Time":"2026-10-07T07:38:49.95409439Z","Action":"output","Package":"github.com/Hubujiu/WeaveOS/services/bff/internal/apprecordservice","Test":"TestRootEvidenceCaptureUsesRealValuesAndOriginalVisibleMask","Output":"=== RUN   TestRootEvidenceCaptureUsesRealValuesAndOriginalVisibleMask\n","OutputType":"frame"}
{"Time":"2026-10-07T07:38:50.017500302Z","Action":"output","Package":"github.com/Hubujiu/WeaveOS/services/bff/internal/apprecordservice","Test":"TestRootEvidenceCaptureUsesRealValuesAndOriginalVisibleMask","Output":"--- PASS: TestRootEvidenceCaptureUsesRealValuesAndOriginalVisibleMask (0.06s)\n","OutputType":"frame"}
{"Time":"2026-10-07T07:38:50.01754603Z","Action":"pass","Package":"github.com/Hubujiu/WeaveOS/services/bff/internal/apprecordservice","Test":"TestRootEvidenceCaptureUsesRealValuesAndOriginalVisibleMask","Elapsed":0.06}
{"Time":"2026-10-07T07:38:50.017553832Z","Action":"run","Package":"github.com/Hubujiu/WeaveOS/services/bff/internal/apprecordservice","Test":"TestRootEvidenceCaptureRetainsRRSourceSnapshotThenSeesRefresh"}
{"Time":"2026-10-07T07:38:50.017560893Z","Action":"output","Package":"github.com/Hubujiu/WeaveOS/services/bff/internal/apprecordservice","Test":"TestRootEvidenceCaptureRetainsRRSourceSnapshotThenSeesRefresh","Output":"=== RUN   TestRootEvidenceCaptureRetainsRRSourceSnapshotThenSeesRefresh\n","OutputType":"frame"}
{"Time":"2026-10-07T07:38:50.073607585Z","Action":"output","Package":"github.com/Hubujiu/WeaveOS/services/bff/internal/apprecordservice","Test":"TestRootEvidenceCaptureRetainsRRSourceSnapshotThenSeesRefresh","Output":"--- PASS: TestRootEvidenceCaptureRetainsRRSourceSnapshotThenSeesRefresh (0.06s)\n","OutputType":"frame"}
{"Time":"2026-10-07T07:38:50.07365726Z","Action":"pass","Package":"github.com/Hubujiu/WeaveOS/services/bff/internal/apprecordservice","Test":"TestRootEvidenceCaptureRetainsRRSourceSnapshotThenSeesRefresh","Elapsed":0.06}
{"Time":"2026-10-07T07:38:50.07367044Z","Action":"run","Package":"github.com/Hubujiu/WeaveOS/services/bff/internal/apprecordservice","Test":"TestRootEvidenceCaptureRejectsDeniedAndMissingRows"}
{"Time":"2026-10-07T07:38:50.073673575Z","Action":"output","Package":"github.com/Hubujiu/WeaveOS/services/bff/internal/apprecordservice","Test":"TestRootEvidenceCaptureRejectsDeniedAndMissingRows","Output":"=== RUN   TestRootEvidenceCaptureRejectsDeniedAndMissingRows\n","OutputType":"frame"}
{"Time":"2026-10-07T07:38:50.127681731Z","Action":"output","Package":"github.com/Hubujiu/WeaveOS/services/bff/internal/apprecordservice","Test":"TestRootEvidenceCaptureRejectsDeniedAndMissingRows","Output":"--- PASS: TestRootEvidenceCaptureRejectsDeniedAndMissingRows (0.05s)\n","OutputType":"frame"}
{"Time":"2026-10-07T07:38:50.127827109Z","Action":"pass","Package":"github.com/Hubujiu/WeaveOS/services/bff/internal/apprecordservice","Test":"TestRootEvidenceCaptureRejectsDeniedAndMissingRows","Elapsed":0.05}
{"Time":"2026-10-07T07:38:50.127835041Z","Action":"run","Package":"github.com/Hubujiu/WeaveOS/services/bff/internal/apprecordservice","Test":"TestRootEvidenceCaptureDeletedMemberUsesRetainedRegistry"}
{"Time":"2026-10-07T07:38:50.127837725Z","Action":"output","Package":"github.com/Hubujiu/WeaveOS/services/bff/internal/apprecordservice","Test":"TestRootEvidenceCaptureDeletedMemberUsesRetainedRegistry","Output":"=== RUN   TestRootEvidenceCaptureDeletedMemberUsesRetainedRegistry\n","OutputType":"frame"}
{"Time":"2026-10-07T07:38:50.188629428Z","Action":"output","Package":"github.com/Hubujiu/WeaveOS/services/bff/internal/apprecordservice","Test":"TestRootEvidenceCaptureDeletedMemberUsesRetainedRegistry","Output":"--- PASS: TestRootEvidenceCaptureDeletedMemberUsesRetainedRegistry (0.06s)\n","OutputType":"frame"}
{"Time":"2026-10-07T07:38:50.188665011Z","Action":"pass","Package":"github.com/Hubujiu/WeaveOS/services/bff/internal/apprecordservice","Test":"TestRootEvidenceCaptureDeletedMemberUsesRetainedRegistry","Elapsed":0.06}
{"Time":"2026-10-07T07:38:50.188675317Z","Action":"run","Package":"github.com/Hubujiu/WeaveOS/services/bff/internal/apprecordservice","Test":"TestRootEvidenceCaptureTypedValuesAndRemovedOptionLabels"}
{"Time":"2026-10-07T07:38:50.188678081Z","Action":"output","Package":"github.com/Hubujiu/WeaveOS/services/bff/internal/apprecordservice","Test":"TestRootEvidenceCaptureTypedValuesAndRemovedOptionLabels","Output":"=== RUN   TestRootEvidenceCaptureTypedValuesAndRemovedOptionLabels\n","OutputType":"frame"}
{"Time":"2026-10-07T07:38:50.253969229Z","Action":"output","Package":"github.com/Hubujiu/WeaveOS/services/bff/internal/apprecordservice","Test":"TestRootEvidenceCaptureTypedValuesAndRemovedOptionLabels","Output":"--- PASS: TestRootEvidenceCaptureTypedValuesAndRemovedOptionLabels (0.07s)\n","OutputType":"frame"}
{"Time":"2026-10-07T07:38:50.254012013Z","Action":"pass","Package":"github.com/Hubujiu/WeaveOS/services/bff/internal/apprecordservice","Test":"TestRootEvidenceCaptureTypedValuesAndRemovedOptionLabels","Elapsed":0.07}
{"Time":"2026-10-07T07:38:50.25402308Z","Action":"run","Package":"github.com/Hubujiu/WeaveOS/services/bff/internal/apprecordservice","Test":"TestRootEvidenceCaptureWriteLifecycleSharesOuterRollback"}
{"Time":"2026-10-07T07:38:50.254026275Z","Action":"output","Package":"github.com/Hubujiu/WeaveOS/services/bff/internal/apprecordservice","Test":"TestRootEvidenceCaptureWriteLifecycleSharesOuterRollback","Output":"=== RUN   TestRootEvidenceCaptureWriteLifecycleSharesOuterRollback\n","OutputType":"frame"}
{"Time":"2026-10-07T07:38:50.317276717Z","Action":"output","Package":"github.com/Hubujiu/WeaveOS/services/bff/internal/apprecordservice","Test":"TestRootEvidenceCaptureWriteLifecycleSharesOuterRollback","Output":"--- PASS: TestRootEvidenceCaptureWriteLifecycleSharesOuterRollback (0.06s)\n","OutputType":"frame"}
{"Time":"2026-10-07T07:38:50.317323117Z","Action":"pass","Package":"github.com/Hubujiu/WeaveOS/services/bff/internal/apprecordservice","Test":"TestRootEvidenceCaptureWriteLifecycleSharesOuterRollback","Elapsed":0.06}
{"Time":"2026-10-07T07:38:50.317335646Z","Action":"run","Package":"github.com/Hubujiu/WeaveOS/services/bff/internal/apprecordservice","Test":"TestRootEvidenceCaptureRejectsUnboundScopeAndInvalidPorts"}
{"Time":"2026-10-07T07:38:50.31733888Z","Action":"output","Package":"github.com/Hubujiu/WeaveOS/services/bff/internal/apprecordservice","Test":"TestRootEvidenceCaptureRejectsUnboundScopeAndInvalidPorts","Output":"=== RUN   TestRootEvidenceCaptureRejectsUnboundScopeAndInvalidPorts\n","OutputType":"frame"}
{"Time":"2026-10-07T07:38:50.419709422Z","Action":"output","Package":"github.com/Hubujiu/WeaveOS/services/bff/internal/apprecordservice","Test":"TestRootEvidenceCaptureRejectsUnboundScopeAndInvalidPorts","Output":"--- PASS: TestRootEvidenceCaptureRejectsUnboundScopeAndInvalidPorts (0.10s)\n","OutputType":"frame"}
{"Time":"2026-10-07T07:38:50.419748421Z","Action":"pass","Package":"github.com/Hubujiu/WeaveOS/services/bff/internal/apprecordservice","Test":"TestRootEvidenceCaptureRejectsUnboundScopeAndInvalidPorts","Elapsed":0.1}
{"Time":"2026-10-07T07:38:50.419758125Z","Action":"run","Package":"github.com/Hubujiu/WeaveOS/services/bff/internal/apprecordservice","Test":"TestRootEvidenceCaptureReferenceQueriesAreBatched"}
{"Time":"2026-10-07T07:38:50.419760359Z","Action":"output","Package":"github.com/Hubujiu/WeaveOS/services/bff/internal/apprecordservice","Test":"TestRootEvidenceCaptureReferenceQueriesAreBatched","Output":"=== RUN   TestRootEvidenceCaptureReferenceQueriesAreBatched\n","OutputType":"frame"}
{"Time":"2026-10-07T07:38:50.527720521Z","Action":"output","Package":"github.com/Hubujiu/WeaveOS/services/bff/internal/apprecordservice","Test":"TestRootEvidenceCaptureReferenceQueriesAreBatched","Output":"    root_workflow_evidence_capture_test.go:390: 23 fields including 21 member references: 4 capture SQL statements\n"}
{"Time":"2026-10-07T07:38:50.528388055Z","Action":"output","Package":"github.com/Hubujiu/WeaveOS/services/bff/internal/apprecordservice","Test":"TestRootEvidenceCaptureReferenceQueriesAreBatched","Output":"--- PASS: TestRootEvidenceCaptureReferenceQueriesAreBatched (0.11s)\n","OutputType":"frame"}
{"Time":"2026-10-07T07:38:50.528397459Z","Action":"pass","Package":"github.com/Hubujiu/WeaveOS/services/bff/internal/apprecordservice","Test":"TestRootEvidenceCaptureReferenceQueriesAreBatched","Elapsed":0.11}
{"Time":"2026-10-07T07:38:50.528409798Z","Action":"run","Package":"github.com/Hubujiu/WeaveOS/services/bff/internal/apprecordservice","Test":"TestRootEvidenceCostComparison"}
{"Time":"2026-10-07T07:38:50.528412241Z","Action":"output","Package":"github.com/Hubujiu/WeaveOS/services/bff/internal/apprecordservice","Test":"TestRootEvidenceCostComparison","Output":"=== RUN   TestRootEvidenceCostComparison\n","OutputType":"frame"}
{"Time":"2026-10-07T07:38:56.793069437Z","Action":"output","Package":"github.com/Hubujiu/WeaveOS/services/bff/internal/apprecordservice","Test":"TestRootEvidenceCostComparison","Output":"    root_workflow_evidence_cost_test.go:405: ROOT_EVIDENCE_COST {\"architecture\":\"amd64\",\"benchmarkN\":18,\"changedFieldsPerVersion\":1,\"clientAllocatedBytesPerOp\":4993285,\"clientAllocsPerOp\":10515,\"fields\":32,\"go\":\"go1.27.1\",\"logicalBodyBytes\":4665911,\"mode\":\"full-copy\",\"nsPerOp\":64146231,\"p50ns\":63005014,\"p95ns\":71033736,\"pgIndexBytes\":16384,\"pgTableBytes\":4956160,\"pgTotalBytes\":4972544,\"postgres\":\"18.6 (Debian 18.6-1.pgdg13+2)\",\"scope\":\"synthetic warm reads; same owner benchmark connection; production write role validated separately; allocation is not RSS; default TOAST; Store size is three-table growth\",\"valueBytes\":4096,\"versions\":32,\"warmSamples\":20}\n"}
{"Time":"2026-10-07T07:38:59.561306393Z","Action":"output","Package":"github.com/Hubujiu/WeaveOS/services/bff/internal/apprecordservice","Test":"TestRootEvidenceCostComparison","Output":"    root_workflow_evidence_cost_test.go:405: ROOT_EVIDENCE_COST {\"architecture\":\"amd64\",\"benchmarkN\":18,\"changedFieldsPerVersion\":1,\"clientAllocatedBytesPerOp\":5465813,\"clientAllocsPerOp\":10307,\"fields\":32,\"go\":\"go1.27.1\",\"logicalBodyBytes\":329084,\"mode\":\"delta-chain\",\"nsPerOp\":63473507,\"p50ns\":62938334,\"p95ns\":68338660,\"pgIndexBytes\":16384,\"pgTableBytes\":450560,\"pgTotalBytes\":466944,\"postgres\":\"18.6 (Debian 18.6-1.pgdg13+2)\",\"scope\":\"synthetic warm reads; same owner benchmark connection; production write role validated separately; allocation is not RSS; default TOAST; Store size is three-table growth\",\"valueBytes\":4096,\"versions\":32,\"warmSamples\":20}\n"}
{"Time":"2026-10-07T07:39:03.403054391Z","Action":"output","Package":"github.com/Hubujiu/WeaveOS/services/bff/internal/apprecordservice","Test":"TestRootEvidenceCostComparison","Output":"    root_workflow_evidence_cost_test.go:405: ROOT_EVIDENCE_COST {\"architecture\":\"amd64\",\"benchmarkN\":16,\"changedFieldsPerVersion\":1,\"clientAllocatedBytesPerOp\":4988925,\"clientAllocsPerOp\":11070,\"fields\":32,\"go\":\"go1.27.1\",\"logicalBodyBytes\":454628,\"mode\":\"content-reuse\",\"nsPerOp\":68340362,\"p50ns\":68986130,\"p95ns\":76704668,\"pgIndexBytes\":163840,\"pgTableBytes\":737280,\"pgTotalBytes\":901120,\"postgres\":\"18.6 (Debian 18.6-1.pgdg13+2)\",\"scope\":\"synthetic warm reads; same owner benchmark connection; production write role validated separately; allocation is not RSS; default TOAST; Store size is three-table growth\",\"valueBytes\":4096,\"versions\":32,\"warmSamples\":20}\n"}
{"Time":"2026-10-07T07:39:17.022731272Z","Action":"output","Package":"github.com/Hubujiu/WeaveOS/services/bff/internal/apprecordservice","Test":"TestRootEvidenceCostComparison","Output":"    root_workflow_evidence_cost_test.go:405: ROOT_EVIDENCE_COST {\"architecture\":\"amd64\",\"benchmarkN\":20,\"changedFieldsPerVersion\":1,\"clientAllocatedBytesPerOp\":4869338,\"clientAllocsPerOp\":10459,\"fields\":32,\"go\":\"go1.27.1\",\"logicalBodyBytes\":18663700,\"mode\":\"full-copy\",\"nsPerOp\":67147151,\"p50ns\":64260053,\"p95ns\":68452931,\"pgIndexBytes\":16384,\"pgTableBytes\":19693568,\"pgTotalBytes\":19709952,\"postgres\":\"18.6 (Debian 18.6-1.pgdg13+2)\",\"scope\":\"synthetic warm reads; same owner benchmark connection; production write role validated separately; allocation is not RSS; default TOAST; Store size is three-table growth\",\"valueBytes\":4096,\"versions\":128,\"warmSamples\":20}\n"}
{"Time":"2026-10-07T07:39:19.882336277Z","Action":"output","Package":"github.com/Hubujiu/WeaveOS/services/bff/internal/apprecordservice","Test":"TestRootEvidenceCostComparison","Output":"    root_workflow_evidence_cost_test.go:405: ROOT_EVIDENCE_COST {\"architecture\":\"amd64\",\"benchmarkN\":16,\"changedFieldsPerVersion\":1,\"clientAllocatedBytesPerOp\":6581455,\"clientAllocsPerOp\":11149,\"fields\":32,\"go\":\"go1.27.1\",\"logicalBodyBytes\":909145,\"mode\":\"delta-chain\",\"nsPerOp\":67692689,\"p50ns\":69516056,\"p95ns\":78388436,\"pgIndexBytes\":16384,\"pgTableBytes\":1286144,\"pgTotalBytes\":1302528,\"postgres\":\"18.6 (Debian 18.6-1.pgdg13+2)\",\"scope\":\"synthetic warm reads; same owner benchmark connection; production write role validated separately; allocation is not RSS; default TOAST; Store size is three-table growth\",\"valueBytes\":4096,\"versions\":128,\"warmSamples\":20}\n"}
{"Time":"2026-10-07T07:39:22.621456847Z","Action":"output","Package":"github.com/Hubujiu/WeaveOS/services/bff/internal/apprecordservice","Test":"TestRootEvidenceCostComparison","Output":"    root_workflow_evidence_cost_test.go:405: ROOT_EVIDENCE_COST {\"architecture\":\"amd64\",\"benchmarkN\":16,\"changedFieldsPerVersion\":1,\"clientAllocatedBytesPerOp\":4962817,\"clientAllocsPerOp\":10999,\"fields\":32,\"go\":\"go1.27.1\",\"logicalBodyBytes\":1415041,\"mode\":\"content-reuse\",\"nsPerOp\":64912821,\"p50ns\":65691041,\"p95ns\":74370871,\"pgIndexBytes\":630784,\"pgTableBytes\":2236416,\"pgTotalBytes\":2867200,\"postgres\":\"18.6 (Debian 18.6-1.pgdg13+2)\",\"scope\":\"synthetic warm reads; same owner benchmark connection; production write role validated separately; allocation is not RSS; default TOAST; Store size is three-table growth\",\"valueBytes\":4096,\"versions\":128,\"warmSamples\":20}\n"}
{"Time":"2026-10-07T07:39:22.622039394Z","Action":"output","Package":"github.com/Hubujiu/WeaveOS/services/bff/internal/apprecordservice","Test":"TestRootEvidenceCostComparison","Output":"--- PASS: TestRootEvidenceCostComparison (32.09s)\n","OutputType":"frame"}
{"Time":"2026-10-07T07:39:22.622094176Z","Action":"pass","Package":"github.com/Hubujiu/WeaveOS/services/bff/internal/apprecordservice","Test":"TestRootEvidenceCostComparison","Elapsed":32.09}
{"Time":"2026-10-07T07:39:22.622153706Z","Action":"run","Package":"github.com/Hubujiu/WeaveOS/services/bff/internal/apprecordservice","Test":"TestRootEvidenceStoreEmptyFormHasImmutableDirectory"}
{"Time":"2026-10-07T07:39:22.622158443Z","Action":"output","Package":"github.com/Hubujiu/WeaveOS/services/bff/internal/apprecordservice","Test":"TestRootEvidenceStoreEmptyFormHasImmutableDirectory","Output":"=== RUN   TestRootEvidenceStoreEmptyFormHasImmutableDirectory\n","OutputType":"frame"}
{"Time":"2026-10-07T07:39:22.682862103Z","Action":"output","Package":"github.com/Hubujiu/WeaveOS/services/bff/internal/apprecordservice","Test":"TestRootEvidenceStoreEmptyFormHasImmutableDirectory","Output":"--- PASS: TestRootEvidenceStoreEmptyFormHasImmutableDirectory (0.06s)\n","OutputType":"frame"}
{"Time":"2026-10-07T07:39:22.682951758Z","Action":"pass","Package":"github.com/Hubujiu/WeaveOS/services/bff/internal/apprecordservice","Test":"TestRootEvidenceStoreEmptyFormHasImmutableDirectory","Elapsed":0.06}
{"Time":"2026-10-07T07:39:22.683033772Z","Action":"run","Package":"github.com/Hubujiu/WeaveOS/services/bff/internal/apprecordservice","Test":"TestRootEvidenceStoreResourceBudgetRejectsBeforeSQL"}
{"Time":"2026-10-07T07:39:22.683038358Z","Action":"output","Package":"github.com/Hubujiu/WeaveOS/services/bff/internal/apprecordservice","Test":"TestRootEvidenceStoreResourceBudgetRejectsBeforeSQL","Output":"=== RUN   TestRootEvidenceStoreResourceBudgetRejectsBeforeSQL\n","OutputType":"frame"}
{"Time":"2026-10-07T07:39:22.721818451Z","Action":"run","Package":"github.com/Hubujiu/WeaveOS/services/bff/internal/apprecordservice","Test":"TestRootEvidenceStoreResourceBudgetRejectsBeforeSQL/manifest"}
{"Time":"2026-10-07T07:39:22.721859062Z","Action":"output","Package":"github.com/Hubujiu/WeaveOS/services/bff/internal/apprecordservice","Test":"TestRootEvidenceStoreResourceBudgetRejectsBeforeSQL/manifest","Output":"=== RUN   TestRootEvidenceStoreResourceBudgetRejectsBeforeSQL/manifest\n","OutputType":"frame"}
{"Time":"2026-10-07T07:39:22.726186128Z","Action":"output","Package":"github.com/Hubujiu/WeaveOS/services/bff/internal/apprecordservice","Test":"TestRootEvidenceStoreResourceBudgetRejectsBeforeSQL/manifest","Output":"--- PASS: TestRootEvidenceStoreResourceBudgetRejectsBeforeSQL/manifest (0.00s)\n","OutputType":"frame"}
{"Time":"2026-10-07T07:39:22.726269994Z","Action":"pass","Package":"github.com/Hubujiu/WeaveOS/services/bff/internal/apprecordservice","Test":"TestRootEvidenceStoreResourceBudgetRejectsBeforeSQL/manifest","Elapsed":0}
{"Time":"2026-10-07T07:39:22.726328753Z","Action":"run","Package":"github.com/Hubujiu/WeaveOS/services/bff/internal/apprecordservice","Test":"TestRootEvidenceStoreResourceBudgetRejectsBeforeSQL/field-count"}
{"Time":"2026-10-07T07:39:22.726332709Z","Action":"output","Package":"github.com/Hubujiu/WeaveOS/services/bff/internal/apprecordservice","Test":"TestRootEvidenceStoreResourceBudgetRejectsBeforeSQL/field-count","Output":"=== RUN   TestRootEvidenceStoreResourceBudgetRejectsBeforeSQL/field-count\n","OutputType":"frame"}
{"Time":"2026-10-07T07:39:22.727266564Z","Action":"output","Package":"github.com/Hubujiu/WeaveOS/services/bff/internal/apprecordservice","Test":"TestRootEvidenceStoreResourceBudgetRejectsBeforeSQL/field-count","Output":"--- PASS: TestRootEvidenceStoreResourceBudgetRejectsBeforeSQL/field-count (0.00s)\n","OutputType":"frame"}
{"Time":"2026-10-07T07:39:22.72731702Z","Action":"pass","Package":"github.com/Hubujiu/WeaveOS/services/bff/internal/apprecordservice","Test":"TestRootEvidenceStoreResourceBudgetRejectsBeforeSQL/field-count","Elapsed":0}
{"Time":"2026-10-07T07:39:22.727339514Z","Action":"run","Package":"github.com/Hubujiu/WeaveOS/services/bff/internal/apprecordservice","Test":"TestRootEvidenceStoreResourceBudgetRejectsBeforeSQL/field-body"}
{"Time":"2026-10-07T07:39:22.727341807Z","Action":"output","Package":"github.com/Hubujiu/WeaveOS/services/bff/internal/apprecordservice","Test":"TestRootEvidenceStoreResourceBudgetRejectsBeforeSQL/field-body","Output":"=== RUN   TestRootEvidenceStoreResourceBudgetRejectsBeforeSQL/field-body\n","OutputType":"frame"}
{"Time":"2026-10-07T07:39:22.729605153Z","Action":"output","Package":"github.com/Hubujiu/WeaveOS/services/bff/internal/apprecordservice","Test":"TestRootEvidenceStoreResourceBudgetRejectsBeforeSQL/field-body","Output":"--- PASS: TestRootEvidenceStoreResourceBudgetRejectsBeforeSQL/field-body (0.00s)\n","OutputType":"frame"}
{"Time":"2026-10-07T07:39:22.729618002Z","Action":"pass","Package":"github.com/Hubujiu/WeaveOS/services/bff/internal/apprecordservice","Test":"TestRootEvidenceStoreResourceBudgetRejectsBeforeSQL/field-body","Elapsed":0}
{"Time":"2026-10-07T07:39:22.729621267Z","Action":"run","Package":"github.com/Hubujiu/WeaveOS/services/bff/internal/apprecordservice","Test":"TestRootEvidenceStoreResourceBudgetRejectsBeforeSQL/aggregate"}
{"Time":"2026-10-07T07:39:22.72962309Z","Action":"output","Package":"github.com/Hubujiu/WeaveOS/services/bff/internal/apprecordservice","Test":"TestRootEvidenceStoreResourceBudgetRejectsBeforeSQL/aggregate","Output":"=== RUN   TestRootEvidenceStoreResourceBudgetRejectsBeforeSQL/aggregate\n","OutputType":"frame"}
{"Time":"2026-10-07T07:39:22.733552132Z","Action":"output","Package":"github.com/Hubujiu/WeaveOS/services/bff/internal/apprecordservice","Test":"TestRootEvidenceStoreResourceBudgetRejectsBeforeSQL/aggregate","Output":"--- PASS: TestRootEvidenceStoreResourceBudgetRejectsBeforeSQL/aggregate (0.00s)\n","OutputType":"frame"}
{"Time":"2026-10-07T07:39:22.733633624Z","Action":"pass","Package":"github.com/Hubujiu/WeaveOS/services/bff/internal/apprecordservice","Test":"TestRootEvidenceStoreResourceBudgetRejectsBeforeSQL/aggregate","Elapsed":0}
{"Time":"2026-10-07T07:39:22.733986245Z","Action":"output","Package":"github.com/Hubujiu/WeaveOS/services/bff/internal/apprecordservice","Test":"TestRootEvidenceStoreResourceBudgetRejectsBeforeSQL","Output":"--- PASS: TestRootEvidenceStoreResourceBudgetRejectsBeforeSQL (0.05s)\n","OutputType":"frame"}
{"Time":"2026-10-07T07:39:22.734034808Z","Action":"pass","Package":"github.com/Hubujiu/WeaveOS/services/bff/internal/apprecordservice","Test":"TestRootEvidenceStoreResourceBudgetRejectsBeforeSQL","Elapsed":0.05}
{"Time":"2026-10-07T07:39:22.734061138Z","Action":"run","Package":"github.com/Hubujiu/WeaveOS/services/bff/internal/apprecordservice","Test":"TestRootEvidenceStoreRoundtripReplayAndSelectedFields"}
{"Time":"2026-10-07T07:39:22.734063421Z","Action":"output","Package":"github.com/Hubujiu/WeaveOS/services/bff/internal/apprecordservice","Test":"TestRootEvidenceStoreRoundtripReplayAndSelectedFields","Output":"=== RUN   TestRootEvidenceStoreRoundtripReplayAndSelectedFields\n","OutputType":"frame"}
{"Time":"2026-10-07T07:39:22.799356012Z","Action":"output","Package":"github.com/Hubujiu/WeaveOS/services/bff/internal/apprecordservice","Test":"TestRootEvidenceStoreRoundtripReplayAndSelectedFields","Output":"--- PASS: TestRootEvidenceStoreRoundtripReplayAndSelectedFields (0.06s)\n","OutputType":"frame"}
{"Time":"2026-10-07T07:39:22.799393548Z","Action":"pass","Package":"github.com/Hubujiu/WeaveOS/services/bff/internal/apprecordservice","Test":"TestRootEvidenceStoreRoundtripReplayAndSelectedFields","Elapsed":0.06}
{"Time":"2026-10-07T07:39:22.799402902Z","Action":"run","Package":"github.com/Hubujiu/WeaveOS/services/bff/internal/apprecordservice","Test":"TestRootEvidenceStoreOuterTransactionControlsVisibilityAndRollback"}
{"Time":"2026-10-07T07:39:22.799406508Z","Action":"output","Package":"github.com/Hubujiu/WeaveOS/services/bff/internal/apprecordservice","Test":"TestRootEvidenceStoreOuterTransactionControlsVisibilityAndRollback","Output":"=== RUN   TestRootEvidenceStoreOuterTransactionControlsVisibilityAndRollback\n","OutputType":"frame"}
{"Time":"2026-10-07T07:39:22.850733424Z","Action":"output","Package":"github.com/Hubujiu/WeaveOS/services/bff/internal/apprecordservice","Test":"TestRootEvidenceStoreOuterTransactionControlsVisibilityAndRollback","Output":"--- PASS: TestRootEvidenceStoreOuterTransactionControlsVisibilityAndRollback (0.05s)\n","OutputType":"frame"}
{"Time":"2026-10-07T07:39:22.850829459Z","Action":"pass","Package":"github.com/Hubujiu/WeaveOS/services/bff/internal/apprecordservice","Test":"TestRootEvidenceStoreOuterTransactionControlsVisibilityAndRollback","Elapsed":0.05}
{"Time":"2026-10-07T07:39:22.850895618Z","Action":"run","Package":"github.com/Hubujiu/WeaveOS/services/bff/internal/apprecordservice","Test":"TestRootEvidenceStoreChangedFieldReusesOtherContent"}
{"Time":"2026-10-07T07:39:22.850898773Z","Action":"output","Package":"github.com/Hubujiu/WeaveOS/services/bff/internal/apprecordservice","Test":"TestRootEvidenceStoreChangedFieldReusesOtherContent","Output":"=== RUN   TestRootEvidenceStoreChangedFieldReusesOtherContent\n","OutputType":"frame"}
{"Time":"2026-10-07T07:39:22.920396466Z","Action":"output","Package":"github.com/Hubujiu/WeaveOS/services/bff/internal/apprecordservice","Test":"TestRootEvidenceStoreChangedFieldReusesOtherContent","Output":"--- PASS: TestRootEvidenceStoreChangedFieldReusesOtherContent (0.07s)\n","OutputType":"frame"}
{"Time":"2026-10-07T07:39:22.920473752Z","Action":"pass","Package":"github.com/Hubujiu/WeaveOS/services/bff/internal/apprecordservice","Test":"TestRootEvidenceStoreChangedFieldReusesOtherContent","Elapsed":0.07}
{"Time":"2026-10-07T07:39:22.920528875Z","Action":"run","Package":"github.com/Hubujiu/WeaveOS/services/bff/internal/apprecordservice","Test":"TestRootEvidenceStoreSavepointRollsBackEveryPartialStage"}
{"Time":"2026-10-07T07:39:22.92053186Z","Action":"output","Package":"github.com/Hubujiu/WeaveOS/services/bff/internal/apprecordservice","Test":"TestRootEvidenceStoreSavepointRollsBackEveryPartialStage","Output":"=== RUN   TestRootEvidenceStoreSavepointRollsBackEveryPartialStage\n","OutputType":"frame"}
{"Time":"2026-10-07T07:39:22.920573953Z","Action":"run","Package":"github.com/Hubujiu/WeaveOS/services/bff/internal/apprecordservice","Test":"TestRootEvidenceStoreSavepointRollsBackEveryPartialStage/workflow_evidence_blobs"}
{"Time":"2026-10-07T07:39:22.920577018Z","Action":"output","Package":"github.com/Hubujiu/WeaveOS/services/bff/internal/apprecordservice","Test":"TestRootEvidenceStoreSavepointRollsBackEveryPartialStage/workflow_evidence_blobs","Output":"=== RUN   TestRootEvidenceStoreSavepointRollsBackEveryPartialStage/workflow_evidence_blobs\n","OutputType":"frame"}
{"Time":"2026-10-07T07:39:22.971963349Z","Action":"output","Package":"github.com/Hubujiu/WeaveOS/services/bff/internal/apprecordservice","Test":"TestRootEvidenceStoreSavepointRollsBackEveryPartialStage/workflow_evidence_blobs","Output":"--- PASS: TestRootEvidenceStoreSavepointRollsBackEveryPartialStage/workflow_evidence_blobs (0.05s)\n","OutputType":"frame"}
{"Time":"2026-10-07T07:39:22.972031152Z","Action":"pass","Package":"github.com/Hubujiu/WeaveOS/services/bff/internal/apprecordservice","Test":"TestRootEvidenceStoreSavepointRollsBackEveryPartialStage/workflow_evidence_blobs","Elapsed":0.05}
{"Time":"2026-10-07T07:39:22.972042679Z","Action":"run","Package":"github.com/Hubujiu/WeaveOS/services/bff/internal/apprecordservice","Test":"TestRootEvidenceStoreSavepointRollsBackEveryPartialStage/workflow_evidence_documents"}
{"Time":"2026-10-07T07:39:22.972046254Z","Action":"output","Package":"github.com/Hubujiu/WeaveOS/services/bff/internal/apprecordservice","Test":"TestRootEvidenceStoreSavepointRollsBackEveryPartialStage/workflow_evidence_documents","Output":"=== RUN   TestRootEvidenceStoreSavepointRollsBackEveryPartialStage/workflow_evidence_documents\n","OutputType":"frame"}
{"Time":"2026-10-07T07:39:23.027989352Z","Action":"output","Package":"github.com/Hubujiu/WeaveOS/services/bff/internal/apprecordservice","Test":"TestRootEvidenceStoreSavepointRollsBackEveryPartialStage/workflow_evidence_documents","Output":"--- PASS: TestRootEvidenceStoreSavepointRollsBackEveryPartialStage/workflow_evidence_documents (0.06s)\n","OutputType":"frame"}
{"Time":"2026-10-07T07:39:23.028033148Z","Action":"pass","Package":"github.com/Hubujiu/WeaveOS/services/bff/internal/apprecordservice","Test":"TestRootEvidenceStoreSavepointRollsBackEveryPartialStage/workflow_evidence_documents","Elapsed":0.06}
{"Time":"2026-10-07T07:39:23.028043533Z","Action":"run","Package":"github.com/Hubujiu/WeaveOS/services/bff/internal/apprecordservice","Test":"TestRootEvidenceStoreSavepointRollsBackEveryPartialStage/workflow_evidence_members"}
{"Time":"2026-10-07T07:39:23.028046868Z","Action":"output","Package":"github.com/Hubujiu/WeaveOS/services/bff/internal/apprecordservice","Test":"TestRootEvidenceStoreSavepointRollsBackEveryPartialStage/workflow_evidence_members","Output":"=== RUN   TestRootEvidenceStoreSavepointRollsBackEveryPartialStage/workflow_evidence_members\n","OutputType":"frame"}
{"Time":"2026-10-07T07:39:23.082996832Z","Action":"output","Package":"github.com/Hubujiu/WeaveOS/services/bff/internal/apprecordservice","Test":"TestRootEvidenceStoreSavepointRollsBackEveryPartialStage/workflow_evidence_members","Output":"--- PASS: TestRootEvidenceStoreSavepointRollsBackEveryPartialStage/workflow_evidence_members (0.05s)\n","OutputType":"frame"}
{"Time":"2026-10-07T07:39:23.083037743Z","Action":"pass","Package":"github.com/Hubujiu/WeaveOS/services/bff/internal/apprecordservice","Test":"TestRootEvidenceStoreSavepointRollsBackEveryPartialStage/workflow_evidence_members","Elapsed":0.05}
{"Time":"2026-10-07T07:39:23.083047828Z","Action":"output","Package":"github.com/Hubujiu/WeaveOS/services/bff/internal/apprecordservice","Test":"TestRootEvidenceStoreSavepointRollsBackEveryPartialStage","Output":"--- PASS: TestRootEvidenceStoreSavepointRollsBackEveryPartialStage (0.16s)\n","OutputType":"frame"}
{"Time":"2026-10-07T07:39:23.083051023Z","Action":"pass","Package":"github.com/Hubujiu/WeaveOS/services/bff/internal/apprecordservice","Test":"TestRootEvidenceStoreSavepointRollsBackEveryPartialStage","Elapsed":0.16}
{"Time":"2026-10-07T07:39:23.083053687Z","Action":"run","Package":"github.com/Hubujiu/WeaveOS/services/bff/internal/apprecordservice","Test":"TestRootEvidenceStoreInvalidBundlesNeverWriteOrPoisonCaller"}
{"Time":"2026-10-07T07:39:23.08305573Z","Action":"output","Package":"github.com/Hubujiu/WeaveOS/services/bff/internal/apprecordservice","Test":"TestRootEvidenceStoreInvalidBundlesNeverWriteOrPoisonCaller","Output":"=== RUN   TestRootEvidenceStoreInvalidBundlesNeverWriteOrPoisonCaller\n","OutputType":"frame"}
{"Time":"2026-10-07T07:39:23.118698712Z","Action":"run","Package":"github.com/Hubujiu/WeaveOS/services/bff/internal/apprecordservice","Test":"TestRootEvidenceStoreInvalidBundlesNeverWriteOrPoisonCaller/manifest-hash"}
{"Time":"2026-10-07T07:39:23.11873059Z","Action":"output","Package":"github.com/Hubujiu/WeaveOS/services/bff/internal/apprecordservice","Test":"TestRootEvidenceStoreInvalidBundlesNeverWriteOrPoisonCaller/manifest-hash","Output":"=== RUN   TestRootEvidenceStoreInvalidBundlesNeverWriteOrPoisonCaller/manifest-hash\n","OutputType":"frame"}
{"Time":"2026-10-07T07:39:23.123013324Z","Action":"output","Package":"github.com/Hubujiu/WeaveOS/services/bff/internal/apprecordservice","Test":"TestRootEvidenceStoreInvalidBundlesNeverWriteOrPoisonCaller/manifest-hash","Output":"--- PASS: TestRootEvidenceStoreInvalidBundlesNeverWriteOrPoisonCaller/manifest-hash (0.00s)\n","OutputType":"frame"}
{"Time":"2026-10-07T07:39:23.123027115Z","Action":"pass","Package":"github.com/Hubujiu/WeaveOS/services/bff/internal/apprecordservice","Test":"TestRootEvidenceStoreInvalidBundlesNeverWriteOrPoisonCaller/manifest-hash","Elapsed":0}
{"Time":"2026-10-07T07:39:23.123035518Z","Action":"run","Package":"github.com/Hubujiu/WeaveOS/services/bff/internal/apprecordservice","Test":"TestRootEvidenceStoreInvalidBundlesNeverWriteOrPoisonCaller/body-hash"}
{"Time":"2026-10-07T07:39:23.123039103Z","Action":"output","Package":"github.com/Hubujiu/WeaveOS/services/bff/internal/apprecordservice","Test":"TestRootEvidenceStoreInvalidBundlesNeverWriteOrPoisonCaller/body-hash","Output":"=== RUN   TestRootEvidenceStoreInvalidBundlesNeverWriteOrPoisonCaller/body-hash\n","OutputType":"frame"}
{"Time":"2026-10-07T07:39:23.124356635Z","Action":"output","Package":"github.com/Hubujiu/WeaveOS/services/bff/internal/apprecordservice","Test":"TestRootEvidenceStoreInvalidBundlesNeverWriteOrPoisonCaller/body-hash","Output":"--- PASS: TestRootEvidenceStoreInvalidBundlesNeverWriteOrPoisonCaller/body-hash (0.00s)\n","OutputType":"frame"}
{"Time":"2026-10-07T07:39:23.124368013Z","Action":"pass","Package":"github.com/Hubujiu/WeaveOS/services/bff/internal/apprecordservice","Test":"TestRootEvidenceStoreInvalidBundlesNeverWriteOrPoisonCaller/body-hash","Elapsed":0}
{"Time":"2026-10-07T07:39:23.124373841Z","Action":"run","Package":"github.com/Hubujiu/WeaveOS/services/bff/internal/apprecordservice","Test":"TestRootEvidenceStoreInvalidBundlesNeverWriteOrPoisonCaller/wrong-field"}
{"Time":"2026-10-07T07:39:23.124384417Z","Action":"output","Package":"github.com/Hubujiu/WeaveOS/services/bff/internal/apprecordservice","Test":"TestRootEvidenceStoreInvalidBundlesNeverWriteOrPoisonCaller/wrong-field","Output":"=== RUN   TestRootEvidenceStoreInvalidBundlesNeverWriteOrPoisonCaller/wrong-field\n","OutputType":"frame"}
{"Time":"2026-10-07T07:39:23.126059628Z","Action":"output","Package":"github.com/Hubujiu/WeaveOS/services/bff/internal/apprecordservice","Test":"TestRootEvidenceStoreInvalidBundlesNeverWriteOrPoisonCaller/wrong-field","Output":"--- PASS: TestRootEvidenceStoreInvalidBundlesNeverWriteOrPoisonCaller/wrong-field (0.00s)\n","OutputType":"frame"}
{"Time":"2026-10-07T07:39:23.126175041Z","Action":"pass","Package":"github.com/Hubujiu/WeaveOS/services/bff/internal/apprecordservice","Test":"TestRootEvidenceStoreInvalidBundlesNeverWriteOrPoisonCaller/wrong-field","Elapsed":0}
{"Time":"2026-10-07T07:39:23.126187711Z","Action":"run","Package":"github.com/Hubujiu/WeaveOS/services/bff/internal/apprecordservice","Test":"TestRootEvidenceStoreInvalidBundlesNeverWriteOrPoisonCaller/missing-blob"}
{"Time":"2026-10-07T07:39:23.126190485Z","Action":"output","Package":"github.com/Hubujiu/WeaveOS/services/bff/internal/apprecordservice","Test":"TestRootEvidenceStoreInvalidBundlesNeverWriteOrPoisonCaller/missing-blob","Output":"=== RUN   TestRootEvidenceStoreInvalidBundlesNeverWriteOrPoisonCaller/missing-blob\n","OutputType":"frame"}
{"Time":"2026-10-07T07:39:23.127351161Z","Action":"output","Package":"github.com/Hubujiu/WeaveOS/services/bff/internal/apprecordservice","Test":"TestRootEvidenceStoreInvalidBundlesNeverWriteOrPoisonCaller/missing-blob","Output":"--- PASS: TestRootEvidenceStoreInvalidBundlesNeverWriteOrPoisonCaller/missing-blob (0.00s)\n","OutputType":"frame"}
{"Time":"2026-10-07T07:39:23.12736338Z","Action":"pass","Package":"github.com/Hubujiu/WeaveOS/services/bff/internal/apprecordservice","Test":"TestRootEvidenceStoreInvalidBundlesNeverWriteOrPoisonCaller/missing-blob","Elapsed":0}
{"Time":"2026-10-07T07:39:23.127375458Z","Action":"run","Package":"github.com/Hubujiu/WeaveOS/services/bff/internal/apprecordservice","Test":"TestRootEvidenceStoreInvalidBundlesNeverWriteOrPoisonCaller/duplicate-blob"}
{"Time":"2026-10-07T07:39:23.127378753Z","Action":"output","Package":"github.com/Hubujiu/WeaveOS/services/bff/internal/apprecordservice","Test":"TestRootEvidenceStoreInvalidBundlesNeverWriteOrPoisonCaller/duplicate-blob","Output":"=== RUN   TestRootEvidenceStoreInvalidBundlesNeverWriteOrPoisonCaller/duplicate-blob\n","OutputType":"frame"}
{"Time":"2026-10-07T07:39:23.129166483Z","Action":"output","Package":"github.com/Hubujiu/WeaveOS/services/bff/internal/apprecordservice","Test":"TestRootEvidenceStoreInvalidBundlesNeverWriteOrPoisonCaller/duplicate-blob","Output":"--- PASS: TestRootEvidenceStoreInvalidBundlesNeverWriteOrPoisonCaller/duplicate-blob (0.00s)\n","OutputType":"frame"}
{"Time":"2026-10-07T07:39:23.129180163Z","Action":"pass","Package":"github.com/Hubujiu/WeaveOS/services/bff/internal/apprecordservice","Test":"TestRootEvidenceStoreInvalidBundlesNeverWriteOrPoisonCaller/duplicate-blob","Elapsed":0}
{"Time":"2026-10-07T07:39:23.12918447Z","Action":"run","Package":"github.com/Hubujiu/WeaveOS/services/bff/internal/apprecordservice","Test":"TestRootEvidenceStoreInvalidBundlesNeverWriteOrPoisonCaller/noncanonical-manifest"}
{"Time":"2026-10-07T07:39:23.129188155Z","Action":"output","Package":"github.com/Hubujiu/WeaveOS/services/bff/internal/apprecordservice","Test":"TestRootEvidenceStoreInvalidBundlesNeverWriteOrPoisonCaller/noncanonical-manifest","Output":"=== RUN   TestRootEvidenceStoreInvalidBundlesNeverWriteOrPoisonCaller/noncanonical-manifest\n","OutputType":"frame"}
{"Time":"2026-10-07T07:39:23.130418597Z","Action":"output","Package":"github.com/Hubujiu/WeaveOS/services/bff/internal/apprecordservice","Test":"TestRootEvidenceStoreInvalidBundlesNeverWriteOrPoisonCaller/noncanonical-manifest","Output":"--- PASS: TestRootEvidenceStoreInvalidBundlesNeverWriteOrPoisonCaller/noncanonical-manifest (0.00s)\n","OutputType":"frame"}
{"Time":"2026-10-07T07:39:23.130428221Z","Action":"pass","Package":"github.com/Hubujiu/WeaveOS/services/bff/internal/apprecordservice","Test":"TestRootEvidenceStoreInvalidBundlesNeverWriteOrPoisonCaller/noncanonical-manifest","Elapsed":0}
{"Time":"2026-10-07T07:39:23.131502488Z","Action":"output","Package":"github.com/Hubujiu/WeaveOS/services/bff/internal/apprecordservice","Test":"TestRootEvidenceStoreInvalidBundlesNeverWriteOrPoisonCaller","Output":"--- PASS: TestRootEvidenceStoreInvalidBundlesNeverWriteOrPoisonCaller (0.05s)\n","OutputType":"frame"}
{"Time":"2026-10-07T07:39:23.131512894Z","Action":"pass","Package":"github.com/Hubujiu/WeaveOS/services/bff/internal/apprecordservice","Test":"TestRootEvidenceStoreInvalidBundlesNeverWriteOrPoisonCaller","Elapsed":0.05}
{"Time":"2026-10-07T07:39:23.131517901Z","Action":"run","Package":"github.com/Hubujiu/WeaveOS/services/bff/internal/apprecordservice","Test":"TestRootEvidenceStoreScopeAndForeignResourceBinding"}
{"Time":"2026-10-07T07:39:23.131520134Z","Action":"output","Package":"github.com/Hubujiu/WeaveOS/services/bff/internal/apprecordservice","Test":"TestRootEvidenceStoreScopeAndForeignResourceBinding","Output":"=== RUN   TestRootEvidenceStoreScopeAndForeignResourceBinding\n","OutputType":"frame"}
{"Time":"2026-10-07T07:39:23.218681216Z","Action":"output","Package":"github.com/Hubujiu/WeaveOS/services/bff/internal/apprecordservice","Test":"TestRootEvidenceStoreScopeAndForeignResourceBinding","Output":"--- PASS: TestRootEvidenceStoreScopeAndForeignResourceBinding (0.09s)\n","OutputType":"frame"}
{"Time":"2026-10-07T07:39:23.218762738Z","Action":"pass","Package":"github.com/Hubujiu/WeaveOS/services/bff/internal/apprecordservice","Test":"TestRootEvidenceStoreScopeAndForeignResourceBinding","Elapsed":0.09}
{"Time":"2026-10-07T07:39:23.218852443Z","Action":"run","Package":"github.com/Hubujiu/WeaveOS/services/bff/internal/apprecordservice","Test":"TestRootEvidenceStoreCorruptionFailsClosedAndIsNotSilentlyRepaired"}
{"Time":"2026-10-07T07:39:23.218857241Z","Action":"output","Package":"github.com/Hubujiu/WeaveOS/services/bff/internal/apprecordservice","Test":"TestRootEvidenceStoreCorruptionFailsClosedAndIsNotSilentlyRepaired","Output":"=== RUN   TestRootEvidenceStoreCorruptionFailsClosedAndIsNotSilentlyRepaired\n","OutputType":"frame"}
{"Time":"2026-10-07T07:39:23.218927646Z","Action":"run","Package":"github.com/Hubujiu/WeaveOS/services/bff/internal/apprecordservice","Test":"TestRootEvidenceStoreCorruptionFailsClosedAndIsNotSilentlyRepaired/manifest-bytes"}
{"Time":"2026-10-07T07:39:23.218935568Z","Action":"output","Package":"github.com/Hubujiu/WeaveOS/services/bff/internal/apprecordservice","Test":"TestRootEvidenceStoreCorruptionFailsClosedAndIsNotSilentlyRepaired/manifest-bytes","Output":"=== RUN   TestRootEvidenceStoreCorruptionFailsClosedAndIsNotSilentlyRepaired/manifest-bytes\n","OutputType":"frame"}
{"Time":"2026-10-07T07:39:23.272779973Z","Action":"output","Package":"github.com/Hubujiu/WeaveOS/services/bff/internal/apprecordservice","Test":"TestRootEvidenceStoreCorruptionFailsClosedAndIsNotSilentlyRepaired/manifest-bytes","Output":"--- PASS: TestRootEvidenceStoreCorruptionFailsClosedAndIsNotSilentlyRepaired/manifest-bytes (0.05s)\n","OutputType":"frame"}
{"Time":"2026-10-07T07:39:23.272829197Z","Action":"pass","Package":"github.com/Hubujiu/WeaveOS/services/bff/internal/apprecordservice","Test":"TestRootEvidenceStoreCorruptionFailsClosedAndIsNotSilentlyRepaired/manifest-bytes","Elapsed":0.05}
{"Time":"2026-10-07T07:39:23.272835216Z","Action":"run","Package":"github.com/Hubujiu/WeaveOS/services/bff/internal/apprecordservice","Test":"TestRootEvidenceStoreCorruptionFailsClosedAndIsNotSilentlyRepaired/metadata"}
{"Time":"2026-10-07T07:39:23.272837299Z","Action":"output","Package":"github.com/Hubujiu/WeaveOS/services/bff/internal/apprecordservice","Test":"TestRootEvidenceStoreCorruptionFailsClosedAndIsNotSilentlyRepaired/metadata","Output":"=== RUN   TestRootEvidenceStoreCorruptionFailsClosedAndIsNotSilentlyRepaired/metadata\n","OutputType":"frame"}
{"Time":"2026-10-07T07:39:23.325390466Z","Action":"output","Package":"github.com/Hubujiu/WeaveOS/services/bff/internal/apprecordservice","Test":"TestRootEvidenceStoreCorruptionFailsClosedAndIsNotSilentlyRepaired/metadata","Output":"--- PASS: TestRootEvidenceStoreCorruptionFailsClosedAndIsNotSilentlyRepaired/metadata (0.05s)\n","OutputType":"frame"}
{"Time":"2026-10-07T07:39:23.325427692Z","Action":"pass","Package":"github.com/Hubujiu/WeaveOS/services/bff/internal/apprecordservice","Test":"TestRootEvidenceStoreCorruptionFailsClosedAndIsNotSilentlyRepaired/metadata","Elapsed":0.05}
{"Time":"2026-10-07T07:39:23.32543349Z","Action":"run","Package":"github.com/Hubujiu/WeaveOS/services/bff/internal/apprecordservice","Test":"TestRootEvidenceStoreCorruptionFailsClosedAndIsNotSilentlyRepaired/member"}
{"Time":"2026-10-07T07:39:23.325436665Z","Action":"output","Package":"github.com/Hubujiu/WeaveOS/services/bff/internal/apprecordservice","Test":"TestRootEvidenceStoreCorruptionFailsClosedAndIsNotSilentlyRepaired/member","Output":"=== RUN   TestRootEvidenceStoreCorruptionFailsClosedAndIsNotSilentlyRepaired/member\n","OutputType":"frame"}
{"Time":"2026-10-07T07:39:23.380635813Z","Action":"output","Package":"github.com/Hubujiu/WeaveOS/services/bff/internal/apprecordservice","Test":"TestRootEvidenceStoreCorruptionFailsClosedAndIsNotSilentlyRepaired/member","Output":"--- PASS: TestRootEvidenceStoreCorruptionFailsClosedAndIsNotSilentlyRepaired/member (0.06s)\n","OutputType":"frame"}
{"Time":"2026-10-07T07:39:23.380677967Z","Action":"pass","Package":"github.com/Hubujiu/WeaveOS/services/bff/internal/apprecordservice","Test":"TestRootEvidenceStoreCorruptionFailsClosedAndIsNotSilentlyRepaired/member","Elapsed":0.06}
{"Time":"2026-10-07T07:39:23.380685829Z","Action":"run","Package":"github.com/Hubujiu/WeaveOS/services/bff/internal/apprecordservice","Test":"TestRootEvidenceStoreCorruptionFailsClosedAndIsNotSilentlyRepaired/field-bytes"}
{"Time":"2026-10-07T07:39:23.380689134Z","Action":"output","Package":"github.com/Hubujiu/WeaveOS/services/bff/internal/apprecordservice","Test":"TestRootEvidenceStoreCorruptionFailsClosedAndIsNotSilentlyRepaired/field-bytes","Output":"=== RUN   TestRootEvidenceStoreCorruptionFailsClosedAndIsNotSilentlyRepaired/field-bytes\n","OutputType":"frame"}
{"Time":"2026-10-07T07:39:23.439014566Z","Action":"output","Package":"github.com/Hubujiu/WeaveOS/services/bff/internal/apprecordservice","Test":"TestRootEvidenceStoreCorruptionFailsClosedAndIsNotSilentlyRepaired/field-bytes","Output":"--- PASS: TestRootEvidenceStoreCorruptionFailsClosedAndIsNotSilentlyRepaired/field-bytes (0.06s)\n","OutputType":"frame"}
{"Time":"2026-10-07T07:39:23.439060425Z","Action":"pass","Package":"github.com/Hubujiu/WeaveOS/services/bff/internal/apprecordservice","Test":"TestRootEvidenceStoreCorruptionFailsClosedAndIsNotSilentlyRepaired/field-bytes","Elapsed":0.06}
{"Time":"2026-10-07T07:39:23.439073495Z","Action":"output","Package":"github.com/Hubujiu/WeaveOS/services/bff/internal/apprecordservice","Test":"TestRootEvidenceStoreCorruptionFailsClosedAndIsNotSilentlyRepaired","Output":"--- PASS: TestRootEvidenceStoreCorruptionFailsClosedAndIsNotSilentlyRepaired (0.22s)\n","OutputType":"frame"}
{"Time":"2026-10-07T07:39:23.43907717Z","Action":"pass","Package":"github.com/Hubujiu/WeaveOS/services/bff/internal/apprecordservice","Test":"TestRootEvidenceStoreCorruptionFailsClosedAndIsNotSilentlyRepaired","Elapsed":0.22}
{"Time":"2026-10-07T07:39:23.439080565Z","Action":"run","Package":"github.com/Hubujiu/WeaveOS/services/bff/internal/apprecordservice","Test":"TestRootEvidenceStoreBlobCollisionCannotOverwriteEarlierBytes"}
{"Time":"2026-10-07T07:39:23.43908352Z","Action":"output","Package":"github.com/Hubujiu/WeaveOS/services/bff/internal/apprecordservice","Test":"TestRootEvidenceStoreBlobCollisionCannotOverwriteEarlierBytes","Output":"=== RUN   TestRootEvidenceStoreBlobCollisionCannotOverwriteEarlierBytes\n","OutputType":"frame"}
{"Time":"2026-10-07T07:39:23.487431589Z","Action":"output","Package":"github.com/Hubujiu/WeaveOS/services/bff/internal/apprecordservice","Test":"TestRootEvidenceStoreBlobCollisionCannotOverwriteEarlierBytes","Output":"--- PASS: TestRootEvidenceStoreBlobCollisionCannotOverwriteEarlierBytes (0.05s)\n","OutputType":"frame"}
{"Time":"2026-10-07T07:39:23.487469496Z","Action":"pass","Package":"github.com/Hubujiu/WeaveOS/services/bff/internal/apprecordservice","Test":"TestRootEvidenceStoreBlobCollisionCannotOverwriteEarlierBytes","Elapsed":0.05}
{"Time":"2026-10-07T07:39:23.487475295Z","Action":"run","Package":"github.com/Hubujiu/WeaveOS/services/bff/internal/apprecordservice","Test":"TestRootEvidenceStoreConcurrentFirstAcceptanceHasOneDocument"}
{"Time":"2026-10-07T07:39:23.487483818Z","Action":"output","Package":"github.com/Hubujiu/WeaveOS/services/bff/internal/apprecordservice","Test":"TestRootEvidenceStoreConcurrentFirstAcceptanceHasOneDocument","Output":"=== RUN   TestRootEvidenceStoreConcurrentFirstAcceptanceHasOneDocument\n","OutputType":"frame"}
{"Time":"2026-10-07T07:39:23.569523523Z","Action":"output","Package":"github.com/Hubujiu/WeaveOS/services/bff/internal/apprecordservice","Test":"TestRootEvidenceStoreConcurrentFirstAcceptanceHasOneDocument","Output":"--- PASS: TestRootEvidenceStoreConcurrentFirstAcceptanceHasOneDocument (0.08s)\n","OutputType":"frame"}
{"Time":"2026-10-07T07:39:23.569639057Z","Action":"pass","Package":"github.com/Hubujiu/WeaveOS/services/bff/internal/apprecordservice","Test":"TestRootEvidenceStoreConcurrentFirstAcceptanceHasOneDocument","Elapsed":0.08}
{"Time":"2026-10-07T07:39:23.569647329Z","Action":"run","Package":"github.com/Hubujiu/WeaveOS/services/bff/internal/apprecordservice","Test":"TestRootEvidenceStoreHistoryDoesNotJoinCurrentValuesOrReferenceLabels"}
{"Time":"2026-10-07T07:39:23.569649993Z","Action":"output","Package":"github.com/Hubujiu/WeaveOS/services/bff/internal/apprecordservice","Test":"TestRootEvidenceStoreHistoryDoesNotJoinCurrentValuesOrReferenceLabels","Output":"=== RUN   TestRootEvidenceStoreHistoryDoesNotJoinCurrentValuesOrReferenceLabels\n","OutputType":"frame"}
{"Time":"2026-10-07T07:39:23.627080809Z","Action":"output","Package":"github.com/Hubujiu/WeaveOS/services/bff/internal/apprecordservice","Test":"TestRootEvidenceStoreHistoryDoesNotJoinCurrentValuesOrReferenceLabels","Output":"--- PASS: TestRootEvidenceStoreHistoryDoesNotJoinCurrentValuesOrReferenceLabels (0.06s)\n","OutputType":"frame"}
{"Time":"2026-10-07T07:39:23.627118155Z","Action":"pass","Package":"github.com/Hubujiu/WeaveOS/services/bff/internal/apprecordservice","Test":"TestRootEvidenceStoreHistoryDoesNotJoinCurrentValuesOrReferenceLabels","Elapsed":0.06}
{"Time":"2026-10-07T07:39:23.627131656Z","Action":"run","Package":"github.com/Hubujiu/WeaveOS/services/bff/internal/apprecordservice","Test":"TestRootEvidenceStoreInvalidPortsMissingAndUnknownSelection"}
{"Time":"2026-10-07T07:39:23.627135842Z","Action":"output","Package":"github.com/Hubujiu/WeaveOS/services/bff/internal/apprecordservice","Test":"TestRootEvidenceStoreInvalidPortsMissingAndUnknownSelection","Output":"=== RUN   TestRootEvidenceStoreInvalidPortsMissingAndUnknownSelection\n","OutputType":"frame"}
{"Time":"2026-10-07T07:39:23.67775212Z","Action":"output","Package":"github.com/Hubujiu/WeaveOS/services/bff/internal/apprecordservice","Test":"TestRootEvidenceStoreInvalidPortsMissingAndUnknownSelection","Output":"--- PASS: TestRootEvidenceStoreInvalidPortsMissingAndUnknownSelection (0.05s)\n","OutputType":"frame"}
{"Time":"2026-10-07T07:39:23.677804959Z","Action":"pass","Package":"github.com/Hubujiu/WeaveOS/services/bff/internal/apprecordservice","Test":"TestRootEvidenceStoreInvalidPortsMissingAndUnknownSelection","Elapsed":0.05}
{"Time":"2026-10-07T07:39:23.67781235Z","Action":"run","Package":"github.com/Hubujiu/WeaveOS/services/bff/internal/apprecordservice","Test":"TestRootEvidenceStoreRolesAreAppendOnlyAndBackupReadOnly"}
{"Time":"2026-10-07T07:39:23.677814884Z","Action":"output","Package":"github.com/Hubujiu/WeaveOS/services/bff/internal/apprecordservice","Test":"TestRootEvidenceStoreRolesAreAppendOnlyAndBackupReadOnly","Output":"=== RUN   TestRootEvidenceStoreRolesAreAppendOnlyAndBackupReadOnly\n","OutputType":"frame"}
{"Time":"2026-10-07T07:39:23.72720068Z","Action":"output","Package":"github.com/Hubujiu/WeaveOS/services/bff/internal/apprecordservice","Test":"TestRootEvidenceStoreRolesAreAppendOnlyAndBackupReadOnly","Output":"--- PASS: TestRootEvidenceStoreRolesAreAppendOnlyAndBackupReadOnly (0.05s)\n","OutputType":"frame"}
{"Time":"2026-10-07T07:39:23.727237625Z","Action":"pass","Package":"github.com/Hubujiu/WeaveOS/services/bff/internal/apprecordservice","Test":"TestRootEvidenceStoreRolesAreAppendOnlyAndBackupReadOnly","Elapsed":0.05}
{"Time":"2026-10-07T07:39:23.72724739Z","Action":"run","Package":"github.com/Hubujiu/WeaveOS/services/bff/internal/apprecordservice","Test":"TestRootEvidenceStoreDownRefusesExistingHistory"}
{"Time":"2026-10-07T07:39:23.727250375Z","Action":"output","Package":"github.com/Hubujiu/WeaveOS/services/bff/internal/apprecordservice","Test":"TestRootEvidenceStoreDownRefusesExistingHistory","Output":"=== RUN   TestRootEvidenceStoreDownRefusesExistingHistory\n","OutputType":"frame"}
{"Time":"2026-10-07T07:39:23.787250757Z","Action":"output","Package":"github.com/Hubujiu/WeaveOS/services/bff/internal/apprecordservice","Test":"TestRootEvidenceStoreDownRefusesExistingHistory","Output":"--- PASS: TestRootEvidenceStoreDownRefusesExistingHistory (0.06s)\n","OutputType":"frame"}
{"Time":"2026-10-07T07:39:23.787842853Z","Action":"pass","Package":"github.com/Hubujiu/WeaveOS/services/bff/internal/apprecordservice","Test":"TestRootEvidenceStoreDownRefusesExistingHistory","Elapsed":0.06}
{"Time":"2026-10-07T07:39:23.787857385Z","Action":"run","Package":"github.com/Hubujiu/WeaveOS/services/bff/internal/apprecordservice","Test":"TestRootEvidenceStoreQueriesAreBoundedRatherThanPerField"}
{"Time":"2026-10-07T07:39:23.78786072Z","Action":"output","Package":"github.com/Hubujiu/WeaveOS/services/bff/internal/apprecordservice","Test":"TestRootEvidenceStoreQueriesAreBoundedRatherThanPerField","Output":"=== RUN   TestRootEvidenceStoreQueriesAreBoundedRatherThanPerField\n","OutputType":"frame"}
{"Time":"2026-10-07T07:39:23.905293496Z","Action":"output","Package":"github.com/Hubujiu/WeaveOS/services/bff/internal/apprecordservice","Test":"TestRootEvidenceStoreQueriesAreBoundedRatherThanPerField","Output":"    root_workflow_evidence_store_test.go:640: 64 fields: put=7 SQL statements; read=3 SQL statements\n"}
{"Time":"2026-10-07T07:39:23.906020871Z","Action":"output","Package":"github.com/Hubujiu/WeaveOS/services/bff/internal/apprecordservice","Test":"TestRootEvidenceStoreQueriesAreBoundedRatherThanPerField","Output":"--- PASS: TestRootEvidenceStoreQueriesAreBoundedRatherThanPerField (0.12s)\n","OutputType":"frame"}
{"Time":"2026-10-07T07:39:23.906038127Z","Action":"pass","Package":"github.com/Hubujiu/WeaveOS/services/bff/internal/apprecordservice","Test":"TestRootEvidenceStoreQueriesAreBoundedRatherThanPerField","Elapsed":0.12}
{"Time":"2026-10-07T07:39:23.906050856Z","Action":"run","Package":"github.com/Hubujiu/WeaveOS/services/bff/internal/apprecordservice","Test":"TestRootWorkflowPreviewRevokedPermissionDoesNotRevealClosedTask"}
{"Time":"2026-10-07T07:39:23.90605363Z","Action":"output","Package":"github.com/Hubujiu/WeaveOS/services/bff/internal/apprecordservice","Test":"TestRootWorkflowPreviewRevokedPermissionDoesNotRevealClosedTask","Output":"=== RUN   TestRootWorkflowPreviewRevokedPermissionDoesNotRevealClosedTask\n","OutputType":"frame"}
{"Time":"2026-10-07T07:39:24.010864685Z","Action":"output","Package":"github.com/Hubujiu/WeaveOS/services/bff/internal/apprecordservice","Test":"TestRootWorkflowPreviewRevokedPermissionDoesNotRevealClosedTask","Output":"--- PASS: TestRootWorkflowPreviewRevokedPermissionDoesNotRevealClosedTask (0.10s)\n","OutputType":"frame"}
{"Time":"2026-10-07T07:39:24.010904224Z","Action":"pass","Package":"github.com/Hubujiu/WeaveOS/services/bff/internal/apprecordservice","Test":"TestRootWorkflowPreviewRevokedPermissionDoesNotRevealClosedTask","Elapsed":0.1}
{"Time":"2026-10-07T07:39:24.010913778Z","Action":"run","Package":"github.com/Hubujiu/WeaveOS/services/bff/internal/apprecordservice","Test":"TestRootWorkflowPreviewExposesOnlyCurrentReadableFields"}
{"Time":"2026-10-07T07:39:24.010916332Z","Action":"output","Package":"github.com/Hubujiu/WeaveOS/services/bff/internal/apprecordservice","Test":"TestRootWorkflowPreviewExposesOnlyCurrentReadableFields","Output":"=== RUN   TestRootWorkflowPreviewExposesOnlyCurrentReadableFields\n","OutputType":"frame"}
{"Time":"2026-10-07T07:39:24.10052754Z","Action":"output","Package":"github.com/Hubujiu/WeaveOS/services/bff/internal/apprecordservice","Test":"TestRootWorkflowPreviewExposesOnlyCurrentReadableFields","Output":"--- PASS: TestRootWorkflowPreviewExposesOnlyCurrentReadableFields (0.09s)\n","OutputType":"frame"}
{"Time":"2026-10-07T07:39:24.10056725Z","Action":"pass","Package":"github.com/Hubujiu/WeaveOS/services/bff/internal/apprecordservice","Test":"TestRootWorkflowPreviewExposesOnlyCurrentReadableFields","Elapsed":0.09}
{"Time":"2026-10-07T07:39:24.100573719Z","Action":"run","Package":"github.com/Hubujiu/WeaveOS/services/bff/internal/apprecordservice","Test":"TestRootWorkflowPreviewTokenBindsActualEvidenceTaskAndSession"}
{"Time":"2026-10-07T07:39:24.100576263Z","Action":"output","Package":"github.com/Hubujiu/WeaveOS/services/bff/internal/apprecordservice","Test":"TestRootWorkflowPreviewTokenBindsActualEvidenceTaskAndSession","Output":"=== RUN   TestRootWorkflowPreviewTokenBindsActualEvidenceTaskAndSession\n","OutputType":"frame"}
{"Time":"2026-10-07T07:39:24.216560364Z","Action":"output","Package":"github.com/Hubujiu/WeaveOS/services/bff/internal/apprecordservice","Test":"TestRootWorkflowPreviewTokenBindsActualEvidenceTaskAndSession","Output":"--- PASS: TestRootWorkflowPreviewTokenBindsActualEvidenceTaskAndSession (0.12s)\n","OutputType":"frame"}
{"Time":"2026-10-07T07:39:24.216598682Z","Action":"pass","Package":"github.com/Hubujiu/WeaveOS/services/bff/internal/apprecordservice","Test":"TestRootWorkflowPreviewTokenBindsActualEvidenceTaskAndSession","Elapsed":0.12}
{"Time":"2026-10-07T07:39:24.21661085Z","Action":"run","Package":"github.com/Hubujiu/WeaveOS/services/bff/internal/apprecordservice","Test":"TestRootWorkflowPreviewRequiresCurrentSessionMenuAndActualRowScope"}
{"Time":"2026-10-07T07:39:24.216612873Z","Action":"output","Package":"github.com/Hubujiu/WeaveOS/services/bff/internal/apprecordservice","Test":"TestRootWorkflowPreviewRequiresCurrentSessionMenuAndActualRowScope","Output":"=== RUN   TestRootWorkflowPreviewRequiresCurrentSessionMenuAndActualRowScope\n","OutputType":"frame"}
{"Time":"2026-10-07T07:39:24.216616519Z","Action":"run","Package":"github.com/Hubujiu/WeaveOS/services/bff/internal/apprecordservice","Test":"TestRootWorkflowPreviewRequiresCurrentSessionMenuAndActualRowScope/inactive"}
{"Time":"2026-10-07T07:39:24.216622368Z","Action":"output","Package":"github.com/Hubujiu/WeaveOS/services/bff/internal/apprecordservice","Test":"TestRootWorkflowPreviewRequiresCurrentSessionMenuAndActualRowScope/inactive","Output":"=== RUN   TestRootWorkflowPreviewRequiresCurrentSessionMenuAndActualRowScope/inactive\n","OutputType":"frame"}
{"Time":"2026-10-07T07:39:24.299356486Z","Action":"output","Package":"github.com/Hubujiu/WeaveOS/services/bff/internal/apprecordservice","Test":"TestRootWorkflowPreviewRequiresCurrentSessionMenuAndActualRowScope/inactive","Output":"--- PASS: TestRootWorkflowPreviewRequiresCurrentSessionMenuAndActualRowScope/inactive (0.08s)\n","OutputType":"frame"}
{"Time":"2026-10-07T07:39:24.299394543Z","Action":"pass","Package":"github.com/Hubujiu/WeaveOS/services/bff/internal/apprecordservice","Test":"TestRootWorkflowPreviewRequiresCurrentSessionMenuAndActualRowScope/inactive","Elapsed":0.08}
{"Time":"2026-10-07T07:39:24.299403266Z","Action":"run","Package":"github.com/Hubujiu/WeaveOS/services/bff/internal/apprecordservice","Test":"TestRootWorkflowPreviewRequiresCurrentSessionMenuAndActualRowScope/no-menu"}
{"Time":"2026-10-07T07:39:24.29940587Z","Action":"output","Package":"github.com/Hubujiu/WeaveOS/services/bff/internal/apprecordservice","Test":"TestRootWorkflowPreviewRequiresCurrentSessionMenuAndActualRowScope/no-menu","Output":"=== RUN   TestRootWorkflowPreviewRequiresCurrentSessionMenuAndActualRowScope/no-menu\n","OutputType":"frame"}
{"Time":"2026-10-07T07:39:24.39563722Z","Action":"output","Package":"github.com/Hubujiu/WeaveOS/services/bff/internal/apprecordservice","Test":"TestRootWorkflowPreviewRequiresCurrentSessionMenuAndActualRowScope/no-menu","Output":"--- PASS: TestRootWorkflowPreviewRequiresCurrentSessionMenuAndActualRowScope/no-menu (0.10s)\n","OutputType":"frame"}
{"Time":"2026-10-07T07:39:24.395679844Z","Action":"pass","Package":"github.com/Hubujiu/WeaveOS/services/bff/internal/apprecordservice","Test":"TestRootWorkflowPreviewRequiresCurrentSessionMenuAndActualRowScope/no-menu","Elapsed":0.1}
{"Time":"2026-10-07T07:39:24.395685773Z","Action":"run","Package":"github.com/Hubujiu/WeaveOS/services/bff/internal/apprecordservice","Test":"TestRootWorkflowPreviewRequiresCurrentSessionMenuAndActualRowScope/no-data"}
{"Time":"2026-10-07T07:39:24.395688507Z","Action":"output","Package":"github.com/Hubujiu/WeaveOS/services/bff/internal/apprecordservice","Test":"TestRootWorkflowPreviewRequiresCurrentSessionMenuAndActualRowScope/no-data","Output":"=== RUN   TestRootWorkflowPreviewRequiresCurrentSessionMenuAndActualRowScope/no-data\n","OutputType":"frame"}
{"Time":"2026-10-07T07:39:24.484403999Z","Action":"output","Package":"github.com/Hubujiu/WeaveOS/services/bff/internal/apprecordservice","Test":"TestRootWorkflowPreviewRequiresCurrentSessionMenuAndActualRowScope/no-data","Output":"--- PASS: TestRootWorkflowPreviewRequiresCurrentSessionMenuAndActualRowScope/no-data (0.09s)\n","OutputType":"frame"}
{"Time":"2026-10-07T07:39:24.484448796Z","Action":"pass","Package":"github.com/Hubujiu/WeaveOS/services/bff/internal/apprecordservice","Test":"TestRootWorkflowPreviewRequiresCurrentSessionMenuAndActualRowScope/no-data","Elapsed":0.09}
{"Time":"2026-10-07T07:39:24.484459001Z","Action":"run","Package":"github.com/Hubujiu/WeaveOS/services/bff/internal/apprecordservice","Test":"TestRootWorkflowPreviewRequiresCurrentSessionMenuAndActualRowScope/own-on-foreign"}
{"Time":"2026-10-07T07:39:24.484461655Z","Action":"output","Package":"github.com/Hubujiu/WeaveOS/services/bff/internal/apprecordservice","Test":"TestRootWorkflowPreviewRequiresCurrentSessionMenuAndActualRowScope/own-on-foreign","Output":"=== RUN   TestRootWorkflowPreviewRequiresCurrentSessionMenuAndActualRowScope/own-on-foreign\n","OutputType":"frame"}
{"Time":"2026-10-07T07:39:24.576540457Z","Action":"output","Package":"github.com/Hubujiu/WeaveOS/services/bff/internal/apprecordservice","Test":"TestRootWorkflowPreviewRequiresCurrentSessionMenuAndActualRowScope/own-on-foreign","Output":"--- PASS: TestRootWorkflowPreviewRequiresCurrentSessionMenuAndActualRowScope/own-on-foreign (0.09s)\n","OutputType":"frame"}
{"Time":"2026-10-07T07:39:24.577307171Z","Action":"pass","Package":"github.com/Hubujiu/WeaveOS/services/bff/internal/apprecordservice","Test":"TestRootWorkflowPreviewRequiresCurrentSessionMenuAndActualRowScope/own-on-foreign","Elapsed":0.09}
{"Time":"2026-10-07T07:39:24.577320892Z","Action":"output","Package":"github.com/Hubujiu/WeaveOS/services/bff/internal/apprecordservice","Test":"TestRootWorkflowPreviewRequiresCurrentSessionMenuAndActualRowScope","Output":"--- PASS: TestRootWorkflowPreviewRequiresCurrentSessionMenuAndActualRowScope (0.36s)\n","OutputType":"frame"}
{"Time":"2026-10-07T07:39:24.577325058Z","Action":"pass","Package":"github.com/Hubujiu/WeaveOS/services/bff/internal/apprecordservice","Test":"TestRootWorkflowPreviewRequiresCurrentSessionMenuAndActualRowScope","Elapsed":0.36}
{"Time":"2026-10-07T07:39:24.577327742Z","Action":"run","Package":"github.com/Hubujiu/WeaveOS/services/bff/internal/apprecordservice","Test":"TestRootWorkflowPreviewTaskAssignmentIsNotOverriddenByAppOwner"}
{"Time":"2026-10-07T07:39:24.577329995Z","Action":"output","Package":"github.com/Hubujiu/WeaveOS/services/bff/internal/apprecordservice","Test":"TestRootWorkflowPreviewTaskAssignmentIsNotOverriddenByAppOwner","Output":"=== RUN   TestRootWorkflowPreviewTaskAssignmentIsNotOverriddenByAppOwner\n","OutputType":"frame"}
{"Time":"2026-10-07T07:39:24.678873527Z","Action":"output","Package":"github.com/Hubujiu/WeaveOS/services/bff/internal/apprecordservice","Test":"TestRootWorkflowPreviewTaskAssignmentIsNotOverriddenByAppOwner","Output":"--- PASS: TestRootWorkflowPreviewTaskAssignmentIsNotOverriddenByAppOwner (0.10s)\n","OutputType":"frame"}
{"Time":"2026-10-07T07:39:24.678963512Z","Action":"pass","Package":"github.com/Hubujiu/WeaveOS/services/bff/internal/apprecordservice","Test":"TestRootWorkflowPreviewTaskAssignmentIsNotOverriddenByAppOwner","Elapsed":0.1}
{"Time":"2026-10-07T07:39:24.679037794Z","Action":"run","Package":"github.com/Hubujiu/WeaveOS/services/bff/internal/apprecordservice","Test":"TestRootWorkflowPreviewRejectsWrongResourceAndClosedTask"}
{"Time":"2026-10-07T07:39:24.679041349Z","Action":"output","Package":"github.com/Hubujiu/WeaveOS/services/bff/internal/apprecordservice","Test":"TestRootWorkflowPreviewRejectsWrongResourceAndClosedTask","Output":"=== RUN   TestRootWorkflowPreviewRejectsWrongResourceAndClosedTask\n","OutputType":"frame"}
{"Time":"2026-10-07T07:39:24.679104134Z","Action":"run","Package":"github.com/Hubujiu/WeaveOS/services/bff/internal/apprecordservice","Test":"TestRootWorkflowPreviewRejectsWrongResourceAndClosedTask/app"}
{"Time":"2026-10-07T07:39:24.679107469Z","Action":"output","Package":"github.com/Hubujiu/WeaveOS/services/bff/internal/apprecordservice","Test":"TestRootWorkflowPreviewRejectsWrongResourceAndClosedTask/app","Output":"=== RUN   TestRootWorkflowPreviewRejectsWrongResourceAndClosedTask/app\n","OutputType":"frame"}
{"Time":"2026-10-07T07:39:24.793926012Z","Action":"output","Package":"github.com/Hubujiu/WeaveOS/services/bff/internal/apprecordservice","Test":"TestRootWorkflowPreviewRejectsWrongResourceAndClosedTask/app","Output":"--- PASS: TestRootWorkflowPreviewRejectsWrongResourceAndClosedTask/app (0.11s)\n","OutputType":"frame"}
{"Time":"2026-10-07T07:39:24.793963669Z","Action":"pass","Package":"github.com/Hubujiu/WeaveOS/services/bff/internal/apprecordservice","Test":"TestRootWorkflowPreviewRejectsWrongResourceAndClosedTask/app","Elapsed":0.11}
{"Time":"2026-10-07T07:39:24.793971992Z","Action":"run","Package":"github.com/Hubujiu/WeaveOS/services/bff/internal/apprecordservice","Test":"TestRootWorkflowPreviewRejectsWrongResourceAndClosedTask/view"}
{"Time":"2026-10-07T07:39:24.793974545Z","Action":"output","Package":"github.com/Hubujiu/WeaveOS/services/bff/internal/apprecordservice","Test":"TestRootWorkflowPreviewRejectsWrongResourceAndClosedTask/view","Output":"=== RUN   TestRootWorkflowPreviewRejectsWrongResourceAndClosedTask/view\n","OutputType":"frame"}
{"Time":"2026-10-07T07:39:24.888096166Z","Action":"output","Package":"github.com/Hubujiu/WeaveOS/services/bff/internal/apprecordservice","Test":"TestRootWorkflowPreviewRejectsWrongResourceAndClosedTask/view","Output":"--- PASS: TestRootWorkflowPreviewRejectsWrongResourceAndClosedTask/view (0.09s)\n","OutputType":"frame"}
{"Time":"2026-10-07T07:39:24.888138249Z","Action":"pass","Package":"github.com/Hubujiu/WeaveOS/services/bff/internal/apprecordservice","Test":"TestRootWorkflowPreviewRejectsWrongResourceAndClosedTask/view","Elapsed":0.09}
{"Time":"2026-10-07T07:39:24.888144418Z","Action":"run","Package":"github.com/Hubujiu/WeaveOS/services/bff/internal/apprecordservice","Test":"TestRootWorkflowPreviewRejectsWrongResourceAndClosedTask/record"}
{"Time":"2026-10-07T07:39:24.888146922Z","Action":"output","Package":"github.com/Hubujiu/WeaveOS/services/bff/internal/apprecordservice","Test":"TestRootWorkflowPreviewRejectsWrongResourceAndClosedTask/record","Output":"=== RUN   TestRootWorkflowPreviewRejectsWrongResourceAndClosedTask/record\n","OutputType":"frame"}
{"Time":"2026-10-07T07:39:24.971625135Z","Action":"output","Package":"github.com/Hubujiu/WeaveOS/services/bff/internal/apprecordservice","Test":"TestRootWorkflowPreviewRejectsWrongResourceAndClosedTask/record","Output":"--- PASS: TestRootWorkflowPreviewRejectsWrongResourceAndClosedTask/record (0.08s)\n","OutputType":"frame"}
{"Time":"2026-10-07T07:39:24.972077736Z","Action":"pass","Package":"github.com/Hubujiu/WeaveOS/services/bff/internal/apprecordservice","Test":"TestRootWorkflowPreviewRejectsWrongResourceAndClosedTask/record","Elapsed":0.08}
{"Time":"2026-10-07T07:39:24.972091647Z","Action":"run","Package":"github.com/Hubujiu/WeaveOS/services/bff/internal/apprecordservice","Test":"TestRootWorkflowPreviewRejectsWrongResourceAndClosedTask/instance"}
{"Time":"2026-10-07T07:39:24.972094321Z","Action":"output","Package":"github.com/Hubujiu/WeaveOS/services/bff/internal/apprecordservice","Test":"TestRootWorkflowPreviewRejectsWrongResourceAndClosedTask/instance","Output":"=== RUN   TestRootWorkflowPreviewRejectsWrongResourceAndClosedTask/instance\n","OutputType":"frame"}
{"Time":"2026-10-07T07:39:25.054349252Z","Action":"output","Package":"github.com/Hubujiu/WeaveOS/services/bff/internal/apprecordservice","Test":"TestRootWorkflowPreviewRejectsWrongResourceAndClosedTask/instance","Output":"--- PASS: TestRootWorkflowPreviewRejectsWrongResourceAndClosedTask/instance (0.08s)\n","OutputType":"frame"}
{"Time":"2026-10-07T07:39:25.054485668Z","Action":"pass","Package":"github.com/Hubujiu/WeaveOS/services/bff/internal/apprecordservice","Test":"TestRootWorkflowPreviewRejectsWrongResourceAndClosedTask/instance","Elapsed":0.08}
{"Time":"2026-10-07T07:39:25.054565147Z","Action":"run","Package":"github.com/Hubujiu/WeaveOS/services/bff/internal/apprecordservice","Test":"TestRootWorkflowPreviewRejectsWrongResourceAndClosedTask/task"}
{"Time":"2026-10-07T07:39:25.054576725Z","Action":"output","Package":"github.com/Hubujiu/WeaveOS/services/bff/internal/apprecordservice","Test":"TestRootWorkflowPreviewRejectsWrongResourceAndClosedTask/task","Output":"=== RUN   TestRootWorkflowPreviewRejectsWrongResourceAndClosedTask/task\n","OutputType":"frame"}
{"Time":"2026-10-07T07:39:25.13963514Z","Action":"output","Package":"github.com/Hubujiu/WeaveOS/services/bff/internal/apprecordservice","Test":"TestRootWorkflowPreviewRejectsWrongResourceAndClosedTask/task","Output":"--- PASS: TestRootWorkflowPreviewRejectsWrongResourceAndClosedTask/task (0.08s)\n","OutputType":"frame"}
{"Time":"2026-10-07T07:39:25.139677574Z","Action":"pass","Package":"github.com/Hubujiu/WeaveOS/services/bff/internal/apprecordservice","Test":"TestRootWorkflowPreviewRejectsWrongResourceAndClosedTask/task","Elapsed":0.08}
{"Time":"2026-10-07T07:39:25.139689822Z","Action":"run","Package":"github.com/Hubujiu/WeaveOS/services/bff/internal/apprecordservice","Test":"TestRootWorkflowPreviewRejectsWrongResourceAndClosedTask/closed"}
{"Time":"2026-10-07T07:39:25.139698785Z","Action":"output","Package":"github.com/Hubujiu/WeaveOS/services/bff/internal/apprecordservice","Test":"TestRootWorkflowPreviewRejectsWrongResourceAndClosedTask/closed","Output":"=== RUN   TestRootWorkflowPreviewRejectsWrongResourceAndClosedTask/closed\n","OutputType":"frame"}
{"Time":"2026-10-07T07:39:25.241812896Z","Action":"output","Package":"github.com/Hubujiu/WeaveOS/services/bff/internal/apprecordservice","Test":"TestRootWorkflowPreviewRejectsWrongResourceAndClosedTask/closed","Output":"--- PASS: TestRootWorkflowPreviewRejectsWrongResourceAndClosedTask/closed (0.10s)\n","OutputType":"frame"}
{"Time":"2026-10-07T07:39:25.241853296Z","Action":"pass","Package":"github.com/Hubujiu/WeaveOS/services/bff/internal/apprecordservice","Test":"TestRootWorkflowPreviewRejectsWrongResourceAndClosedTask/closed","Elapsed":0.1}
{"Time":"2026-10-07T07:39:25.241862931Z","Action":"output","Package":"github.com/Hubujiu/WeaveOS/services/bff/internal/apprecordservice","Test":"TestRootWorkflowPreviewRejectsWrongResourceAndClosedTask","Output":"--- PASS: TestRootWorkflowPreviewRejectsWrongResourceAndClosedTask (0.56s)\n","OutputType":"frame"}
{"Time":"2026-10-07T07:39:25.241866827Z","Action":"pass","Package":"github.com/Hubujiu/WeaveOS/services/bff/internal/apprecordservice","Test":"TestRootWorkflowPreviewRejectsWrongResourceAndClosedTask","Elapsed":0.56}
{"Time":"2026-10-07T07:39:25.241929401Z","Action":"run","Package":"github.com/Hubujiu/WeaveOS/services/bff/internal/apprecordservice","Test":"TestRootWorkflowPreviewRefreshTracksRelatedDisplaysButNotUnrelatedChanges"}
{"Time":"2026-10-07T07:39:25.241931544Z","Action":"output","Package":"github.com/Hubujiu/WeaveOS/services/bff/internal/apprecordservice","Test":"TestRootWorkflowPreviewRefreshTracksRelatedDisplaysButNotUnrelatedChanges","Output":"=== RUN   TestRootWorkflowPreviewRefreshTracksRelatedDisplaysButNotUnrelatedChanges\n","OutputType":"frame"}
{"Time":"2026-10-07T07:39:25.353521486Z","Action":"output","Package":"github.com/Hubujiu/WeaveOS/services/bff/internal/apprecordservice","Test":"TestRootWorkflowPreviewRefreshTracksRelatedDisplaysButNotUnrelatedChanges","Output":"--- PASS: TestRootWorkflowPreviewRefreshTracksRelatedDisplaysButNotUnrelatedChanges (0.11s)\n","OutputType":"frame"}
{"Time":"2026-10-07T07:39:25.353567865Z","Action":"pass","Package":"github.com/Hubujiu/WeaveOS/services/bff/internal/apprecordservice","Test":"TestRootWorkflowPreviewRefreshTracksRelatedDisplaysButNotUnrelatedChanges","Elapsed":0.11}
{"Time":"2026-10-07T07:39:25.353577149Z","Action":"run","Package":"github.com/Hubujiu/WeaveOS/services/bff/internal/apprecordservice","Test":"TestRootWorkflowPreviewClosedDefinitionDoesNotBlockExistingTask"}
{"Time":"2026-10-07T07:39:25.353586503Z","Action":"output","Package":"github.com/Hubujiu/WeaveOS/services/bff/internal/apprecordservice","Test":"TestRootWorkflowPreviewClosedDefinitionDoesNotBlockExistingTask","Output":"=== RUN   TestRootWorkflowPreviewClosedDefinitionDoesNotBlockExistingTask\n","OutputType":"frame"}
{"Time":"2026-10-07T07:39:25.4528936Z","Action":"output","Package":"github.com/Hubujiu/WeaveOS/services/bff/internal/apprecordservice","Test":"TestRootWorkflowPreviewClosedDefinitionDoesNotBlockExistingTask","Output":"--- PASS: TestRootWorkflowPreviewClosedDefinitionDoesNotBlockExistingTask (0.10s)\n","OutputType":"frame"}
{"Time":"2026-10-07T07:39:25.452931637Z","Action":"pass","Package":"github.com/Hubujiu/WeaveOS/services/bff/internal/apprecordservice","Test":"TestRootWorkflowPreviewClosedDefinitionDoesNotBlockExistingTask","Elapsed":0.1}
{"Time":"2026-10-07T07:39:25.4529401Z","Action":"run","Package":"github.com/Hubujiu/WeaveOS/services/bff/internal/apprecordservice","Test":"TestRootWorkflowPreviewLRUAndRedisFailureNeverMutateBusinessState"}
{"Time":"2026-10-07T07:39:25.452943175Z","Action":"output","Package":"github.com/Hubujiu/WeaveOS/services/bff/internal/apprecordservice","Test":"TestRootWorkflowPreviewLRUAndRedisFailureNeverMutateBusinessState","Output":"=== RUN   TestRootWorkflowPreviewLRUAndRedisFailureNeverMutateBusinessState\n","OutputType":"frame"}
{"Time":"2026-10-07T07:39:25.675963037Z","Action":"output","Package":"github.com/Hubujiu/WeaveOS/services/bff/internal/apprecordservice","Test":"TestRootWorkflowPreviewLRUAndRedisFailureNeverMutateBusinessState","Output":"--- PASS: TestRootWorkflowPreviewLRUAndRedisFailureNeverMutateBusinessState (0.22s)\n","OutputType":"frame"}
{"Time":"2026-10-07T07:39:25.676006953Z","Action":"pass","Package":"github.com/Hubujiu/WeaveOS/services/bff/internal/apprecordservice","Test":"TestRootWorkflowPreviewLRUAndRedisFailureNeverMutateBusinessState","Elapsed":0.22}
{"Time":"2026-10-07T07:39:25.676014434Z","Action":"run","Package":"github.com/Hubujiu/WeaveOS/services/bff/internal/apprecordservice","Test":"TestRootWorkflowPreviewRetainsVisibleRemovedOptionAndExactNumber"}
{"Time":"2026-10-07T07:39:25.67601876Z","Action":"output","Package":"github.com/Hubujiu/WeaveOS/services/bff/internal/apprecordservice","Test":"TestRootWorkflowPreviewRetainsVisibleRemovedOptionAndExactNumber","Output":"=== RUN   TestRootWorkflowPreviewRetainsVisibleRemovedOptionAndExactNumber\n","OutputType":"frame"}
{"Time":"2026-10-07T07:39:25.780368174Z","Action":"output","Package":"github.com/Hubujiu/WeaveOS/services/bff/internal/apprecordservice","Test":"TestRootWorkflowPreviewRetainsVisibleRemovedOptionAndExactNumber","Output":"--- PASS: TestRootWorkflowPreviewRetainsVisibleRemovedOptionAndExactNumber (0.10s)\n","OutputType":"frame"}
{"Time":"2026-10-07T07:39:25.780408324Z","Action":"pass","Package":"github.com/Hubujiu/WeaveOS/services/bff/internal/apprecordservice","Test":"TestRootWorkflowPreviewRetainsVisibleRemovedOptionAndExactNumber","Elapsed":0.1}
{"Time":"2026-10-07T07:39:25.780415515Z","Action":"run","Package":"github.com/Hubujiu/WeaveOS/services/bff/internal/apprecordservice","Test":"TestRootWorkflowSaveReplayUsesOnePoolConnection"}
{"Time":"2026-10-07T07:39:25.780417879Z","Action":"output","Package":"github.com/Hubujiu/WeaveOS/services/bff/internal/apprecordservice","Test":"TestRootWorkflowSaveReplayUsesOnePoolConnection","Output":"=== RUN   TestRootWorkflowSaveReplayUsesOnePoolConnection\n","OutputType":"frame"}
{"Time":"2026-10-07T07:39:25.920888621Z","Action":"output","Package":"github.com/Hubujiu/WeaveOS/services/bff/internal/apprecordservice","Test":"TestRootWorkflowSaveReplayUsesOnePoolConnection","Output":"--- PASS: TestRootWorkflowSaveReplayUsesOnePoolConnection (0.14s)\n","OutputType":"frame"}
{"Time":"2026-10-07T07:39:25.920925346Z","Action":"pass","Package":"github.com/Hubujiu/WeaveOS/services/bff/internal/apprecordservice","Test":"TestRootWorkflowSaveReplayUsesOnePoolConnection","Elapsed":0.14}
{"Time":"2026-10-07T07:39:25.92093456Z","Action":"run","Package":"github.com/Hubujiu/WeaveOS/services/bff/internal/apprecordservice","Test":"TestRootWorkflowSaveReplayStillChecksCurrentReadPermission"}
{"Time":"2026-10-07T07:39:25.920936453Z","Action":"output","Package":"github.com/Hubujiu/WeaveOS/services/bff/internal/apprecordservice","Test":"TestRootWorkflowSaveReplayStillChecksCurrentReadPermission","Output":"=== RUN   TestRootWorkflowSaveReplayStillChecksCurrentReadPermission\n","OutputType":"frame"}
{"Time":"2026-10-07T07:39:26.050344822Z","Action":"output","Package":"github.com/Hubujiu/WeaveOS/services/bff/internal/apprecordservice","Test":"TestRootWorkflowSaveReplayStillChecksCurrentReadPermission","Output":"--- PASS: TestRootWorkflowSaveReplayStillChecksCurrentReadPermission (0.13s)\n","OutputType":"frame"}
{"Time":"2026-10-07T07:39:26.05038341Z","Action":"pass","Package":"github.com/Hubujiu/WeaveOS/services/bff/internal/apprecordservice","Test":"TestRootWorkflowSaveReplayStillChecksCurrentReadPermission","Elapsed":0.13}
{"Time":"2026-10-07T07:39:26.050391983Z","Action":"run","Package":"github.com/Hubujiu/WeaveOS/services/bff/internal/apprecordservice","Test":"TestRootWorkflowSaveWritesOriginalHistoryButNeverAdvancesTask"}
{"Time":"2026-10-07T07:39:26.050394436Z","Action":"output","Package":"github.com/Hubujiu/WeaveOS/services/bff/internal/apprecordservice","Test":"TestRootWorkflowSaveWritesOriginalHistoryButNeverAdvancesTask","Output":"=== RUN   TestRootWorkflowSaveWritesOriginalHistoryButNeverAdvancesTask\n","OutputType":"frame"}
{"Time":"2026-10-07T07:39:26.175975873Z","Action":"output","Package":"github.com/Hubujiu/WeaveOS/services/bff/internal/apprecordservice","Test":"TestRootWorkflowSaveWritesOriginalHistoryButNeverAdvancesTask","Output":"--- PASS: TestRootWorkflowSaveWritesOriginalHistoryButNeverAdvancesTask (0.13s)\n","OutputType":"frame"}
{"Time":"2026-10-07T07:39:26.176019158Z","Action":"pass","Package":"github.com/Hubujiu/WeaveOS/services/bff/internal/apprecordservice","Test":"TestRootWorkflowSaveWritesOriginalHistoryButNeverAdvancesTask","Elapsed":0.13}
{"Time":"2026-10-07T07:39:26.17602688Z","Action":"run","Package":"github.com/Hubujiu/WeaveOS/services/bff/internal/apprecordservice","Test":"TestRootWorkflowSaveReadOnlyNodeCannotWrite"}
{"Time":"2026-10-07T07:39:26.176029614Z","Action":"output","Package":"github.com/Hubujiu/WeaveOS/services/bff/internal/apprecordservice","Test":"TestRootWorkflowSaveReadOnlyNodeCannotWrite","Output":"=== RUN   TestRootWorkflowSaveReadOnlyNodeCannotWrite\n","OutputType":"frame"}
{"Time":"2026-10-07T07:39:26.299059652Z","Action":"output","Package":"github.com/Hubujiu/WeaveOS/services/bff/internal/apprecordservice","Test":"TestRootWorkflowSaveReadOnlyNodeCannotWrite","Output":"--- PASS: TestRootWorkflowSaveReadOnlyNodeCannotWrite (0.12s)\n","OutputType":"frame"}
{"Time":"2026-10-07T07:39:26.299102276Z","Action":"pass","Package":"github.com/Hubujiu/WeaveOS/services/bff/internal/apprecordservice","Test":"TestRootWorkflowSaveReadOnlyNodeCannotWrite","Elapsed":0.12}
{"Time":"2026-10-07T07:39:26.299111119Z","Action":"run","Package":"github.com/Hubujiu/WeaveOS/services/bff/internal/apprecordservice","Test":"TestRootWorkflowSaveCannotEditOutsideNodeWhitelist"}
{"Time":"2026-10-07T07:39:26.299114584Z","Action":"output","Package":"github.com/Hubujiu/WeaveOS/services/bff/internal/apprecordservice","Test":"TestRootWorkflowSaveCannotEditOutsideNodeWhitelist","Output":"=== RUN   TestRootWorkflowSaveCannotEditOutsideNodeWhitelist\n","OutputType":"frame"}
{"Time":"2026-10-07T07:39:26.418297159Z","Action":"output","Package":"github.com/Hubujiu/WeaveOS/services/bff/internal/apprecordservice","Test":"TestRootWorkflowSaveCannotEditOutsideNodeWhitelist","Output":"--- PASS: TestRootWorkflowSaveCannotEditOutsideNodeWhitelist (0.12s)\n","OutputType":"frame"}
{"Time":"2026-10-07T07:39:26.418335076Z","Action":"pass","Package":"github.com/Hubujiu/WeaveOS/services/bff/internal/apprecordservice","Test":"TestRootWorkflowSaveCannotEditOutsideNodeWhitelist","Elapsed":0.12}
{"Time":"2026-10-07T07:39:26.418350589Z","Action":"run","Package":"github.com/Hubujiu/WeaveOS/services/bff/internal/apprecordservice","Test":"TestRootWorkflowSaveCurrentFieldPermissionStillRequired"}
{"Time":"2026-10-07T07:39:26.418353183Z","Action":"output","Package":"github.com/Hubujiu/WeaveOS/services/bff/internal/apprecordservice","Test":"TestRootWorkflowSaveCurrentFieldPermissionStillRequired","Output":"=== RUN   TestRootWorkflowSaveCurrentFieldPermissionStillRequired\n","OutputType":"frame"}
{"Time":"2026-10-07T07:39:26.535555218Z","Action":"output","Package":"github.com/Hubujiu/WeaveOS/services/bff/internal/apprecordservice","Test":"TestRootWorkflowSaveCurrentFieldPermissionStillRequired","Output":"--- PASS: TestRootWorkflowSaveCurrentFieldPermissionStillRequired (0.12s)\n","OutputType":"frame"}
{"Time":"2026-10-07T07:39:26.535599224Z","Action":"pass","Package":"github.com/Hubujiu/WeaveOS/services/bff/internal/apprecordservice","Test":"TestRootWorkflowSaveCurrentFieldPermissionStillRequired","Elapsed":0.12}
{"Time":"2026-10-07T07:39:26.535609019Z","Action":"run","Package":"github.com/Hubujiu/WeaveOS/services/bff/internal/apprecordservice","Test":"TestRootWorkflowSaveOtherActorCannotUseCurrentTask"}
{"Time":"2026-10-07T07:39:26.535611633Z","Action":"output","Package":"github.com/Hubujiu/WeaveOS/services/bff/internal/apprecordservice","Test":"TestRootWorkflowSaveOtherActorCannotUseCurrentTask","Output":"=== RUN   TestRootWorkflowSaveOtherActorCannotUseCurrentTask\n","OutputType":"frame"}
{"Time":"2026-10-07T07:39:26.656530244Z","Action":"output","Package":"github.com/Hubujiu/WeaveOS/services/bff/internal/apprecordservice","Test":"TestRootWorkflowSaveOtherActorCannotUseCurrentTask","Output":"--- PASS: TestRootWorkflowSaveOtherActorCannotUseCurrentTask (0.12s)\n","OutputType":"frame"}
{"Time":"2026-10-07T07:39:26.656575853Z","Action":"pass","Package":"github.com/Hubujiu/WeaveOS/services/bff/internal/apprecordservice","Test":"TestRootWorkflowSaveOtherActorCannotUseCurrentTask","Elapsed":0.12}
{"Time":"2026-10-07T07:39:26.656586609Z","Action":"run","Package":"github.com/Hubujiu/WeaveOS/services/bff/internal/apprecordservice","Test":"TestRootWorkflowSaveStaleRecordBasisRejectsWholeMutation"}
{"Time":"2026-10-07T07:39:26.656590235Z","Action":"output","Package":"github.com/Hubujiu/WeaveOS/services/bff/internal/apprecordservice","Test":"TestRootWorkflowSaveStaleRecordBasisRejectsWholeMutation","Output":"=== RUN   TestRootWorkflowSaveStaleRecordBasisRejectsWholeMutation\n","OutputType":"frame"}
{"Time":"2026-10-07T07:39:26.777467324Z","Action":"output","Package":"github.com/Hubujiu/WeaveOS/services/bff/internal/apprecordservice","Test":"TestRootWorkflowSaveStaleRecordBasisRejectsWholeMutation","Output":"--- PASS: TestRootWorkflowSaveStaleRecordBasisRejectsWholeMutation (0.12s)\n","OutputType":"frame"}
{"Time":"2026-10-07T07:39:26.77750495Z","Action":"pass","Package":"github.com/Hubujiu/WeaveOS/services/bff/internal/apprecordservice","Test":"TestRootWorkflowSaveStaleRecordBasisRejectsWholeMutation","Elapsed":0.12}
{"Time":"2026-10-07T07:39:26.777514465Z","Action":"run","Package":"github.com/Hubujiu/WeaveOS/services/bff/internal/apprecordservice","Test":"TestRootWorkflowSaveTaskSequenceChangeRequiresRefresh"}
{"Time":"2026-10-07T07:39:26.777517099Z","Action":"output","Package":"github.com/Hubujiu/WeaveOS/services/bff/internal/apprecordservice","Test":"TestRootWorkflowSaveTaskSequenceChangeRequiresRefresh","Output":"=== RUN   TestRootWorkflowSaveTaskSequenceChangeRequiresRefresh\n","OutputType":"frame"}
{"Time":"2026-10-07T07:39:26.893518747Z","Action":"output","Package":"github.com/Hubujiu/WeaveOS/services/bff/internal/apprecordservice","Test":"TestRootWorkflowSaveTaskSequenceChangeRequiresRefresh","Output":"--- PASS: TestRootWorkflowSaveTaskSequenceChangeRequiresRefresh (0.12s)\n","OutputType":"frame"}
{"Time":"2026-10-07T07:39:26.893557005Z","Action":"pass","Package":"github.com/Hubujiu/WeaveOS/services/bff/internal/apprecordservice","Test":"TestRootWorkflowSaveTaskSequenceChangeRequiresRefresh","Elapsed":0.12}
{"Time":"2026-10-07T07:39:26.893565938Z","Action":"run","Package":"github.com/Hubujiu/WeaveOS/services/bff/internal/apprecordservice","Test":"TestRootWorkflowSaveExpiredAndCrossSessionBasis"}
{"Time":"2026-10-07T07:39:26.89357368Z","Action":"output","Package":"github.com/Hubujiu/WeaveOS/services/bff/internal/apprecordservice","Test":"TestRootWorkflowSaveExpiredAndCrossSessionBasis","Output":"=== RUN   TestRootWorkflowSaveExpiredAndCrossSessionBasis\n","OutputType":"frame"}
{"Time":"2026-10-07T07:39:26.893579429Z","Action":"run","Package":"github.com/Hubujiu/WeaveOS/services/bff/internal/apprecordservice","Test":"TestRootWorkflowSaveExpiredAndCrossSessionBasis/expired"}
{"Time":"2026-10-07T07:39:26.893581412Z","Action":"output","Package":"github.com/Hubujiu/WeaveOS/services/bff/internal/apprecordservice","Test":"TestRootWorkflowSaveExpiredAndCrossSessionBasis/expired","Output":"=== RUN   TestRootWorkflowSaveExpiredAndCrossSessionBasis/expired\n","OutputType":"frame"}
{"Time":"2026-10-07T07:39:27.013174974Z","Action":"output","Package":"github.com/Hubujiu/WeaveOS/services/bff/internal/apprecordservice","Test":"TestRootWorkflowSaveExpiredAndCrossSessionBasis/expired","Output":"--- PASS: TestRootWorkflowSaveExpiredAndCrossSessionBasis/expired (0.12s)\n","OutputType":"frame"}
{"Time":"2026-10-07T07:39:27.013219111Z","Action":"pass","Package":"github.com/Hubujiu/WeaveOS/services/bff/internal/apprecordservice","Test":"TestRootWorkflowSaveExpiredAndCrossSessionBasis/expired","Elapsed":0.12}
{"Time":"2026-10-07T07:39:27.01323195Z","Action":"run","Package":"github.com/Hubujiu/WeaveOS/services/bff/internal/apprecordservice","Test":"TestRootWorkflowSaveExpiredAndCrossSessionBasis/session"}
{"Time":"2026-10-07T07:39:27.013236947Z","Action":"output","Package":"github.com/Hubujiu/WeaveOS/services/bff/internal/apprecordservice","Test":"TestRootWorkflowSaveExpiredAndCrossSessionBasis/session","Output":"=== RUN   TestRootWorkflowSaveExpiredAndCrossSessionBasis/session\n","OutputType":"frame"}
{"Time":"2026-10-07T07:39:27.123816394Z","Action":"output","Package":"github.com/Hubujiu/WeaveOS/services/bff/internal/apprecordservice","Test":"TestRootWorkflowSaveExpiredAndCrossSessionBasis/session","Output":"--- PASS: TestRootWorkflowSaveExpiredAndCrossSessionBasis/session (0.11s)\n","OutputType":"frame"}
{"Time":"2026-10-07T07:39:27.123857125Z","Action":"pass","Package":"github.com/Hubujiu/WeaveOS/services/bff/internal/apprecordservice","Test":"TestRootWorkflowSaveExpiredAndCrossSessionBasis/session","Elapsed":0.11}
{"Time":"2026-10-07T07:39:27.123865688Z","Action":"output","Package":"github.com/Hubujiu/WeaveOS/services/bff/internal/apprecordservice","Test":"TestRootWorkflowSaveExpiredAndCrossSessionBasis","Output":"--- PASS: TestRootWorkflowSaveExpiredAndCrossSessionBasis (0.23s)\n","OutputType":"frame"}
{"Time":"2026-10-07T07:39:27.123868262Z","Action":"pass","Package":"github.com/Hubujiu/WeaveOS/services/bff/internal/apprecordservice","Test":"TestRootWorkflowSaveExpiredAndCrossSessionBasis","Elapsed":0.23}
{"Time":"2026-10-07T07:39:27.123871356Z","Action":"run","Package":"github.com/Hubujiu/WeaveOS/services/bff/internal/apprecordservice","Test":"TestRootWorkflowSaveIdenticalReplayAndConflictingPayload"}
{"Time":"2026-10-07T07:39:27.123873239Z","Action":"output","Package":"github.com/Hubujiu/WeaveOS/services/bff/internal/apprecordservice","Test":"TestRootWorkflowSaveIdenticalReplayAndConflictingPayload","Output":"=== RUN   TestRootWorkflowSaveIdenticalReplayAndConflictingPayload\n","OutputType":"frame"}
{"Time":"2026-10-07T07:39:27.285281086Z","Action":"output","Package":"github.com/Hubujiu/WeaveOS/services/bff/internal/apprecordservice","Test":"TestRootWorkflowSaveIdenticalReplayAndConflictingPayload","Output":"--- PASS: TestRootWorkflowSaveIdenticalReplayAndConflictingPayload (0.16s)\n","OutputType":"frame"}
{"Time":"2026-10-07T07:39:27.285324511Z","Action":"pass","Package":"github.com/Hubujiu/WeaveOS/services/bff/internal/apprecordservice","Test":"TestRootWorkflowSaveIdenticalReplayAndConflictingPayload","Elapsed":0.16}
{"Time":"2026-10-07T07:39:27.285334406Z","Action":"run","Package":"github.com/Hubujiu/WeaveOS/services/bff/internal/apprecordservice","Test":"TestRootWorkflowSaveOldApprovalBasisCannotApproveNewValue"}
{"Time":"2026-10-07T07:39:27.285342418Z","Action":"output","Package":"github.com/Hubujiu/WeaveOS/services/bff/internal/apprecordservice","Test":"TestRootWorkflowSaveOldApprovalBasisCannotApproveNewValue","Output":"=== RUN   TestRootWorkflowSaveOldApprovalBasisCannotApproveNewValue\n","OutputType":"frame"}
{"Time":"2026-10-07T07:39:27.48335393Z","Action":"output","Package":"github.com/Hubujiu/WeaveOS/services/bff/internal/apprecordservice","Test":"TestRootWorkflowSaveOldApprovalBasisCannotApproveNewValue","Output":"--- PASS: TestRootWorkflowSaveOldApprovalBasisCannotApproveNewValue (0.20s)\n","OutputType":"frame"}
{"Time":"2026-10-07T07:39:27.483391246Z","Action":"pass","Package":"github.com/Hubujiu/WeaveOS/services/bff/internal/apprecordservice","Test":"TestRootWorkflowSaveOldApprovalBasisCannotApproveNewValue","Elapsed":0.2}
{"Time":"2026-10-07T07:39:27.483401421Z","Action":"run","Package":"github.com/Hubujiu/WeaveOS/services/bff/internal/apprecordservice","Test":"TestRootWorkflowSavePendingCommandFenceRejectsSave"}
{"Time":"2026-10-07T07:39:27.483403845Z","Action":"output","Package":"github.com/Hubujiu/WeaveOS/services/bff/internal/apprecordservice","Test":"TestRootWorkflowSavePendingCommandFenceRejectsSave","Output":"=== RUN   TestRootWorkflowSavePendingCommandFenceRejectsSave\n","OutputType":"frame"}
{"Time":"2026-10-07T07:39:27.657922112Z","Action":"output","Package":"github.com/Hubujiu/WeaveOS/services/bff/internal/apprecordservice","Test":"TestRootWorkflowSavePendingCommandFenceRejectsSave","Output":"--- PASS: TestRootWorkflowSavePendingCommandFenceRejectsSave (0.17s)\n","OutputType":"frame"}
{"Time":"2026-10-07T07:39:27.657982843Z","Action":"pass","Package":"github.com/Hubujiu/WeaveOS/services/bff/internal/apprecordservice","Test":"TestRootWorkflowSavePendingCommandFenceRejectsSave","Elapsed":0.17}
{"Time":"2026-10-07T07:39:27.657993259Z","Action":"run","Package":"github.com/Hubujiu/WeaveOS/services/bff/internal/apprecordservice","Test":"TestRootWorkflowSaveConcurrentWritersHaveOneActualVersion"}
{"Time":"2026-10-07T07:39:27.657995903Z","Action":"output","Package":"github.com/Hubujiu/WeaveOS/services/bff/internal/apprecordservice","Test":"TestRootWorkflowSaveConcurrentWritersHaveOneActualVersion","Output":"=== RUN   TestRootWorkflowSaveConcurrentWritersHaveOneActualVersion\n","OutputType":"frame"}
{"Time":"2026-10-07T07:39:27.830633565Z","Action":"output","Package":"github.com/Hubujiu/WeaveOS/services/bff/internal/apprecordservice","Test":"TestRootWorkflowSaveConcurrentWritersHaveOneActualVersion","Output":"--- PASS: TestRootWorkflowSaveConcurrentWritersHaveOneActualVersion (0.17s)\n","OutputType":"frame"}
{"Time":"2026-10-07T07:39:27.830671622Z","Action":"pass","Package":"github.com/Hubujiu/WeaveOS/services/bff/internal/apprecordservice","Test":"TestRootWorkflowSaveConcurrentWritersHaveOneActualVersion","Elapsed":0.17}
{"Time":"2026-10-07T07:39:27.830679073Z","Action":"run","Package":"github.com/Hubujiu/WeaveOS/services/bff/internal/apprecordservice","Test":"TestRootWorkflowSaveActualCommitRollbackIsAtomic"}
{"Time":"2026-10-07T07:39:27.830681767Z","Action":"output","Package":"github.com/Hubujiu/WeaveOS/services/bff/internal/apprecordservice","Test":"TestRootWorkflowSaveActualCommitRollbackIsAtomic","Output":"=== RUN   TestRootWorkflowSaveActualCommitRollbackIsAtomic\n","OutputType":"frame"}
{"Time":"2026-10-07T07:39:27.981931868Z","Action":"output","Package":"github.com/Hubujiu/WeaveOS/services/bff/internal/apprecordservice","Test":"TestRootWorkflowSaveActualCommitRollbackIsAtomic","Output":"--- PASS: TestRootWorkflowSaveActualCommitRollbackIsAtomic (0.15s)\n","OutputType":"frame"}
{"Time":"2026-10-07T07:39:27.981969054Z","Action":"pass","Package":"github.com/Hubujiu/WeaveOS/services/bff/internal/apprecordservice","Test":"TestRootWorkflowSaveActualCommitRollbackIsAtomic","Elapsed":0.15}
{"Time":"2026-10-07T07:39:27.981978508Z","Action":"run","Package":"github.com/Hubujiu/WeaveOS/services/bff/internal/apprecordservice","Test":"TestRootWorkflowSaveLostCommitReplyReplaysOneRealSave"}
{"Time":"2026-10-07T07:39:27.981980601Z","Action":"output","Package":"github.com/Hubujiu/WeaveOS/services/bff/internal/apprecordservice","Test":"TestRootWorkflowSaveLostCommitReplyReplaysOneRealSave","Output":"=== RUN   TestRootWorkflowSaveLostCommitReplyReplaysOneRealSave\n","OutputType":"frame"}
{"Time":"2026-10-07T07:39:28.138072199Z","Action":"output","Package":"github.com/Hubujiu/WeaveOS/services/bff/internal/apprecordservice","Test":"TestRootWorkflowSaveLostCommitReplyReplaysOneRealSave","Output":"--- PASS: TestRootWorkflowSaveLostCommitReplyReplaysOneRealSave (0.16s)\n","OutputType":"frame"}
{"Time":"2026-10-07T07:39:28.138111328Z","Action":"pass","Package":"github.com/Hubujiu/WeaveOS/services/bff/internal/apprecordservice","Test":"TestRootWorkflowSaveLostCommitReplyReplaysOneRealSave","Elapsed":0.16}
{"Time":"2026-10-07T07:39:28.138119601Z","Action":"run","Package":"github.com/Hubujiu/WeaveOS/services/bff/internal/apprecordservice","Test":"TestRootWorkflowSaveHistoryFailureRollsBackTypedRowAndOperation"}
{"Time":"2026-10-07T07:39:28.138122425Z","Action":"output","Package":"github.com/Hubujiu/WeaveOS/services/bff/internal/apprecordservice","Test":"TestRootWorkflowSaveHistoryFailureRollsBackTypedRowAndOperation","Output":"=== RUN   TestRootWorkflowSaveHistoryFailureRollsBackTypedRowAndOperation\n","OutputType":"frame"}
{"Time":"2026-10-07T07:39:28.269978351Z","Action":"output","Package":"github.com/Hubujiu/WeaveOS/services/bff/internal/apprecordservice","Test":"TestRootWorkflowSaveHistoryFailureRollsBackTypedRowAndOperation","Output":"--- PASS: TestRootWorkflowSaveHistoryFailureRollsBackTypedRowAndOperation (0.13s)\n","OutputType":"frame"}
{"Time":"2026-10-07T07:39:28.270022257Z","Action":"pass","Package":"github.com/Hubujiu/WeaveOS/services/bff/internal/apprecordservice","Test":"TestRootWorkflowSaveHistoryFailureRollsBackTypedRowAndOperation","Elapsed":0.13}
{"Time":"2026-10-07T07:39:28.270032363Z","Action":"run","Package":"github.com/Hubujiu/WeaveOS/services/bff/internal/apprecordservice","Test":"TestRootWorkflowSavePreviewExposesOnlyEditableVisibleIntersection"}
{"Time":"2026-10-07T07:39:28.270035157Z","Action":"output","Package":"github.com/Hubujiu/WeaveOS/services/bff/internal/apprecordservice","Test":"TestRootWorkflowSavePreviewExposesOnlyEditableVisibleIntersection","Output":"=== RUN   TestRootWorkflowSavePreviewExposesOnlyEditableVisibleIntersection\n","OutputType":"frame"}
{"Time":"2026-10-07T07:39:28.362500961Z","Action":"output","Package":"github.com/Hubujiu/WeaveOS/services/bff/internal/apprecordservice","Test":"TestRootWorkflowSavePreviewExposesOnlyEditableVisibleIntersection","Output":"--- PASS: TestRootWorkflowSavePreviewExposesOnlyEditableVisibleIntersection (0.09s)\n","OutputType":"frame"}
{"Time":"2026-10-07T07:39:28.362539609Z","Action":"pass","Package":"github.com/Hubujiu/WeaveOS/services/bff/internal/apprecordservice","Test":"TestRootWorkflowSavePreviewExposesOnlyEditableVisibleIntersection","Elapsed":0.09}
{"Time":"2026-10-07T07:39:28.36255334Z","Action":"run","Package":"github.com/Hubujiu/WeaveOS/services/bff/internal/apprecordservice","Test":"TestRootWorkflowSaveDefinitionRevisionDoesNotChangeInflightWhitelist"}
{"Time":"2026-10-07T07:39:28.362556014Z","Action":"output","Package":"github.com/Hubujiu/WeaveOS/services/bff/internal/apprecordservice","Test":"TestRootWorkflowSaveDefinitionRevisionDoesNotChangeInflightWhitelist","Output":"=== RUN   TestRootWorkflowSaveDefinitionRevisionDoesNotChangeInflightWhitelist\n","OutputType":"frame"}
{"Time":"2026-10-07T07:39:28.498405328Z","Action":"output","Package":"github.com/Hubujiu/WeaveOS/services/bff/internal/apprecordservice","Test":"TestRootWorkflowSaveDefinitionRevisionDoesNotChangeInflightWhitelist","Output":"--- PASS: TestRootWorkflowSaveDefinitionRevisionDoesNotChangeInflightWhitelist (0.14s)\n","OutputType":"frame"}
{"Time":"2026-10-07T07:39:28.498447522Z","Action":"pass","Package":"github.com/Hubujiu/WeaveOS/services/bff/internal/apprecordservice","Test":"TestRootWorkflowSaveDefinitionRevisionDoesNotChangeInflightWhitelist","Elapsed":0.14}
{"Time":"2026-10-07T07:39:28.498458318Z","Action":"run","Package":"github.com/Hubujiu/WeaveOS/services/bff/internal/apprecordservice","Test":"TestRootWorkflowSaveDoesNotDependOnEngineReadiness"}
{"Time":"2026-10-07T07:39:28.498462074Z","Action":"output","Package":"github.com/Hubujiu/WeaveOS/services/bff/internal/apprecordservice","Test":"TestRootWorkflowSaveDoesNotDependOnEngineReadiness","Output":"=== RUN   TestRootWorkflowSaveDoesNotDependOnEngineReadiness\n","OutputType":"frame"}
{"Time":"2026-10-07T07:39:28.623850269Z","Action":"output","Package":"github.com/Hubujiu/WeaveOS/services/bff/internal/apprecordservice","Test":"TestRootWorkflowSaveDoesNotDependOnEngineReadiness","Output":"--- PASS: TestRootWorkflowSaveDoesNotDependOnEngineReadiness (0.12s)\n","OutputType":"frame"}
{"Time":"2026-10-07T07:39:28.623902047Z","Action":"pass","Package":"github.com/Hubujiu/WeaveOS/services/bff/internal/apprecordservice","Test":"TestRootWorkflowSaveDoesNotDependOnEngineReadiness","Elapsed":0.12}
{"Time":"2026-10-07T07:39:28.623909388Z","Action":"run","Package":"github.com/Hubujiu/WeaveOS/services/bff/internal/apprecordservice","Test":"TestRootWorkflowSaveOtherFlowKeepsIndependentTaskAndSeesLatestRecord"}
{"Time":"2026-10-07T07:39:28.623912223Z","Action":"output","Package":"github.com/Hubujiu/WeaveOS/services/bff/internal/apprecordservice","Test":"TestRootWorkflowSaveOtherFlowKeepsIndependentTaskAndSeesLatestRecord","Output":"=== RUN   TestRootWorkflowSaveOtherFlowKeepsIndependentTaskAndSeesLatestRecord\n","OutputType":"frame"}
{"Time":"2026-10-07T07:39:28.795220904Z","Action":"output","Package":"github.com/Hubujiu/WeaveOS/services/bff/internal/apprecordservice","Test":"TestRootWorkflowSaveOtherFlowKeepsIndependentTaskAndSeesLatestRecord","Output":"--- PASS: TestRootWorkflowSaveOtherFlowKeepsIndependentTaskAndSeesLatestRecord (0.17s)\n","OutputType":"frame"}
{"Time":"2026-10-07T07:39:28.795260554Z","Action":"pass","Package":"github.com/Hubujiu/WeaveOS/services/bff/internal/apprecordservice","Test":"TestRootWorkflowSaveOtherFlowKeepsIndependentTaskAndSeesLatestRecord","Elapsed":0.17}
{"Time":"2026-10-07T07:39:28.795275266Z","Action":"run","Package":"github.com/Hubujiu/WeaveOS/services/bff/internal/apprecordservice","Test":"TestRootWorkflowSaveRacingApprovalCannotAdvanceUnseenValue"}
{"Time":"2026-10-07T07:39:28.795278151Z","Action":"output","Package":"github.com/Hubujiu/WeaveOS/services/bff/internal/apprecordservice","Test":"TestRootWorkflowSaveRacingApprovalCannotAdvanceUnseenValue","Output":"=== RUN   TestRootWorkflowSaveRacingApprovalCannotAdvanceUnseenValue\n","OutputType":"frame"}
{"Time":"2026-10-07T07:39:28.941461642Z","Action":"output","Package":"github.com/Hubujiu/WeaveOS/services/bff/internal/apprecordservice","Test":"TestRootWorkflowSaveRacingApprovalCannotAdvanceUnseenValue","Output":"--- PASS: TestRootWorkflowSaveRacingApprovalCannotAdvanceUnseenValue (0.15s)\n","OutputType":"frame"}
{"Time":"2026-10-07T07:39:28.941502614Z","Action":"pass","Package":"github.com/Hubujiu/WeaveOS/services/bff/internal/apprecordservice","Test":"TestRootWorkflowSaveRacingApprovalCannotAdvanceUnseenValue","Elapsed":0.15}
{"Time":"2026-10-07T07:39:28.941510186Z","Action":"run","Package":"github.com/Hubujiu/WeaveOS/services/bff/internal/apprecordservice","Test":"TestRestrictedRecordCreateReplaysMinimumAndUsesControlledDML"}
{"Time":"2026-10-07T07:39:28.9415134Z","Action":"output","Package":"github.com/Hubujiu/WeaveOS/services/bff/internal/apprecordservice","Test":"TestRestrictedRecordCreateReplaysMinimumAndUsesControlledDML","Output":"=== RUN   TestRestrictedRecordCreateReplaysMinimumAndUsesControlledDML\n","OutputType":"frame"}
{"Time":"2026-10-07T07:39:29.004750699Z","Action":"output","Package":"github.com/Hubujiu/WeaveOS/services/bff/internal/apprecordservice","Test":"TestRestrictedRecordCreateReplaysMinimumAndUsesControlledDML","Output":"--- PASS: TestRestrictedRecordCreateReplaysMinimumAndUsesControlledDML (0.06s)\n","OutputType":"frame"}
{"Time":"2026-10-07T07:39:29.004814585Z","Action":"pass","Package":"github.com/Hubujiu/WeaveOS/services/bff/internal/apprecordservice","Test":"TestRestrictedRecordCreateReplaysMinimumAndUsesControlledDML","Elapsed":0.06}
{"Time":"2026-10-07T07:39:29.004826693Z","Action":"run","Package":"github.com/Hubujiu/WeaveOS/services/bff/internal/apprecordservice","Test":"TestRestrictedCreateNotReadyAfterLiveAuthorization"}
{"Time":"2026-10-07T07:39:29.004829767Z","Action":"output","Package":"github.com/Hubujiu/WeaveOS/services/bff/internal/apprecordservice","Test":"TestRestrictedCreateNotReadyAfterLiveAuthorization","Output":"=== RUN   TestRestrictedCreateNotReadyAfterLiveAuthorization\n","OutputType":"frame"}
{"Time":"2026-10-07T07:39:29.004832732Z","Action":"run","Package":"github.com/Hubujiu/WeaveOS/services/bff/internal/apprecordservice","Test":"TestRestrictedCreateNotReadyAfterLiveAuthorization/authorized"}
{"Time":"2026-10-07T07:39:29.004834885Z","Action":"output","Package":"github.com/Hubujiu/WeaveOS/services/bff/internal/apprecordservice","Test":"TestRestrictedCreateNotReadyAfterLiveAuthorization/authorized","Output":"=== RUN   TestRestrictedCreateNotReadyAfterLiveAuthorization/authorized\n","OutputType":"frame"}
{"Time":"2026-10-07T07:39:29.059071926Z","Action":"output","Package":"github.com/Hubujiu/WeaveOS/services/bff/internal/apprecordservice","Test":"TestRestrictedCreateNotReadyAfterLiveAuthorization/authorized","Output":"--- PASS: TestRestrictedCreateNotReadyAfterLiveAuthorization/authorized (0.05s)\n","OutputType":"frame"}
{"Time":"2026-10-07T07:39:29.059116623Z","Action":"pass","Package":"github.com/Hubujiu/WeaveOS/services/bff/internal/apprecordservice","Test":"TestRestrictedCreateNotReadyAfterLiveAuthorization/authorized","Elapsed":0.05}
{"Time":"2026-10-07T07:39:29.059125076Z","Action":"run","Package":"github.com/Hubujiu/WeaveOS/services/bff/internal/apprecordservice","Test":"TestRestrictedCreateNotReadyAfterLiveAuthorization/unauthorized"}
{"Time":"2026-10-07T07:39:29.059127319Z","Action":"output","Package":"github.com/Hubujiu/WeaveOS/services/bff/internal/apprecordservice","Test":"TestRestrictedCreateNotReadyAfterLiveAuthorization/unauthorized","Output":"=== RUN   TestRestrictedCreateNotReadyAfterLiveAuthorization/unauthorized\n","OutputType":"frame"}
{"Time":"2026-10-07T07:39:29.108399163Z","Action":"output","Package":"github.com/Hubujiu/WeaveOS/services/bff/internal/apprecordservice","Test":"TestRestrictedCreateNotReadyAfterLiveAuthorization/unauthorized","Output":"--- PASS: TestRestrictedCreateNotReadyAfterLiveAuthorization/unauthorized (0.05s)\n","OutputType":"frame"}
{"Time":"2026-10-07T07:39:29.108436099Z","Action":"pass","Package":"github.com/Hubujiu/WeaveOS/services/bff/internal/apprecordservice","Test":"TestRestrictedCreateNotReadyAfterLiveAuthorization/unauthorized","Elapsed":0.05}
{"Time":"2026-10-07T07:39:29.108442959Z","Action":"output","Package":"github.com/Hubujiu/WeaveOS/services/bff/internal/apprecordservice","Test":"TestRestrictedCreateNotReadyAfterLiveAuthorization","Output":"--- PASS: TestRestrictedCreateNotReadyAfterLiveAuthorization (0.10s)\n","OutputType":"frame"}
{"Time":"2026-10-07T07:39:29.108445833Z","Action":"pass","Package":"github.com/Hubujiu/WeaveOS/services/bff/internal/apprecordservice","Test":"TestRestrictedCreateNotReadyAfterLiveAuthorization","Elapsed":0.1}
{"Time":"2026-10-07T07:39:29.108447987Z","Action":"run","Package":"github.com/Hubujiu/WeaveOS/services/bff/internal/apprecordservice","Test":"TestRestrictedReadAndEditNotReadyAfterLiveAuthorization"}
{"Time":"2026-10-07T07:39:29.108450591Z","Action":"output","Package":"github.com/Hubujiu/WeaveOS/services/bff/internal/apprecordservice","Test":"TestRestrictedReadAndEditNotReadyAfterLiveAuthorization","Output":"=== RUN   TestRestrictedReadAndEditNotReadyAfterLiveAuthorization\n","OutputType":"frame"}
{"Time":"2026-10-07T07:39:29.166380738Z","Action":"output","Package":"github.com/Hubujiu/WeaveOS/services/bff/internal/apprecordservice","Test":"TestRestrictedReadAndEditNotReadyAfterLiveAuthorization","Output":"--- PASS: TestRestrictedReadAndEditNotReadyAfterLiveAuthorization (0.06s)\n","OutputType":"frame"}
{"Time":"2026-10-07T07:39:29.166454299Z","Action":"pass","Package":"github.com/Hubujiu/WeaveOS/services/bff/internal/apprecordservice","Test":"TestRestrictedReadAndEditNotReadyAfterLiveAuthorization","Elapsed":0.06}
{"Time":"2026-10-07T07:39:29.166497514Z","Action":"run","Package":"github.com/Hubujiu/WeaveOS/services/bff/internal/apprecordservice","Test":"TestRestrictedEmptyEditRequiresActionAndActualRowScope"}
{"Time":"2026-10-07T07:39:29.166500628Z","Action":"output","Package":"github.com/Hubujiu/WeaveOS/services/bff/internal/apprecordservice","Test":"TestRestrictedEmptyEditRequiresActionAndActualRowScope","Output":"=== RUN   TestRestrictedEmptyEditRequiresActionAndActualRowScope\n","OutputType":"frame"}
{"Time":"2026-10-07T07:39:29.166542942Z","Action":"run","Package":"github.com/Hubujiu/WeaveOS/services/bff/internal/apprecordservice","Test":"TestRestrictedEmptyEditRequiresActionAndActualRowScope/menu_only_not_ready"}
{"Time":"2026-10-07T07:39:29.166545255Z","Action":"output","Package":"github.com/Hubujiu/WeaveOS/services/bff/internal/apprecordservice","Test":"TestRestrictedEmptyEditRequiresActionAndActualRowScope/menu_only_not_ready","Output":"=== RUN   TestRestrictedEmptyEditRequiresActionAndActualRowScope/menu_only_not_ready\n","OutputType":"frame"}
{"Time":"2026-10-07T07:39:29.224974824Z","Action":"output","Package":"github.com/Hubujiu/WeaveOS/services/bff/internal/apprecordservice","Test":"TestRestrictedEmptyEditRequiresActionAndActualRowScope/menu_only_not_ready","Output":"--- PASS: TestRestrictedEmptyEditRequiresActionAndActualRowScope/menu_only_not_ready (0.06s)\n","OutputType":"frame"}
{"Time":"2026-10-07T07:39:29.225135316Z","Action":"pass","Package":"github.com/Hubujiu/WeaveOS/services/bff/internal/apprecordservice","Test":"TestRestrictedEmptyEditRequiresActionAndActualRowScope/menu_only_not_ready","Elapsed":0.06}
{"Time":"2026-10-07T07:39:29.225145501Z","Action":"run","Package":"github.com/Hubujiu/WeaveOS/services/bff/internal/apprecordservice","Test":"TestRestrictedEmptyEditRequiresActionAndActualRowScope/own_scope_other_row"}
{"Time":"2026-10-07T07:39:29.225148365Z","Action":"output","Package":"github.com/Hubujiu/WeaveOS/services/bff/internal/apprecordservice","Test":"TestRestrictedEmptyEditRequiresActionAndActualRowScope/own_scope_other_row","Output":"=== RUN   TestRestrictedEmptyEditRequiresActionAndActualRowScope/own_scope_other_row\n","OutputType":"frame"}
{"Time":"2026-10-07T07:39:29.289153414Z","Action":"output","Package":"github.com/Hubujiu/WeaveOS/services/bff/internal/apprecordservice","Test":"TestRestrictedEmptyEditRequiresActionAndActualRowScope/own_scope_other_row","Output":"--- PASS: TestRestrictedEmptyEditRequiresActionAndActualRowScope/own_scope_other_row (0.06s)\n","OutputType":"frame"}
{"Time":"2026-10-07T07:39:29.289190369Z","Action":"pass","Package":"github.com/Hubujiu/WeaveOS/services/bff/internal/apprecordservice","Test":"TestRestrictedEmptyEditRequiresActionAndActualRowScope/own_scope_other_row","Elapsed":0.06}
{"Time":"2026-10-07T07:39:29.289200214Z","Action":"output","Package":"github.com/Hubujiu/WeaveOS/services/bff/internal/apprecordservice","Test":"TestRestrictedEmptyEditRequiresActionAndActualRowScope","Output":"--- PASS: TestRestrictedEmptyEditRequiresActionAndActualRowScope (0.12s)\n","OutputType":"frame"}
{"Time":"2026-10-07T07:39:29.289202678Z","Action":"pass","Package":"github.com/Hubujiu/WeaveOS/services/bff/internal/apprecordservice","Test":"TestRestrictedEmptyEditRequiresActionAndActualRowScope","Elapsed":0.12}
{"Time":"2026-10-07T07:39:29.289207795Z","Action":"run","Package":"github.com/Hubujiu/WeaveOS/services/bff/internal/apprecordservice","Test":"TestRestrictedEditCASAndPendingFence"}
{"Time":"2026-10-07T07:39:29.289209999Z","Action":"output","Package":"github.com/Hubujiu/WeaveOS/services/bff/internal/apprecordservice","Test":"TestRestrictedEditCASAndPendingFence","Output":"=== RUN   TestRestrictedEditCASAndPendingFence\n","OutputType":"frame"}
{"Time":"2026-10-07T07:39:29.38503056Z","Action":"output","Package":"github.com/Hubujiu/WeaveOS/services/bff/internal/apprecordservice","Test":"TestRestrictedEditCASAndPendingFence","Output":"--- PASS: TestRestrictedEditCASAndPendingFence (0.09s)\n","OutputType":"frame"}
{"Time":"2026-10-07T07:39:29.385077851Z","Action":"pass","Package":"github.com/Hubujiu/WeaveOS/services/bff/internal/apprecordservice","Test":"TestRestrictedEditCASAndPendingFence","Elapsed":0.09}
{"Time":"2026-10-07T07:39:29.385085613Z","Action":"run","Package":"github.com/Hubujiu/WeaveOS/services/bff/internal/apprecordservice","Test":"TestRestrictedConcurrentEditsCommitOneVersionAndAudit"}
{"Time":"2026-10-07T07:39:29.385088357Z","Action":"output","Package":"github.com/Hubujiu/WeaveOS/services/bff/internal/apprecordservice","Test":"TestRestrictedConcurrentEditsCommitOneVersionAndAudit","Output":"=== RUN   TestRestrictedConcurrentEditsCommitOneVersionAndAudit\n","OutputType":"frame"}
{"Time":"2026-10-07T07:39:29.458902104Z","Action":"output","Package":"github.com/Hubujiu/WeaveOS/services/bff/internal/apprecordservice","Test":"TestRestrictedConcurrentEditsCommitOneVersionAndAudit","Output":"--- PASS: TestRestrictedConcurrentEditsCommitOneVersionAndAudit (0.07s)\n","OutputType":"frame"}
{"Time":"2026-10-07T07:39:29.458940211Z","Action":"pass","Package":"github.com/Hubujiu/WeaveOS/services/bff/internal/apprecordservice","Test":"TestRestrictedConcurrentEditsCommitOneVersionAndAudit","Elapsed":0.07}
{"Time":"2026-10-07T07:39:29.458954283Z","Action":"run","Package":"github.com/Hubujiu/WeaveOS/services/bff/internal/apprecordservice","Test":"TestRestrictedReferenceWriteRequiresActiveAuthoritativeSource"}
{"Time":"2026-10-07T07:39:29.458957467Z","Action":"output","Package":"github.com/Hubujiu/WeaveOS/services/bff/internal/apprecordservice","Test":"TestRestrictedReferenceWriteRequiresActiveAuthoritativeSource","Output":"=== RUN   TestRestrictedReferenceWriteRequiresActiveAuthoritativeSource\n","OutputType":"frame"}
{"Time":"2026-10-07T07:39:29.528817205Z","Action":"output","Package":"github.com/Hubujiu/WeaveOS/services/bff/internal/apprecordservice","Test":"TestRestrictedReferenceWriteRequiresActiveAuthoritativeSource","Output":"--- PASS: TestRestrictedReferenceWriteRequiresActiveAuthoritativeSource (0.07s)\n","OutputType":"frame"}
{"Time":"2026-10-07T07:39:29.528894672Z","Action":"pass","Package":"github.com/Hubujiu/WeaveOS/services/bff/internal/apprecordservice","Test":"TestRestrictedReferenceWriteRequiresActiveAuthoritativeSource","Elapsed":0.07}
{"Time":"2026-10-07T07:39:29.528932008Z","Action":"run","Package":"github.com/Hubujiu/WeaveOS/services/bff/internal/apprecordservice","Test":"TestRestrictedOmittedReferenceDefaultMustStillBeActive"}
{"Time":"2026-10-07T07:39:29.528935193Z","Action":"output","Package":"github.com/Hubujiu/WeaveOS/services/bff/internal/apprecordservice","Test":"TestRestrictedOmittedReferenceDefaultMustStillBeActive","Output":"=== RUN   TestRestrictedOmittedReferenceDefaultMustStillBeActive\n","OutputType":"frame"}
{"Time":"2026-10-07T07:39:29.613722933Z","Action":"output","Package":"github.com/Hubujiu/WeaveOS/services/bff/internal/apprecordservice","Test":"TestRestrictedOmittedReferenceDefaultMustStillBeActive","Output":"--- PASS: TestRestrictedOmittedReferenceDefaultMustStillBeActive (0.08s)\n","OutputType":"frame"}
{"Time":"2026-10-07T07:39:29.613760029Z","Action":"pass","Package":"github.com/Hubujiu/WeaveOS/services/bff/internal/apprecordservice","Test":"TestRestrictedOmittedReferenceDefaultMustStillBeActive","Elapsed":0.08}
{"Time":"2026-10-07T07:39:29.613770034Z","Action":"run","Package":"github.com/Hubujiu/WeaveOS/services/bff/internal/apprecordservice","Test":"TestRestrictedDefaultReferenceSerializesWithSourceDisable"}
{"Time":"2026-10-07T07:39:29.613772788Z","Action":"output","Package":"github.com/Hubujiu/WeaveOS/services/bff/internal/apprecordservice","Test":"TestRestrictedDefaultReferenceSerializesWithSourceDisable","Output":"=== RUN   TestRestrictedDefaultReferenceSerializesWithSourceDisable\n","OutputType":"frame"}
{"Time":"2026-10-07T07:39:29.667834244Z","Action":"output","Package":"github.com/Hubujiu/WeaveOS/services/bff/internal/apprecordservice","Test":"TestRestrictedDefaultReferenceSerializesWithSourceDisable","Output":"--- PASS: TestRestrictedDefaultReferenceSerializesWithSourceDisable (0.05s)\n","OutputType":"frame"}
{"Time":"2026-10-07T07:39:29.667871009Z","Action":"pass","Package":"github.com/Hubujiu/WeaveOS/services/bff/internal/apprecordservice","Test":"TestRestrictedDefaultReferenceSerializesWithSourceDisable","Elapsed":0.05}
{"Time":"2026-10-07T07:39:29.667879272Z","Action":"run","Package":"github.com/Hubujiu/WeaveOS/services/bff/internal/apprecordservice","Test":"TestRestrictedDraftCreateIsExplicitAndDoesNotMutateRecord"}
{"Time":"2026-10-07T07:39:29.667881755Z","Action":"output","Package":"github.com/Hubujiu/WeaveOS/services/bff/internal/apprecordservice","Test":"TestRestrictedDraftCreateIsExplicitAndDoesNotMutateRecord","Output":"=== RUN   TestRestrictedDraftCreateIsExplicitAndDoesNotMutateRecord\n","OutputType":"frame"}
{"Time":"2026-10-07T07:39:29.723054459Z","Action":"output","Package":"github.com/Hubujiu/WeaveOS/services/bff/internal/apprecordservice","Test":"TestRestrictedDraftCreateIsExplicitAndDoesNotMutateRecord","Output":"--- PASS: TestRestrictedDraftCreateIsExplicitAndDoesNotMutateRecord (0.05s)\n","OutputType":"frame"}
{"Time":"2026-10-07T07:39:29.723126928Z","Action":"pass","Package":"github.com/Hubujiu/WeaveOS/services/bff/internal/apprecordservice","Test":"TestRestrictedDraftCreateIsExplicitAndDoesNotMutateRecord","Elapsed":0.05}
{"Time":"2026-10-07T07:39:29.723159657Z","Action":"run","Package":"github.com/Hubujiu/WeaveOS/services/bff/internal/apprecordservice","Test":"TestRestrictedDraftSubmitConsumesWithRecordAndOperation"}
{"Time":"2026-10-07T07:39:29.723164054Z","Action":"output","Package":"github.com/Hubujiu/WeaveOS/services/bff/internal/apprecordservice","Test":"TestRestrictedDraftSubmitConsumesWithRecordAndOperation","Output":"=== RUN   TestRestrictedDraftSubmitConsumesWithRecordAndOperation\n","OutputType":"frame"}
{"Time":"2026-10-07T07:39:29.792884662Z","Action":"output","Package":"github.com/Hubujiu/WeaveOS/services/bff/internal/apprecordservice","Test":"TestRestrictedDraftSubmitConsumesWithRecordAndOperation","Output":"--- PASS: TestRestrictedDraftSubmitConsumesWithRecordAndOperation (0.07s)\n","OutputType":"frame"}
{"Time":"2026-10-07T07:39:29.792922419Z","Action":"pass","Package":"github.com/Hubujiu/WeaveOS/services/bff/internal/apprecordservice","Test":"TestRestrictedDraftSubmitConsumesWithRecordAndOperation","Elapsed":0.07}
{"Time":"2026-10-07T07:39:29.792932734Z","Action":"run","Package":"github.com/Hubujiu/WeaveOS/services/bff/internal/apprecordservice","Test":"TestRestrictedDraftPatchNoopAndDiscardLedger"}
{"Time":"2026-10-07T07:39:29.792935108Z","Action":"output","Package":"github.com/Hubujiu/WeaveOS/services/bff/internal/apprecordservice","Test":"TestRestrictedDraftPatchNoopAndDiscardLedger","Output":"=== RUN   TestRestrictedDraftPatchNoopAndDiscardLedger\n","OutputType":"frame"}
{"Time":"2026-10-07T07:39:29.875273983Z","Action":"output","Package":"github.com/Hubujiu/WeaveOS/services/bff/internal/apprecordservice","Test":"TestRestrictedDraftPatchNoopAndDiscardLedger","Output":"--- PASS: TestRestrictedDraftPatchNoopAndDiscardLedger (0.08s)\n","OutputType":"frame"}
{"Time":"2026-10-07T07:39:29.875316747Z","Action":"pass","Package":"github.com/Hubujiu/WeaveOS/services/bff/internal/apprecordservice","Test":"TestRestrictedDraftPatchNoopAndDiscardLedger","Elapsed":0.08}
{"Time":"2026-10-07T07:39:29.87532552Z","Action":"run","Package":"github.com/Hubujiu/WeaveOS/services/bff/internal/apprecordservice","Test":"TestRestrictedDraftExplicitRemovalAfterSchemaAndBaseConflict"}
{"Time":"2026-10-07T07:39:29.875335005Z","Action":"output","Package":"github.com/Hubujiu/WeaveOS/services/bff/internal/apprecordservice","Test":"TestRestrictedDraftExplicitRemovalAfterSchemaAndBaseConflict","Output":"=== RUN   TestRestrictedDraftExplicitRemovalAfterSchemaAndBaseConflict\n","OutputType":"frame"}
{"Time":"2026-10-07T07:39:29.956988869Z","Action":"output","Package":"github.com/Hubujiu/WeaveOS/services/bff/internal/apprecordservice","Test":"TestRestrictedDraftExplicitRemovalAfterSchemaAndBaseConflict","Output":"--- PASS: TestRestrictedDraftExplicitRemovalAfterSchemaAndBaseConflict (0.08s)\n","OutputType":"frame"}
{"Time":"2026-10-07T07:39:29.957030502Z","Action":"pass","Package":"github.com/Hubujiu/WeaveOS/services/bff/internal/apprecordservice","Test":"TestRestrictedDraftExplicitRemovalAfterSchemaAndBaseConflict","Elapsed":0.08}
{"Time":"2026-10-07T07:39:29.957040246Z","Action":"run","Package":"github.com/Hubujiu/WeaveOS/services/bff/internal/apprecordservice","Test":"TestRestrictedDraftExplicitRemovalAfterFieldGrantRevoke"}
{"Time":"2026-10-07T07:39:29.95704262Z","Action":"output","Package":"github.com/Hubujiu/WeaveOS/services/bff/internal/apprecordservice","Test":"TestRestrictedDraftExplicitRemovalAfterFieldGrantRevoke","Output":"=== RUN   TestRestrictedDraftExplicitRemovalAfterFieldGrantRevoke\n","OutputType":"frame"}
{"Time":"2026-10-07T07:39:30.035453114Z","Action":"output","Package":"github.com/Hubujiu/WeaveOS/services/bff/internal/apprecordservice","Test":"TestRestrictedDraftExplicitRemovalAfterFieldGrantRevoke","Output":"--- PASS: TestRestrictedDraftExplicitRemovalAfterFieldGrantRevoke (0.08s)\n","OutputType":"frame"}
{"Time":"2026-10-07T07:39:30.035490871Z","Action":"pass","Package":"github.com/Hubujiu/WeaveOS/services/bff/internal/apprecordservice","Test":"TestRestrictedDraftExplicitRemovalAfterFieldGrantRevoke","Elapsed":0.08}
{"Time":"2026-10-07T07:39:30.035504131Z","Action":"run","Package":"github.com/Hubujiu/WeaveOS/services/bff/internal/apprecordservice","Test":"TestRestrictedDraftReadOwnerCursorAndRecordDetail"}
{"Time":"2026-10-07T07:39:30.035508618Z","Action":"output","Package":"github.com/Hubujiu/WeaveOS/services/bff/internal/apprecordservice","Test":"TestRestrictedDraftReadOwnerCursorAndRecordDetail","Output":"=== RUN   TestRestrictedDraftReadOwnerCursorAndRecordDetail\n","OutputType":"frame"}
{"Time":"2026-10-07T07:39:30.102314971Z","Action":"output","Package":"github.com/Hubujiu/WeaveOS/services/bff/internal/apprecordservice","Test":"TestRestrictedDraftReadOwnerCursorAndRecordDetail","Output":"--- PASS: TestRestrictedDraftReadOwnerCursorAndRecordDetail (0.07s)\n","OutputType":"frame"}
{"Time":"2026-10-07T07:39:30.102352036Z","Action":"pass","Package":"github.com/Hubujiu/WeaveOS/services/bff/internal/apprecordservice","Test":"TestRestrictedDraftReadOwnerCursorAndRecordDetail","Elapsed":0.07}
{"Time":"2026-10-07T07:39:30.1023608Z","Action":"run","Package":"github.com/Hubujiu/WeaveOS/services/bff/internal/apprecordservice","Test":"TestRestrictedBoundDraftListUsesEditGrantForItsTarget"}
{"Time":"2026-10-07T07:39:30.102363424Z","Action":"output","Package":"github.com/Hubujiu/WeaveOS/services/bff/internal/apprecordservice","Test":"TestRestrictedBoundDraftListUsesEditGrantForItsTarget","Output":"=== RUN   TestRestrictedBoundDraftListUsesEditGrantForItsTarget\n","OutputType":"frame"}
{"Time":"2026-10-07T07:39:30.169743866Z","Action":"output","Package":"github.com/Hubujiu/WeaveOS/services/bff/internal/apprecordservice","Test":"TestRestrictedBoundDraftListUsesEditGrantForItsTarget","Output":"--- PASS: TestRestrictedBoundDraftListUsesEditGrantForItsTarget (0.07s)\n","OutputType":"frame"}
{"Time":"2026-10-07T07:39:30.169781062Z","Action":"pass","Package":"github.com/Hubujiu/WeaveOS/services/bff/internal/apprecordservice","Test":"TestRestrictedBoundDraftListUsesEditGrantForItsTarget","Elapsed":0.07}
{"Time":"2026-10-07T07:39:30.16984649Z","Action":"run","Package":"github.com/Hubujiu/WeaveOS/services/bff/internal/apprecordservice","Test":"TestRestrictedQueryOnlyObservableChangesInvalidate"}
{"Time":"2026-10-07T07:39:30.169849405Z","Action":"output","Package":"github.com/Hubujiu/WeaveOS/services/bff/internal/apprecordservice","Test":"TestRestrictedQueryOnlyObservableChangesInvalidate","Output":"=== RUN   TestRestrictedQueryOnlyObservableChangesInvalidate\n","OutputType":"frame"}
{"Time":"2026-10-07T07:39:30.247729235Z","Action":"output","Package":"github.com/Hubujiu/WeaveOS/services/bff/internal/apprecordservice","Test":"TestRestrictedQueryOnlyObservableChangesInvalidate","Output":"--- PASS: TestRestrictedQueryOnlyObservableChangesInvalidate (0.08s)\n","OutputType":"frame"}
{"Time":"2026-10-07T07:39:30.247768545Z","Action":"pass","Package":"github.com/Hubujiu/WeaveOS/services/bff/internal/apprecordservice","Test":"TestRestrictedQueryOnlyObservableChangesInvalidate","Elapsed":0.08}
{"Time":"2026-10-07T07:39:30.24777907Z","Action":"run","Package":"github.com/Hubujiu/WeaveOS/services/bff/internal/apprecordservice","Test":"TestRestrictedSavedQuickSearchRemovedFieldVsRevokedPermission"}
{"Time":"2026-10-07T07:39:30.247781865Z","Action":"output","Package":"github.com/Hubujiu/WeaveOS/services/bff/internal/apprecordservice","Test":"TestRestrictedSavedQuickSearchRemovedFieldVsRevokedPermission","Output":"=== RUN   TestRestrictedSavedQuickSearchRemovedFieldVsRevokedPermission\n","OutputType":"frame"}
{"Time":"2026-10-07T07:39:30.247784138Z","Action":"run","Package":"github.com/Hubujiu/WeaveOS/services/bff/internal/apprecordservice","Test":"TestRestrictedSavedQuickSearchRemovedFieldVsRevokedPermission/removed"}
{"Time":"2026-10-07T07:39:30.247785951Z","Action":"output","Package":"github.com/Hubujiu/WeaveOS/services/bff/internal/apprecordservice","Test":"TestRestrictedSavedQuickSearchRemovedFieldVsRevokedPermission/removed","Output":"=== RUN   TestRestrictedSavedQuickSearchRemovedFieldVsRevokedPermission/removed\n","OutputType":"frame"}
{"Time":"2026-10-07T07:39:30.315856978Z","Action":"output","Package":"github.com/Hubujiu/WeaveOS/services/bff/internal/apprecordservice","Test":"TestRestrictedSavedQuickSearchRemovedFieldVsRevokedPermission/removed","Output":"--- PASS: TestRestrictedSavedQuickSearchRemovedFieldVsRevokedPermission/removed (0.07s)\n","OutputType":"frame"}
{"Time":"2026-10-07T07:39:30.315939872Z","Action":"pass","Package":"github.com/Hubujiu/WeaveOS/services/bff/internal/apprecordservice","Test":"TestRestrictedSavedQuickSearchRemovedFieldVsRevokedPermission/removed","Elapsed":0.07}
{"Time":"2026-10-07T07:39:30.315978891Z","Action":"run","Package":"github.com/Hubujiu/WeaveOS/services/bff/internal/apprecordservice","Test":"TestRestrictedSavedQuickSearchRemovedFieldVsRevokedPermission/revoked"}
{"Time":"2026-10-07T07:39:30.315982336Z","Action":"output","Package":"github.com/Hubujiu/WeaveOS/services/bff/internal/apprecordservice","Test":"TestRestrictedSavedQuickSearchRemovedFieldVsRevokedPermission/revoked","Output":"=== RUN   TestRestrictedSavedQuickSearchRemovedFieldVsRevokedPermission/revoked\n","OutputType":"frame"}
{"Time":"2026-10-07T07:39:30.368492583Z","Action":"output","Package":"github.com/Hubujiu/WeaveOS/services/bff/internal/apprecordservice","Test":"TestRestrictedSavedQuickSearchRemovedFieldVsRevokedPermission/revoked","Output":"--- PASS: TestRestrictedSavedQuickSearchRemovedFieldVsRevokedPermission/revoked (0.05s)\n","OutputType":"frame"}
{"Time":"2026-10-07T07:39:30.368529769Z","Action":"pass","Package":"github.com/Hubujiu/WeaveOS/services/bff/internal/apprecordservice","Test":"TestRestrictedSavedQuickSearchRemovedFieldVsRevokedPermission/revoked","Elapsed":0.05}
{"Time":"2026-10-07T07:39:30.368536259Z","Action":"run","Package":"github.com/Hubujiu/WeaveOS/services/bff/internal/apprecordservice","Test":"TestRestrictedSavedQuickSearchRemovedFieldVsRevokedPermission/invalid_incoming"}
{"Time":"2026-10-07T07:39:30.368538772Z","Action":"output","Package":"github.com/Hubujiu/WeaveOS/services/bff/internal/apprecordservice","Test":"TestRestrictedSavedQuickSearchRemovedFieldVsRevokedPermission/invalid_incoming","Output":"=== RUN   TestRestrictedSavedQuickSearchRemovedFieldVsRevokedPermission/invalid_incoming\n","OutputType":"frame"}
{"Time":"2026-10-07T07:39:30.413877939Z","Action":"output","Package":"github.com/Hubujiu/WeaveOS/services/bff/internal/apprecordservice","Test":"TestRestrictedSavedQuickSearchRemovedFieldVsRevokedPermission/invalid_incoming","Output":"--- PASS: TestRestrictedSavedQuickSearchRemovedFieldVsRevokedPermission/invalid_incoming (0.05s)\n","OutputType":"frame"}
{"Time":"2026-10-07T07:39:30.413953072Z","Action":"pass","Package":"github.com/Hubujiu/WeaveOS/services/bff/internal/apprecordservice","Test":"TestRestrictedSavedQuickSearchRemovedFieldVsRevokedPermission/invalid_incoming","Elapsed":0.05}
{"Time":"2026-10-07T07:39:30.414014405Z","Action":"output","Package":"github.com/Hubujiu/WeaveOS/services/bff/internal/apprecordservice","Test":"TestRestrictedSavedQuickSearchRemovedFieldVsRevokedPermission","Output":"--- PASS: TestRestrictedSavedQuickSearchRemovedFieldVsRevokedPermission (0.17s)\n","OutputType":"frame"}
{"Time":"2026-10-07T07:39:30.414043298Z","Action":"pass","Package":"github.com/Hubujiu/WeaveOS/services/bff/internal/apprecordservice","Test":"TestRestrictedSavedQuickSearchRemovedFieldVsRevokedPermission","Elapsed":0.17}
{"Time":"2026-10-07T07:39:30.414078401Z","Action":"run","Package":"github.com/Hubujiu/WeaveOS/services/bff/internal/apprecordservice","Test":"TestRestrictedReferencePredicateMissingRegistryIsUnavailable"}
{"Time":"2026-10-07T07:39:30.414081165Z","Action":"output","Package":"github.com/Hubujiu/WeaveOS/services/bff/internal/apprecordservice","Test":"TestRestrictedReferencePredicateMissingRegistryIsUnavailable","Output":"=== RUN   TestRestrictedReferencePredicateMissingRegistryIsUnavailable\n","OutputType":"frame"}
{"Time":"2026-10-07T07:39:30.475057536Z","Action":"output","Package":"github.com/Hubujiu/WeaveOS/services/bff/internal/apprecordservice","Test":"TestRestrictedReferencePredicateMissingRegistryIsUnavailable","Output":"--- PASS: TestRestrictedReferencePredicateMissingRegistryIsUnavailable (0.06s)\n","OutputType":"frame"}
{"Time":"2026-10-07T07:39:30.475191948Z","Action":"pass","Package":"github.com/Hubujiu/WeaveOS/services/bff/internal/apprecordservice","Test":"TestRestrictedReferencePredicateMissingRegistryIsUnavailable","Elapsed":0.06}
{"Time":"2026-10-07T07:39:30.475245419Z","Action":"run","Package":"github.com/Hubujiu/WeaveOS/services/bff/internal/apprecordservice","Test":"TestRestrictedListWriteChecksSavedProjectionBeforeClaim"}
{"Time":"2026-10-07T07:39:30.475249926Z","Action":"output","Package":"github.com/Hubujiu/WeaveOS/services/bff/internal/apprecordservice","Test":"TestRestrictedListWriteChecksSavedProjectionBeforeClaim","Output":"=== RUN   TestRestrictedListWriteChecksSavedProjectionBeforeClaim\n","OutputType":"frame"}
{"Time":"2026-10-07T07:39:30.587438696Z","Action":"output","Package":"github.com/Hubujiu/WeaveOS/services/bff/internal/apprecordservice","Test":"TestRestrictedListWriteChecksSavedProjectionBeforeClaim","Output":"--- PASS: TestRestrictedListWriteChecksSavedProjectionBeforeClaim (0.11s)\n","OutputType":"frame"}
{"Time":"2026-10-07T07:39:30.58747464Z","Action":"pass","Package":"github.com/Hubujiu/WeaveOS/services/bff/internal/apprecordservice","Test":"TestRestrictedListWriteChecksSavedProjectionBeforeClaim","Elapsed":0.11}
{"Time":"2026-10-07T07:39:30.587483083Z","Action":"run","Package":"github.com/Hubujiu/WeaveOS/services/bff/internal/apprecordservice","Test":"TestRestrictedAdvanceFailureOnlyReplaysConfirmedOriginalKey"}
{"Time":"2026-10-07T07:39:30.587485777Z","Action":"output","Package":"github.com/Hubujiu/WeaveOS/services/bff/internal/apprecordservice","Test":"TestRestrictedAdvanceFailureOnlyReplaysConfirmedOriginalKey","Output":"=== RUN   TestRestrictedAdvanceFailureOnlyReplaysConfirmedOriginalKey\n","OutputType":"frame"}
{"Time":"2026-10-07T07:39:30.685714501Z","Action":"output","Package":"github.com/Hubujiu/WeaveOS/services/bff/internal/apprecordservice","Test":"TestRestrictedAdvanceFailureOnlyReplaysConfirmedOriginalKey","Output":"--- PASS: TestRestrictedAdvanceFailureOnlyReplaysConfirmedOriginalKey (0.10s)\n","OutputType":"frame"}
{"Time":"2026-10-07T07:39:30.685754421Z","Action":"pass","Package":"github.com/Hubujiu/WeaveOS/services/bff/internal/apprecordservice","Test":"TestRestrictedAdvanceFailureOnlyReplaysConfirmedOriginalKey","Elapsed":0.1}
{"Time":"2026-10-07T07:39:30.685761362Z","Action":"run","Package":"github.com/Hubujiu/WeaveOS/services/bff/internal/apprecordservice","Test":"TestRestrictedRealRecordSearchMasksBeforeCountAndReusesContext"}
{"Time":"2026-10-07T07:39:30.685765067Z","Action":"output","Package":"github.com/Hubujiu/WeaveOS/services/bff/internal/apprecordservice","Test":"TestRestrictedRealRecordSearchMasksBeforeCountAndReusesContext","Output":"=== RUN   TestRestrictedRealRecordSearchMasksBeforeCountAndReusesContext\n","OutputType":"frame"}
{"Time":"2026-10-07T07:39:30.747614171Z","Action":"output","Package":"github.com/Hubujiu/WeaveOS/services/bff/internal/apprecordservice","Test":"TestRestrictedRealRecordSearchMasksBeforeCountAndReusesContext","Output":"--- PASS: TestRestrictedRealRecordSearchMasksBeforeCountAndReusesContext (0.06s)\n","OutputType":"frame"}
{"Time":"2026-10-07T07:39:30.747652459Z","Action":"pass","Package":"github.com/Hubujiu/WeaveOS/services/bff/internal/apprecordservice","Test":"TestRestrictedRealRecordSearchMasksBeforeCountAndReusesContext","Elapsed":0.06}
{"Time":"2026-10-07T07:39:30.747658308Z","Action":"output","Package":"github.com/Hubujiu/WeaveOS/services/bff/internal/apprecordservice","Output":"PASS\n","OutputType":"frame"}
{"Time":"2026-10-07T07:39:31.753741544Z","Action":"output","Package":"github.com/Hubujiu/WeaveOS/services/bff/internal/apprecordservice","Output":"ok  \tgithub.com/Hubujiu/WeaveOS/services/bff/internal/apprecordservice\t57.323s\n"}
{"Time":"2026-10-07T07:39:31.753781805Z","Action":"pass","Package":"github.com/Hubujiu/WeaveOS/services/bff/internal/apprecordservice","Elapsed":57.323}
{"Time":"2026-10-07T07:39:31.755228962Z","Action":"start","Package":"github.com/Hubujiu/WeaveOS/services/bff/internal/workflowprojection"}
{"Time":"2026-10-07T07:39:31.755238977Z","Action":"output","Package":"github.com/Hubujiu/WeaveOS/services/bff/internal/workflowprojection","Output":"?   \tgithub.com/Hubujiu/WeaveOS/services/bff/internal/workflowprojection\t[no test files]\n"}
{"Time":"2026-10-07T07:39:31.755243494Z","Action":"skip","Package":"github.com/Hubujiu/WeaveOS/services/bff/internal/workflowprojection","Elapsed":0}
{"Time":"2026-10-07T07:39:32.739920946Z","Action":"start","Package":"github.com/Hubujiu/WeaveOS/services/bff/internal/workflowexecution"}
{"Time":"2026-10-07T07:39:32.752414648Z","Action":"run","Package":"github.com/Hubujiu/WeaveOS/services/bff/internal/workflowexecution","Test":"TestRootQueueClaimUsesBoundedDueIndexAtTwentyThousandRows"}
{"Time":"2026-10-07T07:39:32.752473026Z","Action":"output","Package":"github.com/Hubujiu/WeaveOS/services/bff/internal/workflowexecution","Test":"TestRootQueueClaimUsesBoundedDueIndexAtTwentyThousandRows","Output":"=== RUN   TestRootQueueClaimUsesBoundedDueIndexAtTwentyThousandRows\n","OutputType":"frame"}
{"Time":"2026-10-07T07:39:33.235560949Z","Action":"output","Package":"github.com/Hubujiu/WeaveOS/services/bff/internal/workflowexecution","Test":"TestRootQueueClaimUsesBoundedDueIndexAtTwentyThousandRows","Output":"    root_queue_plan_test.go:160: isolated scheduler: 10000 legacy + 10000 future v2 + 1 due; Go=go1.27.1 PG=18.6 (Debian 18.6-1.pgdg13+2); 20 warm query-only samples; rollback excludes all synthetic data\n"}
{"Time":"2026-10-07T07:39:33.235653569Z","Action":"output","Package":"github.com/Hubujiu/WeaveOS/services/bff/internal/workflowexecution","Test":"TestRootQueueClaimUsesBoundedDueIndexAtTwentyThousandRows","Output":"    root_queue_plan_test.go:161: indexed work=7 PG_exec_ms=0.453 shared_hits=28 sort_memory_KiB=0 client_median=205.959µs p95=266.276µs client_alloc_B_per_call=818\n"}
{"Time":"2026-10-07T07:39:33.23566151Z","Action":"output","Package":"github.com/Hubujiu/WeaveOS/services/bff/internal/workflowexecution","Test":"TestRootQueueClaimUsesBoundedDueIndexAtTwentyThousandRows","Output":"    root_queue_plan_test.go:162: without_due_index work=20809 PG_exec_ms=1.610 shared_hits=203 sort_memory_KiB=25 client_median=1.180356ms p95=1.773418ms client_alloc_B_per_call=816\n"}
{"Time":"2026-10-07T07:39:33.235665186Z","Action":"output","Package":"github.com/Hubujiu/WeaveOS/services/bff/internal/workflowexecution","Test":"TestRootQueueClaimUsesBoundedDueIndexAtTwentyThousandRows","Output":"    root_queue_plan_test.go:163: Allocation is Go client query allocation, sort memory is only reported PG sort workspace; neither is whole-process RSS or production throughput. No latency ratio is asserted.\n"}
{"Time":"2026-10-07T07:39:33.235947741Z","Action":"output","Package":"github.com/Hubujiu/WeaveOS/services/bff/internal/workflowexecution","Test":"TestRootQueueClaimUsesBoundedDueIndexAtTwentyThousandRows","Output":"--- PASS: TestRootQueueClaimUsesBoundedDueIndexAtTwentyThousandRows (0.48s)\n","OutputType":"frame"}
{"Time":"2026-10-07T07:39:33.235956104Z","Action":"pass","Package":"github.com/Hubujiu/WeaveOS/services/bff/internal/workflowexecution","Test":"TestRootQueueClaimUsesBoundedDueIndexAtTwentyThousandRows","Elapsed":0.48}
{"Time":"2026-10-07T07:39:33.235975663Z","Action":"run","Package":"github.com/Hubujiu/WeaveOS/services/bff/internal/workflowexecution","Test":"TestRootRunRejectsInvalidWorker"}
{"Time":"2026-10-07T07:39:33.235978718Z","Action":"output","Package":"github.com/Hubujiu/WeaveOS/services/bff/internal/workflowexecution","Test":"TestRootRunRejectsInvalidWorker","Output":"=== RUN   TestRootRunRejectsInvalidWorker\n","OutputType":"frame"}
{"Time":"2026-10-07T07:39:33.236081162Z","Action":"output","Package":"github.com/Hubujiu/WeaveOS/services/bff/internal/workflowexecution","Test":"TestRootRunRejectsInvalidWorker","Output":"--- PASS: TestRootRunRejectsInvalidWorker (0.00s)\n","OutputType":"frame"}
{"Time":"2026-10-07T07:39:33.236090145Z","Action":"pass","Package":"github.com/Hubujiu/WeaveOS/services/bff/internal/workflowexecution","Test":"TestRootRunRejectsInvalidWorker","Elapsed":0}
{"Time":"2026-10-07T07:39:33.236094882Z","Action":"run","Package":"github.com/Hubujiu/WeaveOS/services/bff/internal/workflowexecution","Test":"TestRootRunRejectsNilContext"}
{"Time":"2026-10-07T07:39:33.236096465Z","Action":"output","Package":"github.com/Hubujiu/WeaveOS/services/bff/internal/workflowexecution","Test":"TestRootRunRejectsNilContext","Output":"=== RUN   TestRootRunRejectsNilContext\n","OutputType":"frame"}
{"Time":"2026-10-07T07:39:33.236099109Z","Action":"output","Package":"github.com/Hubujiu/WeaveOS/services/bff/internal/workflowexecution","Test":"TestRootRunRejectsNilContext","Output":"--- PASS: TestRootRunRejectsNilContext (0.00s)\n","OutputType":"frame"}
{"Time":"2026-10-07T07:39:33.236122714Z","Action":"pass","Package":"github.com/Hubujiu/WeaveOS/services/bff/internal/workflowexecution","Test":"TestRootRunRejectsNilContext","Elapsed":0}
{"Time":"2026-10-07T07:39:33.236124477Z","Action":"run","Package":"github.com/Hubujiu/WeaveOS/services/bff/internal/workflowexecution","Test":"TestRootLoopCancelledBeforeFirstClaim"}
{"Time":"2026-10-07T07:39:33.236125929Z","Action":"output","Package":"github.com/Hubujiu/WeaveOS/services/bff/internal/workflowexecution","Test":"TestRootLoopCancelledBeforeFirstClaim","Output":"=== RUN   TestRootLoopCancelledBeforeFirstClaim\n","OutputType":"frame"}
{"Time":"2026-10-07T07:39:33.236202104Z","Action":"output","Package":"github.com/Hubujiu/WeaveOS/services/bff/internal/workflowexecution","Test":"TestRootLoopCancelledBeforeFirstClaim","Output":"--- PASS: TestRootLoopCancelledBeforeFirstClaim (0.00s)\n","OutputType":"frame"}
{"Time":"2026-10-07T07:39:33.236203946Z","Action":"pass","Package":"github.com/Hubujiu/WeaveOS/services/bff/internal/workflowexecution","Test":"TestRootLoopCancelledBeforeFirstClaim","Elapsed":0}
{"Time":"2026-10-07T07:39:33.236205969Z","Action":"run","Package":"github.com/Hubujiu/WeaveOS/services/bff/internal/workflowexecution","Test":"TestRootLoopDrainsWorkWithoutIdleSleep"}
{"Time":"2026-10-07T07:39:33.236207191Z","Action":"output","Package":"github.com/Hubujiu/WeaveOS/services/bff/internal/workflowexecution","Test":"TestRootLoopDrainsWorkWithoutIdleSleep","Output":"=== RUN   TestRootLoopDrainsWorkWithoutIdleSleep\n","OutputType":"frame"}
{"Time":"2026-10-07T07:39:33.23623953Z","Action":"output","Package":"github.com/Hubujiu/WeaveOS/services/bff/internal/workflowexecution","Test":"TestRootLoopDrainsWorkWithoutIdleSleep","Output":"--- PASS: TestRootLoopDrainsWorkWithoutIdleSleep (0.00s)\n","OutputType":"frame"}
{"Time":"2026-10-07T07:39:33.236242044Z","Action":"pass","Package":"github.com/Hubujiu/WeaveOS/services/bff/internal/workflowexecution","Test":"TestRootLoopDrainsWorkWithoutIdleSleep","Elapsed":0}
{"Time":"2026-10-07T07:39:33.236260582Z","Action":"run","Package":"github.com/Hubujiu/WeaveOS/services/bff/internal/workflowexecution","Test":"TestRootLoopIdleUsesBoundedCancellableWait"}
{"Time":"2026-10-07T07:39:33.236262144Z","Action":"output","Package":"github.com/Hubujiu/WeaveOS/services/bff/internal/workflowexecution","Test":"TestRootLoopIdleUsesBoundedCancellableWait","Output":"=== RUN   TestRootLoopIdleUsesBoundedCancellableWait\n","OutputType":"frame"}
{"Time":"2026-10-07T07:39:33.236295474Z","Action":"output","Package":"github.com/Hubujiu/WeaveOS/services/bff/internal/workflowexecution","Test":"TestRootLoopIdleUsesBoundedCancellableWait","Output":"--- PASS: TestRootLoopIdleUsesBoundedCancellableWait (0.00s)\n","OutputType":"frame"}
{"Time":"2026-10-07T07:39:33.236311638Z","Action":"pass","Package":"github.com/Hubujiu/WeaveOS/services/bff/internal/workflowexecution","Test":"TestRootLoopIdleUsesBoundedCancellableWait","Elapsed":0}
{"Time":"2026-10-07T07:39:33.236339661Z","Action":"run","Package":"github.com/Hubujiu/WeaveOS/services/bff/internal/workflowexecution","Test":"TestRootLoopErrorBacksOffEvenWhenWorkClaimed"}
{"Time":"2026-10-07T07:39:33.236341283Z","Action":"output","Package":"github.com/Hubujiu/WeaveOS/services/bff/internal/workflowexecution","Test":"TestRootLoopErrorBacksOffEvenWhenWorkClaimed","Output":"=== RUN   TestRootLoopErrorBacksOffEvenWhenWorkClaimed\n","OutputType":"frame"}
{"Time":"2026-10-07T07:39:33.23637247Z","Action":"output","Package":"github.com/Hubujiu/WeaveOS/services/bff/internal/workflowexecution","Test":"TestRootLoopErrorBacksOffEvenWhenWorkClaimed","Output":"--- PASS: TestRootLoopErrorBacksOffEvenWhenWorkClaimed (0.00s)\n","OutputType":"frame"}
{"Time":"2026-10-07T07:39:33.236375855Z","Action":"pass","Package":"github.com/Hubujiu/WeaveOS/services/bff/internal/workflowexecution","Test":"TestRootLoopErrorBacksOffEvenWhenWorkClaimed","Elapsed":0}
{"Time":"2026-10-07T07:39:33.236377297Z","Action":"run","Package":"github.com/Hubujiu/WeaveOS/services/bff/internal/workflowexecution","Test":"TestRootLoopCancellationAfterDispatchSkipsWaitAndNewClaim"}
{"Time":"2026-10-07T07:39:33.236378699Z","Action":"output","Package":"github.com/Hubujiu/WeaveOS/services/bff/internal/workflowexecution","Test":"TestRootLoopCancellationAfterDispatchSkipsWaitAndNewClaim","Output":"=== RUN   TestRootLoopCancellationAfterDispatchSkipsWaitAndNewClaim\n","OutputType":"frame"}
{"Time":"2026-10-07T07:39:33.236408023Z","Action":"output","Package":"github.com/Hubujiu/WeaveOS/services/bff/internal/workflowexecution","Test":"TestRootLoopCancellationAfterDispatchSkipsWaitAndNewClaim","Output":"--- PASS: TestRootLoopCancellationAfterDispatchSkipsWaitAndNewClaim (0.00s)\n","OutputType":"frame"}
{"Time":"2026-10-07T07:39:33.236420933Z","Action":"pass","Package":"github.com/Hubujiu/WeaveOS/services/bff/internal/workflowexecution","Test":"TestRootLoopCancellationAfterDispatchSkipsWaitAndNewClaim","Elapsed":0}
{"Time":"2026-10-07T07:39:33.236433532Z","Action":"run","Package":"github.com/Hubujiu/WeaveOS/services/bff/internal/workflowexecution","Test":"TestRootLoopRejectsIncompleteSeams"}
{"Time":"2026-10-07T07:39:33.236437017Z","Action":"output","Package":"github.com/Hubujiu/WeaveOS/services/bff/internal/workflowexecution","Test":"TestRootLoopRejectsIncompleteSeams","Output":"=== RUN   TestRootLoopRejectsIncompleteSeams\n","OutputType":"frame"}
{"Time":"2026-10-07T07:39:33.236476887Z","Action":"output","Package":"github.com/Hubujiu/WeaveOS/services/bff/internal/workflowexecution","Test":"TestRootLoopRejectsIncompleteSeams","Output":"--- PASS: TestRootLoopRejectsIncompleteSeams (0.00s)\n","OutputType":"frame"}
{"Time":"2026-10-07T07:39:33.236479361Z","Action":"pass","Package":"github.com/Hubujiu/WeaveOS/services/bff/internal/workflowexecution","Test":"TestRootLoopRejectsIncompleteSeams","Elapsed":0}
{"Time":"2026-10-07T07:39:33.236501684Z","Action":"output","Package":"github.com/Hubujiu/WeaveOS/services/bff/internal/workflowexecution","Output":"PASS\n","OutputType":"frame"}
{"Time":"2026-10-07T07:39:34.238864238Z","Action":"output","Package":"github.com/Hubujiu/WeaveOS/services/bff/internal/workflowexecution","Output":"ok  \tgithub.com/Hubujiu/WeaveOS/services/bff/internal/workflowexecution\t1.499s\n"}
{"Time":"2026-10-07T07:39:34.238910868Z","Action":"pass","Package":"github.com/Hubujiu/WeaveOS/services/bff/internal/workflowexecution","Elapsed":1.499}
{"Time":"2026-10-07T07:39:34.239828378Z","Action":"start","Package":"github.com/Hubujiu/WeaveOS/services/bff/internal/workflowcatalog"}
{"Time":"2026-10-07T07:39:34.239839555Z","Action":"output","Package":"github.com/Hubujiu/WeaveOS/services/bff/internal/workflowcatalog","Output":"?   \tgithub.com/Hubujiu/WeaveOS/services/bff/internal/workflowcatalog\t[no test files]\n"}
{"Time":"2026-10-07T07:39:34.239846044Z","Action":"skip","Package":"github.com/Hubujiu/WeaveOS/services/bff/internal/workflowcatalog","Elapsed":0}
{"Time":"2026-10-07T07:39:35.388243608Z","Action":"start","Package":"github.com/Hubujiu/WeaveOS/services/bff/internal/flowcommands"}
{"Time":"2026-10-07T07:39:35.396360398Z","Action":"run","Package":"github.com/Hubujiu/WeaveOS/services/bff/internal/flowcommands","Test":"TestRootLedgerConcurrentIdenticalAcceptance"}
{"Time":"2026-10-07T07:39:35.396417574Z","Action":"output","Package":"github.com/Hubujiu/WeaveOS/services/bff/internal/flowcommands","Test":"TestRootLedgerConcurrentIdenticalAcceptance","Output":"=== RUN   TestRootLedgerConcurrentIdenticalAcceptance\n","OutputType":"frame"}
{"Time":"2026-10-07T07:39:35.430943357Z","Action":"output","Package":"github.com/Hubujiu/WeaveOS/services/bff/internal/flowcommands","Test":"TestRootLedgerConcurrentIdenticalAcceptance","Output":"--- PASS: TestRootLedgerConcurrentIdenticalAcceptance (0.03s)\n","OutputType":"frame"}
{"Time":"2026-10-07T07:39:35.431020574Z","Action":"pass","Package":"github.com/Hubujiu/WeaveOS/services/bff/internal/flowcommands","Test":"TestRootLedgerConcurrentIdenticalAcceptance","Elapsed":0.03}
{"Time":"2026-10-07T07:39:35.431028536Z","Action":"run","Package":"github.com/Hubujiu/WeaveOS/services/bff/internal/flowcommands","Test":"TestRootLedgerConcurrentConflictingPayloadHasOneWinner"}
{"Time":"2026-10-07T07:39:35.431031149Z","Action":"output","Package":"github.com/Hubujiu/WeaveOS/services/bff/internal/flowcommands","Test":"TestRootLedgerConcurrentConflictingPayloadHasOneWinner","Output":"=== RUN   TestRootLedgerConcurrentConflictingPayloadHasOneWinner\n","OutputType":"frame"}
{"Time":"2026-10-07T07:39:35.461557117Z","Action":"output","Package":"github.com/Hubujiu/WeaveOS/services/bff/internal/flowcommands","Test":"TestRootLedgerConcurrentConflictingPayloadHasOneWinner","Output":"--- PASS: TestRootLedgerConcurrentConflictingPayloadHasOneWinner (0.03s)\n","OutputType":"frame"}
{"Time":"2026-10-07T07:39:35.461594333Z","Action":"pass","Package":"github.com/Hubujiu/WeaveOS/services/bff/internal/flowcommands","Test":"TestRootLedgerConcurrentConflictingPayloadHasOneWinner","Elapsed":0.03}
{"Time":"2026-10-07T07:39:35.461610097Z","Action":"run","Package":"github.com/Hubujiu/WeaveOS/services/bff/internal/flowcommands","Test":"TestRootLedgerConcurrentResultAppliesExactlyOnce"}
{"Time":"2026-10-07T07:39:35.461612751Z","Action":"output","Package":"github.com/Hubujiu/WeaveOS/services/bff/internal/flowcommands","Test":"TestRootLedgerConcurrentResultAppliesExactlyOnce","Output":"=== RUN   TestRootLedgerConcurrentResultAppliesExactlyOnce\n","OutputType":"frame"}
{"Time":"2026-10-07T07:39:35.503701281Z","Action":"output","Package":"github.com/Hubujiu/WeaveOS/services/bff/internal/flowcommands","Test":"TestRootLedgerConcurrentResultAppliesExactlyOnce","Output":"--- PASS: TestRootLedgerConcurrentResultAppliesExactlyOnce (0.04s)\n","OutputType":"frame"}
{"Time":"2026-10-07T07:39:35.503744737Z","Action":"pass","Package":"github.com/Hubujiu/WeaveOS/services/bff/internal/flowcommands","Test":"TestRootLedgerConcurrentResultAppliesExactlyOnce","Elapsed":0.04}
{"Time":"2026-10-07T07:39:35.503752108Z","Action":"run","Package":"github.com/Hubujiu/WeaveOS/services/bff/internal/flowcommands","Test":"TestRootLedgerLostAcceptCommitAckRetainsOriginalPending"}
{"Time":"2026-10-07T07:39:35.503754932Z","Action":"output","Package":"github.com/Hubujiu/WeaveOS/services/bff/internal/flowcommands","Test":"TestRootLedgerLostAcceptCommitAckRetainsOriginalPending","Output":"=== RUN   TestRootLedgerLostAcceptCommitAckRetainsOriginalPending\n","OutputType":"frame"}
{"Time":"2026-10-07T07:39:35.521633094Z","Action":"output","Package":"github.com/Hubujiu/WeaveOS/services/bff/internal/flowcommands","Test":"TestRootLedgerLostAcceptCommitAckRetainsOriginalPending","Output":"--- PASS: TestRootLedgerLostAcceptCommitAckRetainsOriginalPending (0.02s)\n","OutputType":"frame"}
{"Time":"2026-10-07T07:39:35.521670861Z","Action":"pass","Package":"github.com/Hubujiu/WeaveOS/services/bff/internal/flowcommands","Test":"TestRootLedgerLostAcceptCommitAckRetainsOriginalPending","Elapsed":0.02}
{"Time":"2026-10-07T07:39:35.521677041Z","Action":"run","Package":"github.com/Hubujiu/WeaveOS/services/bff/internal/flowcommands","Test":"TestRootLedgerLostApplyCommitAckRecoversSuccessWithoutReplayEffects"}
{"Time":"2026-10-07T07:39:35.521679634Z","Action":"output","Package":"github.com/Hubujiu/WeaveOS/services/bff/internal/flowcommands","Test":"TestRootLedgerLostApplyCommitAckRecoversSuccessWithoutReplayEffects","Output":"=== RUN   TestRootLedgerLostApplyCommitAckRecoversSuccessWithoutReplayEffects\n","OutputType":"frame"}
{"Time":"2026-10-07T07:39:35.541096827Z","Action":"output","Package":"github.com/Hubujiu/WeaveOS/services/bff/internal/flowcommands","Test":"TestRootLedgerLostApplyCommitAckRecoversSuccessWithoutReplayEffects","Output":"--- PASS: TestRootLedgerLostApplyCommitAckRecoversSuccessWithoutReplayEffects (0.02s)\n","OutputType":"frame"}
{"Time":"2026-10-07T07:39:35.541132641Z","Action":"pass","Package":"github.com/Hubujiu/WeaveOS/services/bff/internal/flowcommands","Test":"TestRootLedgerLostApplyCommitAckRecoversSuccessWithoutReplayEffects","Elapsed":0.02}
{"Time":"2026-10-07T07:39:35.541142045Z","Action":"run","Package":"github.com/Hubujiu/WeaveOS/services/bff/internal/flowcommands","Test":"TestRootLedgerAcceptAndExactReplay"}
{"Time":"2026-10-07T07:39:35.541144679Z","Action":"output","Package":"github.com/Hubujiu/WeaveOS/services/bff/internal/flowcommands","Test":"TestRootLedgerAcceptAndExactReplay","Output":"=== RUN   TestRootLedgerAcceptAndExactReplay\n","OutputType":"frame"}
{"Time":"2026-10-07T07:39:35.552678013Z","Action":"output","Package":"github.com/Hubujiu/WeaveOS/services/bff/internal/flowcommands","Test":"TestRootLedgerAcceptAndExactReplay","Output":"--- PASS: TestRootLedgerAcceptAndExactReplay (0.01s)\n","OutputType":"frame"}
{"Time":"2026-10-07T07:39:35.552723882Z","Action":"pass","Package":"github.com/Hubujiu/WeaveOS/services/bff/internal/flowcommands","Test":"TestRootLedgerAcceptAndExactReplay","Elapsed":0.01}
{"Time":"2026-10-07T07:39:35.552731643Z","Action":"run","Package":"github.com/Hubujiu/WeaveOS/services/bff/internal/flowcommands","Test":"TestRootLedgerConflictDoesNotOverwrite"}
{"Time":"2026-10-07T07:39:35.552733696Z","Action":"output","Package":"github.com/Hubujiu/WeaveOS/services/bff/internal/flowcommands","Test":"TestRootLedgerConflictDoesNotOverwrite","Output":"=== RUN   TestRootLedgerConflictDoesNotOverwrite\n","OutputType":"frame"}
{"Time":"2026-10-07T07:39:35.561446592Z","Action":"output","Package":"github.com/Hubujiu/WeaveOS/services/bff/internal/flowcommands","Test":"TestRootLedgerConflictDoesNotOverwrite","Output":"--- PASS: TestRootLedgerConflictDoesNotOverwrite (0.01s)\n","OutputType":"frame"}
{"Time":"2026-10-07T07:39:35.561466743Z","Action":"pass","Package":"github.com/Hubujiu/WeaveOS/services/bff/internal/flowcommands","Test":"TestRootLedgerConflictDoesNotOverwrite","Elapsed":0.01}
{"Time":"2026-10-07T07:39:35.561472752Z","Action":"run","Package":"github.com/Hubujiu/WeaveOS/services/bff/internal/flowcommands","Test":"TestRootLedgerCallerRollbackRemovesCommandAndDispatch"}
{"Time":"2026-10-07T07:39:35.561474624Z","Action":"output","Package":"github.com/Hubujiu/WeaveOS/services/bff/internal/flowcommands","Test":"TestRootLedgerCallerRollbackRemovesCommandAndDispatch","Output":"=== RUN   TestRootLedgerCallerRollbackRemovesCommandAndDispatch\n","OutputType":"frame"}
{"Time":"2026-10-07T07:39:35.570017255Z","Action":"output","Package":"github.com/Hubujiu/WeaveOS/services/bff/internal/flowcommands","Test":"TestRootLedgerCallerRollbackRemovesCommandAndDispatch","Output":"--- PASS: TestRootLedgerCallerRollbackRemovesCommandAndDispatch (0.01s)\n","OutputType":"frame"}
{"Time":"2026-10-07T07:39:35.570074761Z","Action":"pass","Package":"github.com/Hubujiu/WeaveOS/services/bff/internal/flowcommands","Test":"TestRootLedgerCallerRollbackRemovesCommandAndDispatch","Elapsed":0.01}
{"Time":"2026-10-07T07:39:35.570083254Z","Action":"run","Package":"github.com/Hubujiu/WeaveOS/services/bff/internal/flowcommands","Test":"TestRootLedgerDispatchFailureCannotCommitPartialAcceptance"}
{"Time":"2026-10-07T07:39:35.570086649Z","Action":"output","Package":"github.com/Hubujiu/WeaveOS/services/bff/internal/flowcommands","Test":"TestRootLedgerDispatchFailureCannotCommitPartialAcceptance","Output":"=== RUN   TestRootLedgerDispatchFailureCannotCommitPartialAcceptance\n","OutputType":"frame"}
{"Time":"2026-10-07T07:39:35.579120258Z","Action":"output","Package":"github.com/Hubujiu/WeaveOS/services/bff/internal/flowcommands","Test":"TestRootLedgerDispatchFailureCannotCommitPartialAcceptance","Output":"--- PASS: TestRootLedgerDispatchFailureCannotCommitPartialAcceptance (0.01s)\n","OutputType":"frame"}
{"Time":"2026-10-07T07:39:35.579158936Z","Action":"pass","Package":"github.com/Hubujiu/WeaveOS/services/bff/internal/flowcommands","Test":"TestRootLedgerDispatchFailureCannotCommitPartialAcceptance","Elapsed":0.01}
{"Time":"2026-10-07T07:39:35.579171214Z","Action":"run","Package":"github.com/Hubujiu/WeaveOS/services/bff/internal/flowcommands","Test":"TestRootLedgerApplyAndDuplicateAreAtomic"}
{"Time":"2026-10-07T07:39:35.579174028Z","Action":"output","Package":"github.com/Hubujiu/WeaveOS/services/bff/internal/flowcommands","Test":"TestRootLedgerApplyAndDuplicateAreAtomic","Output":"=== RUN   TestRootLedgerApplyAndDuplicateAreAtomic\n","OutputType":"frame"}
{"Time":"2026-10-07T07:39:35.591588988Z","Action":"output","Package":"github.com/Hubujiu/WeaveOS/services/bff/internal/flowcommands","Test":"TestRootLedgerApplyAndDuplicateAreAtomic","Output":"--- PASS: TestRootLedgerApplyAndDuplicateAreAtomic (0.01s)\n","OutputType":"frame"}
{"Time":"2026-10-07T07:39:35.591627776Z","Action":"pass","Package":"github.com/Hubujiu/WeaveOS/services/bff/internal/flowcommands","Test":"TestRootLedgerApplyAndDuplicateAreAtomic","Elapsed":0.01}
{"Time":"2026-10-07T07:39:35.591639514Z","Action":"run","Package":"github.com/Hubujiu/WeaveOS/services/bff/internal/flowcommands","Test":"TestRootLedgerOuterRollbackPreservesFenceAndPending"}
{"Time":"2026-10-07T07:39:35.591642368Z","Action":"output","Package":"github.com/Hubujiu/WeaveOS/services/bff/internal/flowcommands","Test":"TestRootLedgerOuterRollbackPreservesFenceAndPending","Output":"=== RUN   TestRootLedgerOuterRollbackPreservesFenceAndPending\n","OutputType":"frame"}
{"Time":"2026-10-07T07:39:35.60252931Z","Action":"output","Package":"github.com/Hubujiu/WeaveOS/services/bff/internal/flowcommands","Test":"TestRootLedgerOuterRollbackPreservesFenceAndPending","Output":"--- PASS: TestRootLedgerOuterRollbackPreservesFenceAndPending (0.01s)\n","OutputType":"frame"}
{"Time":"2026-10-07T07:39:35.602629921Z","Action":"pass","Package":"github.com/Hubujiu/WeaveOS/services/bff/internal/flowcommands","Test":"TestRootLedgerOuterRollbackPreservesFenceAndPending","Elapsed":0.01}
{"Time":"2026-10-07T07:39:35.602774248Z","Action":"run","Package":"github.com/Hubujiu/WeaveOS/services/bff/internal/flowcommands","Test":"TestRootLedgerProjectionFailureCannotFinalize"}
{"Time":"2026-10-07T07:39:35.602781399Z","Action":"output","Package":"github.com/Hubujiu/WeaveOS/services/bff/internal/flowcommands","Test":"TestRootLedgerProjectionFailureCannotFinalize","Output":"=== RUN   TestRootLedgerProjectionFailureCannotFinalize\n","OutputType":"frame"}
{"Time":"2026-10-07T07:39:35.614836352Z","Action":"output","Package":"github.com/Hubujiu/WeaveOS/services/bff/internal/flowcommands","Test":"TestRootLedgerProjectionFailureCannotFinalize","Output":"--- PASS: TestRootLedgerProjectionFailureCannotFinalize (0.01s)\n","OutputType":"frame"}
{"Time":"2026-10-07T07:39:35.614870313Z","Action":"pass","Package":"github.com/Hubujiu/WeaveOS/services/bff/internal/flowcommands","Test":"TestRootLedgerProjectionFailureCannotFinalize","Elapsed":0.01}
{"Time":"2026-10-07T07:39:35.614879868Z","Action":"run","Package":"github.com/Hubujiu/WeaveOS/services/bff/internal/flowcommands","Test":"TestRootLedgerUnknownWrongAndOutOfOrderNeverProduceEffects"}
{"Time":"2026-10-07T07:39:35.614882682Z","Action":"output","Package":"github.com/Hubujiu/WeaveOS/services/bff/internal/flowcommands","Test":"TestRootLedgerUnknownWrongAndOutOfOrderNeverProduceEffects","Output":"=== RUN   TestRootLedgerUnknownWrongAndOutOfOrderNeverProduceEffects\n","OutputType":"frame"}
{"Time":"2026-10-07T07:39:35.62531231Z","Action":"output","Package":"github.com/Hubujiu/WeaveOS/services/bff/internal/flowcommands","Test":"TestRootLedgerUnknownWrongAndOutOfOrderNeverProduceEffects","Output":"--- PASS: TestRootLedgerUnknownWrongAndOutOfOrderNeverProduceEffects (0.01s)\n","OutputType":"frame"}
{"Time":"2026-10-07T07:39:35.625381674Z","Action":"pass","Package":"github.com/Hubujiu/WeaveOS/services/bff/internal/flowcommands","Test":"TestRootLedgerUnknownWrongAndOutOfOrderNeverProduceEffects","Elapsed":0.01}
{"Time":"2026-10-07T07:39:35.62539202Z","Action":"run","Package":"github.com/Hubujiu/WeaveOS/services/bff/internal/flowcommands","Test":"TestRootLedgerDurableNoEffectOnly"}
{"Time":"2026-10-07T07:39:35.625395105Z","Action":"output","Package":"github.com/Hubujiu/WeaveOS/services/bff/internal/flowcommands","Test":"TestRootLedgerDurableNoEffectOnly","Output":"=== RUN   TestRootLedgerDurableNoEffectOnly\n","OutputType":"frame"}
{"Time":"2026-10-07T07:39:35.635815725Z","Action":"output","Package":"github.com/Hubujiu/WeaveOS/services/bff/internal/flowcommands","Test":"TestRootLedgerDurableNoEffectOnly","Output":"--- PASS: TestRootLedgerDurableNoEffectOnly (0.01s)\n","OutputType":"frame"}
{"Time":"2026-10-07T07:39:35.635891529Z","Action":"pass","Package":"github.com/Hubujiu/WeaveOS/services/bff/internal/flowcommands","Test":"TestRootLedgerDurableNoEffectOnly","Elapsed":0.01}
{"Time":"2026-10-07T07:39:35.635897538Z","Action":"run","Package":"github.com/Hubujiu/WeaveOS/services/bff/internal/flowcommands","Test":"TestRootLedgerMissingIsNotNoEffect"}
{"Time":"2026-10-07T07:39:35.635899961Z","Action":"output","Package":"github.com/Hubujiu/WeaveOS/services/bff/internal/flowcommands","Test":"TestRootLedgerMissingIsNotNoEffect","Output":"=== RUN   TestRootLedgerMissingIsNotNoEffect\n","OutputType":"frame"}
{"Time":"2026-10-07T07:39:35.646735771Z","Action":"output","Package":"github.com/Hubujiu/WeaveOS/services/bff/internal/flowcommands","Test":"TestRootLedgerMissingIsNotNoEffect","Output":"--- PASS: TestRootLedgerMissingIsNotNoEffect (0.01s)\n","OutputType":"frame"}
{"Time":"2026-10-07T07:39:35.646833377Z","Action":"pass","Package":"github.com/Hubujiu/WeaveOS/services/bff/internal/flowcommands","Test":"TestRootLedgerMissingIsNotNoEffect","Elapsed":0.01}
{"Time":"2026-10-07T07:39:35.646842161Z","Action":"run","Package":"github.com/Hubujiu/WeaveOS/services/bff/internal/flowcommands","Test":"TestRootLedgerInvalidEnvelopeHasNoWrites"}
{"Time":"2026-10-07T07:39:35.646844885Z","Action":"output","Package":"github.com/Hubujiu/WeaveOS/services/bff/internal/flowcommands","Test":"TestRootLedgerInvalidEnvelopeHasNoWrites","Output":"=== RUN   TestRootLedgerInvalidEnvelopeHasNoWrites\n","OutputType":"frame"}
{"Time":"2026-10-07T07:39:35.655604561Z","Action":"output","Package":"github.com/Hubujiu/WeaveOS/services/bff/internal/flowcommands","Test":"TestRootLedgerInvalidEnvelopeHasNoWrites","Output":"--- PASS: TestRootLedgerInvalidEnvelopeHasNoWrites (0.01s)\n","OutputType":"frame"}
{"Time":"2026-10-07T07:39:35.655659294Z","Action":"pass","Package":"github.com/Hubujiu/WeaveOS/services/bff/internal/flowcommands","Test":"TestRootLedgerInvalidEnvelopeHasNoWrites","Elapsed":0.01}
{"Time":"2026-10-07T07:39:35.655667155Z","Action":"run","Package":"github.com/Hubujiu/WeaveOS/services/bff/internal/flowcommands","Test":"TestRootLedgerMissingEffectCannotFinalize"}
{"Time":"2026-10-07T07:39:35.655670761Z","Action":"output","Package":"github.com/Hubujiu/WeaveOS/services/bff/internal/flowcommands","Test":"TestRootLedgerMissingEffectCannotFinalize","Output":"=== RUN   TestRootLedgerMissingEffectCannotFinalize\n","OutputType":"frame"}
{"Time":"2026-10-07T07:39:35.663977846Z","Action":"output","Package":"github.com/Hubujiu/WeaveOS/services/bff/internal/flowcommands","Test":"TestRootLedgerMissingEffectCannotFinalize","Output":"--- PASS: TestRootLedgerMissingEffectCannotFinalize (0.01s)\n","OutputType":"frame"}
{"Time":"2026-10-07T07:39:35.664007401Z","Action":"pass","Package":"github.com/Hubujiu/WeaveOS/services/bff/internal/flowcommands","Test":"TestRootLedgerMissingEffectCannotFinalize","Elapsed":0.01}
{"Time":"2026-10-07T07:39:35.664013049Z","Action":"run","Package":"github.com/Hubujiu/WeaveOS/services/bff/internal/flowcommands","Test":"TestRootLedgerReconnectReadsOriginalDurableResult"}
{"Time":"2026-10-07T07:39:35.664015393Z","Action":"output","Package":"github.com/Hubujiu/WeaveOS/services/bff/internal/flowcommands","Test":"TestRootLedgerReconnectReadsOriginalDurableResult","Output":"=== RUN   TestRootLedgerReconnectReadsOriginalDurableResult\n","OutputType":"frame"}
{"Time":"2026-10-07T07:39:35.676326281Z","Action":"output","Package":"github.com/Hubujiu/WeaveOS/services/bff/internal/flowcommands","Test":"TestRootLedgerReconnectReadsOriginalDurableResult","Output":"--- PASS: TestRootLedgerReconnectReadsOriginalDurableResult (0.01s)\n","OutputType":"frame"}
{"Time":"2026-10-07T07:39:35.676357908Z","Action":"pass","Package":"github.com/Hubujiu/WeaveOS/services/bff/internal/flowcommands","Test":"TestRootLedgerReconnectReadsOriginalDurableResult","Elapsed":0.01}
{"Time":"2026-10-07T07:39:35.67636531Z","Action":"run","Package":"github.com/Hubujiu/WeaveOS/services/bff/internal/flowcommands","Test":"TestRootLedgerInvalidPortsFailBeforeWrites"}
{"Time":"2026-10-07T07:39:35.676367984Z","Action":"output","Package":"github.com/Hubujiu/WeaveOS/services/bff/internal/flowcommands","Test":"TestRootLedgerInvalidPortsFailBeforeWrites","Output":"=== RUN   TestRootLedgerInvalidPortsFailBeforeWrites\n","OutputType":"frame"}
{"Time":"2026-10-07T07:39:35.68355227Z","Action":"output","Package":"github.com/Hubujiu/WeaveOS/services/bff/internal/flowcommands","Test":"TestRootLedgerInvalidPortsFailBeforeWrites","Output":"--- PASS: TestRootLedgerInvalidPortsFailBeforeWrites (0.01s)\n","OutputType":"frame"}
{"Time":"2026-10-07T07:39:35.683588905Z","Action":"pass","Package":"github.com/Hubujiu/WeaveOS/services/bff/internal/flowcommands","Test":"TestRootLedgerInvalidPortsFailBeforeWrites","Elapsed":0.01}
{"Time":"2026-10-07T07:39:35.683594914Z","Action":"run","Package":"github.com/Hubujiu/WeaveOS/services/bff/internal/flowcommands","Test":"TestRootLedgerCorruptStoredCommandFailsClosed"}
{"Time":"2026-10-07T07:39:35.683597198Z","Action":"output","Package":"github.com/Hubujiu/WeaveOS/services/bff/internal/flowcommands","Test":"TestRootLedgerCorruptStoredCommandFailsClosed","Output":"=== RUN   TestRootLedgerCorruptStoredCommandFailsClosed\n","OutputType":"frame"}
{"Time":"2026-10-07T07:39:35.69399623Z","Action":"output","Package":"github.com/Hubujiu/WeaveOS/services/bff/internal/flowcommands","Test":"TestRootLedgerCorruptStoredCommandFailsClosed","Output":"--- PASS: TestRootLedgerCorruptStoredCommandFailsClosed (0.01s)\n","OutputType":"frame"}
{"Time":"2026-10-07T07:39:35.694041458Z","Action":"pass","Package":"github.com/Hubujiu/WeaveOS/services/bff/internal/flowcommands","Test":"TestRootLedgerCorruptStoredCommandFailsClosed","Elapsed":0.01}
{"Time":"2026-10-07T07:39:35.694047227Z","Action":"run","Package":"github.com/Hubujiu/WeaveOS/services/bff/internal/flowcommands","Test":"TestRootFingerprintGoldenAndDeterministic"}
{"Time":"2026-10-07T07:39:35.694050562Z","Action":"output","Package":"github.com/Hubujiu/WeaveOS/services/bff/internal/flowcommands","Test":"TestRootFingerprintGoldenAndDeterministic","Output":"=== RUN   TestRootFingerprintGoldenAndDeterministic\n","OutputType":"frame"}
{"Time":"2026-10-07T07:39:35.694160167Z","Action":"output","Package":"github.com/Hubujiu/WeaveOS/services/bff/internal/flowcommands","Test":"TestRootFingerprintGoldenAndDeterministic","Output":"--- PASS: TestRootFingerprintGoldenAndDeterministic (0.00s)\n","OutputType":"frame"}
{"Time":"2026-10-07T07:39:35.694196001Z","Action":"pass","Package":"github.com/Hubujiu/WeaveOS/services/bff/internal/flowcommands","Test":"TestRootFingerprintGoldenAndDeterministic","Elapsed":0}
{"Time":"2026-10-07T07:39:35.694210973Z","Action":"run","Package":"github.com/Hubujiu/WeaveOS/services/bff/internal/flowcommands","Test":"TestRootEverySemanticCommandFieldIsBound"}
{"Time":"2026-10-07T07:39:35.694212876Z","Action":"output","Package":"github.com/Hubujiu/WeaveOS/services/bff/internal/flowcommands","Test":"TestRootEverySemanticCommandFieldIsBound","Output":"=== RUN   TestRootEverySemanticCommandFieldIsBound\n","OutputType":"frame"}
{"Time":"2026-10-07T07:39:35.694318866Z","Action":"run","Package":"github.com/Hubujiu/WeaveOS/services/bff/internal/flowcommands","Test":"TestRootEverySemanticCommandFieldIsBound/0"}
{"Time":"2026-10-07T07:39:35.694325185Z","Action":"output","Package":"github.com/Hubujiu/WeaveOS/services/bff/internal/flowcommands","Test":"TestRootEverySemanticCommandFieldIsBound/0","Output":"=== RUN   TestRootEverySemanticCommandFieldIsBound/0\n","OutputType":"frame"}
{"Time":"2026-10-07T07:39:35.694449512Z","Action":"output","Package":"github.com/Hubujiu/WeaveOS/services/bff/internal/flowcommands","Test":"TestRootEverySemanticCommandFieldIsBound/0","Output":"--- PASS: TestRootEverySemanticCommandFieldIsBound/0 (0.00s)\n","OutputType":"frame"}
{"Time":"2026-10-07T07:39:35.694469833Z","Action":"pass","Package":"github.com/Hubujiu/WeaveOS/services/bff/internal/flowcommands","Test":"TestRootEverySemanticCommandFieldIsBound/0","Elapsed":0}
{"Time":"2026-10-07T07:39:35.694495912Z","Action":"run","Package":"github.com/Hubujiu/WeaveOS/services/bff/internal/flowcommands","Test":"TestRootEverySemanticCommandFieldIsBound/1"}
{"Time":"2026-10-07T07:39:35.694497434Z","Action":"output","Package":"github.com/Hubujiu/WeaveOS/services/bff/internal/flowcommands","Test":"TestRootEverySemanticCommandFieldIsBound/1","Output":"=== RUN   TestRootEverySemanticCommandFieldIsBound/1\n","OutputType":"frame"}
{"Time":"2026-10-07T07:39:35.694604946Z","Action":"output","Package":"github.com/Hubujiu/WeaveOS/services/bff/internal/flowcommands","Test":"TestRootEverySemanticCommandFieldIsBound/1","Output":"--- PASS: TestRootEverySemanticCommandFieldIsBound/1 (0.00s)\n","OutputType":"frame"}
{"Time":"2026-10-07T07:39:35.694621441Z","Action":"pass","Package":"github.com/Hubujiu/WeaveOS/services/bff/internal/flowcommands","Test":"TestRootEverySemanticCommandFieldIsBound/1","Elapsed":0}
{"Time":"2026-10-07T07:39:35.694652698Z","Action":"run","Package":"github.com/Hubujiu/WeaveOS/services/bff/internal/flowcommands","Test":"TestRootEverySemanticCommandFieldIsBound/2"}
{"Time":"2026-10-07T07:39:35.69465434Z","Action":"output","Package":"github.com/Hubujiu/WeaveOS/services/bff/internal/flowcommands","Test":"TestRootEverySemanticCommandFieldIsBound/2","Output":"=== RUN   TestRootEverySemanticCommandFieldIsBound/2\n","OutputType":"frame"}
{"Time":"2026-10-07T07:39:35.694761672Z","Action":"output","Package":"github.com/Hubujiu/WeaveOS/services/bff/internal/flowcommands","Test":"TestRootEverySemanticCommandFieldIsBound/2","Output":"--- PASS: TestRootEverySemanticCommandFieldIsBound/2 (0.00s)\n","OutputType":"frame"}
{"Time":"2026-10-07T07:39:35.694874632Z","Action":"pass","Package":"github.com/Hubujiu/WeaveOS/services/bff/internal/flowcommands","Test":"TestRootEverySemanticCommandFieldIsBound/2","Elapsed":0}
{"Time":"2026-10-07T07:39:35.694877987Z","Action":"run","Package":"github.com/Hubujiu/WeaveOS/services/bff/internal/flowcommands","Test":"TestRootEverySemanticCommandFieldIsBound/3"}
{"Time":"2026-10-07T07:39:35.694879729Z","Action":"output","Package":"github.com/Hubujiu/WeaveOS/services/bff/internal/flowcommands","Test":"TestRootEverySemanticCommandFieldIsBound/3","Output":"=== RUN   TestRootEverySemanticCommandFieldIsBound/3\n","OutputType":"frame"}
{"Time":"2026-10-07T07:39:35.694933791Z","Action":"output","Package":"github.com/Hubujiu/WeaveOS/services/bff/internal/flowcommands","Test":"TestRootEverySemanticCommandFieldIsBound/3","Output":"--- PASS: TestRootEverySemanticCommandFieldIsBound/3 (0.00s)\n","OutputType":"frame"}
{"Time":"2026-10-07T07:39:35.694972929Z","Action":"pass","Package":"github.com/Hubujiu/WeaveOS/services/bff/internal/flowcommands","Test":"TestRootEverySemanticCommandFieldIsBound/3","Elapsed":0}
{"Time":"2026-10-07T07:39:35.694974912Z","Action":"run","Package":"github.com/Hubujiu/WeaveOS/services/bff/internal/flowcommands","Test":"TestRootEverySemanticCommandFieldIsBound/4"}
{"Time":"2026-10-07T07:39:35.694976335Z","Action":"output","Package":"github.com/Hubujiu/WeaveOS/services/bff/internal/flowcommands","Test":"TestRootEverySemanticCommandFieldIsBound/4","Output":"=== RUN   TestRootEverySemanticCommandFieldIsBound/4\n","OutputType":"frame"}
{"Time":"2026-10-07T07:39:35.695100391Z","Action":"output","Package":"github.com/Hubujiu/WeaveOS/services/bff/internal/flowcommands","Test":"TestRootEverySemanticCommandFieldIsBound/4","Output":"--- PASS: TestRootEverySemanticCommandFieldIsBound/4 (0.00s)\n","OutputType":"frame"}
{"Time":"2026-10-07T07:39:35.695120111Z","Action":"pass","Package":"github.com/Hubujiu/WeaveOS/services/bff/internal/flowcommands","Test":"TestRootEverySemanticCommandFieldIsBound/4","Elapsed":0}
{"Time":"2026-10-07T07:39:35.695143596Z","Action":"run","Package":"github.com/Hubujiu/WeaveOS/services/bff/internal/flowcommands","Test":"TestRootEverySemanticCommandFieldIsBound/5"}
{"Time":"2026-10-07T07:39:35.695145399Z","Action":"output","Package":"github.com/Hubujiu/WeaveOS/services/bff/internal/flowcommands","Test":"TestRootEverySemanticCommandFieldIsBound/5","Output":"=== RUN   TestRootEverySemanticCommandFieldIsBound/5\n","OutputType":"frame"}
{"Time":"2026-10-07T07:39:35.695275435Z","Action":"output","Package":"github.com/Hubujiu/WeaveOS/services/bff/internal/flowcommands","Test":"TestRootEverySemanticCommandFieldIsBound/5","Output":"--- PASS: TestRootEverySemanticCommandFieldIsBound/5 (0.00s)\n","OutputType":"frame"}
{"Time":"2026-10-07T07:39:35.695278589Z","Action":"pass","Package":"github.com/Hubujiu/WeaveOS/services/bff/internal/flowcommands","Test":"TestRootEverySemanticCommandFieldIsBound/5","Elapsed":0}
{"Time":"2026-10-07T07:39:35.695294213Z","Action":"run","Package":"github.com/Hubujiu/WeaveOS/services/bff/internal/flowcommands","Test":"TestRootEverySemanticCommandFieldIsBound/6"}
{"Time":"2026-10-07T07:39:35.695295705Z","Action":"output","Package":"github.com/Hubujiu/WeaveOS/services/bff/internal/flowcommands","Test":"TestRootEverySemanticCommandFieldIsBound/6","Output":"=== RUN   TestRootEverySemanticCommandFieldIsBound/6\n","OutputType":"frame"}
{"Time":"2026-10-07T07:39:35.695388725Z","Action":"output","Package":"github.com/Hubujiu/WeaveOS/services/bff/internal/flowcommands","Test":"TestRootEverySemanticCommandFieldIsBound/6","Output":"--- PASS: TestRootEverySemanticCommandFieldIsBound/6 (0.00s)\n","OutputType":"frame"}
{"Time":"2026-10-07T07:39:35.695414674Z","Action":"pass","Package":"github.com/Hubujiu/WeaveOS/services/bff/internal/flowcommands","Test":"TestRootEverySemanticCommandFieldIsBound/6","Elapsed":0}
{"Time":"2026-10-07T07:39:35.69547188Z","Action":"run","Package":"github.com/Hubujiu/WeaveOS/services/bff/internal/flowcommands","Test":"TestRootEverySemanticCommandFieldIsBound/7"}
{"Time":"2026-10-07T07:39:35.695473763Z","Action":"output","Package":"github.com/Hubujiu/WeaveOS/services/bff/internal/flowcommands","Test":"TestRootEverySemanticCommandFieldIsBound/7","Output":"=== RUN   TestRootEverySemanticCommandFieldIsBound/7\n","OutputType":"frame"}
{"Time":"2026-10-07T07:39:35.695564469Z","Action":"output","Package":"github.com/Hubujiu/WeaveOS/services/bff/internal/flowcommands","Test":"TestRootEverySemanticCommandFieldIsBound/7","Output":"--- PASS: TestRootEverySemanticCommandFieldIsBound/7 (0.00s)\n","OutputType":"frame"}
{"Time":"2026-10-07T07:39:35.695566623Z","Action":"pass","Package":"github.com/Hubujiu/WeaveOS/services/bff/internal/flowcommands","Test":"TestRootEverySemanticCommandFieldIsBound/7","Elapsed":0}
{"Time":"2026-10-07T07:39:35.695568005Z","Action":"run","Package":"github.com/Hubujiu/WeaveOS/services/bff/internal/flowcommands","Test":"TestRootEverySemanticCommandFieldIsBound/8"}
{"Time":"2026-10-07T07:39:35.695570438Z","Action":"output","Package":"github.com/Hubujiu/WeaveOS/services/bff/internal/flowcommands","Test":"TestRootEverySemanticCommandFieldIsBound/8","Output":"=== RUN   TestRootEverySemanticCommandFieldIsBound/8\n","OutputType":"frame"}
{"Time":"2026-10-07T07:39:35.695670549Z","Action":"output","Package":"github.com/Hubujiu/WeaveOS/services/bff/internal/flowcommands","Test":"TestRootEverySemanticCommandFieldIsBound/8","Output":"--- PASS: TestRootEverySemanticCommandFieldIsBound/8 (0.00s)\n","OutputType":"frame"}
{"Time":"2026-10-07T07:39:35.695692832Z","Action":"pass","Package":"github.com/Hubujiu/WeaveOS/services/bff/internal/flowcommands","Test":"TestRootEverySemanticCommandFieldIsBound/8","Elapsed":0}
{"Time":"2026-10-07T07:39:35.695745291Z","Action":"run","Package":"github.com/Hubujiu/WeaveOS/services/bff/internal/flowcommands","Test":"TestRootEverySemanticCommandFieldIsBound/9"}
{"Time":"2026-10-07T07:39:35.695747715Z","Action":"output","Package":"github.com/Hubujiu/WeaveOS/services/bff/internal/flowcommands","Test":"TestRootEverySemanticCommandFieldIsBound/9","Output":"=== RUN   TestRootEverySemanticCommandFieldIsBound/9\n","OutputType":"frame"}
{"Time":"2026-10-07T07:39:35.695867796Z","Action":"output","Package":"github.com/Hubujiu/WeaveOS/services/bff/internal/flowcommands","Test":"TestRootEverySemanticCommandFieldIsBound/9","Output":"--- PASS: TestRootEverySemanticCommandFieldIsBound/9 (0.00s)\n","OutputType":"frame"}
{"Time":"2026-10-07T07:39:35.695871111Z","Action":"pass","Package":"github.com/Hubujiu/WeaveOS/services/bff/internal/flowcommands","Test":"TestRootEverySemanticCommandFieldIsBound/9","Elapsed":0}
{"Time":"2026-10-07T07:39:35.695873534Z","Action":"run","Package":"github.com/Hubujiu/WeaveOS/services/bff/internal/flowcommands","Test":"TestRootEverySemanticCommandFieldIsBound/10"}
{"Time":"2026-10-07T07:39:35.695874916Z","Action":"output","Package":"github.com/Hubujiu/WeaveOS/services/bff/internal/flowcommands","Test":"TestRootEverySemanticCommandFieldIsBound/10","Output":"=== RUN   TestRootEverySemanticCommandFieldIsBound/10\n","OutputType":"frame"}
{"Time":"2026-10-07T07:39:35.695980976Z","Action":"output","Package":"github.com/Hubujiu/WeaveOS/services/bff/internal/flowcommands","Test":"TestRootEverySemanticCommandFieldIsBound/10","Output":"--- PASS: TestRootEverySemanticCommandFieldIsBound/10 (0.00s)\n","OutputType":"frame"}
{"Time":"2026-10-07T07:39:35.696002969Z","Action":"pass","Package":"github.com/Hubujiu/WeaveOS/services/bff/internal/flowcommands","Test":"TestRootEverySemanticCommandFieldIsBound/10","Elapsed":0}
{"Time":"2026-10-07T07:39:35.696042188Z","Action":"run","Package":"github.com/Hubujiu/WeaveOS/services/bff/internal/flowcommands","Test":"TestRootEverySemanticCommandFieldIsBound/11"}
{"Time":"2026-10-07T07:39:35.69604384Z","Action":"output","Package":"github.com/Hubujiu/WeaveOS/services/bff/internal/flowcommands","Test":"TestRootEverySemanticCommandFieldIsBound/11","Output":"=== RUN   TestRootEverySemanticCommandFieldIsBound/11\n","OutputType":"frame"}
{"Time":"2026-10-07T07:39:35.696142248Z","Action":"output","Package":"github.com/Hubujiu/WeaveOS/services/bff/internal/flowcommands","Test":"TestRootEverySemanticCommandFieldIsBound/11","Output":"--- PASS: TestRootEverySemanticCommandFieldIsBound/11 (0.00s)\n","OutputType":"frame"}
{"Time":"2026-10-07T07:39:35.696150952Z","Action":"pass","Package":"github.com/Hubujiu/WeaveOS/services/bff/internal/flowcommands","Test":"TestRootEverySemanticCommandFieldIsBound/11","Elapsed":0}
{"Time":"2026-10-07T07:39:35.696152524Z","Action":"run","Package":"github.com/Hubujiu/WeaveOS/services/bff/internal/flowcommands","Test":"TestRootEverySemanticCommandFieldIsBound/12"}
{"Time":"2026-10-07T07:39:35.696153816Z","Action":"output","Package":"github.com/Hubujiu/WeaveOS/services/bff/internal/flowcommands","Test":"TestRootEverySemanticCommandFieldIsBound/12","Output":"=== RUN   TestRootEverySemanticCommandFieldIsBound/12\n","OutputType":"frame"}
{"Time":"2026-10-07T07:39:35.696248819Z","Action":"output","Package":"github.com/Hubujiu/WeaveOS/services/bff/internal/flowcommands","Test":"TestRootEverySemanticCommandFieldIsBound/12","Output":"--- PASS: TestRootEverySemanticCommandFieldIsBound/12 (0.00s)\n","OutputType":"frame"}
{"Time":"2026-10-07T07:39:35.696266145Z","Action":"pass","Package":"github.com/Hubujiu/WeaveOS/services/bff/internal/flowcommands","Test":"TestRootEverySemanticCommandFieldIsBound/12","Elapsed":0}
{"Time":"2026-10-07T07:39:35.696300176Z","Action":"output","Package":"github.com/Hubujiu/WeaveOS/services/bff/internal/flowcommands","Test":"TestRootEverySemanticCommandFieldIsBound","Output":"--- PASS: TestRootEverySemanticCommandFieldIsBound (0.00s)\n","OutputType":"frame"}
{"Time":"2026-10-07T07:39:35.696312805Z","Action":"pass","Package":"github.com/Hubujiu/WeaveOS/services/bff/internal/flowcommands","Test":"TestRootEverySemanticCommandFieldIsBound","Elapsed":0}
{"Time":"2026-10-07T07:39:35.69634293Z","Action":"run","Package":"github.com/Hubujiu/WeaveOS/services/bff/internal/flowcommands","Test":"TestRootInvalidCommandsFailClosed"}
{"Time":"2026-10-07T07:39:35.696345294Z","Action":"output","Package":"github.com/Hubujiu/WeaveOS/services/bff/internal/flowcommands","Test":"TestRootInvalidCommandsFailClosed","Output":"=== RUN   TestRootInvalidCommandsFailClosed\n","OutputType":"frame"}
{"Time":"2026-10-07T07:39:35.696383061Z","Action":"run","Package":"github.com/Hubujiu/WeaveOS/services/bff/internal/flowcommands","Test":"TestRootInvalidCommandsFailClosed/0"}
{"Time":"2026-10-07T07:39:35.696384683Z","Action":"output","Package":"github.com/Hubujiu/WeaveOS/services/bff/internal/flowcommands","Test":"TestRootInvalidCommandsFailClosed/0","Output":"=== RUN   TestRootInvalidCommandsFailClosed/0\n","OutputType":"frame"}
{"Time":"2026-10-07T07:39:35.696443912Z","Action":"output","Package":"github.com/Hubujiu/WeaveOS/services/bff/internal/flowcommands","Test":"TestRootInvalidCommandsFailClosed/0","Output":"--- PASS: TestRootInvalidCommandsFailClosed/0 (0.00s)\n","OutputType":"frame"}
{"Time":"2026-10-07T07:39:35.696459786Z","Action":"pass","Package":"github.com/Hubujiu/WeaveOS/services/bff/internal/flowcommands","Test":"TestRootInvalidCommandsFailClosed/0","Elapsed":0}
{"Time":"2026-10-07T07:39:35.696526076Z","Action":"run","Package":"github.com/Hubujiu/WeaveOS/services/bff/internal/flowcommands","Test":"TestRootInvalidCommandsFailClosed/1"}
{"Time":"2026-10-07T07:39:35.696527768Z","Action":"output","Package":"github.com/Hubujiu/WeaveOS/services/bff/internal/flowcommands","Test":"TestRootInvalidCommandsFailClosed/1","Output":"=== RUN   TestRootInvalidCommandsFailClosed/1\n","OutputType":"frame"}
{"Time":"2026-10-07T07:39:35.696529821Z","Action":"output","Package":"github.com/Hubujiu/WeaveOS/services/bff/internal/flowcommands","Test":"TestRootInvalidCommandsFailClosed/1","Output":"--- PASS: TestRootInvalidCommandsFailClosed/1 (0.00s)\n","OutputType":"frame"}
{"Time":"2026-10-07T07:39:35.696531544Z","Action":"pass","Package":"github.com/Hubujiu/WeaveOS/services/bff/internal/flowcommands","Test":"TestRootInvalidCommandsFailClosed/1","Elapsed":0}
{"Time":"2026-10-07T07:39:35.69654877Z","Action":"run","Package":"github.com/Hubujiu/WeaveOS/services/bff/internal/flowcommands","Test":"TestRootInvalidCommandsFailClosed/2"}
{"Time":"2026-10-07T07:39:35.696550362Z","Action":"output","Package":"github.com/Hubujiu/WeaveOS/services/bff/internal/flowcommands","Test":"TestRootInvalidCommandsFailClosed/2","Output":"=== RUN   TestRootInvalidCommandsFailClosed/2\n","OutputType":"frame"}
{"Time":"2026-10-07T07:39:35.696624043Z","Action":"output","Package":"github.com/Hubujiu/WeaveOS/services/bff/internal/flowcommands","Test":"TestRootInvalidCommandsFailClosed/2","Output":"--- PASS: TestRootInvalidCommandsFailClosed/2 (0.00s)\n","OutputType":"frame"}
{"Time":"2026-10-07T07:39:35.696627629Z","Action":"pass","Package":"github.com/Hubujiu/WeaveOS/services/bff/internal/flowcommands","Test":"TestRootInvalidCommandsFailClosed/2","Elapsed":0}
{"Time":"2026-10-07T07:39:35.696629121Z","Action":"run","Package":"github.com/Hubujiu/WeaveOS/services/bff/internal/flowcommands","Test":"TestRootInvalidCommandsFailClosed/3"}
{"Time":"2026-10-07T07:39:35.696630463Z","Action":"output","Package":"github.com/Hubujiu/WeaveOS/services/bff/internal/flowcommands","Test":"TestRootInvalidCommandsFailClosed/3","Output":"=== RUN   TestRootInvalidCommandsFailClosed/3\n","OutputType":"frame"}
{"Time":"2026-10-07T07:39:35.696633648Z","Action":"output","Package":"github.com/Hubujiu/WeaveOS/services/bff/internal/flowcommands","Test":"TestRootInvalidCommandsFailClosed/3","Output":"--- PASS: TestRootInvalidCommandsFailClosed/3 (0.00s)\n","OutputType":"frame"}
{"Time":"2026-10-07T07:39:35.696657263Z","Action":"pass","Package":"github.com/Hubujiu/WeaveOS/services/bff/internal/flowcommands","Test":"TestRootInvalidCommandsFailClosed/3","Elapsed":0}
{"Time":"2026-10-07T07:39:35.696675511Z","Action":"run","Package":"github.com/Hubujiu/WeaveOS/services/bff/internal/flowcommands","Test":"TestRootInvalidCommandsFailClosed/4"}
{"Time":"2026-10-07T07:39:35.696700178Z","Action":"output","Package":"github.com/Hubujiu/WeaveOS/services/bff/internal/flowcommands","Test":"TestRootInvalidCommandsFailClosed/4","Output":"=== RUN   TestRootInvalidCommandsFailClosed/4\n","OutputType":"frame"}
{"Time":"2026-10-07T07:39:35.696733568Z","Action":"output","Package":"github.com/Hubujiu/WeaveOS/services/bff/internal/flowcommands","Test":"TestRootInvalidCommandsFailClosed/4","Output":"--- PASS: TestRootInvalidCommandsFailClosed/4 (0.00s)\n","OutputType":"frame"}
{"Time":"2026-10-07T07:39:35.696750614Z","Action":"pass","Package":"github.com/Hubujiu/WeaveOS/services/bff/internal/flowcommands","Test":"TestRootInvalidCommandsFailClosed/4","Elapsed":0}
{"Time":"2026-10-07T07:39:35.696766578Z","Action":"run","Package":"github.com/Hubujiu/WeaveOS/services/bff/internal/flowcommands","Test":"TestRootInvalidCommandsFailClosed/5"}
{"Time":"2026-10-07T07:39:35.69676806Z","Action":"output","Package":"github.com/Hubujiu/WeaveOS/services/bff/internal/flowcommands","Test":"TestRootInvalidCommandsFailClosed/5","Output":"=== RUN   TestRootInvalidCommandsFailClosed/5\n","OutputType":"frame"}
{"Time":"2026-10-07T07:39:35.696840609Z","Action":"output","Package":"github.com/Hubujiu/WeaveOS/services/bff/internal/flowcommands","Test":"TestRootInvalidCommandsFailClosed/5","Output":"--- PASS: TestRootInvalidCommandsFailClosed/5 (0.00s)\n","OutputType":"frame"}
{"Time":"2026-10-07T07:39:35.69685485Z","Action":"pass","Package":"github.com/Hubujiu/WeaveOS/services/bff/internal/flowcommands","Test":"TestRootInvalidCommandsFailClosed/5","Elapsed":0}
{"Time":"2026-10-07T07:39:35.696924365Z","Action":"run","Package":"github.com/Hubujiu/WeaveOS/services/bff/internal/flowcommands","Test":"TestRootInvalidCommandsFailClosed/6"}
{"Time":"2026-10-07T07:39:35.696926298Z","Action":"output","Package":"github.com/Hubujiu/WeaveOS/services/bff/internal/flowcommands","Test":"TestRootInvalidCommandsFailClosed/6","Output":"=== RUN   TestRootInvalidCommandsFailClosed/6\n","OutputType":"frame"}
{"Time":"2026-10-07T07:39:35.696928401Z","Action":"output","Package":"github.com/Hubujiu/WeaveOS/services/bff/internal/flowcommands","Test":"TestRootInvalidCommandsFailClosed/6","Output":"--- PASS: TestRootInvalidCommandsFailClosed/6 (0.00s)\n","OutputType":"frame"}
{"Time":"2026-10-07T07:39:35.696930454Z","Action":"pass","Package":"github.com/Hubujiu/WeaveOS/services/bff/internal/flowcommands","Test":"TestRootInvalidCommandsFailClosed/6","Elapsed":0}
{"Time":"2026-10-07T07:39:35.696945687Z","Action":"run","Package":"github.com/Hubujiu/WeaveOS/services/bff/internal/flowcommands","Test":"TestRootInvalidCommandsFailClosed/7"}
{"Time":"2026-10-07T07:39:35.696947149Z","Action":"output","Package":"github.com/Hubujiu/WeaveOS/services/bff/internal/flowcommands","Test":"TestRootInvalidCommandsFailClosed/7","Output":"=== RUN   TestRootInvalidCommandsFailClosed/7\n","OutputType":"frame"}
{"Time":"2026-10-07T07:39:35.697008331Z","Action":"output","Package":"github.com/Hubujiu/WeaveOS/services/bff/internal/flowcommands","Test":"TestRootInvalidCommandsFailClosed/7","Output":"--- PASS: TestRootInvalidCommandsFailClosed/7 (0.00s)\n","OutputType":"frame"}
{"Time":"2026-10-07T07:39:35.697010965Z","Action":"pass","Package":"github.com/Hubujiu/WeaveOS/services/bff/internal/flowcommands","Test":"TestRootInvalidCommandsFailClosed/7","Elapsed":0}
{"Time":"2026-10-07T07:39:35.697030144Z","Action":"run","Package":"github.com/Hubujiu/WeaveOS/services/bff/internal/flowcommands","Test":"TestRootInvalidCommandsFailClosed/8"}
{"Time":"2026-10-07T07:39:35.697031506Z","Action":"output","Package":"github.com/Hubujiu/WeaveOS/services/bff/internal/flowcommands","Test":"TestRootInvalidCommandsFailClosed/8","Output":"=== RUN   TestRootInvalidCommandsFailClosed/8\n","OutputType":"frame"}
{"Time":"2026-10-07T07:39:35.697118577Z","Action":"output","Package":"github.com/Hubujiu/WeaveOS/services/bff/internal/flowcommands","Test":"TestRootInvalidCommandsFailClosed/8","Output":"--- PASS: TestRootInvalidCommandsFailClosed/8 (0.00s)\n","OutputType":"frame"}
{"Time":"2026-10-07T07:39:35.697121762Z","Action":"pass","Package":"github.com/Hubujiu/WeaveOS/services/bff/internal/flowcommands","Test":"TestRootInvalidCommandsFailClosed/8","Elapsed":0}
{"Time":"2026-10-07T07:39:35.697123404Z","Action":"run","Package":"github.com/Hubujiu/WeaveOS/services/bff/internal/flowcommands","Test":"TestRootInvalidCommandsFailClosed/9"}
{"Time":"2026-10-07T07:39:35.697124857Z","Action":"output","Package":"github.com/Hubujiu/WeaveOS/services/bff/internal/flowcommands","Test":"TestRootInvalidCommandsFailClosed/9","Output":"=== RUN   TestRootInvalidCommandsFailClosed/9\n","OutputType":"frame"}
{"Time":"2026-10-07T07:39:35.697139168Z","Action":"output","Package":"github.com/Hubujiu/WeaveOS/services/bff/internal/flowcommands","Test":"TestRootInvalidCommandsFailClosed/9","Output":"--- PASS: TestRootInvalidCommandsFailClosed/9 (0.00s)\n","OutputType":"frame"}
{"Time":"2026-10-07T07:39:35.69716029Z","Action":"pass","Package":"github.com/Hubujiu/WeaveOS/services/bff/internal/flowcommands","Test":"TestRootInvalidCommandsFailClosed/9","Elapsed":0}
{"Time":"2026-10-07T07:39:35.6972072Z","Action":"run","Package":"github.com/Hubujiu/WeaveOS/services/bff/internal/flowcommands","Test":"TestRootInvalidCommandsFailClosed/10"}
{"Time":"2026-10-07T07:39:35.697209023Z","Action":"output","Package":"github.com/Hubujiu/WeaveOS/services/bff/internal/flowcommands","Test":"TestRootInvalidCommandsFailClosed/10","Output":"=== RUN   TestRootInvalidCommandsFailClosed/10\n","OutputType":"frame"}
{"Time":"2026-10-07T07:39:35.697211717Z","Action":"output","Package":"github.com/Hubujiu/WeaveOS/services/bff/internal/flowcommands","Test":"TestRootInvalidCommandsFailClosed/10","Output":"--- PASS: TestRootInvalidCommandsFailClosed/10 (0.00s)\n","OutputType":"frame"}
{"Time":"2026-10-07T07:39:35.69722036Z","Action":"pass","Package":"github.com/Hubujiu/WeaveOS/services/bff/internal/flowcommands","Test":"TestRootInvalidCommandsFailClosed/10","Elapsed":0}
{"Time":"2026-10-07T07:39:35.697250746Z","Action":"run","Package":"github.com/Hubujiu/WeaveOS/services/bff/internal/flowcommands","Test":"TestRootInvalidCommandsFailClosed/11"}
{"Time":"2026-10-07T07:39:35.697252929Z","Action":"output","Package":"github.com/Hubujiu/WeaveOS/services/bff/internal/flowcommands","Test":"TestRootInvalidCommandsFailClosed/11","Output":"=== RUN   TestRootInvalidCommandsFailClosed/11\n","OutputType":"frame"}
{"Time":"2026-10-07T07:39:35.697311007Z","Action":"output","Package":"github.com/Hubujiu/WeaveOS/services/bff/internal/flowcommands","Test":"TestRootInvalidCommandsFailClosed/11","Output":"--- PASS: TestRootInvalidCommandsFailClosed/11 (0.00s)\n","OutputType":"frame"}
{"Time":"2026-10-07T07:39:35.69731343Z","Action":"pass","Package":"github.com/Hubujiu/WeaveOS/services/bff/internal/flowcommands","Test":"TestRootInvalidCommandsFailClosed/11","Elapsed":0}
{"Time":"2026-10-07T07:39:35.697332339Z","Action":"run","Package":"github.com/Hubujiu/WeaveOS/services/bff/internal/flowcommands","Test":"TestRootInvalidCommandsFailClosed/12"}
{"Time":"2026-10-07T07:39:35.697333801Z","Action":"output","Package":"github.com/Hubujiu/WeaveOS/services/bff/internal/flowcommands","Test":"TestRootInvalidCommandsFailClosed/12","Output":"=== RUN   TestRootInvalidCommandsFailClosed/12\n","OutputType":"frame"}
{"Time":"2026-10-07T07:39:35.697378959Z","Action":"output","Package":"github.com/Hubujiu/WeaveOS/services/bff/internal/flowcommands","Test":"TestRootInvalidCommandsFailClosed/12","Output":"--- PASS: TestRootInvalidCommandsFailClosed/12 (0.00s)\n","OutputType":"frame"}
{"Time":"2026-10-07T07:39:35.697387502Z","Action":"pass","Package":"github.com/Hubujiu/WeaveOS/services/bff/internal/flowcommands","Test":"TestRootInvalidCommandsFailClosed/12","Elapsed":0}
{"Time":"2026-10-07T07:39:35.697404457Z","Action":"run","Package":"github.com/Hubujiu/WeaveOS/services/bff/internal/flowcommands","Test":"TestRootInvalidCommandsFailClosed/13"}
{"Time":"2026-10-07T07:39:35.69740649Z","Action":"output","Package":"github.com/Hubujiu/WeaveOS/services/bff/internal/flowcommands","Test":"TestRootInvalidCommandsFailClosed/13","Output":"=== RUN   TestRootInvalidCommandsFailClosed/13\n","OutputType":"frame"}
{"Time":"2026-10-07T07:39:35.697443546Z","Action":"output","Package":"github.com/Hubujiu/WeaveOS/services/bff/internal/flowcommands","Test":"TestRootInvalidCommandsFailClosed/13","Output":"--- PASS: TestRootInvalidCommandsFailClosed/13 (0.00s)\n","OutputType":"frame"}
{"Time":"2026-10-07T07:39:35.697496255Z","Action":"pass","Package":"github.com/Hubujiu/WeaveOS/services/bff/internal/flowcommands","Test":"TestRootInvalidCommandsFailClosed/13","Elapsed":0}
{"Time":"2026-10-07T07:39:35.697499741Z","Action":"run","Package":"github.com/Hubujiu/WeaveOS/services/bff/internal/flowcommands","Test":"TestRootInvalidCommandsFailClosed/14"}
{"Time":"2026-10-07T07:39:35.697501443Z","Action":"output","Package":"github.com/Hubujiu/WeaveOS/services/bff/internal/flowcommands","Test":"TestRootInvalidCommandsFailClosed/14","Output":"=== RUN   TestRootInvalidCommandsFailClosed/14\n","OutputType":"frame"}
{"Time":"2026-10-07T07:39:35.697510847Z","Action":"output","Package":"github.com/Hubujiu/WeaveOS/services/bff/internal/flowcommands","Test":"TestRootInvalidCommandsFailClosed/14","Output":"--- PASS: TestRootInvalidCommandsFailClosed/14 (0.00s)\n","OutputType":"frame"}
{"Time":"2026-10-07T07:39:35.697513081Z","Action":"pass","Package":"github.com/Hubujiu/WeaveOS/services/bff/internal/flowcommands","Test":"TestRootInvalidCommandsFailClosed/14","Elapsed":0}
{"Time":"2026-10-07T07:39:35.697533892Z","Action":"run","Package":"github.com/Hubujiu/WeaveOS/services/bff/internal/flowcommands","Test":"TestRootInvalidCommandsFailClosed/15"}
{"Time":"2026-10-07T07:39:35.697535444Z","Action":"output","Package":"github.com/Hubujiu/WeaveOS/services/bff/internal/flowcommands","Test":"TestRootInvalidCommandsFailClosed/15","Output":"=== RUN   TestRootInvalidCommandsFailClosed/15\n","OutputType":"frame"}
{"Time":"2026-10-07T07:39:35.697581423Z","Action":"output","Package":"github.com/Hubujiu/WeaveOS/services/bff/internal/flowcommands","Test":"TestRootInvalidCommandsFailClosed/15","Output":"--- PASS: TestRootInvalidCommandsFailClosed/15 (0.00s)\n","OutputType":"frame"}
{"Time":"2026-10-07T07:39:35.697590547Z","Action":"pass","Package":"github.com/Hubujiu/WeaveOS/services/bff/internal/flowcommands","Test":"TestRootInvalidCommandsFailClosed/15","Elapsed":0}
{"Time":"2026-10-07T07:39:35.697608444Z","Action":"run","Package":"github.com/Hubujiu/WeaveOS/services/bff/internal/flowcommands","Test":"TestRootInvalidCommandsFailClosed/16"}
{"Time":"2026-10-07T07:39:35.697609966Z","Action":"output","Package":"github.com/Hubujiu/WeaveOS/services/bff/internal/flowcommands","Test":"TestRootInvalidCommandsFailClosed/16","Output":"=== RUN   TestRootInvalidCommandsFailClosed/16\n","OutputType":"frame"}
{"Time":"2026-10-07T07:39:35.697669826Z","Action":"output","Package":"github.com/Hubujiu/WeaveOS/services/bff/internal/flowcommands","Test":"TestRootInvalidCommandsFailClosed/16","Output":"--- PASS: TestRootInvalidCommandsFailClosed/16 (0.00s)\n","OutputType":"frame"}
{"Time":"2026-10-07T07:39:35.69767252Z","Action":"pass","Package":"github.com/Hubujiu/WeaveOS/services/bff/internal/flowcommands","Test":"TestRootInvalidCommandsFailClosed/16","Elapsed":0}
{"Time":"2026-10-07T07:39:35.697686982Z","Action":"run","Package":"github.com/Hubujiu/WeaveOS/services/bff/internal/flowcommands","Test":"TestRootInvalidCommandsFailClosed/17"}
{"Time":"2026-10-07T07:39:35.697688585Z","Action":"output","Package":"github.com/Hubujiu/WeaveOS/services/bff/internal/flowcommands","Test":"TestRootInvalidCommandsFailClosed/17","Output":"=== RUN   TestRootInvalidCommandsFailClosed/17\n","OutputType":"frame"}
{"Time":"2026-10-07T07:39:35.697742676Z","Action":"output","Package":"github.com/Hubujiu/WeaveOS/services/bff/internal/flowcommands","Test":"TestRootInvalidCommandsFailClosed/17","Output":"--- PASS: TestRootInvalidCommandsFailClosed/17 (0.00s)\n","OutputType":"frame"}
{"Time":"2026-10-07T07:39:35.697746392Z","Action":"pass","Package":"github.com/Hubujiu/WeaveOS/services/bff/internal/flowcommands","Test":"TestRootInvalidCommandsFailClosed/17","Elapsed":0}
{"Time":"2026-10-07T07:39:35.697761785Z","Action":"run","Package":"github.com/Hubujiu/WeaveOS/services/bff/internal/flowcommands","Test":"TestRootInvalidCommandsFailClosed/18"}
{"Time":"2026-10-07T07:39:35.697763698Z","Action":"output","Package":"github.com/Hubujiu/WeaveOS/services/bff/internal/flowcommands","Test":"TestRootInvalidCommandsFailClosed/18","Output":"=== RUN   TestRootInvalidCommandsFailClosed/18\n","OutputType":"frame"}
{"Time":"2026-10-07T07:39:35.697839722Z","Action":"output","Package":"github.com/Hubujiu/WeaveOS/services/bff/internal/flowcommands","Test":"TestRootInvalidCommandsFailClosed/18","Output":"--- PASS: TestRootInvalidCommandsFailClosed/18 (0.00s)\n","OutputType":"frame"}
{"Time":"2026-10-07T07:39:35.697842737Z","Action":"pass","Package":"github.com/Hubujiu/WeaveOS/services/bff/internal/flowcommands","Test":"TestRootInvalidCommandsFailClosed/18","Elapsed":0}
{"Time":"2026-10-07T07:39:35.69786513Z","Action":"run","Package":"github.com/Hubujiu/WeaveOS/services/bff/internal/flowcommands","Test":"TestRootInvalidCommandsFailClosed/19"}
{"Time":"2026-10-07T07:39:35.697867023Z","Action":"output","Package":"github.com/Hubujiu/WeaveOS/services/bff/internal/flowcommands","Test":"TestRootInvalidCommandsFailClosed/19","Output":"=== RUN   TestRootInvalidCommandsFailClosed/19\n","OutputType":"frame"}
{"Time":"2026-10-07T07:39:35.697909497Z","Action":"output","Package":"github.com/Hubujiu/WeaveOS/services/bff/internal/flowcommands","Test":"TestRootInvalidCommandsFailClosed/19","Output":"--- PASS: TestRootInvalidCommandsFailClosed/19 (0.00s)\n","OutputType":"frame"}
{"Time":"2026-10-07T07:39:35.697918531Z","Action":"pass","Package":"github.com/Hubujiu/WeaveOS/services/bff/internal/flowcommands","Test":"TestRootInvalidCommandsFailClosed/19","Elapsed":0}
{"Time":"2026-10-07T07:39:35.698005672Z","Action":"output","Package":"github.com/Hubujiu/WeaveOS/services/bff/internal/flowcommands","Test":"TestRootInvalidCommandsFailClosed","Output":"--- PASS: TestRootInvalidCommandsFailClosed (0.00s)\n","OutputType":"frame"}
{"Time":"2026-10-07T07:39:35.698024069Z","Action":"pass","Package":"github.com/Hubujiu/WeaveOS/services/bff/internal/flowcommands","Test":"TestRootInvalidCommandsFailClosed","Elapsed":0}
{"Time":"2026-10-07T07:39:35.698025992Z","Action":"run","Package":"github.com/Hubujiu/WeaveOS/services/bff/internal/flowcommands","Test":"TestRootSupportedActionsAndStartIdentity"}
{"Time":"2026-10-07T07:39:35.698037429Z","Action":"output","Package":"github.com/Hubujiu/WeaveOS/services/bff/internal/flowcommands","Test":"TestRootSupportedActionsAndStartIdentity","Output":"=== RUN   TestRootSupportedActionsAndStartIdentity\n","OutputType":"frame"}
{"Time":"2026-10-07T07:39:35.698039633Z","Action":"run","Package":"github.com/Hubujiu/WeaveOS/services/bff/internal/flowcommands","Test":"TestRootSupportedActionsAndStartIdentity/start"}
{"Time":"2026-10-07T07:39:35.698041395Z","Action":"output","Package":"github.com/Hubujiu/WeaveOS/services/bff/internal/flowcommands","Test":"TestRootSupportedActionsAndStartIdentity/start","Output":"=== RUN   TestRootSupportedActionsAndStartIdentity/start\n","OutputType":"frame"}
{"Time":"2026-10-07T07:39:35.698111601Z","Action":"output","Package":"github.com/Hubujiu/WeaveOS/services/bff/internal/flowcommands","Test":"TestRootSupportedActionsAndStartIdentity/start","Output":"--- PASS: TestRootSupportedActionsAndStartIdentity/start (0.00s)\n","OutputType":"frame"}
{"Time":"2026-10-07T07:39:35.698165091Z","Action":"pass","Package":"github.com/Hubujiu/WeaveOS/services/bff/internal/flowcommands","Test":"TestRootSupportedActionsAndStartIdentity/start","Elapsed":0}
{"Time":"2026-10-07T07:39:35.698167205Z","Action":"run","Package":"github.com/Hubujiu/WeaveOS/services/bff/internal/flowcommands","Test":"TestRootSupportedActionsAndStartIdentity/agree"}
{"Time":"2026-10-07T07:39:35.698170369Z","Action":"output","Package":"github.com/Hubujiu/WeaveOS/services/bff/internal/flowcommands","Test":"TestRootSupportedActionsAndStartIdentity/agree","Output":"=== RUN   TestRootSupportedActionsAndStartIdentity/agree\n","OutputType":"frame"}
{"Time":"2026-10-07T07:39:35.69827699Z","Action":"output","Package":"github.com/Hubujiu/WeaveOS/services/bff/internal/flowcommands","Test":"TestRootSupportedActionsAndStartIdentity/agree","Output":"--- PASS: TestRootSupportedActionsAndStartIdentity/agree (0.00s)\n","OutputType":"frame"}
{"Time":"2026-10-07T07:39:35.698280235Z","Action":"pass","Package":"github.com/Hubujiu/WeaveOS/services/bff/internal/flowcommands","Test":"TestRootSupportedActionsAndStartIdentity/agree","Elapsed":0}
{"Time":"2026-10-07T07:39:35.698300555Z","Action":"run","Package":"github.com/Hubujiu/WeaveOS/services/bff/internal/flowcommands","Test":"TestRootSupportedActionsAndStartIdentity/reject"}
{"Time":"2026-10-07T07:39:35.698338342Z","Action":"output","Package":"github.com/Hubujiu/WeaveOS/services/bff/internal/flowcommands","Test":"TestRootSupportedActionsAndStartIdentity/reject","Output":"=== RUN   TestRootSupportedActionsAndStartIdentity/reject\n","OutputType":"frame"}
{"Time":"2026-10-07T07:39:35.698381858Z","Action":"output","Package":"github.com/Hubujiu/WeaveOS/services/bff/internal/flowcommands","Test":"TestRootSupportedActionsAndStartIdentity/reject","Output":"--- PASS: TestRootSupportedActionsAndStartIdentity/reject (0.00s)\n","OutputType":"frame"}
{"Time":"2026-10-07T07:39:35.698438853Z","Action":"pass","Package":"github.com/Hubujiu/WeaveOS/services/bff/internal/flowcommands","Test":"TestRootSupportedActionsAndStartIdentity/reject","Elapsed":0}
{"Time":"2026-10-07T07:39:35.698440946Z","Action":"run","Package":"github.com/Hubujiu/WeaveOS/services/bff/internal/flowcommands","Test":"TestRootSupportedActionsAndStartIdentity/withdraw"}
{"Time":"2026-10-07T07:39:35.698442288Z","Action":"output","Package":"github.com/Hubujiu/WeaveOS/services/bff/internal/flowcommands","Test":"TestRootSupportedActionsAndStartIdentity/withdraw","Output":"=== RUN   TestRootSupportedActionsAndStartIdentity/withdraw\n","OutputType":"frame"}
{"Time":"2026-10-07T07:39:35.698460015Z","Action":"output","Package":"github.com/Hubujiu/WeaveOS/services/bff/internal/flowcommands","Test":"TestRootSupportedActionsAndStartIdentity/withdraw","Output":"--- PASS: TestRootSupportedActionsAndStartIdentity/withdraw (0.00s)\n","OutputType":"frame"}
{"Time":"2026-10-07T07:39:35.698473555Z","Action":"pass","Package":"github.com/Hubujiu/WeaveOS/services/bff/internal/flowcommands","Test":"TestRootSupportedActionsAndStartIdentity/withdraw","Elapsed":0}
{"Time":"2026-10-07T07:39:35.698531963Z","Action":"output","Package":"github.com/Hubujiu/WeaveOS/services/bff/internal/flowcommands","Test":"TestRootSupportedActionsAndStartIdentity","Output":"--- PASS: TestRootSupportedActionsAndStartIdentity (0.00s)\n","OutputType":"frame"}
{"Time":"2026-10-07T07:39:35.698533976Z","Action":"pass","Package":"github.com/Hubujiu/WeaveOS/services/bff/internal/flowcommands","Test":"TestRootSupportedActionsAndStartIdentity","Elapsed":0}
{"Time":"2026-10-07T07:39:35.698536781Z","Action":"run","Package":"github.com/Hubujiu/WeaveOS/services/bff/internal/flowcommands","Test":"TestRootSuccessAndNoEffectPlans"}
{"Time":"2026-10-07T07:39:35.698539575Z","Action":"output","Package":"github.com/Hubujiu/WeaveOS/services/bff/internal/flowcommands","Test":"TestRootSuccessAndNoEffectPlans","Output":"=== RUN   TestRootSuccessAndNoEffectPlans\n","OutputType":"frame"}
{"Time":"2026-10-07T07:39:35.698643641Z","Action":"output","Package":"github.com/Hubujiu/WeaveOS/services/bff/internal/flowcommands","Test":"TestRootSuccessAndNoEffectPlans","Output":"--- PASS: TestRootSuccessAndNoEffectPlans (0.00s)\n","OutputType":"frame"}
{"Time":"2026-10-07T07:39:35.698645624Z","Action":"pass","Package":"github.com/Hubujiu/WeaveOS/services/bff/internal/flowcommands","Test":"TestRootSuccessAndNoEffectPlans","Elapsed":0}
{"Time":"2026-10-07T07:39:35.69864907Z","Action":"run","Package":"github.com/Hubujiu/WeaveOS/services/bff/internal/flowcommands","Test":"TestRootResultIdentityAndPayloadMustMatch"}
{"Time":"2026-10-07T07:39:35.698650552Z","Action":"output","Package":"github.com/Hubujiu/WeaveOS/services/bff/internal/flowcommands","Test":"TestRootResultIdentityAndPayloadMustMatch","Output":"=== RUN   TestRootResultIdentityAndPayloadMustMatch\n","OutputType":"frame"}
{"Time":"2026-10-07T07:39:35.698841189Z","Action":"output","Package":"github.com/Hubujiu/WeaveOS/services/bff/internal/flowcommands","Test":"TestRootResultIdentityAndPayloadMustMatch","Output":"--- PASS: TestRootResultIdentityAndPayloadMustMatch (0.00s)\n","OutputType":"frame"}
{"Time":"2026-10-07T07:39:35.698844203Z","Action":"pass","Package":"github.com/Hubujiu/WeaveOS/services/bff/internal/flowcommands","Test":"TestRootResultIdentityAndPayloadMustMatch","Elapsed":0}
{"Time":"2026-10-07T07:39:35.6988691Z","Action":"run","Package":"github.com/Hubujiu/WeaveOS/services/bff/internal/flowcommands","Test":"TestRootUnknownIsNeverAResult"}
{"Time":"2026-10-07T07:39:35.698870763Z","Action":"output","Package":"github.com/Hubujiu/WeaveOS/services/bff/internal/flowcommands","Test":"TestRootUnknownIsNeverAResult","Output":"=== RUN   TestRootUnknownIsNeverAResult\n","OutputType":"frame"}
{"Time":"2026-10-07T07:39:35.699246719Z","Action":"output","Package":"github.com/Hubujiu/WeaveOS/services/bff/internal/flowcommands","Test":"TestRootUnknownIsNeverAResult","Output":"--- PASS: TestRootUnknownIsNeverAResult (0.00s)\n","OutputType":"frame"}
{"Time":"2026-10-07T07:39:35.699276523Z","Action":"pass","Package":"github.com/Hubujiu/WeaveOS/services/bff/internal/flowcommands","Test":"TestRootUnknownIsNeverAResult","Elapsed":0}
{"Time":"2026-10-07T07:39:35.699301421Z","Action":"run","Package":"github.com/Hubujiu/WeaveOS/services/bff/internal/flowcommands","Test":"TestRootProofAndResultHashRequired"}
{"Time":"2026-10-07T07:39:35.699303083Z","Action":"output","Package":"github.com/Hubujiu/WeaveOS/services/bff/internal/flowcommands","Test":"TestRootProofAndResultHashRequired","Output":"=== RUN   TestRootProofAndResultHashRequired\n","OutputType":"frame"}
{"Time":"2026-10-07T07:39:35.699494842Z","Action":"output","Package":"github.com/Hubujiu/WeaveOS/services/bff/internal/flowcommands","Test":"TestRootProofAndResultHashRequired","Output":"--- PASS: TestRootProofAndResultHashRequired (0.00s)\n","OutputType":"frame"}
{"Time":"2026-10-07T07:39:35.699504606Z","Action":"pass","Package":"github.com/Hubujiu/WeaveOS/services/bff/internal/flowcommands","Test":"TestRootProofAndResultHashRequired","Elapsed":0}
{"Time":"2026-10-07T07:39:35.699517476Z","Action":"run","Package":"github.com/Hubujiu/WeaveOS/services/bff/internal/flowcommands","Test":"TestRootSequenceCannotSkipOrRewind"}
{"Time":"2026-10-07T07:39:35.699518908Z","Action":"output","Package":"github.com/Hubujiu/WeaveOS/services/bff/internal/flowcommands","Test":"TestRootSequenceCannotSkipOrRewind","Output":"=== RUN   TestRootSequenceCannotSkipOrRewind\n","OutputType":"frame"}
{"Time":"2026-10-07T07:39:35.699904989Z","Action":"output","Package":"github.com/Hubujiu/WeaveOS/services/bff/internal/flowcommands","Test":"TestRootSequenceCannotSkipOrRewind","Output":"--- PASS: TestRootSequenceCannotSkipOrRewind (0.00s)\n","OutputType":"frame"}
{"Time":"2026-10-07T07:39:35.699908133Z","Action":"pass","Package":"github.com/Hubujiu/WeaveOS/services/bff/internal/flowcommands","Test":"TestRootSequenceCannotSkipOrRewind","Elapsed":0}
{"Time":"2026-10-07T07:39:35.699910527Z","Action":"run","Package":"github.com/Hubujiu/WeaveOS/services/bff/internal/flowcommands","Test":"TestRootExactAppliedReplaySurvivesLaterInstanceProgress"}
{"Time":"2026-10-07T07:39:35.69991238Z","Action":"output","Package":"github.com/Hubujiu/WeaveOS/services/bff/internal/flowcommands","Test":"TestRootExactAppliedReplaySurvivesLaterInstanceProgress","Output":"=== RUN   TestRootExactAppliedReplaySurvivesLaterInstanceProgress\n","OutputType":"frame"}
{"Time":"2026-10-07T07:39:35.700038209Z","Action":"output","Package":"github.com/Hubujiu/WeaveOS/services/bff/internal/flowcommands","Test":"TestRootExactAppliedReplaySurvivesLaterInstanceProgress","Output":"--- PASS: TestRootExactAppliedReplaySurvivesLaterInstanceProgress (0.00s)\n","OutputType":"frame"}
{"Time":"2026-10-07T07:39:35.700041163Z","Action":"pass","Package":"github.com/Hubujiu/WeaveOS/services/bff/internal/flowcommands","Test":"TestRootExactAppliedReplaySurvivesLaterInstanceProgress","Elapsed":0}
{"Time":"2026-10-07T07:39:35.700043737Z","Action":"run","Package":"github.com/Hubujiu/WeaveOS/services/bff/internal/flowcommands","Test":"TestRootAppliedResultCannotBeRewritten"}
{"Time":"2026-10-07T07:39:35.70004527Z","Action":"output","Package":"github.com/Hubujiu/WeaveOS/services/bff/internal/flowcommands","Test":"TestRootAppliedResultCannotBeRewritten","Output":"=== RUN   TestRootAppliedResultCannotBeRewritten\n","OutputType":"frame"}
{"Time":"2026-10-07T07:39:35.700222787Z","Action":"output","Package":"github.com/Hubujiu/WeaveOS/services/bff/internal/flowcommands","Test":"TestRootAppliedResultCannotBeRewritten","Output":"--- PASS: TestRootAppliedResultCannotBeRewritten (0.00s)\n","OutputType":"frame"}
{"Time":"2026-10-07T07:39:35.700242877Z","Action":"pass","Package":"github.com/Hubujiu/WeaveOS/services/bff/internal/flowcommands","Test":"TestRootAppliedResultCannotBeRewritten","Elapsed":0}
{"Time":"2026-10-07T07:39:35.70024481Z","Action":"run","Package":"github.com/Hubujiu/WeaveOS/services/bff/internal/flowcommands","Test":"TestRootSequenceUpperBound"}
{"Time":"2026-10-07T07:39:35.700246092Z","Action":"output","Package":"github.com/Hubujiu/WeaveOS/services/bff/internal/flowcommands","Test":"TestRootSequenceUpperBound","Output":"=== RUN   TestRootSequenceUpperBound\n","OutputType":"frame"}
{"Time":"2026-10-07T07:39:35.700363538Z","Action":"output","Package":"github.com/Hubujiu/WeaveOS/services/bff/internal/flowcommands","Test":"TestRootSequenceUpperBound","Output":"--- PASS: TestRootSequenceUpperBound (0.00s)\n","OutputType":"frame"}
{"Time":"2026-10-07T07:39:35.700377049Z","Action":"pass","Package":"github.com/Hubujiu/WeaveOS/services/bff/internal/flowcommands","Test":"TestRootSequenceUpperBound","Elapsed":0}
{"Time":"2026-10-07T07:39:35.700390349Z","Action":"run","Package":"github.com/Hubujiu/WeaveOS/services/bff/internal/flowcommands","Test":"TestRootInvalidCommandCannotBeRescuedByReceipt"}
{"Time":"2026-10-07T07:39:35.700391931Z","Action":"output","Package":"github.com/Hubujiu/WeaveOS/services/bff/internal/flowcommands","Test":"TestRootInvalidCommandCannotBeRescuedByReceipt","Output":"=== RUN   TestRootInvalidCommandCannotBeRescuedByReceipt\n","OutputType":"frame"}
{"Time":"2026-10-07T07:39:35.70044448Z","Action":"output","Package":"github.com/Hubujiu/WeaveOS/services/bff/internal/flowcommands","Test":"TestRootInvalidCommandCannotBeRescuedByReceipt","Output":"--- PASS: TestRootInvalidCommandCannotBeRescuedByReceipt (0.00s)\n","OutputType":"frame"}
{"Time":"2026-10-07T07:39:35.700483158Z","Action":"pass","Package":"github.com/Hubujiu/WeaveOS/services/bff/internal/flowcommands","Test":"TestRootInvalidCommandCannotBeRescuedByReceipt","Elapsed":0}
{"Time":"2026-10-07T07:39:35.700485312Z","Action":"run","Package":"github.com/Hubujiu/WeaveOS/services/bff/internal/flowcommands","Test":"TestRootExecutionPayloadMatchesIndependentGoldenBytes"}
{"Time":"2026-10-07T07:39:35.700486624Z","Action":"output","Package":"github.com/Hubujiu/WeaveOS/services/bff/internal/flowcommands","Test":"TestRootExecutionPayloadMatchesIndependentGoldenBytes","Output":"=== RUN   TestRootExecutionPayloadMatchesIndependentGoldenBytes\n","OutputType":"frame"}
{"Time":"2026-10-07T07:39:35.70103613Z","Action":"run","Package":"github.com/Hubujiu/WeaveOS/services/bff/internal/flowcommands","Test":"TestRootExecutionPayloadMatchesIndependentGoldenBytes/payload_start"}
{"Time":"2026-10-07T07:39:35.701039605Z","Action":"output","Package":"github.com/Hubujiu/WeaveOS/services/bff/internal/flowcommands","Test":"TestRootExecutionPayloadMatchesIndependentGoldenBytes/payload_start","Output":"=== RUN   TestRootExecutionPayloadMatchesIndependentGoldenBytes/payload_start\n","OutputType":"frame"}
{"Time":"2026-10-07T07:39:35.701097983Z","Action":"output","Package":"github.com/Hubujiu/WeaveOS/services/bff/internal/flowcommands","Test":"TestRootExecutionPayloadMatchesIndependentGoldenBytes/payload_start","Output":"--- PASS: TestRootExecutionPayloadMatchesIndependentGoldenBytes/payload_start (0.00s)\n","OutputType":"frame"}
{"Time":"2026-10-07T07:39:35.701111604Z","Action":"pass","Package":"github.com/Hubujiu/WeaveOS/services/bff/internal/flowcommands","Test":"TestRootExecutionPayloadMatchesIndependentGoldenBytes/payload_start","Elapsed":0}
{"Time":"2026-10-07T07:39:35.701151704Z","Action":"run","Package":"github.com/Hubujiu/WeaveOS/services/bff/internal/flowcommands","Test":"TestRootExecutionPayloadMatchesIndependentGoldenBytes/payload_agree"}
{"Time":"2026-10-07T07:39:35.701153577Z","Action":"output","Package":"github.com/Hubujiu/WeaveOS/services/bff/internal/flowcommands","Test":"TestRootExecutionPayloadMatchesIndependentGoldenBytes/payload_agree","Output":"=== RUN   TestRootExecutionPayloadMatchesIndependentGoldenBytes/payload_agree\n","OutputType":"frame"}
{"Time":"2026-10-07T07:39:35.701166386Z","Action":"output","Package":"github.com/Hubujiu/WeaveOS/services/bff/internal/flowcommands","Test":"TestRootExecutionPayloadMatchesIndependentGoldenBytes/payload_agree","Output":"--- PASS: TestRootExecutionPayloadMatchesIndependentGoldenBytes/payload_agree (0.00s)\n","OutputType":"frame"}
{"Time":"2026-10-07T07:39:35.701187277Z","Action":"pass","Package":"github.com/Hubujiu/WeaveOS/services/bff/internal/flowcommands","Test":"TestRootExecutionPayloadMatchesIndependentGoldenBytes/payload_agree","Elapsed":0}
{"Time":"2026-10-07T07:39:35.701200447Z","Action":"run","Package":"github.com/Hubujiu/WeaveOS/services/bff/internal/flowcommands","Test":"TestRootExecutionPayloadMatchesIndependentGoldenBytes/payload_withdraw"}
{"Time":"2026-10-07T07:39:35.70120214Z","Action":"output","Package":"github.com/Hubujiu/WeaveOS/services/bff/internal/flowcommands","Test":"TestRootExecutionPayloadMatchesIndependentGoldenBytes/payload_withdraw","Output":"=== RUN   TestRootExecutionPayloadMatchesIndependentGoldenBytes/payload_withdraw\n","OutputType":"frame"}
{"Time":"2026-10-07T07:39:35.701250803Z","Action":"output","Package":"github.com/Hubujiu/WeaveOS/services/bff/internal/flowcommands","Test":"TestRootExecutionPayloadMatchesIndependentGoldenBytes/payload_withdraw","Output":"--- PASS: TestRootExecutionPayloadMatchesIndependentGoldenBytes/payload_withdraw (0.00s)\n","OutputType":"frame"}
{"Time":"2026-10-07T07:39:35.701253207Z","Action":"pass","Package":"github.com/Hubujiu/WeaveOS/services/bff/internal/flowcommands","Test":"TestRootExecutionPayloadMatchesIndependentGoldenBytes/payload_withdraw","Elapsed":0}
{"Time":"2026-10-07T07:39:35.701276131Z","Action":"output","Package":"github.com/Hubujiu/WeaveOS/services/bff/internal/flowcommands","Test":"TestRootExecutionPayloadMatchesIndependentGoldenBytes","Output":"--- PASS: TestRootExecutionPayloadMatchesIndependentGoldenBytes (0.00s)\n","OutputType":"frame"}
{"Time":"2026-10-07T07:39:35.701278615Z","Action":"pass","Package":"github.com/Hubujiu/WeaveOS/services/bff/internal/flowcommands","Test":"TestRootExecutionPayloadMatchesIndependentGoldenBytes","Elapsed":0}
{"Time":"2026-10-07T07:39:35.701289551Z","Action":"run","Package":"github.com/Hubujiu/WeaveOS/services/bff/internal/flowcommands","Test":"TestRootExecutionPayloadCanonicalizesWithoutMutatingCaller"}
{"Time":"2026-10-07T07:39:35.701291394Z","Action":"output","Package":"github.com/Hubujiu/WeaveOS/services/bff/internal/flowcommands","Test":"TestRootExecutionPayloadCanonicalizesWithoutMutatingCaller","Output":"=== RUN   TestRootExecutionPayloadCanonicalizesWithoutMutatingCaller\n","OutputType":"frame"}
{"Time":"2026-10-07T07:39:35.701553789Z","Action":"output","Package":"github.com/Hubujiu/WeaveOS/services/bff/internal/flowcommands","Test":"TestRootExecutionPayloadCanonicalizesWithoutMutatingCaller","Output":"--- PASS: TestRootExecutionPayloadCanonicalizesWithoutMutatingCaller (0.00s)\n","OutputType":"frame"}
{"Time":"2026-10-07T07:39:35.701565907Z","Action":"pass","Package":"github.com/Hubujiu/WeaveOS/services/bff/internal/flowcommands","Test":"TestRootExecutionPayloadCanonicalizesWithoutMutatingCaller","Elapsed":0}
{"Time":"2026-10-07T07:39:35.70158094Z","Action":"run","Package":"github.com/Hubujiu/WeaveOS/services/bff/internal/flowcommands","Test":"TestRootExecutionPayloadRejectsInvalidActionConfigurationAndIdentities"}
{"Time":"2026-10-07T07:39:35.701592617Z","Action":"output","Package":"github.com/Hubujiu/WeaveOS/services/bff/internal/flowcommands","Test":"TestRootExecutionPayloadRejectsInvalidActionConfigurationAndIdentities","Output":"=== RUN   TestRootExecutionPayloadRejectsInvalidActionConfigurationAndIdentities\n","OutputType":"frame"}
{"Time":"2026-10-07T07:39:35.702611309Z","Action":"output","Package":"github.com/Hubujiu/WeaveOS/services/bff/internal/flowcommands","Test":"TestRootExecutionPayloadRejectsInvalidActionConfigurationAndIdentities","Output":"--- PASS: TestRootExecutionPayloadRejectsInvalidActionConfigurationAndIdentities (0.00s)\n","OutputType":"frame"}
{"Time":"2026-10-07T07:39:35.702614715Z","Action":"pass","Package":"github.com/Hubujiu/WeaveOS/services/bff/internal/flowcommands","Test":"TestRootExecutionPayloadRejectsInvalidActionConfigurationAndIdentities","Elapsed":0}
{"Time":"2026-10-07T07:39:35.702617018Z","Action":"run","Package":"github.com/Hubujiu/WeaveOS/services/bff/internal/flowcommands","Test":"TestRootExecutionPayloadAllowsAllKnownNonstartActionsAndEmptyGraph"}
{"Time":"2026-10-07T07:39:35.70261867Z","Action":"output","Package":"github.com/Hubujiu/WeaveOS/services/bff/internal/flowcommands","Test":"TestRootExecutionPayloadAllowsAllKnownNonstartActionsAndEmptyGraph","Output":"=== RUN   TestRootExecutionPayloadAllowsAllKnownNonstartActionsAndEmptyGraph\n","OutputType":"frame"}
{"Time":"2026-10-07T07:39:35.703042518Z","Action":"output","Package":"github.com/Hubujiu/WeaveOS/services/bff/internal/flowcommands","Test":"TestRootExecutionPayloadAllowsAllKnownNonstartActionsAndEmptyGraph","Output":"--- PASS: TestRootExecutionPayloadAllowsAllKnownNonstartActionsAndEmptyGraph (0.00s)\n","OutputType":"frame"}
{"Time":"2026-10-07T07:39:35.703075888Z","Action":"pass","Package":"github.com/Hubujiu/WeaveOS/services/bff/internal/flowcommands","Test":"TestRootExecutionPayloadAllowsAllKnownNonstartActionsAndEmptyGraph","Elapsed":0}
{"Time":"2026-10-07T07:39:35.703098132Z","Action":"run","Package":"github.com/Hubujiu/WeaveOS/services/bff/internal/flowcommands","Test":"TestRootExecutionPayloadUpperBoundsRemainWithinProtocolLimit"}
{"Time":"2026-10-07T07:39:35.703100055Z","Action":"output","Package":"github.com/Hubujiu/WeaveOS/services/bff/internal/flowcommands","Test":"TestRootExecutionPayloadUpperBoundsRemainWithinProtocolLimit","Output":"=== RUN   TestRootExecutionPayloadUpperBoundsRemainWithinProtocolLimit\n","OutputType":"frame"}
{"Time":"2026-10-07T07:39:35.714480794Z","Action":"output","Package":"github.com/Hubujiu/WeaveOS/services/bff/internal/flowcommands","Test":"TestRootExecutionPayloadUpperBoundsRemainWithinProtocolLimit","Output":"--- PASS: TestRootExecutionPayloadUpperBoundsRemainWithinProtocolLimit (0.01s)\n","OutputType":"frame"}
{"Time":"2026-10-07T07:39:35.71902574Z","Action":"pass","Package":"github.com/Hubujiu/WeaveOS/services/bff/internal/flowcommands","Test":"TestRootExecutionPayloadUpperBoundsRemainWithinProtocolLimit","Elapsed":0.01}
{"Time":"2026-10-07T07:39:35.719045039Z","Action":"run","Package":"github.com/Hubujiu/WeaveOS/services/bff/internal/flowcommands","Test":"TestRootExecutionResultDecodesEveryFixedGoldenState"}
{"Time":"2026-10-07T07:39:35.719048254Z","Action":"output","Package":"github.com/Hubujiu/WeaveOS/services/bff/internal/flowcommands","Test":"TestRootExecutionResultDecodesEveryFixedGoldenState","Output":"=== RUN   TestRootExecutionResultDecodesEveryFixedGoldenState\n","OutputType":"frame"}
{"Time":"2026-10-07T07:39:35.719053331Z","Action":"run","Package":"github.com/Hubujiu/WeaveOS/services/bff/internal/flowcommands","Test":"TestRootExecutionResultDecodesEveryFixedGoldenState/active"}
{"Time":"2026-10-07T07:39:35.719062675Z","Action":"output","Package":"github.com/Hubujiu/WeaveOS/services/bff/internal/flowcommands","Test":"TestRootExecutionResultDecodesEveryFixedGoldenState/active","Output":"=== RUN   TestRootExecutionResultDecodesEveryFixedGoldenState/active\n","OutputType":"frame"}
{"Time":"2026-10-07T07:39:35.719067042Z","Action":"output","Package":"github.com/Hubujiu/WeaveOS/services/bff/internal/flowcommands","Test":"TestRootExecutionResultDecodesEveryFixedGoldenState/active","Output":"--- PASS: TestRootExecutionResultDecodesEveryFixedGoldenState/active (0.00s)\n","OutputType":"frame"}
{"Time":"2026-10-07T07:39:35.719069145Z","Action":"pass","Package":"github.com/Hubujiu/WeaveOS/services/bff/internal/flowcommands","Test":"TestRootExecutionResultDecodesEveryFixedGoldenState/active","Elapsed":0}
{"Time":"2026-10-07T07:39:35.719071008Z","Action":"run","Package":"github.com/Hubujiu/WeaveOS/services/bff/internal/flowcommands","Test":"TestRootExecutionResultDecodesEveryFixedGoldenState/completed"}
{"Time":"2026-10-07T07:39:35.71907245Z","Action":"output","Package":"github.com/Hubujiu/WeaveOS/services/bff/internal/flowcommands","Test":"TestRootExecutionResultDecodesEveryFixedGoldenState/completed","Output":"=== RUN   TestRootExecutionResultDecodesEveryFixedGoldenState/completed\n","OutputType":"frame"}
{"Time":"2026-10-07T07:39:35.719074764Z","Action":"output","Package":"github.com/Hubujiu/WeaveOS/services/bff/internal/flowcommands","Test":"TestRootExecutionResultDecodesEveryFixedGoldenState/completed","Output":"--- PASS: TestRootExecutionResultDecodesEveryFixedGoldenState/completed (0.00s)\n","OutputType":"frame"}
{"Time":"2026-10-07T07:39:35.719076747Z","Action":"pass","Package":"github.com/Hubujiu/WeaveOS/services/bff/internal/flowcommands","Test":"TestRootExecutionResultDecodesEveryFixedGoldenState/completed","Elapsed":0}
{"Time":"2026-10-07T07:39:35.719078399Z","Action":"run","Package":"github.com/Hubujiu/WeaveOS/services/bff/internal/flowcommands","Test":"TestRootExecutionResultDecodesEveryFixedGoldenState/rejected"}
{"Time":"2026-10-07T07:39:35.719079921Z","Action":"output","Package":"github.com/Hubujiu/WeaveOS/services/bff/internal/flowcommands","Test":"TestRootExecutionResultDecodesEveryFixedGoldenState/rejected","Output":"=== RUN   TestRootExecutionResultDecodesEveryFixedGoldenState/rejected\n","OutputType":"frame"}
{"Time":"2026-10-07T07:39:35.719081934Z","Action":"output","Package":"github.com/Hubujiu/WeaveOS/services/bff/internal/flowcommands","Test":"TestRootExecutionResultDecodesEveryFixedGoldenState/rejected","Output":"--- PASS: TestRootExecutionResultDecodesEveryFixedGoldenState/rejected (0.00s)\n","OutputType":"frame"}
{"Time":"2026-10-07T07:39:35.719083547Z","Action":"pass","Package":"github.com/Hubujiu/WeaveOS/services/bff/internal/flowcommands","Test":"TestRootExecutionResultDecodesEveryFixedGoldenState/rejected","Elapsed":0}
{"Time":"2026-10-07T07:39:35.719084969Z","Action":"run","Package":"github.com/Hubujiu/WeaveOS/services/bff/internal/flowcommands","Test":"TestRootExecutionResultDecodesEveryFixedGoldenState/withdrawn"}
{"Time":"2026-10-07T07:39:35.719086261Z","Action":"output","Package":"github.com/Hubujiu/WeaveOS/services/bff/internal/flowcommands","Test":"TestRootExecutionResultDecodesEveryFixedGoldenState/withdrawn","Output":"=== RUN   TestRootExecutionResultDecodesEveryFixedGoldenState/withdrawn\n","OutputType":"frame"}
{"Time":"2026-10-07T07:39:35.719088124Z","Action":"output","Package":"github.com/Hubujiu/WeaveOS/services/bff/internal/flowcommands","Test":"TestRootExecutionResultDecodesEveryFixedGoldenState/withdrawn","Output":"--- PASS: TestRootExecutionResultDecodesEveryFixedGoldenState/withdrawn (0.00s)\n","OutputType":"frame"}
{"Time":"2026-10-07T07:39:35.719089726Z","Action":"pass","Package":"github.com/Hubujiu/WeaveOS/services/bff/internal/flowcommands","Test":"TestRootExecutionResultDecodesEveryFixedGoldenState/withdrawn","Elapsed":0}
{"Time":"2026-10-07T07:39:35.71909245Z","Action":"run","Package":"github.com/Hubujiu/WeaveOS/services/bff/internal/flowcommands","Test":"TestRootExecutionResultDecodesEveryFixedGoldenState/no_effect"}
{"Time":"2026-10-07T07:39:35.719094063Z","Action":"output","Package":"github.com/Hubujiu/WeaveOS/services/bff/internal/flowcommands","Test":"TestRootExecutionResultDecodesEveryFixedGoldenState/no_effect","Output":"=== RUN   TestRootExecutionResultDecodesEveryFixedGoldenState/no_effect\n","OutputType":"frame"}
{"Time":"2026-10-07T07:39:35.719096036Z","Action":"output","Package":"github.com/Hubujiu/WeaveOS/services/bff/internal/flowcommands","Test":"TestRootExecutionResultDecodesEveryFixedGoldenState/no_effect","Output":"--- PASS: TestRootExecutionResultDecodesEveryFixedGoldenState/no_effect (0.00s)\n","OutputType":"frame"}
{"Time":"2026-10-07T07:39:35.719097818Z","Action":"pass","Package":"github.com/Hubujiu/WeaveOS/services/bff/internal/flowcommands","Test":"TestRootExecutionResultDecodesEveryFixedGoldenState/no_effect","Elapsed":0}
{"Time":"2026-10-07T07:39:35.719099691Z","Action":"output","Package":"github.com/Hubujiu/WeaveOS/services/bff/internal/flowcommands","Test":"TestRootExecutionResultDecodesEveryFixedGoldenState","Output":"--- PASS: TestRootExecutionResultDecodesEveryFixedGoldenState (0.00s)\n","OutputType":"frame"}
{"Time":"2026-10-07T07:39:35.719101424Z","Action":"pass","Package":"github.com/Hubujiu/WeaveOS/services/bff/internal/flowcommands","Test":"TestRootExecutionResultDecodesEveryFixedGoldenState","Elapsed":0}
{"Time":"2026-10-07T07:39:35.719102756Z","Action":"run","Package":"github.com/Hubujiu/WeaveOS/services/bff/internal/flowcommands","Test":"TestRootExecutionResultValidatesExistingReceiptBindingsAndSequence"}
{"Time":"2026-10-07T07:39:35.719104158Z","Action":"output","Package":"github.com/Hubujiu/WeaveOS/services/bff/internal/flowcommands","Test":"TestRootExecutionResultValidatesExistingReceiptBindingsAndSequence","Output":"=== RUN   TestRootExecutionResultValidatesExistingReceiptBindingsAndSequence\n","OutputType":"frame"}
{"Time":"2026-10-07T07:39:35.719107974Z","Action":"output","Package":"github.com/Hubujiu/WeaveOS/services/bff/internal/flowcommands","Test":"TestRootExecutionResultValidatesExistingReceiptBindingsAndSequence","Output":"--- PASS: TestRootExecutionResultValidatesExistingReceiptBindingsAndSequence (0.00s)\n","OutputType":"frame"}
{"Time":"2026-10-07T07:39:35.719110547Z","Action":"pass","Package":"github.com/Hubujiu/WeaveOS/services/bff/internal/flowcommands","Test":"TestRootExecutionResultValidatesExistingReceiptBindingsAndSequence","Elapsed":0}
{"Time":"2026-10-07T07:39:35.71911213Z","Action":"run","Package":"github.com/Hubujiu/WeaveOS/services/bff/internal/flowcommands","Test":"TestRootExecutionResultRejectsEvenAValidLegacyV1Command"}
{"Time":"2026-10-07T07:39:35.719113472Z","Action":"output","Package":"github.com/Hubujiu/WeaveOS/services/bff/internal/flowcommands","Test":"TestRootExecutionResultRejectsEvenAValidLegacyV1Command","Output":"=== RUN   TestRootExecutionResultRejectsEvenAValidLegacyV1Command\n","OutputType":"frame"}
{"Time":"2026-10-07T07:39:35.719115545Z","Action":"output","Package":"github.com/Hubujiu/WeaveOS/services/bff/internal/flowcommands","Test":"TestRootExecutionResultRejectsEvenAValidLegacyV1Command","Output":"--- PASS: TestRootExecutionResultRejectsEvenAValidLegacyV1Command (0.00s)\n","OutputType":"frame"}
{"Time":"2026-10-07T07:39:35.719117288Z","Action":"pass","Package":"github.com/Hubujiu/WeaveOS/services/bff/internal/flowcommands","Test":"TestRootExecutionResultRejectsEvenAValidLegacyV1Command","Elapsed":0}
{"Time":"2026-10-07T07:39:35.719119281Z","Action":"run","Package":"github.com/Hubujiu/WeaveOS/services/bff/internal/flowcommands","Test":"TestRootExecutionResultRejectsEveryTruncationTailPrefixAndOversize"}
{"Time":"2026-10-07T07:39:35.719120833Z","Action":"output","Package":"github.com/Hubujiu/WeaveOS/services/bff/internal/flowcommands","Test":"TestRootExecutionResultRejectsEveryTruncationTailPrefixAndOversize","Output":"=== RUN   TestRootExecutionResultRejectsEveryTruncationTailPrefixAndOversize\n","OutputType":"frame"}
{"Time":"2026-10-07T07:39:35.722752236Z","Action":"output","Package":"github.com/Hubujiu/WeaveOS/services/bff/internal/flowcommands","Test":"TestRootExecutionResultRejectsEveryTruncationTailPrefixAndOversize","Output":"--- PASS: TestRootExecutionResultRejectsEveryTruncationTailPrefixAndOversize (0.01s)\n","OutputType":"frame"}
{"Time":"2026-10-07T07:39:35.722815341Z","Action":"pass","Package":"github.com/Hubujiu/WeaveOS/services/bff/internal/flowcommands","Test":"TestRootExecutionResultRejectsEveryTruncationTailPrefixAndOversize","Elapsed":0.01}
{"Time":"2026-10-07T07:39:35.722842491Z","Action":"run","Package":"github.com/Hubujiu/WeaveOS/services/bff/internal/flowcommands","Test":"TestRootExecutionResultRejectsInvalidTaskSetsAndStateShape"}
{"Time":"2026-10-07T07:39:35.722845135Z","Action":"output","Package":"github.com/Hubujiu/WeaveOS/services/bff/internal/flowcommands","Test":"TestRootExecutionResultRejectsInvalidTaskSetsAndStateShape","Output":"=== RUN   TestRootExecutionResultRejectsInvalidTaskSetsAndStateShape\n","OutputType":"frame"}
{"Time":"2026-10-07T07:39:35.723857869Z","Action":"output","Package":"github.com/Hubujiu/WeaveOS/services/bff/internal/flowcommands","Test":"TestRootExecutionResultRejectsInvalidTaskSetsAndStateShape","Output":"--- PASS: TestRootExecutionResultRejectsInvalidTaskSetsAndStateShape (0.00s)\n","OutputType":"frame"}
{"Time":"2026-10-07T07:39:35.723892561Z","Action":"pass","Package":"github.com/Hubujiu/WeaveOS/services/bff/internal/flowcommands","Test":"TestRootExecutionResultRejectsInvalidTaskSetsAndStateShape","Elapsed":0}
{"Time":"2026-10-07T07:39:35.723914234Z","Action":"run","Package":"github.com/Hubujiu/WeaveOS/services/bff/internal/flowcommands","Test":"TestRootExecutionResultRejectsLengthBombsBeforeAllocation"}
{"Time":"2026-10-07T07:39:35.723917108Z","Action":"output","Package":"github.com/Hubujiu/WeaveOS/services/bff/internal/flowcommands","Test":"TestRootExecutionResultRejectsLengthBombsBeforeAllocation","Output":"=== RUN   TestRootExecutionResultRejectsLengthBombsBeforeAllocation\n","OutputType":"frame"}
{"Time":"2026-10-07T07:39:35.724376859Z","Action":"output","Package":"github.com/Hubujiu/WeaveOS/services/bff/internal/flowcommands","Test":"TestRootExecutionResultRejectsLengthBombsBeforeAllocation","Output":"--- PASS: TestRootExecutionResultRejectsLengthBombsBeforeAllocation (0.00s)\n","OutputType":"frame"}
{"Time":"2026-10-07T07:39:35.724415588Z","Action":"pass","Package":"github.com/Hubujiu/WeaveOS/services/bff/internal/flowcommands","Test":"TestRootExecutionResultRejectsLengthBombsBeforeAllocation","Elapsed":0}
{"Time":"2026-10-07T07:39:35.724433174Z","Action":"run","Package":"github.com/Hubujiu/WeaveOS/services/bff/internal/flowcommands","Test":"TestRootExecutionResultRequiresOutcomeAndStateAgreement"}
{"Time":"2026-10-07T07:39:35.724435618Z","Action":"output","Package":"github.com/Hubujiu/WeaveOS/services/bff/internal/flowcommands","Test":"TestRootExecutionResultRequiresOutcomeAndStateAgreement","Output":"=== RUN   TestRootExecutionResultRequiresOutcomeAndStateAgreement\n","OutputType":"frame"}
{"Time":"2026-10-07T07:39:35.724887708Z","Action":"output","Package":"github.com/Hubujiu/WeaveOS/services/bff/internal/flowcommands","Test":"TestRootExecutionResultRequiresOutcomeAndStateAgreement","Output":"--- PASS: TestRootExecutionResultRequiresOutcomeAndStateAgreement (0.00s)\n","OutputType":"frame"}
{"Time":"2026-10-07T07:39:35.72491554Z","Action":"pass","Package":"github.com/Hubujiu/WeaveOS/services/bff/internal/flowcommands","Test":"TestRootExecutionResultRequiresOutcomeAndStateAgreement","Elapsed":0}
{"Time":"2026-10-07T07:39:35.724936912Z","Action":"run","Package":"github.com/Hubujiu/WeaveOS/services/bff/internal/flowcommands","Test":"TestRootExecutionResultAllowsOnlyFrozenNoEffectReasons"}
{"Time":"2026-10-07T07:39:35.724939566Z","Action":"output","Package":"github.com/Hubujiu/WeaveOS/services/bff/internal/flowcommands","Test":"TestRootExecutionResultAllowsOnlyFrozenNoEffectReasons","Output":"=== RUN   TestRootExecutionResultAllowsOnlyFrozenNoEffectReasons\n","OutputType":"frame"}
{"Time":"2026-10-07T07:39:35.725419027Z","Action":"output","Package":"github.com/Hubujiu/WeaveOS/services/bff/internal/flowcommands","Test":"TestRootExecutionResultAllowsOnlyFrozenNoEffectReasons","Output":"--- PASS: TestRootExecutionResultAllowsOnlyFrozenNoEffectReasons (0.00s)\n","OutputType":"frame"}
{"Time":"2026-10-07T07:39:35.725453088Z","Action":"pass","Package":"github.com/Hubujiu/WeaveOS/services/bff/internal/flowcommands","Test":"TestRootExecutionResultAllowsOnlyFrozenNoEffectReasons","Elapsed":0}
{"Time":"2026-10-07T07:39:35.725471806Z","Action":"run","Package":"github.com/Hubujiu/WeaveOS/services/bff/internal/flowcommands","Test":"TestRootExecutionResultDoesNotAliasInputOrOtherDecodeResults"}
{"Time":"2026-10-07T07:39:35.725473789Z","Action":"output","Package":"github.com/Hubujiu/WeaveOS/services/bff/internal/flowcommands","Test":"TestRootExecutionResultDoesNotAliasInputOrOtherDecodeResults","Output":"=== RUN   TestRootExecutionResultDoesNotAliasInputOrOtherDecodeResults\n","OutputType":"frame"}
{"Time":"2026-10-07T07:39:35.725982505Z","Action":"output","Package":"github.com/Hubujiu/WeaveOS/services/bff/internal/flowcommands","Test":"TestRootExecutionResultDoesNotAliasInputOrOtherDecodeResults","Output":"--- PASS: TestRootExecutionResultDoesNotAliasInputOrOtherDecodeResults (0.00s)\n","OutputType":"frame"}
{"Time":"2026-10-07T07:39:35.726016085Z","Action":"pass","Package":"github.com/Hubujiu/WeaveOS/services/bff/internal/flowcommands","Test":"TestRootExecutionResultDoesNotAliasInputOrOtherDecodeResults","Elapsed":0}
{"Time":"2026-10-07T07:39:35.726034753Z","Action":"run","Package":"github.com/Hubujiu/WeaveOS/services/bff/internal/flowcommands","Test":"TestRootExecutionResultBoundsTaskCount"}
{"Time":"2026-10-07T07:39:35.726037097Z","Action":"output","Package":"github.com/Hubujiu/WeaveOS/services/bff/internal/flowcommands","Test":"TestRootExecutionResultBoundsTaskCount","Output":"=== RUN   TestRootExecutionResultBoundsTaskCount\n","OutputType":"frame"}
{"Time":"2026-10-07T07:39:35.72728926Z","Action":"output","Package":"github.com/Hubujiu/WeaveOS/services/bff/internal/flowcommands","Test":"TestRootExecutionResultBoundsTaskCount","Output":"--- PASS: TestRootExecutionResultBoundsTaskCount (0.00s)\n","OutputType":"frame"}
{"Time":"2026-10-07T07:39:35.727326496Z","Action":"pass","Package":"github.com/Hubujiu/WeaveOS/services/bff/internal/flowcommands","Test":"TestRootExecutionResultBoundsTaskCount","Elapsed":0}
{"Time":"2026-10-07T07:39:35.727345074Z","Action":"run","Package":"github.com/Hubujiu/WeaveOS/services/bff/internal/flowcommands","Test":"TestRootDecodeExecutionPayloadGolden"}
{"Time":"2026-10-07T07:39:35.727347438Z","Action":"output","Package":"github.com/Hubujiu/WeaveOS/services/bff/internal/flowcommands","Test":"TestRootDecodeExecutionPayloadGolden","Output":"=== RUN   TestRootDecodeExecutionPayloadGolden\n","OutputType":"frame"}
{"Time":"2026-10-07T07:39:35.72769497Z","Action":"run","Package":"github.com/Hubujiu/WeaveOS/services/bff/internal/flowcommands","Test":"TestRootDecodeExecutionPayloadGolden/start"}
{"Time":"2026-10-07T07:39:35.727700088Z","Action":"output","Package":"github.com/Hubujiu/WeaveOS/services/bff/internal/flowcommands","Test":"TestRootDecodeExecutionPayloadGolden/start","Output":"=== RUN   TestRootDecodeExecutionPayloadGolden/start\n","OutputType":"frame"}
{"Time":"2026-10-07T07:39:35.727847961Z","Action":"output","Package":"github.com/Hubujiu/WeaveOS/services/bff/internal/flowcommands","Test":"TestRootDecodeExecutionPayloadGolden/start","Output":"--- PASS: TestRootDecodeExecutionPayloadGolden/start (0.00s)\n","OutputType":"frame"}
{"Time":"2026-10-07T07:39:35.727878687Z","Action":"pass","Package":"github.com/Hubujiu/WeaveOS/services/bff/internal/flowcommands","Test":"TestRootDecodeExecutionPayloadGolden/start","Elapsed":0}
{"Time":"2026-10-07T07:39:35.727896203Z","Action":"run","Package":"github.com/Hubujiu/WeaveOS/services/bff/internal/flowcommands","Test":"TestRootDecodeExecutionPayloadGolden/agree"}
{"Time":"2026-10-07T07:39:35.72790112Z","Action":"output","Package":"github.com/Hubujiu/WeaveOS/services/bff/internal/flowcommands","Test":"TestRootDecodeExecutionPayloadGolden/agree","Output":"=== RUN   TestRootDecodeExecutionPayloadGolden/agree\n","OutputType":"frame"}
{"Time":"2026-10-07T07:39:35.727978897Z","Action":"output","Package":"github.com/Hubujiu/WeaveOS/services/bff/internal/flowcommands","Test":"TestRootDecodeExecutionPayloadGolden/agree","Output":"--- PASS: TestRootDecodeExecutionPayloadGolden/agree (0.00s)\n","OutputType":"frame"}
{"Time":"2026-10-07T07:39:35.728003374Z","Action":"pass","Package":"github.com/Hubujiu/WeaveOS/services/bff/internal/flowcommands","Test":"TestRootDecodeExecutionPayloadGolden/agree","Elapsed":0}
{"Time":"2026-10-07T07:39:35.72802025Z","Action":"run","Package":"github.com/Hubujiu/WeaveOS/services/bff/internal/flowcommands","Test":"TestRootDecodeExecutionPayloadGolden/withdraw"}
{"Time":"2026-10-07T07:39:35.728022052Z","Action":"output","Package":"github.com/Hubujiu/WeaveOS/services/bff/internal/flowcommands","Test":"TestRootDecodeExecutionPayloadGolden/withdraw","Output":"=== RUN   TestRootDecodeExecutionPayloadGolden/withdraw\n","OutputType":"frame"}
{"Time":"2026-10-07T07:39:35.728080891Z","Action":"output","Package":"github.com/Hubujiu/WeaveOS/services/bff/internal/flowcommands","Test":"TestRootDecodeExecutionPayloadGolden/withdraw","Output":"--- PASS: TestRootDecodeExecutionPayloadGolden/withdraw (0.00s)\n","OutputType":"frame"}
{"Time":"2026-10-07T07:39:35.728103936Z","Action":"pass","Package":"github.com/Hubujiu/WeaveOS/services/bff/internal/flowcommands","Test":"TestRootDecodeExecutionPayloadGolden/withdraw","Elapsed":0}
{"Time":"2026-10-07T07:39:35.728119359Z","Action":"run","Package":"github.com/Hubujiu/WeaveOS/services/bff/internal/flowcommands","Test":"TestRootDecodeExecutionPayloadGolden/reject"}
{"Time":"2026-10-07T07:39:35.728121452Z","Action":"output","Package":"github.com/Hubujiu/WeaveOS/services/bff/internal/flowcommands","Test":"TestRootDecodeExecutionPayloadGolden/reject","Output":"=== RUN   TestRootDecodeExecutionPayloadGolden/reject\n","OutputType":"frame"}
{"Time":"2026-10-07T07:39:35.728181252Z","Action":"output","Package":"github.com/Hubujiu/WeaveOS/services/bff/internal/flowcommands","Test":"TestRootDecodeExecutionPayloadGolden/reject","Output":"--- PASS: TestRootDecodeExecutionPayloadGolden/reject (0.00s)\n","OutputType":"frame"}
{"Time":"2026-10-07T07:39:35.728202924Z","Action":"pass","Package":"github.com/Hubujiu/WeaveOS/services/bff/internal/flowcommands","Test":"TestRootDecodeExecutionPayloadGolden/reject","Elapsed":0}
{"Time":"2026-10-07T07:39:35.728221763Z","Action":"run","Package":"github.com/Hubujiu/WeaveOS/services/bff/internal/flowcommands","Test":"TestRootDecodeExecutionPayloadGolden/return"}
{"Time":"2026-10-07T07:39:35.728223696Z","Action":"output","Package":"github.com/Hubujiu/WeaveOS/services/bff/internal/flowcommands","Test":"TestRootDecodeExecutionPayloadGolden/return","Output":"=== RUN   TestRootDecodeExecutionPayloadGolden/return\n","OutputType":"frame"}
{"Time":"2026-10-07T07:39:35.728281603Z","Action":"output","Package":"github.com/Hubujiu/WeaveOS/services/bff/internal/flowcommands","Test":"TestRootDecodeExecutionPayloadGolden/return","Output":"--- PASS: TestRootDecodeExecutionPayloadGolden/return (0.00s)\n","OutputType":"frame"}
{"Time":"2026-10-07T07:39:35.728305709Z","Action":"pass","Package":"github.com/Hubujiu/WeaveOS/services/bff/internal/flowcommands","Test":"TestRootDecodeExecutionPayloadGolden/return","Elapsed":0}
{"Time":"2026-10-07T07:39:35.72832637Z","Action":"output","Package":"github.com/Hubujiu/WeaveOS/services/bff/internal/flowcommands","Test":"TestRootDecodeExecutionPayloadGolden","Output":"--- PASS: TestRootDecodeExecutionPayloadGolden (0.00s)\n","OutputType":"frame"}
{"Time":"2026-10-07T07:39:35.728344578Z","Action":"pass","Package":"github.com/Hubujiu/WeaveOS/services/bff/internal/flowcommands","Test":"TestRootDecodeExecutionPayloadGolden","Elapsed":0}
{"Time":"2026-10-07T07:39:35.728360011Z","Action":"run","Package":"github.com/Hubujiu/WeaveOS/services/bff/internal/flowcommands","Test":"TestRootDecodeExecutionPayloadRejectsAllTruncations"}
{"Time":"2026-10-07T07:39:35.728363686Z","Action":"output","Package":"github.com/Hubujiu/WeaveOS/services/bff/internal/flowcommands","Test":"TestRootDecodeExecutionPayloadRejectsAllTruncations","Output":"=== RUN   TestRootDecodeExecutionPayloadRejectsAllTruncations\n","OutputType":"frame"}
{"Time":"2026-10-07T07:39:35.733349436Z","Action":"output","Package":"github.com/Hubujiu/WeaveOS/services/bff/internal/flowcommands","Test":"TestRootDecodeExecutionPayloadRejectsAllTruncations","Output":"--- PASS: TestRootDecodeExecutionPayloadRejectsAllTruncations (0.00s)\n","OutputType":"frame"}
{"Time":"2026-10-07T07:39:35.733391269Z","Action":"pass","Package":"github.com/Hubujiu/WeaveOS/services/bff/internal/flowcommands","Test":"TestRootDecodeExecutionPayloadRejectsAllTruncations","Elapsed":0}
{"Time":"2026-10-07T07:39:35.733412611Z","Action":"run","Package":"github.com/Hubujiu/WeaveOS/services/bff/internal/flowcommands","Test":"TestRootDecodeExecutionPayloadRejectsNoncanonicalStructures"}
{"Time":"2026-10-07T07:39:35.733414734Z","Action":"output","Package":"github.com/Hubujiu/WeaveOS/services/bff/internal/flowcommands","Test":"TestRootDecodeExecutionPayloadRejectsNoncanonicalStructures","Output":"=== RUN   TestRootDecodeExecutionPayloadRejectsNoncanonicalStructures\n","OutputType":"frame"}
{"Time":"2026-10-07T07:39:35.733501535Z","Action":"run","Package":"github.com/Hubujiu/WeaveOS/services/bff/internal/flowcommands","Test":"TestRootDecodeExecutionPayloadRejectsNoncanonicalStructures/start-flag"}
{"Time":"2026-10-07T07:39:35.733505531Z","Action":"output","Package":"github.com/Hubujiu/WeaveOS/services/bff/internal/flowcommands","Test":"TestRootDecodeExecutionPayloadRejectsNoncanonicalStructures/start-flag","Output":"=== RUN   TestRootDecodeExecutionPayloadRejectsNoncanonicalStructures/start-flag\n","OutputType":"frame"}
{"Time":"2026-10-07T07:39:35.73358487Z","Action":"output","Package":"github.com/Hubujiu/WeaveOS/services/bff/internal/flowcommands","Test":"TestRootDecodeExecutionPayloadRejectsNoncanonicalStructures/start-flag","Output":"--- PASS: TestRootDecodeExecutionPayloadRejectsNoncanonicalStructures/start-flag (0.00s)\n","OutputType":"frame"}
{"Time":"2026-10-07T07:39:35.733614805Z","Action":"pass","Package":"github.com/Hubujiu/WeaveOS/services/bff/internal/flowcommands","Test":"TestRootDecodeExecutionPayloadRejectsNoncanonicalStructures/start-flag","Elapsed":0}
{"Time":"2026-10-07T07:39:35.733632932Z","Action":"run","Package":"github.com/Hubujiu/WeaveOS/services/bff/internal/flowcommands","Test":"TestRootDecodeExecutionPayloadRejectsNoncanonicalStructures/allow-flag"}
{"Time":"2026-10-07T07:39:35.733634725Z","Action":"output","Package":"github.com/Hubujiu/WeaveOS/services/bff/internal/flowcommands","Test":"TestRootDecodeExecutionPayloadRejectsNoncanonicalStructures/allow-flag","Output":"=== RUN   TestRootDecodeExecutionPayloadRejectsNoncanonicalStructures/allow-flag\n","OutputType":"frame"}
{"Time":"2026-10-07T07:39:35.733685802Z","Action":"output","Package":"github.com/Hubujiu/WeaveOS/services/bff/internal/flowcommands","Test":"TestRootDecodeExecutionPayloadRejectsNoncanonicalStructures/allow-flag","Output":"--- PASS: TestRootDecodeExecutionPayloadRejectsNoncanonicalStructures/allow-flag (0.00s)\n","OutputType":"frame"}
{"Time":"2026-10-07T07:39:35.73371763Z","Action":"pass","Package":"github.com/Hubujiu/WeaveOS/services/bff/internal/flowcommands","Test":"TestRootDecodeExecutionPayloadRejectsNoncanonicalStructures/allow-flag","Elapsed":0}
{"Time":"2026-10-07T07:39:35.733736669Z","Action":"run","Package":"github.com/Hubujiu/WeaveOS/services/bff/internal/flowcommands","Test":"TestRootDecodeExecutionPayloadRejectsNoncanonicalStructures/route-flag"}
{"Time":"2026-10-07T07:39:35.733738541Z","Action":"output","Package":"github.com/Hubujiu/WeaveOS/services/bff/internal/flowcommands","Test":"TestRootDecodeExecutionPayloadRejectsNoncanonicalStructures/route-flag","Output":"=== RUN   TestRootDecodeExecutionPayloadRejectsNoncanonicalStructures/route-flag\n","OutputType":"frame"}
{"Time":"2026-10-07T07:39:35.733813724Z","Action":"output","Package":"github.com/Hubujiu/WeaveOS/services/bff/internal/flowcommands","Test":"TestRootDecodeExecutionPayloadRejectsNoncanonicalStructures/route-flag","Output":"--- PASS: TestRootDecodeExecutionPayloadRejectsNoncanonicalStructures/route-flag (0.00s)\n","OutputType":"frame"}
{"Time":"2026-10-07T07:39:35.733840915Z","Action":"pass","Package":"github.com/Hubujiu/WeaveOS/services/bff/internal/flowcommands","Test":"TestRootDecodeExecutionPayloadRejectsNoncanonicalStructures/route-flag","Elapsed":0}
{"Time":"2026-10-07T07:39:35.733858101Z","Action":"run","Package":"github.com/Hubujiu/WeaveOS/services/bff/internal/flowcommands","Test":"TestRootDecodeExecutionPayloadRejectsNoncanonicalStructures/missing-start"}
{"Time":"2026-10-07T07:39:35.733860094Z","Action":"output","Package":"github.com/Hubujiu/WeaveOS/services/bff/internal/flowcommands","Test":"TestRootDecodeExecutionPayloadRejectsNoncanonicalStructures/missing-start","Output":"=== RUN   TestRootDecodeExecutionPayloadRejectsNoncanonicalStructures/missing-start\n","OutputType":"frame"}
{"Time":"2026-10-07T07:39:35.733912243Z","Action":"output","Package":"github.com/Hubujiu/WeaveOS/services/bff/internal/flowcommands","Test":"TestRootDecodeExecutionPayloadRejectsNoncanonicalStructures/missing-start","Output":"--- PASS: TestRootDecodeExecutionPayloadRejectsNoncanonicalStructures/missing-start (0.00s)\n","OutputType":"frame"}
{"Time":"2026-10-07T07:39:35.733941176Z","Action":"pass","Package":"github.com/Hubujiu/WeaveOS/services/bff/internal/flowcommands","Test":"TestRootDecodeExecutionPayloadRejectsNoncanonicalStructures/missing-start","Elapsed":0}
{"Time":"2026-10-07T07:39:35.733961086Z","Action":"run","Package":"github.com/Hubujiu/WeaveOS/services/bff/internal/flowcommands","Test":"TestRootDecodeExecutionPayloadRejectsNoncanonicalStructures/unexpected-start"}
{"Time":"2026-10-07T07:39:35.733962899Z","Action":"output","Package":"github.com/Hubujiu/WeaveOS/services/bff/internal/flowcommands","Test":"TestRootDecodeExecutionPayloadRejectsNoncanonicalStructures/unexpected-start","Output":"=== RUN   TestRootDecodeExecutionPayloadRejectsNoncanonicalStructures/unexpected-start\n","OutputType":"frame"}
{"Time":"2026-10-07T07:39:35.734015218Z","Action":"output","Package":"github.com/Hubujiu/WeaveOS/services/bff/internal/flowcommands","Test":"TestRootDecodeExecutionPayloadRejectsNoncanonicalStructures/unexpected-start","Output":"--- PASS: TestRootDecodeExecutionPayloadRejectsNoncanonicalStructures/unexpected-start (0.00s)\n","OutputType":"frame"}
{"Time":"2026-10-07T07:39:35.734035468Z","Action":"pass","Package":"github.com/Hubujiu/WeaveOS/services/bff/internal/flowcommands","Test":"TestRootDecodeExecutionPayloadRejectsNoncanonicalStructures/unexpected-start","Elapsed":0}
{"Time":"2026-10-07T07:39:35.734050511Z","Action":"run","Package":"github.com/Hubujiu/WeaveOS/services/bff/internal/flowcommands","Test":"TestRootDecodeExecutionPayloadRejectsNoncanonicalStructures/zero-evidence"}
{"Time":"2026-10-07T07:39:35.734052153Z","Action":"output","Package":"github.com/Hubujiu/WeaveOS/services/bff/internal/flowcommands","Test":"TestRootDecodeExecutionPayloadRejectsNoncanonicalStructures/zero-evidence","Output":"=== RUN   TestRootDecodeExecutionPayloadRejectsNoncanonicalStructures/zero-evidence\n","OutputType":"frame"}
{"Time":"2026-10-07T07:39:35.734099344Z","Action":"output","Package":"github.com/Hubujiu/WeaveOS/services/bff/internal/flowcommands","Test":"TestRootDecodeExecutionPayloadRejectsNoncanonicalStructures/zero-evidence","Output":"--- PASS: TestRootDecodeExecutionPayloadRejectsNoncanonicalStructures/zero-evidence (0.00s)\n","OutputType":"frame"}
{"Time":"2026-10-07T07:39:35.734121197Z","Action":"pass","Package":"github.com/Hubujiu/WeaveOS/services/bff/internal/flowcommands","Test":"TestRootDecodeExecutionPayloadRejectsNoncanonicalStructures/zero-evidence","Elapsed":0}
{"Time":"2026-10-07T07:39:35.734147777Z","Action":"run","Package":"github.com/Hubujiu/WeaveOS/services/bff/internal/flowcommands","Test":"TestRootDecodeExecutionPayloadRejectsNoncanonicalStructures/duplicate-node"}
{"Time":"2026-10-07T07:39:35.734151623Z","Action":"output","Package":"github.com/Hubujiu/WeaveOS/services/bff/internal/flowcommands","Test":"TestRootDecodeExecutionPayloadRejectsNoncanonicalStructures/duplicate-node","Output":"=== RUN   TestRootDecodeExecutionPayloadRejectsNoncanonicalStructures/duplicate-node\n","OutputType":"frame"}
{"Time":"2026-10-07T07:39:35.734214477Z","Action":"output","Package":"github.com/Hubujiu/WeaveOS/services/bff/internal/flowcommands","Test":"TestRootDecodeExecutionPayloadRejectsNoncanonicalStructures/duplicate-node","Output":"--- PASS: TestRootDecodeExecutionPayloadRejectsNoncanonicalStructures/duplicate-node (0.00s)\n","OutputType":"frame"}
{"Time":"2026-10-07T07:39:35.734235619Z","Action":"pass","Package":"github.com/Hubujiu/WeaveOS/services/bff/internal/flowcommands","Test":"TestRootDecodeExecutionPayloadRejectsNoncanonicalStructures/duplicate-node","Elapsed":0}
{"Time":"2026-10-07T07:39:35.734250932Z","Action":"run","Package":"github.com/Hubujiu/WeaveOS/services/bff/internal/flowcommands","Test":"TestRootDecodeExecutionPayloadRejectsNoncanonicalStructures/node-order"}
{"Time":"2026-10-07T07:39:35.734252825Z","Action":"output","Package":"github.com/Hubujiu/WeaveOS/services/bff/internal/flowcommands","Test":"TestRootDecodeExecutionPayloadRejectsNoncanonicalStructures/node-order","Output":"=== RUN   TestRootDecodeExecutionPayloadRejectsNoncanonicalStructures/node-order\n","OutputType":"frame"}
{"Time":"2026-10-07T07:39:35.734307097Z","Action":"output","Package":"github.com/Hubujiu/WeaveOS/services/bff/internal/flowcommands","Test":"TestRootDecodeExecutionPayloadRejectsNoncanonicalStructures/node-order","Output":"--- PASS: TestRootDecodeExecutionPayloadRejectsNoncanonicalStructures/node-order (0.00s)\n","OutputType":"frame"}
{"Time":"2026-10-07T07:39:35.7343295Z","Action":"pass","Package":"github.com/Hubujiu/WeaveOS/services/bff/internal/flowcommands","Test":"TestRootDecodeExecutionPayloadRejectsNoncanonicalStructures/node-order","Elapsed":0}
{"Time":"2026-10-07T07:39:35.734347658Z","Action":"run","Package":"github.com/Hubujiu/WeaveOS/services/bff/internal/flowcommands","Test":"TestRootDecodeExecutionPayloadRejectsNoncanonicalStructures/duplicate-actor"}
{"Time":"2026-10-07T07:39:35.73434941Z","Action":"output","Package":"github.com/Hubujiu/WeaveOS/services/bff/internal/flowcommands","Test":"TestRootDecodeExecutionPayloadRejectsNoncanonicalStructures/duplicate-actor","Output":"=== RUN   TestRootDecodeExecutionPayloadRejectsNoncanonicalStructures/duplicate-actor\n","OutputType":"frame"}
{"Time":"2026-10-07T07:39:35.73440269Z","Action":"output","Package":"github.com/Hubujiu/WeaveOS/services/bff/internal/flowcommands","Test":"TestRootDecodeExecutionPayloadRejectsNoncanonicalStructures/duplicate-actor","Output":"--- PASS: TestRootDecodeExecutionPayloadRejectsNoncanonicalStructures/duplicate-actor (0.00s)\n","OutputType":"frame"}
{"Time":"2026-10-07T07:39:35.734423822Z","Action":"pass","Package":"github.com/Hubujiu/WeaveOS/services/bff/internal/flowcommands","Test":"TestRootDecodeExecutionPayloadRejectsNoncanonicalStructures/duplicate-actor","Elapsed":0}
{"Time":"2026-10-07T07:39:35.734445475Z","Action":"run","Package":"github.com/Hubujiu/WeaveOS/services/bff/internal/flowcommands","Test":"TestRootDecodeExecutionPayloadRejectsNoncanonicalStructures/actor-order"}
{"Time":"2026-10-07T07:39:35.734447468Z","Action":"output","Package":"github.com/Hubujiu/WeaveOS/services/bff/internal/flowcommands","Test":"TestRootDecodeExecutionPayloadRejectsNoncanonicalStructures/actor-order","Output":"=== RUN   TestRootDecodeExecutionPayloadRejectsNoncanonicalStructures/actor-order\n","OutputType":"frame"}
{"Time":"2026-10-07T07:39:35.73450235Z","Action":"output","Package":"github.com/Hubujiu/WeaveOS/services/bff/internal/flowcommands","Test":"TestRootDecodeExecutionPayloadRejectsNoncanonicalStructures/actor-order","Output":"--- PASS: TestRootDecodeExecutionPayloadRejectsNoncanonicalStructures/actor-order (0.00s)\n","OutputType":"frame"}
{"Time":"2026-10-07T07:39:35.734530092Z","Action":"pass","Package":"github.com/Hubujiu/WeaveOS/services/bff/internal/flowcommands","Test":"TestRootDecodeExecutionPayloadRejectsNoncanonicalStructures/actor-order","Elapsed":0}
{"Time":"2026-10-07T07:39:35.734547378Z","Action":"run","Package":"github.com/Hubujiu/WeaveOS/services/bff/internal/flowcommands","Test":"TestRootDecodeExecutionPayloadRejectsNoncanonicalStructures/empty-actors"}
{"Time":"2026-10-07T07:39:35.734549121Z","Action":"output","Package":"github.com/Hubujiu/WeaveOS/services/bff/internal/flowcommands","Test":"TestRootDecodeExecutionPayloadRejectsNoncanonicalStructures/empty-actors","Output":"=== RUN   TestRootDecodeExecutionPayloadRejectsNoncanonicalStructures/empty-actors\n","OutputType":"frame"}
{"Time":"2026-10-07T07:39:35.734606777Z","Action":"output","Package":"github.com/Hubujiu/WeaveOS/services/bff/internal/flowcommands","Test":"TestRootDecodeExecutionPayloadRejectsNoncanonicalStructures/empty-actors","Output":"--- PASS: TestRootDecodeExecutionPayloadRejectsNoncanonicalStructures/empty-actors (0.00s)\n","OutputType":"frame"}
{"Time":"2026-10-07T07:39:35.73462831Z","Action":"pass","Package":"github.com/Hubujiu/WeaveOS/services/bff/internal/flowcommands","Test":"TestRootDecodeExecutionPayloadRejectsNoncanonicalStructures/empty-actors","Elapsed":0}
{"Time":"2026-10-07T07:39:35.734643272Z","Action":"run","Package":"github.com/Hubujiu/WeaveOS/services/bff/internal/flowcommands","Test":"TestRootDecodeExecutionPayloadRejectsNoncanonicalStructures/bad-node"}
{"Time":"2026-10-07T07:39:35.734645646Z","Action":"output","Package":"github.com/Hubujiu/WeaveOS/services/bff/internal/flowcommands","Test":"TestRootDecodeExecutionPayloadRejectsNoncanonicalStructures/bad-node","Output":"=== RUN   TestRootDecodeExecutionPayloadRejectsNoncanonicalStructures/bad-node\n","OutputType":"frame"}
{"Time":"2026-10-07T07:39:35.734696793Z","Action":"output","Package":"github.com/Hubujiu/WeaveOS/services/bff/internal/flowcommands","Test":"TestRootDecodeExecutionPayloadRejectsNoncanonicalStructures/bad-node","Output":"--- PASS: TestRootDecodeExecutionPayloadRejectsNoncanonicalStructures/bad-node (0.00s)\n","OutputType":"frame"}
{"Time":"2026-10-07T07:39:35.734716683Z","Action":"pass","Package":"github.com/Hubujiu/WeaveOS/services/bff/internal/flowcommands","Test":"TestRootDecodeExecutionPayloadRejectsNoncanonicalStructures/bad-node","Elapsed":0}
{"Time":"2026-10-07T07:39:35.734731425Z","Action":"run","Package":"github.com/Hubujiu/WeaveOS/services/bff/internal/flowcommands","Test":"TestRootDecodeExecutionPayloadRejectsNoncanonicalStructures/zero-node"}
{"Time":"2026-10-07T07:39:35.734733298Z","Action":"output","Package":"github.com/Hubujiu/WeaveOS/services/bff/internal/flowcommands","Test":"TestRootDecodeExecutionPayloadRejectsNoncanonicalStructures/zero-node","Output":"=== RUN   TestRootDecodeExecutionPayloadRejectsNoncanonicalStructures/zero-node\n","OutputType":"frame"}
{"Time":"2026-10-07T07:39:35.734779467Z","Action":"output","Package":"github.com/Hubujiu/WeaveOS/services/bff/internal/flowcommands","Test":"TestRootDecodeExecutionPayloadRejectsNoncanonicalStructures/zero-node","Output":"--- PASS: TestRootDecodeExecutionPayloadRejectsNoncanonicalStructures/zero-node (0.00s)\n","OutputType":"frame"}
{"Time":"2026-10-07T07:39:35.734822141Z","Action":"pass","Package":"github.com/Hubujiu/WeaveOS/services/bff/internal/flowcommands","Test":"TestRootDecodeExecutionPayloadRejectsNoncanonicalStructures/zero-node","Elapsed":0}
{"Time":"2026-10-07T07:39:35.734839568Z","Action":"run","Package":"github.com/Hubujiu/WeaveOS/services/bff/internal/flowcommands","Test":"TestRootDecodeExecutionPayloadRejectsNoncanonicalStructures/bad-actor"}
{"Time":"2026-10-07T07:39:35.7348414Z","Action":"output","Package":"github.com/Hubujiu/WeaveOS/services/bff/internal/flowcommands","Test":"TestRootDecodeExecutionPayloadRejectsNoncanonicalStructures/bad-actor","Output":"=== RUN   TestRootDecodeExecutionPayloadRejectsNoncanonicalStructures/bad-actor\n","OutputType":"frame"}
{"Time":"2026-10-07T07:39:35.734903384Z","Action":"output","Package":"github.com/Hubujiu/WeaveOS/services/bff/internal/flowcommands","Test":"TestRootDecodeExecutionPayloadRejectsNoncanonicalStructures/bad-actor","Output":"--- PASS: TestRootDecodeExecutionPayloadRejectsNoncanonicalStructures/bad-actor (0.00s)\n","OutputType":"frame"}
{"Time":"2026-10-07T07:39:35.734925797Z","Action":"pass","Package":"github.com/Hubujiu/WeaveOS/services/bff/internal/flowcommands","Test":"TestRootDecodeExecutionPayloadRejectsNoncanonicalStructures/bad-actor","Elapsed":0}
{"Time":"2026-10-07T07:39:35.734942623Z","Action":"run","Package":"github.com/Hubujiu/WeaveOS/services/bff/internal/flowcommands","Test":"TestRootDecodeExecutionPayloadRejectsNoncanonicalStructures/invalid-utf8"}
{"Time":"2026-10-07T07:39:35.734944445Z","Action":"output","Package":"github.com/Hubujiu/WeaveOS/services/bff/internal/flowcommands","Test":"TestRootDecodeExecutionPayloadRejectsNoncanonicalStructures/invalid-utf8","Output":"=== RUN   TestRootDecodeExecutionPayloadRejectsNoncanonicalStructures/invalid-utf8\n","OutputType":"frame"}
{"Time":"2026-10-07T07:39:35.735021832Z","Action":"output","Package":"github.com/Hubujiu/WeaveOS/services/bff/internal/flowcommands","Test":"TestRootDecodeExecutionPayloadRejectsNoncanonicalStructures/invalid-utf8","Output":"--- PASS: TestRootDecodeExecutionPayloadRejectsNoncanonicalStructures/invalid-utf8 (0.00s)\n","OutputType":"frame"}
{"Time":"2026-10-07T07:39:35.735075472Z","Action":"pass","Package":"github.com/Hubujiu/WeaveOS/services/bff/internal/flowcommands","Test":"TestRootDecodeExecutionPayloadRejectsNoncanonicalStructures/invalid-utf8","Elapsed":0}
{"Time":"2026-10-07T07:39:35.735099629Z","Action":"run","Package":"github.com/Hubujiu/WeaveOS/services/bff/internal/flowcommands","Test":"TestRootDecodeExecutionPayloadRejectsNoncanonicalStructures/duplicate-route"}
{"Time":"2026-10-07T07:39:35.735101572Z","Action":"output","Package":"github.com/Hubujiu/WeaveOS/services/bff/internal/flowcommands","Test":"TestRootDecodeExecutionPayloadRejectsNoncanonicalStructures/duplicate-route","Output":"=== RUN   TestRootDecodeExecutionPayloadRejectsNoncanonicalStructures/duplicate-route\n","OutputType":"frame"}
{"Time":"2026-10-07T07:39:35.735208322Z","Action":"output","Package":"github.com/Hubujiu/WeaveOS/services/bff/internal/flowcommands","Test":"TestRootDecodeExecutionPayloadRejectsNoncanonicalStructures/duplicate-route","Output":"--- PASS: TestRootDecodeExecutionPayloadRejectsNoncanonicalStructures/duplicate-route (0.00s)\n","OutputType":"frame"}
{"Time":"2026-10-07T07:39:35.735211237Z","Action":"pass","Package":"github.com/Hubujiu/WeaveOS/services/bff/internal/flowcommands","Test":"TestRootDecodeExecutionPayloadRejectsNoncanonicalStructures/duplicate-route","Elapsed":0}
{"Time":"2026-10-07T07:39:35.735235754Z","Action":"run","Package":"github.com/Hubujiu/WeaveOS/services/bff/internal/flowcommands","Test":"TestRootDecodeExecutionPayloadRejectsNoncanonicalStructures/route-order"}
{"Time":"2026-10-07T07:39:35.735237406Z","Action":"output","Package":"github.com/Hubujiu/WeaveOS/services/bff/internal/flowcommands","Test":"TestRootDecodeExecutionPayloadRejectsNoncanonicalStructures/route-order","Output":"=== RUN   TestRootDecodeExecutionPayloadRejectsNoncanonicalStructures/route-order\n","OutputType":"frame"}
{"Time":"2026-10-07T07:39:35.735312209Z","Action":"output","Package":"github.com/Hubujiu/WeaveOS/services/bff/internal/flowcommands","Test":"TestRootDecodeExecutionPayloadRejectsNoncanonicalStructures/route-order","Output":"--- PASS: TestRootDecodeExecutionPayloadRejectsNoncanonicalStructures/route-order (0.00s)\n","OutputType":"frame"}
{"Time":"2026-10-07T07:39:35.735315634Z","Action":"pass","Package":"github.com/Hubujiu/WeaveOS/services/bff/internal/flowcommands","Test":"TestRootDecodeExecutionPayloadRejectsNoncanonicalStructures/route-order","Elapsed":0}
{"Time":"2026-10-07T07:39:35.735338909Z","Action":"run","Package":"github.com/Hubujiu/WeaveOS/services/bff/internal/flowcommands","Test":"TestRootDecodeExecutionPayloadRejectsNoncanonicalStructures/bad-route"}
{"Time":"2026-10-07T07:39:35.735342674Z","Action":"output","Package":"github.com/Hubujiu/WeaveOS/services/bff/internal/flowcommands","Test":"TestRootDecodeExecutionPayloadRejectsNoncanonicalStructures/bad-route","Output":"=== RUN   TestRootDecodeExecutionPayloadRejectsNoncanonicalStructures/bad-route\n","OutputType":"frame"}
{"Time":"2026-10-07T07:39:35.735408483Z","Action":"output","Package":"github.com/Hubujiu/WeaveOS/services/bff/internal/flowcommands","Test":"TestRootDecodeExecutionPayloadRejectsNoncanonicalStructures/bad-route","Output":"--- PASS: TestRootDecodeExecutionPayloadRejectsNoncanonicalStructures/bad-route (0.00s)\n","OutputType":"frame"}
{"Time":"2026-10-07T07:39:35.735435444Z","Action":"pass","Package":"github.com/Hubujiu/WeaveOS/services/bff/internal/flowcommands","Test":"TestRootDecodeExecutionPayloadRejectsNoncanonicalStructures/bad-route","Elapsed":0}
{"Time":"2026-10-07T07:39:35.735581994Z","Action":"output","Package":"github.com/Hubujiu/WeaveOS/services/bff/internal/flowcommands","Test":"TestRootDecodeExecutionPayloadRejectsNoncanonicalStructures","Output":"--- PASS: TestRootDecodeExecutionPayloadRejectsNoncanonicalStructures (0.00s)\n","OutputType":"frame"}
{"Time":"2026-10-07T07:39:35.735594383Z","Action":"pass","Package":"github.com/Hubujiu/WeaveOS/services/bff/internal/flowcommands","Test":"TestRootDecodeExecutionPayloadRejectsNoncanonicalStructures","Elapsed":0}
{"Time":"2026-10-07T07:39:35.735616837Z","Action":"run","Package":"github.com/Hubujiu/WeaveOS/services/bff/internal/flowcommands","Test":"TestRootDecodeExecutionPayloadBoundsAndOwnership"}
{"Time":"2026-10-07T07:39:35.7356187Z","Action":"output","Package":"github.com/Hubujiu/WeaveOS/services/bff/internal/flowcommands","Test":"TestRootDecodeExecutionPayloadBoundsAndOwnership","Output":"=== RUN   TestRootDecodeExecutionPayloadBoundsAndOwnership\n","OutputType":"frame"}
{"Time":"2026-10-07T07:39:35.766681059Z","Action":"output","Package":"github.com/Hubujiu/WeaveOS/services/bff/internal/flowcommands","Test":"TestRootDecodeExecutionPayloadBoundsAndOwnership","Output":"--- PASS: TestRootDecodeExecutionPayloadBoundsAndOwnership (0.03s)\n","OutputType":"frame"}
{"Time":"2026-10-07T07:39:35.766722211Z","Action":"pass","Package":"github.com/Hubujiu/WeaveOS/services/bff/internal/flowcommands","Test":"TestRootDecodeExecutionPayloadBoundsAndOwnership","Elapsed":0.03}
{"Time":"2026-10-07T07:39:35.766730083Z","Action":"run","Package":"github.com/Hubujiu/WeaveOS/services/bff/internal/flowcommands","Test":"TestRootDecodeExecutionPayloadEmptyGraphs"}
{"Time":"2026-10-07T07:39:35.766732997Z","Action":"output","Package":"github.com/Hubujiu/WeaveOS/services/bff/internal/flowcommands","Test":"TestRootDecodeExecutionPayloadEmptyGraphs","Output":"=== RUN   TestRootDecodeExecutionPayloadEmptyGraphs\n","OutputType":"frame"}
{"Time":"2026-10-07T07:39:35.766738816Z","Action":"output","Package":"github.com/Hubujiu/WeaveOS/services/bff/internal/flowcommands","Test":"TestRootDecodeExecutionPayloadEmptyGraphs","Output":"--- PASS: TestRootDecodeExecutionPayloadEmptyGraphs (0.00s)\n","OutputType":"frame"}
{"Time":"2026-10-07T07:39:35.766740889Z","Action":"pass","Package":"github.com/Hubujiu/WeaveOS/services/bff/internal/flowcommands","Test":"TestRootDecodeExecutionPayloadEmptyGraphs","Elapsed":0}
{"Time":"2026-10-07T07:39:35.766748571Z","Action":"run","Package":"github.com/Hubujiu/WeaveOS/services/bff/internal/flowcommands","Test":"TestRootV2LedgerRoundTripAndExactTerminalReplay"}
{"Time":"2026-10-07T07:39:35.766750123Z","Action":"output","Package":"github.com/Hubujiu/WeaveOS/services/bff/internal/flowcommands","Test":"TestRootV2LedgerRoundTripAndExactTerminalReplay","Output":"=== RUN   TestRootV2LedgerRoundTripAndExactTerminalReplay\n","OutputType":"frame"}
{"Time":"2026-10-07T07:39:35.781244946Z","Action":"output","Package":"github.com/Hubujiu/WeaveOS/services/bff/internal/flowcommands","Test":"TestRootV2LedgerRoundTripAndExactTerminalReplay","Output":"--- PASS: TestRootV2LedgerRoundTripAndExactTerminalReplay (0.01s)\n","OutputType":"frame"}
{"Time":"2026-10-07T07:39:35.781287891Z","Action":"pass","Package":"github.com/Hubujiu/WeaveOS/services/bff/internal/flowcommands","Test":"TestRootV2LedgerRoundTripAndExactTerminalReplay","Elapsed":0.01}
{"Time":"2026-10-07T07:39:35.781295953Z","Action":"run","Package":"github.com/Hubujiu/WeaveOS/services/bff/internal/flowcommands","Test":"TestRootV2LedgerBindingConflictKeepsOriginal"}
{"Time":"2026-10-07T07:39:35.781298326Z","Action":"output","Package":"github.com/Hubujiu/WeaveOS/services/bff/internal/flowcommands","Test":"TestRootV2LedgerBindingConflictKeepsOriginal","Output":"=== RUN   TestRootV2LedgerBindingConflictKeepsOriginal\n","OutputType":"frame"}
{"Time":"2026-10-07T07:39:35.794757071Z","Action":"output","Package":"github.com/Hubujiu/WeaveOS/services/bff/internal/flowcommands","Test":"TestRootV2LedgerBindingConflictKeepsOriginal","Output":"--- PASS: TestRootV2LedgerBindingConflictKeepsOriginal (0.01s)\n","OutputType":"frame"}
{"Time":"2026-10-07T07:39:35.794841939Z","Action":"pass","Package":"github.com/Hubujiu/WeaveOS/services/bff/internal/flowcommands","Test":"TestRootV2LedgerBindingConflictKeepsOriginal","Elapsed":0.01}
{"Time":"2026-10-07T07:39:35.794850812Z","Action":"run","Package":"github.com/Hubujiu/WeaveOS/services/bff/internal/flowcommands","Test":"TestRootV2LedgerProjectionFailureRollsBack"}
{"Time":"2026-10-07T07:39:35.794853586Z","Action":"output","Package":"github.com/Hubujiu/WeaveOS/services/bff/internal/flowcommands","Test":"TestRootV2LedgerProjectionFailureRollsBack","Output":"=== RUN   TestRootV2LedgerProjectionFailureRollsBack\n","OutputType":"frame"}
{"Time":"2026-10-07T07:39:35.806637872Z","Action":"output","Package":"github.com/Hubujiu/WeaveOS/services/bff/internal/flowcommands","Test":"TestRootV2LedgerProjectionFailureRollsBack","Output":"--- PASS: TestRootV2LedgerProjectionFailureRollsBack (0.01s)\n","OutputType":"frame"}
{"Time":"2026-10-07T07:39:35.806672024Z","Action":"pass","Package":"github.com/Hubujiu/WeaveOS/services/bff/internal/flowcommands","Test":"TestRootV2LedgerProjectionFailureRollsBack","Elapsed":0.01}
{"Time":"2026-10-07T07:39:35.806677883Z","Action":"run","Package":"github.com/Hubujiu/WeaveOS/services/bff/internal/flowcommands","Test":"TestRootFormalMigrationDownSeesConcurrentAcceptedHistory"}
{"Time":"2026-10-07T07:39:35.806680016Z","Action":"output","Package":"github.com/Hubujiu/WeaveOS/services/bff/internal/flowcommands","Test":"TestRootFormalMigrationDownSeesConcurrentAcceptedHistory","Output":"=== RUN   TestRootFormalMigrationDownSeesConcurrentAcceptedHistory\n","OutputType":"frame"}
{"Time":"2026-10-07T07:39:35.820917662Z","Action":"output","Package":"github.com/Hubujiu/WeaveOS/services/bff/internal/flowcommands","Test":"TestRootFormalMigrationDownSeesConcurrentAcceptedHistory","Output":"--- PASS: TestRootFormalMigrationDownSeesConcurrentAcceptedHistory (0.01s)\n","OutputType":"frame"}
{"Time":"2026-10-07T07:39:35.820957252Z","Action":"pass","Package":"github.com/Hubujiu/WeaveOS/services/bff/internal/flowcommands","Test":"TestRootFormalMigrationDownSeesConcurrentAcceptedHistory","Elapsed":0.01}
{"Time":"2026-10-07T07:39:35.820967047Z","Action":"run","Package":"github.com/Hubujiu/WeaveOS/services/bff/internal/flowcommands","Test":"TestRootV2CanonicalGoldenVectors"}
{"Time":"2026-10-07T07:39:35.8209692Z","Action":"output","Package":"github.com/Hubujiu/WeaveOS/services/bff/internal/flowcommands","Test":"TestRootV2CanonicalGoldenVectors","Output":"=== RUN   TestRootV2CanonicalGoldenVectors\n","OutputType":"frame"}
{"Time":"2026-10-07T07:39:35.822308585Z","Action":"run","Package":"github.com/Hubujiu/WeaveOS/services/bff/internal/flowcommands","Test":"TestRootV2CanonicalGoldenVectors/legacy_v1"}
{"Time":"2026-10-07T07:39:35.82231234Z","Action":"output","Package":"github.com/Hubujiu/WeaveOS/services/bff/internal/flowcommands","Test":"TestRootV2CanonicalGoldenVectors/legacy_v1","Output":"=== RUN   TestRootV2CanonicalGoldenVectors/legacy_v1\n","OutputType":"frame"}
{"Time":"2026-10-07T07:39:35.822463598Z","Action":"output","Package":"github.com/Hubujiu/WeaveOS/services/bff/internal/flowcommands","Test":"TestRootV2CanonicalGoldenVectors/legacy_v1","Output":"--- PASS: TestRootV2CanonicalGoldenVectors/legacy_v1 (0.00s)\n","OutputType":"frame"}
{"Time":"2026-10-07T07:39:35.822472812Z","Action":"pass","Package":"github.com/Hubujiu/WeaveOS/services/bff/internal/flowcommands","Test":"TestRootV2CanonicalGoldenVectors/legacy_v1","Elapsed":0}
{"Time":"2026-10-07T07:39:35.822477248Z","Action":"run","Package":"github.com/Hubujiu/WeaveOS/services/bff/internal/flowcommands","Test":"TestRootV2CanonicalGoldenVectors/v2_agree"}
{"Time":"2026-10-07T07:39:35.822478711Z","Action":"output","Package":"github.com/Hubujiu/WeaveOS/services/bff/internal/flowcommands","Test":"TestRootV2CanonicalGoldenVectors/v2_agree","Output":"=== RUN   TestRootV2CanonicalGoldenVectors/v2_agree\n","OutputType":"frame"}
{"Time":"2026-10-07T07:39:35.822627524Z","Action":"output","Package":"github.com/Hubujiu/WeaveOS/services/bff/internal/flowcommands","Test":"TestRootV2CanonicalGoldenVectors/v2_agree","Output":"--- PASS: TestRootV2CanonicalGoldenVectors/v2_agree (0.00s)\n","OutputType":"frame"}
{"Time":"2026-10-07T07:39:35.822633644Z","Action":"pass","Package":"github.com/Hubujiu/WeaveOS/services/bff/internal/flowcommands","Test":"TestRootV2CanonicalGoldenVectors/v2_agree","Elapsed":0}
{"Time":"2026-10-07T07:39:35.822635647Z","Action":"run","Package":"github.com/Hubujiu/WeaveOS/services/bff/internal/flowcommands","Test":"TestRootV2CanonicalGoldenVectors/v2_reject"}
{"Time":"2026-10-07T07:39:35.822641536Z","Action":"output","Package":"github.com/Hubujiu/WeaveOS/services/bff/internal/flowcommands","Test":"TestRootV2CanonicalGoldenVectors/v2_reject","Output":"=== RUN   TestRootV2CanonicalGoldenVectors/v2_reject\n","OutputType":"frame"}
{"Time":"2026-10-07T07:39:35.822645021Z","Action":"output","Package":"github.com/Hubujiu/WeaveOS/services/bff/internal/flowcommands","Test":"TestRootV2CanonicalGoldenVectors/v2_reject","Output":"--- PASS: TestRootV2CanonicalGoldenVectors/v2_reject (0.00s)\n","OutputType":"frame"}
{"Time":"2026-10-07T07:39:35.822646683Z","Action":"pass","Package":"github.com/Hubujiu/WeaveOS/services/bff/internal/flowcommands","Test":"TestRootV2CanonicalGoldenVectors/v2_reject","Elapsed":0}
{"Time":"2026-10-07T07:39:35.822648466Z","Action":"run","Package":"github.com/Hubujiu/WeaveOS/services/bff/internal/flowcommands","Test":"TestRootV2CanonicalGoldenVectors/v2_start"}
{"Time":"2026-10-07T07:39:35.822649978Z","Action":"output","Package":"github.com/Hubujiu/WeaveOS/services/bff/internal/flowcommands","Test":"TestRootV2CanonicalGoldenVectors/v2_start","Output":"=== RUN   TestRootV2CanonicalGoldenVectors/v2_start\n","OutputType":"frame"}
{"Time":"2026-10-07T07:39:35.822679793Z","Action":"output","Package":"github.com/Hubujiu/WeaveOS/services/bff/internal/flowcommands","Test":"TestRootV2CanonicalGoldenVectors/v2_start","Output":"--- PASS: TestRootV2CanonicalGoldenVectors/v2_start (0.00s)\n","OutputType":"frame"}
{"Time":"2026-10-07T07:39:35.822695136Z","Action":"pass","Package":"github.com/Hubujiu/WeaveOS/services/bff/internal/flowcommands","Test":"TestRootV2CanonicalGoldenVectors/v2_start","Elapsed":0}
{"Time":"2026-10-07T07:39:35.8227111Z","Action":"run","Package":"github.com/Hubujiu/WeaveOS/services/bff/internal/flowcommands","Test":"TestRootV2CanonicalGoldenVectors/v2_withdraw"}
{"Time":"2026-10-07T07:39:35.822712923Z","Action":"output","Package":"github.com/Hubujiu/WeaveOS/services/bff/internal/flowcommands","Test":"TestRootV2CanonicalGoldenVectors/v2_withdraw","Output":"=== RUN   TestRootV2CanonicalGoldenVectors/v2_withdraw\n","OutputType":"frame"}
{"Time":"2026-10-07T07:39:35.822765242Z","Action":"output","Package":"github.com/Hubujiu/WeaveOS/services/bff/internal/flowcommands","Test":"TestRootV2CanonicalGoldenVectors/v2_withdraw","Output":"--- PASS: TestRootV2CanonicalGoldenVectors/v2_withdraw (0.00s)\n","OutputType":"frame"}
{"Time":"2026-10-07T07:39:35.822771581Z","Action":"pass","Package":"github.com/Hubujiu/WeaveOS/services/bff/internal/flowcommands","Test":"TestRootV2CanonicalGoldenVectors/v2_withdraw","Elapsed":0}
{"Time":"2026-10-07T07:39:35.822778752Z","Action":"run","Package":"github.com/Hubujiu/WeaveOS/services/bff/internal/flowcommands","Test":"TestRootV2CanonicalGoldenVectors/v2_return"}
{"Time":"2026-10-07T07:39:35.822782788Z","Action":"output","Package":"github.com/Hubujiu/WeaveOS/services/bff/internal/flowcommands","Test":"TestRootV2CanonicalGoldenVectors/v2_return","Output":"=== RUN   TestRootV2CanonicalGoldenVectors/v2_return\n","OutputType":"frame"}
{"Time":"2026-10-07T07:39:35.822881697Z","Action":"output","Package":"github.com/Hubujiu/WeaveOS/services/bff/internal/flowcommands","Test":"TestRootV2CanonicalGoldenVectors/v2_return","Output":"--- PASS: TestRootV2CanonicalGoldenVectors/v2_return (0.00s)\n","OutputType":"frame"}
{"Time":"2026-10-07T07:39:35.822885352Z","Action":"pass","Package":"github.com/Hubujiu/WeaveOS/services/bff/internal/flowcommands","Test":"TestRootV2CanonicalGoldenVectors/v2_return","Elapsed":0}
{"Time":"2026-10-07T07:39:35.822929689Z","Action":"output","Package":"github.com/Hubujiu/WeaveOS/services/bff/internal/flowcommands","Test":"TestRootV2CanonicalGoldenVectors","Output":"--- PASS: TestRootV2CanonicalGoldenVectors (0.00s)\n","OutputType":"frame"}
{"Time":"2026-10-07T07:39:35.822931712Z","Action":"pass","Package":"github.com/Hubujiu/WeaveOS/services/bff/internal/flowcommands","Test":"TestRootV2CanonicalGoldenVectors","Elapsed":0}
{"Time":"2026-10-07T07:39:35.822934086Z","Action":"run","Package":"github.com/Hubujiu/WeaveOS/services/bff/internal/flowcommands","Test":"TestRootV2EveryBindingChangesFingerprint"}
{"Time":"2026-10-07T07:39:35.822935568Z","Action":"output","Package":"github.com/Hubujiu/WeaveOS/services/bff/internal/flowcommands","Test":"TestRootV2EveryBindingChangesFingerprint","Output":"=== RUN   TestRootV2EveryBindingChangesFingerprint\n","OutputType":"frame"}
{"Time":"2026-10-07T07:39:35.823026004Z","Action":"run","Package":"github.com/Hubujiu/WeaveOS/services/bff/internal/flowcommands","Test":"TestRootV2EveryBindingChangesFingerprint/0"}
{"Time":"2026-10-07T07:39:35.823028317Z","Action":"output","Package":"github.com/Hubujiu/WeaveOS/services/bff/internal/flowcommands","Test":"TestRootV2EveryBindingChangesFingerprint/0","Output":"=== RUN   TestRootV2EveryBindingChangesFingerprint/0\n","OutputType":"frame"}
{"Time":"2026-10-07T07:39:35.823069209Z","Action":"output","Package":"github.com/Hubujiu/WeaveOS/services/bff/internal/flowcommands","Test":"TestRootV2EveryBindingChangesFingerprint/0","Output":"--- PASS: TestRootV2EveryBindingChangesFingerprint/0 (0.00s)\n","OutputType":"frame"}
{"Time":"2026-10-07T07:39:35.823114607Z","Action":"pass","Package":"github.com/Hubujiu/WeaveOS/services/bff/internal/flowcommands","Test":"TestRootV2EveryBindingChangesFingerprint/0","Elapsed":0}
{"Time":"2026-10-07T07:39:35.82311623Z","Action":"run","Package":"github.com/Hubujiu/WeaveOS/services/bff/internal/flowcommands","Test":"TestRootV2EveryBindingChangesFingerprint/1"}
{"Time":"2026-10-07T07:39:35.823117682Z","Action":"output","Package":"github.com/Hubujiu/WeaveOS/services/bff/internal/flowcommands","Test":"TestRootV2EveryBindingChangesFingerprint/1","Output":"=== RUN   TestRootV2EveryBindingChangesFingerprint/1\n","OutputType":"frame"}
{"Time":"2026-10-07T07:39:35.823135318Z","Action":"output","Package":"github.com/Hubujiu/WeaveOS/services/bff/internal/flowcommands","Test":"TestRootV2EveryBindingChangesFingerprint/1","Output":"--- PASS: TestRootV2EveryBindingChangesFingerprint/1 (0.00s)\n","OutputType":"frame"}
{"Time":"2026-10-07T07:39:35.823137792Z","Action":"pass","Package":"github.com/Hubujiu/WeaveOS/services/bff/internal/flowcommands","Test":"TestRootV2EveryBindingChangesFingerprint/1","Elapsed":0}
{"Time":"2026-10-07T07:39:35.823155809Z","Action":"run","Package":"github.com/Hubujiu/WeaveOS/services/bff/internal/flowcommands","Test":"TestRootV2EveryBindingChangesFingerprint/2"}
{"Time":"2026-10-07T07:39:35.823157131Z","Action":"output","Package":"github.com/Hubujiu/WeaveOS/services/bff/internal/flowcommands","Test":"TestRootV2EveryBindingChangesFingerprint/2","Output":"=== RUN   TestRootV2EveryBindingChangesFingerprint/2\n","OutputType":"frame"}
{"Time":"2026-10-07T07:39:35.823212194Z","Action":"output","Package":"github.com/Hubujiu/WeaveOS/services/bff/internal/flowcommands","Test":"TestRootV2EveryBindingChangesFingerprint/2","Output":"--- PASS: TestRootV2EveryBindingChangesFingerprint/2 (0.00s)\n","OutputType":"frame"}
{"Time":"2026-10-07T07:39:35.823214507Z","Action":"pass","Package":"github.com/Hubujiu/WeaveOS/services/bff/internal/flowcommands","Test":"TestRootV2EveryBindingChangesFingerprint/2","Elapsed":0}
{"Time":"2026-10-07T07:39:35.8232164Z","Action":"run","Package":"github.com/Hubujiu/WeaveOS/services/bff/internal/flowcommands","Test":"TestRootV2EveryBindingChangesFingerprint/3"}
{"Time":"2026-10-07T07:39:35.823217792Z","Action":"output","Package":"github.com/Hubujiu/WeaveOS/services/bff/internal/flowcommands","Test":"TestRootV2EveryBindingChangesFingerprint/3","Output":"=== RUN   TestRootV2EveryBindingChangesFingerprint/3\n","OutputType":"frame"}
{"Time":"2026-10-07T07:39:35.82324305Z","Action":"output","Package":"github.com/Hubujiu/WeaveOS/services/bff/internal/flowcommands","Test":"TestRootV2EveryBindingChangesFingerprint/3","Output":"--- PASS: TestRootV2EveryBindingChangesFingerprint/3 (0.00s)\n","OutputType":"frame"}
{"Time":"2026-10-07T07:39:35.823258414Z","Action":"pass","Package":"github.com/Hubujiu/WeaveOS/services/bff/internal/flowcommands","Test":"TestRootV2EveryBindingChangesFingerprint/3","Elapsed":0}
{"Time":"2026-10-07T07:39:35.823290792Z","Action":"run","Package":"github.com/Hubujiu/WeaveOS/services/bff/internal/flowcommands","Test":"TestRootV2EveryBindingChangesFingerprint/4"}
{"Time":"2026-10-07T07:39:35.823292104Z","Action":"output","Package":"github.com/Hubujiu/WeaveOS/services/bff/internal/flowcommands","Test":"TestRootV2EveryBindingChangesFingerprint/4","Output":"=== RUN   TestRootV2EveryBindingChangesFingerprint/4\n","OutputType":"frame"}
{"Time":"2026-10-07T07:39:35.823308759Z","Action":"output","Package":"github.com/Hubujiu/WeaveOS/services/bff/internal/flowcommands","Test":"TestRootV2EveryBindingChangesFingerprint/4","Output":"--- PASS: TestRootV2EveryBindingChangesFingerprint/4 (0.00s)\n","OutputType":"frame"}
{"Time":"2026-10-07T07:39:35.823311573Z","Action":"pass","Package":"github.com/Hubujiu/WeaveOS/services/bff/internal/flowcommands","Test":"TestRootV2EveryBindingChangesFingerprint/4","Elapsed":0}
{"Time":"2026-10-07T07:39:35.823330111Z","Action":"run","Package":"github.com/Hubujiu/WeaveOS/services/bff/internal/flowcommands","Test":"TestRootV2EveryBindingChangesFingerprint/5"}
{"Time":"2026-10-07T07:39:35.823331564Z","Action":"output","Package":"github.com/Hubujiu/WeaveOS/services/bff/internal/flowcommands","Test":"TestRootV2EveryBindingChangesFingerprint/5","Output":"=== RUN   TestRootV2EveryBindingChangesFingerprint/5\n","OutputType":"frame"}
{"Time":"2026-10-07T07:39:35.823393857Z","Action":"output","Package":"github.com/Hubujiu/WeaveOS/services/bff/internal/flowcommands","Test":"TestRootV2EveryBindingChangesFingerprint/5","Output":"--- PASS: TestRootV2EveryBindingChangesFingerprint/5 (0.00s)\n","OutputType":"frame"}
{"Time":"2026-10-07T07:39:35.82339565Z","Action":"pass","Package":"github.com/Hubujiu/WeaveOS/services/bff/internal/flowcommands","Test":"TestRootV2EveryBindingChangesFingerprint/5","Elapsed":0}
{"Time":"2026-10-07T07:39:35.823397312Z","Action":"run","Package":"github.com/Hubujiu/WeaveOS/services/bff/internal/flowcommands","Test":"TestRootV2EveryBindingChangesFingerprint/6"}
{"Time":"2026-10-07T07:39:35.823398654Z","Action":"output","Package":"github.com/Hubujiu/WeaveOS/services/bff/internal/flowcommands","Test":"TestRootV2EveryBindingChangesFingerprint/6","Output":"=== RUN   TestRootV2EveryBindingChangesFingerprint/6\n","OutputType":"frame"}
{"Time":"2026-10-07T07:39:35.823423802Z","Action":"output","Package":"github.com/Hubujiu/WeaveOS/services/bff/internal/flowcommands","Test":"TestRootV2EveryBindingChangesFingerprint/6","Output":"--- PASS: TestRootV2EveryBindingChangesFingerprint/6 (0.00s)\n","OutputType":"frame"}
{"Time":"2026-10-07T07:39:35.82342892Z","Action":"pass","Package":"github.com/Hubujiu/WeaveOS/services/bff/internal/flowcommands","Test":"TestRootV2EveryBindingChangesFingerprint/6","Elapsed":0}
{"Time":"2026-10-07T07:39:35.823446697Z","Action":"run","Package":"github.com/Hubujiu/WeaveOS/services/bff/internal/flowcommands","Test":"TestRootV2EveryBindingChangesFingerprint/7"}
{"Time":"2026-10-07T07:39:35.823448139Z","Action":"output","Package":"github.com/Hubujiu/WeaveOS/services/bff/internal/flowcommands","Test":"TestRootV2EveryBindingChangesFingerprint/7","Output":"=== RUN   TestRootV2EveryBindingChangesFingerprint/7\n","OutputType":"frame"}
{"Time":"2026-10-07T07:39:35.823484053Z","Action":"output","Package":"github.com/Hubujiu/WeaveOS/services/bff/internal/flowcommands","Test":"TestRootV2EveryBindingChangesFingerprint/7","Output":"--- PASS: TestRootV2EveryBindingChangesFingerprint/7 (0.00s)\n","OutputType":"frame"}
{"Time":"2026-10-07T07:39:35.823498975Z","Action":"pass","Package":"github.com/Hubujiu/WeaveOS/services/bff/internal/flowcommands","Test":"TestRootV2EveryBindingChangesFingerprint/7","Elapsed":0}
{"Time":"2026-10-07T07:39:35.823512626Z","Action":"run","Package":"github.com/Hubujiu/WeaveOS/services/bff/internal/flowcommands","Test":"TestRootV2EveryBindingChangesFingerprint/8"}
{"Time":"2026-10-07T07:39:35.823514389Z","Action":"output","Package":"github.com/Hubujiu/WeaveOS/services/bff/internal/flowcommands","Test":"TestRootV2EveryBindingChangesFingerprint/8","Output":"=== RUN   TestRootV2EveryBindingChangesFingerprint/8\n","OutputType":"frame"}
{"Time":"2026-10-07T07:39:35.823562641Z","Action":"output","Package":"github.com/Hubujiu/WeaveOS/services/bff/internal/flowcommands","Test":"TestRootV2EveryBindingChangesFingerprint/8","Output":"--- PASS: TestRootV2EveryBindingChangesFingerprint/8 (0.00s)\n","OutputType":"frame"}
{"Time":"2026-10-07T07:39:35.823564484Z","Action":"pass","Package":"github.com/Hubujiu/WeaveOS/services/bff/internal/flowcommands","Test":"TestRootV2EveryBindingChangesFingerprint/8","Elapsed":0}
{"Time":"2026-10-07T07:39:35.823566807Z","Action":"run","Package":"github.com/Hubujiu/WeaveOS/services/bff/internal/flowcommands","Test":"TestRootV2EveryBindingChangesFingerprint/9"}
{"Time":"2026-10-07T07:39:35.82356827Z","Action":"output","Package":"github.com/Hubujiu/WeaveOS/services/bff/internal/flowcommands","Test":"TestRootV2EveryBindingChangesFingerprint/9","Output":"=== RUN   TestRootV2EveryBindingChangesFingerprint/9\n","OutputType":"frame"}
{"Time":"2026-10-07T07:39:35.823600468Z","Action":"output","Package":"github.com/Hubujiu/WeaveOS/services/bff/internal/flowcommands","Test":"TestRootV2EveryBindingChangesFingerprint/9","Output":"--- PASS: TestRootV2EveryBindingChangesFingerprint/9 (0.00s)\n","OutputType":"frame"}
{"Time":"2026-10-07T07:39:35.823613688Z","Action":"pass","Package":"github.com/Hubujiu/WeaveOS/services/bff/internal/flowcommands","Test":"TestRootV2EveryBindingChangesFingerprint/9","Elapsed":0}
{"Time":"2026-10-07T07:39:35.823627008Z","Action":"run","Package":"github.com/Hubujiu/WeaveOS/services/bff/internal/flowcommands","Test":"TestRootV2EveryBindingChangesFingerprint/10"}
{"Time":"2026-10-07T07:39:35.82362843Z","Action":"output","Package":"github.com/Hubujiu/WeaveOS/services/bff/internal/flowcommands","Test":"TestRootV2EveryBindingChangesFingerprint/10","Output":"=== RUN   TestRootV2EveryBindingChangesFingerprint/10\n","OutputType":"frame"}
{"Time":"2026-10-07T07:39:35.823672777Z","Action":"output","Package":"github.com/Hubujiu/WeaveOS/services/bff/internal/flowcommands","Test":"TestRootV2EveryBindingChangesFingerprint/10","Output":"--- PASS: TestRootV2EveryBindingChangesFingerprint/10 (0.00s)\n","OutputType":"frame"}
{"Time":"2026-10-07T07:39:35.82367485Z","Action":"pass","Package":"github.com/Hubujiu/WeaveOS/services/bff/internal/flowcommands","Test":"TestRootV2EveryBindingChangesFingerprint/10","Elapsed":0}
{"Time":"2026-10-07T07:39:35.823677534Z","Action":"run","Package":"github.com/Hubujiu/WeaveOS/services/bff/internal/flowcommands","Test":"TestRootV2EveryBindingChangesFingerprint/11"}
{"Time":"2026-10-07T07:39:35.823690413Z","Action":"output","Package":"github.com/Hubujiu/WeaveOS/services/bff/internal/flowcommands","Test":"TestRootV2EveryBindingChangesFingerprint/11","Output":"=== RUN   TestRootV2EveryBindingChangesFingerprint/11\n","OutputType":"frame"}
{"Time":"2026-10-07T07:39:35.823725496Z","Action":"output","Package":"github.com/Hubujiu/WeaveOS/services/bff/internal/flowcommands","Test":"TestRootV2EveryBindingChangesFingerprint/11","Output":"--- PASS: TestRootV2EveryBindingChangesFingerprint/11 (0.00s)\n","OutputType":"frame"}
{"Time":"2026-10-07T07:39:35.823729422Z","Action":"pass","Package":"github.com/Hubujiu/WeaveOS/services/bff/internal/flowcommands","Test":"TestRootV2EveryBindingChangesFingerprint/11","Elapsed":0}
{"Time":"2026-10-07T07:39:35.823732186Z","Action":"run","Package":"github.com/Hubujiu/WeaveOS/services/bff/internal/flowcommands","Test":"TestRootV2EveryBindingChangesFingerprint/12"}
{"Time":"2026-10-07T07:39:35.823757194Z","Action":"output","Package":"github.com/Hubujiu/WeaveOS/services/bff/internal/flowcommands","Test":"TestRootV2EveryBindingChangesFingerprint/12","Output":"=== RUN   TestRootV2EveryBindingChangesFingerprint/12\n","OutputType":"frame"}
{"Time":"2026-10-07T07:39:35.823781931Z","Action":"output","Package":"github.com/Hubujiu/WeaveOS/services/bff/internal/flowcommands","Test":"TestRootV2EveryBindingChangesFingerprint/12","Output":"--- PASS: TestRootV2EveryBindingChangesFingerprint/12 (0.00s)\n","OutputType":"frame"}
{"Time":"2026-10-07T07:39:35.823784665Z","Action":"pass","Package":"github.com/Hubujiu/WeaveOS/services/bff/internal/flowcommands","Test":"TestRootV2EveryBindingChangesFingerprint/12","Elapsed":0}
{"Time":"2026-10-07T07:39:35.82386127Z","Action":"run","Package":"github.com/Hubujiu/WeaveOS/services/bff/internal/flowcommands","Test":"TestRootV2EveryBindingChangesFingerprint/13"}
{"Time":"2026-10-07T07:39:35.823862793Z","Action":"output","Package":"github.com/Hubujiu/WeaveOS/services/bff/internal/flowcommands","Test":"TestRootV2EveryBindingChangesFingerprint/13","Output":"=== RUN   TestRootV2EveryBindingChangesFingerprint/13\n","OutputType":"frame"}
{"Time":"2026-10-07T07:39:35.823895983Z","Action":"output","Package":"github.com/Hubujiu/WeaveOS/services/bff/internal/flowcommands","Test":"TestRootV2EveryBindingChangesFingerprint/13","Output":"--- PASS: TestRootV2EveryBindingChangesFingerprint/13 (0.00s)\n","OutputType":"frame"}
{"Time":"2026-10-07T07:39:35.823912397Z","Action":"pass","Package":"github.com/Hubujiu/WeaveOS/services/bff/internal/flowcommands","Test":"TestRootV2EveryBindingChangesFingerprint/13","Elapsed":0}
{"Time":"2026-10-07T07:39:35.823943804Z","Action":"run","Package":"github.com/Hubujiu/WeaveOS/services/bff/internal/flowcommands","Test":"TestRootV2EveryBindingChangesFingerprint/14"}
{"Time":"2026-10-07T07:39:35.823945407Z","Action":"output","Package":"github.com/Hubujiu/WeaveOS/services/bff/internal/flowcommands","Test":"TestRootV2EveryBindingChangesFingerprint/14","Output":"=== RUN   TestRootV2EveryBindingChangesFingerprint/14\n","OutputType":"frame"}
{"Time":"2026-10-07T07:39:35.823960319Z","Action":"output","Package":"github.com/Hubujiu/WeaveOS/services/bff/internal/flowcommands","Test":"TestRootV2EveryBindingChangesFingerprint/14","Output":"--- PASS: TestRootV2EveryBindingChangesFingerprint/14 (0.00s)\n","OutputType":"frame"}
{"Time":"2026-10-07T07:39:35.823975652Z","Action":"pass","Package":"github.com/Hubujiu/WeaveOS/services/bff/internal/flowcommands","Test":"TestRootV2EveryBindingChangesFingerprint/14","Elapsed":0}
{"Time":"2026-10-07T07:39:35.823990695Z","Action":"run","Package":"github.com/Hubujiu/WeaveOS/services/bff/internal/flowcommands","Test":"TestRootV2EveryBindingChangesFingerprint/15"}
{"Time":"2026-10-07T07:39:35.823992568Z","Action":"output","Package":"github.com/Hubujiu/WeaveOS/services/bff/internal/flowcommands","Test":"TestRootV2EveryBindingChangesFingerprint/15","Output":"=== RUN   TestRootV2EveryBindingChangesFingerprint/15\n","OutputType":"frame"}
{"Time":"2026-10-07T07:39:35.824058337Z","Action":"output","Package":"github.com/Hubujiu/WeaveOS/services/bff/internal/flowcommands","Test":"TestRootV2EveryBindingChangesFingerprint/15","Output":"--- PASS: TestRootV2EveryBindingChangesFingerprint/15 (0.00s)\n","OutputType":"frame"}
{"Time":"2026-10-07T07:39:35.824062733Z","Action":"pass","Package":"github.com/Hubujiu/WeaveOS/services/bff/internal/flowcommands","Test":"TestRootV2EveryBindingChangesFingerprint/15","Elapsed":0}
{"Time":"2026-10-07T07:39:35.824064666Z","Action":"run","Package":"github.com/Hubujiu/WeaveOS/services/bff/internal/flowcommands","Test":"TestRootV2EveryBindingChangesFingerprint/16"}
{"Time":"2026-10-07T07:39:35.824065928Z","Action":"output","Package":"github.com/Hubujiu/WeaveOS/services/bff/internal/flowcommands","Test":"TestRootV2EveryBindingChangesFingerprint/16","Output":"=== RUN   TestRootV2EveryBindingChangesFingerprint/16\n","OutputType":"frame"}
{"Time":"2026-10-07T07:39:35.824070615Z","Action":"output","Package":"github.com/Hubujiu/WeaveOS/services/bff/internal/flowcommands","Test":"TestRootV2EveryBindingChangesFingerprint/16","Output":"--- PASS: TestRootV2EveryBindingChangesFingerprint/16 (0.00s)\n","OutputType":"frame"}
{"Time":"2026-10-07T07:39:35.824073079Z","Action":"pass","Package":"github.com/Hubujiu/WeaveOS/services/bff/internal/flowcommands","Test":"TestRootV2EveryBindingChangesFingerprint/16","Elapsed":0}
{"Time":"2026-10-07T07:39:35.824090936Z","Action":"run","Package":"github.com/Hubujiu/WeaveOS/services/bff/internal/flowcommands","Test":"TestRootV2EveryBindingChangesFingerprint/17"}
{"Time":"2026-10-07T07:39:35.824092598Z","Action":"output","Package":"github.com/Hubujiu/WeaveOS/services/bff/internal/flowcommands","Test":"TestRootV2EveryBindingChangesFingerprint/17","Output":"=== RUN   TestRootV2EveryBindingChangesFingerprint/17\n","OutputType":"frame"}
{"Time":"2026-10-07T07:39:35.824137576Z","Action":"output","Package":"github.com/Hubujiu/WeaveOS/services/bff/internal/flowcommands","Test":"TestRootV2EveryBindingChangesFingerprint/17","Output":"--- PASS: TestRootV2EveryBindingChangesFingerprint/17 (0.00s)\n","OutputType":"frame"}
{"Time":"2026-10-07T07:39:35.824139599Z","Action":"pass","Package":"github.com/Hubujiu/WeaveOS/services/bff/internal/flowcommands","Test":"TestRootV2EveryBindingChangesFingerprint/17","Elapsed":0}
{"Time":"2026-10-07T07:39:35.82416688Z","Action":"output","Package":"github.com/Hubujiu/WeaveOS/services/bff/internal/flowcommands","Test":"TestRootV2EveryBindingChangesFingerprint","Output":"--- PASS: TestRootV2EveryBindingChangesFingerprint (0.00s)\n","OutputType":"frame"}
{"Time":"2026-10-07T07:39:35.824182764Z","Action":"pass","Package":"github.com/Hubujiu/WeaveOS/services/bff/internal/flowcommands","Test":"TestRootV2EveryBindingChangesFingerprint","Elapsed":0}
{"Time":"2026-10-07T07:39:35.824196154Z","Action":"run","Package":"github.com/Hubujiu/WeaveOS/services/bff/internal/flowcommands","Test":"TestRootV2StrictIdentityAndIntegerBounds"}
{"Time":"2026-10-07T07:39:35.824197646Z","Action":"output","Package":"github.com/Hubujiu/WeaveOS/services/bff/internal/flowcommands","Test":"TestRootV2StrictIdentityAndIntegerBounds","Output":"=== RUN   TestRootV2StrictIdentityAndIntegerBounds\n","OutputType":"frame"}
{"Time":"2026-10-07T07:39:35.824243195Z","Action":"run","Package":"github.com/Hubujiu/WeaveOS/services/bff/internal/flowcommands","Test":"TestRootV2StrictIdentityAndIntegerBounds/0"}
{"Time":"2026-10-07T07:39:35.824244677Z","Action":"output","Package":"github.com/Hubujiu/WeaveOS/services/bff/internal/flowcommands","Test":"TestRootV2StrictIdentityAndIntegerBounds/0","Output":"=== RUN   TestRootV2StrictIdentityAndIntegerBounds/0\n","OutputType":"frame"}
{"Time":"2026-10-07T07:39:35.824274662Z","Action":"output","Package":"github.com/Hubujiu/WeaveOS/services/bff/internal/flowcommands","Test":"TestRootV2StrictIdentityAndIntegerBounds/0","Output":"--- PASS: TestRootV2StrictIdentityAndIntegerBounds/0 (0.00s)\n","OutputType":"frame"}
{"Time":"2026-10-07T07:39:35.824289024Z","Action":"pass","Package":"github.com/Hubujiu/WeaveOS/services/bff/internal/flowcommands","Test":"TestRootV2StrictIdentityAndIntegerBounds/0","Elapsed":0}
{"Time":"2026-10-07T07:39:35.82429296Z","Action":"run","Package":"github.com/Hubujiu/WeaveOS/services/bff/internal/flowcommands","Test":"TestRootV2StrictIdentityAndIntegerBounds/1"}
{"Time":"2026-10-07T07:39:35.824294562Z","Action":"output","Package":"github.com/Hubujiu/WeaveOS/services/bff/internal/flowcommands","Test":"TestRootV2StrictIdentityAndIntegerBounds/1","Output":"=== RUN   TestRootV2StrictIdentityAndIntegerBounds/1\n","OutputType":"frame"}
{"Time":"2026-10-07T07:39:35.824332078Z","Action":"output","Package":"github.com/Hubujiu/WeaveOS/services/bff/internal/flowcommands","Test":"TestRootV2StrictIdentityAndIntegerBounds/1","Output":"--- PASS: TestRootV2StrictIdentityAndIntegerBounds/1 (0.00s)\n","OutputType":"frame"}
{"Time":"2026-10-07T07:39:35.82434642Z","Action":"pass","Package":"github.com/Hubujiu/WeaveOS/services/bff/internal/flowcommands","Test":"TestRootV2StrictIdentityAndIntegerBounds/1","Elapsed":0}
{"Time":"2026-10-07T07:39:35.82435984Z","Action":"run","Package":"github.com/Hubujiu/WeaveOS/services/bff/internal/flowcommands","Test":"TestRootV2StrictIdentityAndIntegerBounds/2"}
{"Time":"2026-10-07T07:39:35.824361242Z","Action":"output","Package":"github.com/Hubujiu/WeaveOS/services/bff/internal/flowcommands","Test":"TestRootV2StrictIdentityAndIntegerBounds/2","Output":"=== RUN   TestRootV2StrictIdentityAndIntegerBounds/2\n","OutputType":"frame"}
{"Time":"2026-10-07T07:39:35.824414392Z","Action":"output","Package":"github.com/Hubujiu/WeaveOS/services/bff/internal/flowcommands","Test":"TestRootV2StrictIdentityAndIntegerBounds/2","Output":"--- PASS: TestRootV2StrictIdentityAndIntegerBounds/2 (0.00s)\n","OutputType":"frame"}
{"Time":"2026-10-07T07:39:35.824416355Z","Action":"pass","Package":"github.com/Hubujiu/WeaveOS/services/bff/internal/flowcommands","Test":"TestRootV2StrictIdentityAndIntegerBounds/2","Elapsed":0}
{"Time":"2026-10-07T07:39:35.824417918Z","Action":"run","Package":"github.com/Hubujiu/WeaveOS/services/bff/internal/flowcommands","Test":"TestRootV2StrictIdentityAndIntegerBounds/3"}
{"Time":"2026-10-07T07:39:35.82441968Z","Action":"output","Package":"github.com/Hubujiu/WeaveOS/services/bff/internal/flowcommands","Test":"TestRootV2StrictIdentityAndIntegerBounds/3","Output":"=== RUN   TestRootV2StrictIdentityAndIntegerBounds/3\n","OutputType":"frame"}
{"Time":"2026-10-07T07:39:35.824434633Z","Action":"output","Package":"github.com/Hubujiu/WeaveOS/services/bff/internal/flowcommands","Test":"TestRootV2StrictIdentityAndIntegerBounds/3","Output":"--- PASS: TestRootV2StrictIdentityAndIntegerBounds/3 (0.00s)\n","OutputType":"frame"}
{"Time":"2026-10-07T07:39:35.824450797Z","Action":"pass","Package":"github.com/Hubujiu/WeaveOS/services/bff/internal/flowcommands","Test":"TestRootV2StrictIdentityAndIntegerBounds/3","Elapsed":0}
{"Time":"2026-10-07T07:39:35.824463106Z","Action":"run","Package":"github.com/Hubujiu/WeaveOS/services/bff/internal/flowcommands","Test":"TestRootV2StrictIdentityAndIntegerBounds/4"}
{"Time":"2026-10-07T07:39:35.824464498Z","Action":"output","Package":"github.com/Hubujiu/WeaveOS/services/bff/internal/flowcommands","Test":"TestRootV2StrictIdentityAndIntegerBounds/4","Output":"=== RUN   TestRootV2StrictIdentityAndIntegerBounds/4\n","OutputType":"frame"}
{"Time":"2026-10-07T07:39:35.824523667Z","Action":"output","Package":"github.com/Hubujiu/WeaveOS/services/bff/internal/flowcommands","Test":"TestRootV2StrictIdentityAndIntegerBounds/4","Output":"--- PASS: TestRootV2StrictIdentityAndIntegerBounds/4 (0.00s)\n","OutputType":"frame"}
{"Time":"2026-10-07T07:39:35.824526331Z","Action":"pass","Package":"github.com/Hubujiu/WeaveOS/services/bff/internal/flowcommands","Test":"TestRootV2StrictIdentityAndIntegerBounds/4","Elapsed":0}
{"Time":"2026-10-07T07:39:35.824527913Z","Action":"run","Package":"github.com/Hubujiu/WeaveOS/services/bff/internal/flowcommands","Test":"TestRootV2StrictIdentityAndIntegerBounds/5"}
{"Time":"2026-10-07T07:39:35.824529485Z","Action":"output","Package":"github.com/Hubujiu/WeaveOS/services/bff/internal/flowcommands","Test":"TestRootV2StrictIdentityAndIntegerBounds/5","Output":"=== RUN   TestRootV2StrictIdentityAndIntegerBounds/5\n","OutputType":"frame"}
{"Time":"2026-10-07T07:39:35.824551969Z","Action":"output","Package":"github.com/Hubujiu/WeaveOS/services/bff/internal/flowcommands","Test":"TestRootV2StrictIdentityAndIntegerBounds/5","Output":"--- PASS: TestRootV2StrictIdentityAndIntegerBounds/5 (0.00s)\n","OutputType":"frame"}
{"Time":"2026-10-07T07:39:35.824566441Z","Action":"pass","Package":"github.com/Hubujiu/WeaveOS/services/bff/internal/flowcommands","Test":"TestRootV2StrictIdentityAndIntegerBounds/5","Elapsed":0}
{"Time":"2026-10-07T07:39:35.824568124Z","Action":"run","Package":"github.com/Hubujiu/WeaveOS/services/bff/internal/flowcommands","Test":"TestRootV2StrictIdentityAndIntegerBounds/6"}
{"Time":"2026-10-07T07:39:35.824569526Z","Action":"output","Package":"github.com/Hubujiu/WeaveOS/services/bff/internal/flowcommands","Test":"TestRootV2StrictIdentityAndIntegerBounds/6","Output":"=== RUN   TestRootV2StrictIdentityAndIntegerBounds/6\n","OutputType":"frame"}
{"Time":"2026-10-07T07:39:35.824615164Z","Action":"output","Package":"github.com/Hubujiu/WeaveOS/services/bff/internal/flowcommands","Test":"TestRootV2StrictIdentityAndIntegerBounds/6","Output":"--- PASS: TestRootV2StrictIdentityAndIntegerBounds/6 (0.00s)\n","OutputType":"frame"}
{"Time":"2026-10-07T07:39:35.824617908Z","Action":"pass","Package":"github.com/Hubujiu/WeaveOS/services/bff/internal/flowcommands","Test":"TestRootV2StrictIdentityAndIntegerBounds/6","Elapsed":0}
{"Time":"2026-10-07T07:39:35.824620803Z","Action":"run","Package":"github.com/Hubujiu/WeaveOS/services/bff/internal/flowcommands","Test":"TestRootV2StrictIdentityAndIntegerBounds/7"}
{"Time":"2026-10-07T07:39:35.824622395Z","Action":"output","Package":"github.com/Hubujiu/WeaveOS/services/bff/internal/flowcommands","Test":"TestRootV2StrictIdentityAndIntegerBounds/7","Output":"=== RUN   TestRootV2StrictIdentityAndIntegerBounds/7\n","OutputType":"frame"}
{"Time":"2026-10-07T07:39:35.824651449Z","Action":"output","Package":"github.com/Hubujiu/WeaveOS/services/bff/internal/flowcommands","Test":"TestRootV2StrictIdentityAndIntegerBounds/7","Output":"--- PASS: TestRootV2StrictIdentityAndIntegerBounds/7 (0.00s)\n","OutputType":"frame"}
{"Time":"2026-10-07T07:39:35.824680192Z","Action":"pass","Package":"github.com/Hubujiu/WeaveOS/services/bff/internal/flowcommands","Test":"TestRootV2StrictIdentityAndIntegerBounds/7","Elapsed":0}
{"Time":"2026-10-07T07:39:35.824682075Z","Action":"run","Package":"github.com/Hubujiu/WeaveOS/services/bff/internal/flowcommands","Test":"TestRootV2StrictIdentityAndIntegerBounds/8"}
{"Time":"2026-10-07T07:39:35.824683557Z","Action":"output","Package":"github.com/Hubujiu/WeaveOS/services/bff/internal/flowcommands","Test":"TestRootV2StrictIdentityAndIntegerBounds/8","Output":"=== RUN   TestRootV2StrictIdentityAndIntegerBounds/8\n","OutputType":"frame"}
{"Time":"2026-10-07T07:39:35.824706422Z","Action":"output","Package":"github.com/Hubujiu/WeaveOS/services/bff/internal/flowcommands","Test":"TestRootV2StrictIdentityAndIntegerBounds/8","Output":"--- PASS: TestRootV2StrictIdentityAndIntegerBounds/8 (0.00s)\n","OutputType":"frame"}
{"Time":"2026-10-07T07:39:35.824720072Z","Action":"pass","Package":"github.com/Hubujiu/WeaveOS/services/bff/internal/flowcommands","Test":"TestRootV2StrictIdentityAndIntegerBounds/8","Elapsed":0}
{"Time":"2026-10-07T07:39:35.824727223Z","Action":"run","Package":"github.com/Hubujiu/WeaveOS/services/bff/internal/flowcommands","Test":"TestRootV2StrictIdentityAndIntegerBounds/9"}
{"Time":"2026-10-07T07:39:35.824728675Z","Action":"output","Package":"github.com/Hubujiu/WeaveOS/services/bff/internal/flowcommands","Test":"TestRootV2StrictIdentityAndIntegerBounds/9","Output":"=== RUN   TestRootV2StrictIdentityAndIntegerBounds/9\n","OutputType":"frame"}
{"Time":"2026-10-07T07:39:35.824784599Z","Action":"output","Package":"github.com/Hubujiu/WeaveOS/services/bff/internal/flowcommands","Test":"TestRootV2StrictIdentityAndIntegerBounds/9","Output":"--- PASS: TestRootV2StrictIdentityAndIntegerBounds/9 (0.00s)\n","OutputType":"frame"}
{"Time":"2026-10-07T07:39:35.824799311Z","Action":"pass","Package":"github.com/Hubujiu/WeaveOS/services/bff/internal/flowcommands","Test":"TestRootV2StrictIdentityAndIntegerBounds/9","Elapsed":0}
{"Time":"2026-10-07T07:39:35.824801354Z","Action":"run","Package":"github.com/Hubujiu/WeaveOS/services/bff/internal/flowcommands","Test":"TestRootV2StrictIdentityAndIntegerBounds/10"}
{"Time":"2026-10-07T07:39:35.824802626Z","Action":"output","Package":"github.com/Hubujiu/WeaveOS/services/bff/internal/flowcommands","Test":"TestRootV2StrictIdentityAndIntegerBounds/10","Output":"=== RUN   TestRootV2StrictIdentityAndIntegerBounds/10\n","OutputType":"frame"}
{"Time":"2026-10-07T07:39:35.824820914Z","Action":"output","Package":"github.com/Hubujiu/WeaveOS/services/bff/internal/flowcommands","Test":"TestRootV2StrictIdentityAndIntegerBounds/10","Output":"--- PASS: TestRootV2StrictIdentityAndIntegerBounds/10 (0.00s)\n","OutputType":"frame"}
{"Time":"2026-10-07T07:39:35.824848475Z","Action":"pass","Package":"github.com/Hubujiu/WeaveOS/services/bff/internal/flowcommands","Test":"TestRootV2StrictIdentityAndIntegerBounds/10","Elapsed":0}
{"Time":"2026-10-07T07:39:35.824850138Z","Action":"run","Package":"github.com/Hubujiu/WeaveOS/services/bff/internal/flowcommands","Test":"TestRootV2StrictIdentityAndIntegerBounds/11"}
{"Time":"2026-10-07T07:39:35.82485164Z","Action":"output","Package":"github.com/Hubujiu/WeaveOS/services/bff/internal/flowcommands","Test":"TestRootV2StrictIdentityAndIntegerBounds/11","Output":"=== RUN   TestRootV2StrictIdentityAndIntegerBounds/11\n","OutputType":"frame"}
{"Time":"2026-10-07T07:39:35.824873713Z","Action":"output","Package":"github.com/Hubujiu/WeaveOS/services/bff/internal/flowcommands","Test":"TestRootV2StrictIdentityAndIntegerBounds/11","Output":"--- PASS: TestRootV2StrictIdentityAndIntegerBounds/11 (0.00s)\n","OutputType":"frame"}
{"Time":"2026-10-07T07:39:35.824876517Z","Action":"pass","Package":"github.com/Hubujiu/WeaveOS/services/bff/internal/flowcommands","Test":"TestRootV2StrictIdentityAndIntegerBounds/11","Elapsed":0}
{"Time":"2026-10-07T07:39:35.82489153Z","Action":"run","Package":"github.com/Hubujiu/WeaveOS/services/bff/internal/flowcommands","Test":"TestRootV2StrictIdentityAndIntegerBounds/12"}
{"Time":"2026-10-07T07:39:35.824893283Z","Action":"output","Package":"github.com/Hubujiu/WeaveOS/services/bff/internal/flowcommands","Test":"TestRootV2StrictIdentityAndIntegerBounds/12","Output":"=== RUN   TestRootV2StrictIdentityAndIntegerBounds/12\n","OutputType":"frame"}
{"Time":"2026-10-07T07:39:35.824944259Z","Action":"output","Package":"github.com/Hubujiu/WeaveOS/services/bff/internal/flowcommands","Test":"TestRootV2StrictIdentityAndIntegerBounds/12","Output":"--- PASS: TestRootV2StrictIdentityAndIntegerBounds/12 (0.00s)\n","OutputType":"frame"}
{"Time":"2026-10-07T07:39:35.82495113Z","Action":"pass","Package":"github.com/Hubujiu/WeaveOS/services/bff/internal/flowcommands","Test":"TestRootV2StrictIdentityAndIntegerBounds/12","Elapsed":0}
{"Time":"2026-10-07T07:39:35.824953623Z","Action":"run","Package":"github.com/Hubujiu/WeaveOS/services/bff/internal/flowcommands","Test":"TestRootV2StrictIdentityAndIntegerBounds/13"}
{"Time":"2026-10-07T07:39:35.824955917Z","Action":"output","Package":"github.com/Hubujiu/WeaveOS/services/bff/internal/flowcommands","Test":"TestRootV2StrictIdentityAndIntegerBounds/13","Output":"=== RUN   TestRootV2StrictIdentityAndIntegerBounds/13\n","OutputType":"frame"}
{"Time":"2026-10-07T07:39:35.825038711Z","Action":"output","Package":"github.com/Hubujiu/WeaveOS/services/bff/internal/flowcommands","Test":"TestRootV2StrictIdentityAndIntegerBounds/13","Output":"--- PASS: TestRootV2StrictIdentityAndIntegerBounds/13 (0.00s)\n","OutputType":"frame"}
{"Time":"2026-10-07T07:39:35.825042637Z","Action":"pass","Package":"github.com/Hubujiu/WeaveOS/services/bff/internal/flowcommands","Test":"TestRootV2StrictIdentityAndIntegerBounds/13","Elapsed":0}
{"Time":"2026-10-07T07:39:35.82504448Z","Action":"run","Package":"github.com/Hubujiu/WeaveOS/services/bff/internal/flowcommands","Test":"TestRootV2StrictIdentityAndIntegerBounds/14"}
{"Time":"2026-10-07T07:39:35.825047705Z","Action":"output","Package":"github.com/Hubujiu/WeaveOS/services/bff/internal/flowcommands","Test":"TestRootV2StrictIdentityAndIntegerBounds/14","Output":"=== RUN   TestRootV2StrictIdentityAndIntegerBounds/14\n","OutputType":"frame"}
{"Time":"2026-10-07T07:39:35.825050058Z","Action":"output","Package":"github.com/Hubujiu/WeaveOS/services/bff/internal/flowcommands","Test":"TestRootV2StrictIdentityAndIntegerBounds/14","Output":"--- PASS: TestRootV2StrictIdentityAndIntegerBounds/14 (0.00s)\n","OutputType":"frame"}
{"Time":"2026-10-07T07:39:35.825051881Z","Action":"pass","Package":"github.com/Hubujiu/WeaveOS/services/bff/internal/flowcommands","Test":"TestRootV2StrictIdentityAndIntegerBounds/14","Elapsed":0}
{"Time":"2026-10-07T07:39:35.825054225Z","Action":"run","Package":"github.com/Hubujiu/WeaveOS/services/bff/internal/flowcommands","Test":"TestRootV2StrictIdentityAndIntegerBounds/15"}
{"Time":"2026-10-07T07:39:35.825055587Z","Action":"output","Package":"github.com/Hubujiu/WeaveOS/services/bff/internal/flowcommands","Test":"TestRootV2StrictIdentityAndIntegerBounds/15","Output":"=== RUN   TestRootV2StrictIdentityAndIntegerBounds/15\n","OutputType":"frame"}
{"Time":"2026-10-07T07:39:35.825075266Z","Action":"output","Package":"github.com/Hubujiu/WeaveOS/services/bff/internal/flowcommands","Test":"TestRootV2StrictIdentityAndIntegerBounds/15","Output":"--- PASS: TestRootV2StrictIdentityAndIntegerBounds/15 (0.00s)\n","OutputType":"frame"}
{"Time":"2026-10-07T07:39:35.825089608Z","Action":"pass","Package":"github.com/Hubujiu/WeaveOS/services/bff/internal/flowcommands","Test":"TestRootV2StrictIdentityAndIntegerBounds/15","Elapsed":0}
{"Time":"2026-10-07T07:39:35.825103168Z","Action":"run","Package":"github.com/Hubujiu/WeaveOS/services/bff/internal/flowcommands","Test":"TestRootV2StrictIdentityAndIntegerBounds/16"}
{"Time":"2026-10-07T07:39:35.825104861Z","Action":"output","Package":"github.com/Hubujiu/WeaveOS/services/bff/internal/flowcommands","Test":"TestRootV2StrictIdentityAndIntegerBounds/16","Output":"=== RUN   TestRootV2StrictIdentityAndIntegerBounds/16\n","OutputType":"frame"}
{"Time":"2026-10-07T07:39:35.825168837Z","Action":"output","Package":"github.com/Hubujiu/WeaveOS/services/bff/internal/flowcommands","Test":"TestRootV2StrictIdentityAndIntegerBounds/16","Output":"--- PASS: TestRootV2StrictIdentityAndIntegerBounds/16 (0.00s)\n","OutputType":"frame"}
{"Time":"2026-10-07T07:39:35.82517098Z","Action":"pass","Package":"github.com/Hubujiu/WeaveOS/services/bff/internal/flowcommands","Test":"TestRootV2StrictIdentityAndIntegerBounds/16","Elapsed":0}
{"Time":"2026-10-07T07:39:35.825172883Z","Action":"run","Package":"github.com/Hubujiu/WeaveOS/services/bff/internal/flowcommands","Test":"TestRootV2StrictIdentityAndIntegerBounds/17"}
{"Time":"2026-10-07T07:39:35.825174115Z","Action":"output","Package":"github.com/Hubujiu/WeaveOS/services/bff/internal/flowcommands","Test":"TestRootV2StrictIdentityAndIntegerBounds/17","Output":"=== RUN   TestRootV2StrictIdentityAndIntegerBounds/17\n","OutputType":"frame"}
{"Time":"2026-10-07T07:39:35.825178872Z","Action":"output","Package":"github.com/Hubujiu/WeaveOS/services/bff/internal/flowcommands","Test":"TestRootV2StrictIdentityAndIntegerBounds/17","Output":"--- PASS: TestRootV2StrictIdentityAndIntegerBounds/17 (0.00s)\n","OutputType":"frame"}
{"Time":"2026-10-07T07:39:35.825198632Z","Action":"pass","Package":"github.com/Hubujiu/WeaveOS/services/bff/internal/flowcommands","Test":"TestRootV2StrictIdentityAndIntegerBounds/17","Elapsed":0}
{"Time":"2026-10-07T07:39:35.825212092Z","Action":"run","Package":"github.com/Hubujiu/WeaveOS/services/bff/internal/flowcommands","Test":"TestRootV2StrictIdentityAndIntegerBounds/18"}
{"Time":"2026-10-07T07:39:35.825213524Z","Action":"output","Package":"github.com/Hubujiu/WeaveOS/services/bff/internal/flowcommands","Test":"TestRootV2StrictIdentityAndIntegerBounds/18","Output":"=== RUN   TestRootV2StrictIdentityAndIntegerBounds/18\n","OutputType":"frame"}
{"Time":"2026-10-07T07:39:35.825256038Z","Action":"output","Package":"github.com/Hubujiu/WeaveOS/services/bff/internal/flowcommands","Test":"TestRootV2StrictIdentityAndIntegerBounds/18","Output":"--- PASS: TestRootV2StrictIdentityAndIntegerBounds/18 (0.00s)\n","OutputType":"frame"}
{"Time":"2026-10-07T07:39:35.825258712Z","Action":"pass","Package":"github.com/Hubujiu/WeaveOS/services/bff/internal/flowcommands","Test":"TestRootV2StrictIdentityAndIntegerBounds/18","Elapsed":0}
{"Time":"2026-10-07T07:39:35.825262859Z","Action":"run","Package":"github.com/Hubujiu/WeaveOS/services/bff/internal/flowcommands","Test":"TestRootV2StrictIdentityAndIntegerBounds/19"}
{"Time":"2026-10-07T07:39:35.825264441Z","Action":"output","Package":"github.com/Hubujiu/WeaveOS/services/bff/internal/flowcommands","Test":"TestRootV2StrictIdentityAndIntegerBounds/19","Output":"=== RUN   TestRootV2StrictIdentityAndIntegerBounds/19\n","OutputType":"frame"}
{"Time":"2026-10-07T07:39:35.825288437Z","Action":"output","Package":"github.com/Hubujiu/WeaveOS/services/bff/internal/flowcommands","Test":"TestRootV2StrictIdentityAndIntegerBounds/19","Output":"--- PASS: TestRootV2StrictIdentityAndIntegerBounds/19 (0.00s)\n","OutputType":"frame"}
{"Time":"2026-10-07T07:39:35.825303029Z","Action":"pass","Package":"github.com/Hubujiu/WeaveOS/services/bff/internal/flowcommands","Test":"TestRootV2StrictIdentityAndIntegerBounds/19","Elapsed":0}
{"Time":"2026-10-07T07:39:35.825326404Z","Action":"output","Package":"github.com/Hubujiu/WeaveOS/services/bff/internal/flowcommands","Test":"TestRootV2StrictIdentityAndIntegerBounds","Output":"--- PASS: TestRootV2StrictIdentityAndIntegerBounds (0.00s)\n","OutputType":"frame"}
{"Time":"2026-10-07T07:39:35.825371302Z","Action":"pass","Package":"github.com/Hubujiu/WeaveOS/services/bff/internal/flowcommands","Test":"TestRootV2StrictIdentityAndIntegerBounds","Elapsed":0}
{"Time":"2026-10-07T07:39:35.825373445Z","Action":"run","Package":"github.com/Hubujiu/WeaveOS/services/bff/internal/flowcommands","Test":"TestRootV2ActionSpecificIdentities"}
{"Time":"2026-10-07T07:39:35.825375929Z","Action":"output","Package":"github.com/Hubujiu/WeaveOS/services/bff/internal/flowcommands","Test":"TestRootV2ActionSpecificIdentities","Output":"=== RUN   TestRootV2ActionSpecificIdentities\n","OutputType":"frame"}
{"Time":"2026-10-07T07:39:35.825379614Z","Action":"run","Package":"github.com/Hubujiu/WeaveOS/services/bff/internal/flowcommands","Test":"TestRootV2ActionSpecificIdentities/agree"}
{"Time":"2026-10-07T07:39:35.825382248Z","Action":"output","Package":"github.com/Hubujiu/WeaveOS/services/bff/internal/flowcommands","Test":"TestRootV2ActionSpecificIdentities/agree","Output":"=== RUN   TestRootV2ActionSpecificIdentities/agree\n","OutputType":"frame"}
{"Time":"2026-10-07T07:39:35.825427827Z","Action":"output","Package":"github.com/Hubujiu/WeaveOS/services/bff/internal/flowcommands","Test":"TestRootV2ActionSpecificIdentities/agree","Output":"--- PASS: TestRootV2ActionSpecificIdentities/agree (0.00s)\n","OutputType":"frame"}
{"Time":"2026-10-07T07:39:35.825453155Z","Action":"pass","Package":"github.com/Hubujiu/WeaveOS/services/bff/internal/flowcommands","Test":"TestRootV2ActionSpecificIdentities/agree","Elapsed":0}
{"Time":"2026-10-07T07:39:35.825468097Z","Action":"run","Package":"github.com/Hubujiu/WeaveOS/services/bff/internal/flowcommands","Test":"TestRootV2ActionSpecificIdentities/reject"}
{"Time":"2026-10-07T07:39:35.82546966Z","Action":"output","Package":"github.com/Hubujiu/WeaveOS/services/bff/internal/flowcommands","Test":"TestRootV2ActionSpecificIdentities/reject","Output":"=== RUN   TestRootV2ActionSpecificIdentities/reject\n","OutputType":"frame"}
{"Time":"2026-10-07T07:39:35.825515358Z","Action":"output","Package":"github.com/Hubujiu/WeaveOS/services/bff/internal/flowcommands","Test":"TestRootV2ActionSpecificIdentities/reject","Output":"--- PASS: TestRootV2ActionSpecificIdentities/reject (0.00s)\n","OutputType":"frame"}
{"Time":"2026-10-07T07:39:35.825519304Z","Action":"pass","Package":"github.com/Hubujiu/WeaveOS/services/bff/internal/flowcommands","Test":"TestRootV2ActionSpecificIdentities/reject","Elapsed":0}
{"Time":"2026-10-07T07:39:35.825537772Z","Action":"run","Package":"github.com/Hubujiu/WeaveOS/services/bff/internal/flowcommands","Test":"TestRootV2ActionSpecificIdentities/start"}
{"Time":"2026-10-07T07:39:35.825539495Z","Action":"output","Package":"github.com/Hubujiu/WeaveOS/services/bff/internal/flowcommands","Test":"TestRootV2ActionSpecificIdentities/start","Output":"=== RUN   TestRootV2ActionSpecificIdentities/start\n","OutputType":"frame"}
{"Time":"2026-10-07T07:39:35.825574047Z","Action":"output","Package":"github.com/Hubujiu/WeaveOS/services/bff/internal/flowcommands","Test":"TestRootV2ActionSpecificIdentities/start","Output":"--- PASS: TestRootV2ActionSpecificIdentities/start (0.00s)\n","OutputType":"frame"}
{"Time":"2026-10-07T07:39:35.825589179Z","Action":"pass","Package":"github.com/Hubujiu/WeaveOS/services/bff/internal/flowcommands","Test":"TestRootV2ActionSpecificIdentities/start","Elapsed":0}
{"Time":"2026-10-07T07:39:35.825620016Z","Action":"run","Package":"github.com/Hubujiu/WeaveOS/services/bff/internal/flowcommands","Test":"TestRootV2ActionSpecificIdentities/withdraw"}
{"Time":"2026-10-07T07:39:35.825621788Z","Action":"output","Package":"github.com/Hubujiu/WeaveOS/services/bff/internal/flowcommands","Test":"TestRootV2ActionSpecificIdentities/withdraw","Output":"=== RUN   TestRootV2ActionSpecificIdentities/withdraw\n","OutputType":"frame"}
{"Time":"2026-10-07T07:39:35.825649059Z","Action":"output","Package":"github.com/Hubujiu/WeaveOS/services/bff/internal/flowcommands","Test":"TestRootV2ActionSpecificIdentities/withdraw","Output":"--- PASS: TestRootV2ActionSpecificIdentities/withdraw (0.00s)\n","OutputType":"frame"}
{"Time":"2026-10-07T07:39:35.825665063Z","Action":"pass","Package":"github.com/Hubujiu/WeaveOS/services/bff/internal/flowcommands","Test":"TestRootV2ActionSpecificIdentities/withdraw","Elapsed":0}
{"Time":"2026-10-07T07:39:35.825679786Z","Action":"run","Package":"github.com/Hubujiu/WeaveOS/services/bff/internal/flowcommands","Test":"TestRootV2ActionSpecificIdentities/return"}
{"Time":"2026-10-07T07:39:35.8256825Z","Action":"output","Package":"github.com/Hubujiu/WeaveOS/services/bff/internal/flowcommands","Test":"TestRootV2ActionSpecificIdentities/return","Output":"=== RUN   TestRootV2ActionSpecificIdentities/return\n","OutputType":"frame"}
{"Time":"2026-10-07T07:39:35.825742861Z","Action":"output","Package":"github.com/Hubujiu/WeaveOS/services/bff/internal/flowcommands","Test":"TestRootV2ActionSpecificIdentities/return","Output":"--- PASS: TestRootV2ActionSpecificIdentities/return (0.00s)\n","OutputType":"frame"}
{"Time":"2026-10-07T07:39:35.825744823Z","Action":"pass","Package":"github.com/Hubujiu/WeaveOS/services/bff/internal/flowcommands","Test":"TestRootV2ActionSpecificIdentities/return","Elapsed":0}
{"Time":"2026-10-07T07:39:35.825760427Z","Action":"output","Package":"github.com/Hubujiu/WeaveOS/services/bff/internal/flowcommands","Test":"TestRootV2ActionSpecificIdentities","Output":"--- PASS: TestRootV2ActionSpecificIdentities (0.00s)\n","OutputType":"frame"}
{"Time":"2026-10-07T07:39:35.825776371Z","Action":"pass","Package":"github.com/Hubujiu/WeaveOS/services/bff/internal/flowcommands","Test":"TestRootV2ActionSpecificIdentities","Elapsed":0}
{"Time":"2026-10-07T07:39:35.825829291Z","Action":"run","Package":"github.com/Hubujiu/WeaveOS/services/bff/internal/flowcommands","Test":"TestRootV1RejectsV2BindingsWithoutReinterpretingHistory"}
{"Time":"2026-10-07T07:39:35.825831193Z","Action":"output","Package":"github.com/Hubujiu/WeaveOS/services/bff/internal/flowcommands","Test":"TestRootV1RejectsV2BindingsWithoutReinterpretingHistory","Output":"=== RUN   TestRootV1RejectsV2BindingsWithoutReinterpretingHistory\n","OutputType":"frame"}
{"Time":"2026-10-07T07:39:35.825946787Z","Action":"run","Package":"github.com/Hubujiu/WeaveOS/services/bff/internal/flowcommands","Test":"TestRootV1RejectsV2BindingsWithoutReinterpretingHistory/0"}
{"Time":"2026-10-07T07:39:35.825951304Z","Action":"output","Package":"github.com/Hubujiu/WeaveOS/services/bff/internal/flowcommands","Test":"TestRootV1RejectsV2BindingsWithoutReinterpretingHistory/0","Output":"=== RUN   TestRootV1RejectsV2BindingsWithoutReinterpretingHistory/0\n","OutputType":"frame"}
{"Time":"2026-10-07T07:39:35.825961169Z","Action":"output","Package":"github.com/Hubujiu/WeaveOS/services/bff/internal/flowcommands","Test":"TestRootV1RejectsV2BindingsWithoutReinterpretingHistory/0","Output":"--- PASS: TestRootV1RejectsV2BindingsWithoutReinterpretingHistory/0 (0.00s)\n","OutputType":"frame"}
{"Time":"2026-10-07T07:39:35.825985385Z","Action":"pass","Package":"github.com/Hubujiu/WeaveOS/services/bff/internal/flowcommands","Test":"TestRootV1RejectsV2BindingsWithoutReinterpretingHistory/0","Elapsed":0}
{"Time":"2026-10-07T07:39:35.825999827Z","Action":"run","Package":"github.com/Hubujiu/WeaveOS/services/bff/internal/flowcommands","Test":"TestRootV1RejectsV2BindingsWithoutReinterpretingHistory/1"}
{"Time":"2026-10-07T07:39:35.826001459Z","Action":"output","Package":"github.com/Hubujiu/WeaveOS/services/bff/internal/flowcommands","Test":"TestRootV1RejectsV2BindingsWithoutReinterpretingHistory/1","Output":"=== RUN   TestRootV1RejectsV2BindingsWithoutReinterpretingHistory/1\n","OutputType":"frame"}
{"Time":"2026-10-07T07:39:35.826034038Z","Action":"output","Package":"github.com/Hubujiu/WeaveOS/services/bff/internal/flowcommands","Test":"TestRootV1RejectsV2BindingsWithoutReinterpretingHistory/1","Output":"--- PASS: TestRootV1RejectsV2BindingsWithoutReinterpretingHistory/1 (0.00s)\n","OutputType":"frame"}
{"Time":"2026-10-07T07:39:35.826056612Z","Action":"pass","Package":"github.com/Hubujiu/WeaveOS/services/bff/internal/flowcommands","Test":"TestRootV1RejectsV2BindingsWithoutReinterpretingHistory/1","Elapsed":0}
{"Time":"2026-10-07T07:39:35.826058505Z","Action":"run","Package":"github.com/Hubujiu/WeaveOS/services/bff/internal/flowcommands","Test":"TestRootV1RejectsV2BindingsWithoutReinterpretingHistory/2"}
{"Time":"2026-10-07T07:39:35.826060058Z","Action":"output","Package":"github.com/Hubujiu/WeaveOS/services/bff/internal/flowcommands","Test":"TestRootV1RejectsV2BindingsWithoutReinterpretingHistory/2","Output":"=== RUN   TestRootV1RejectsV2BindingsWithoutReinterpretingHistory/2\n","OutputType":"frame"}
{"Time":"2026-10-07T07:39:35.826085626Z","Action":"output","Package":"github.com/Hubujiu/WeaveOS/services/bff/internal/flowcommands","Test":"TestRootV1RejectsV2BindingsWithoutReinterpretingHistory/2","Output":"--- PASS: TestRootV1RejectsV2BindingsWithoutReinterpretingHistory/2 (0.00s)\n","OutputType":"frame"}
{"Time":"2026-10-07T07:39:35.82610155Z","Action":"pass","Package":"github.com/Hubujiu/WeaveOS/services/bff/internal/flowcommands","Test":"TestRootV1RejectsV2BindingsWithoutReinterpretingHistory/2","Elapsed":0}
{"Time":"2026-10-07T07:39:35.826114409Z","Action":"run","Package":"github.com/Hubujiu/WeaveOS/services/bff/internal/flowcommands","Test":"TestRootV1RejectsV2BindingsWithoutReinterpretingHistory/3"}
{"Time":"2026-10-07T07:39:35.826115842Z","Action":"output","Package":"github.com/Hubujiu/WeaveOS/services/bff/internal/flowcommands","Test":"TestRootV1RejectsV2BindingsWithoutReinterpretingHistory/3","Output":"=== RUN   TestRootV1RejectsV2BindingsWithoutReinterpretingHistory/3\n","OutputType":"frame"}
{"Time":"2026-10-07T07:39:35.826155521Z","Action":"output","Package":"github.com/Hubujiu/WeaveOS/services/bff/internal/flowcommands","Test":"TestRootV1RejectsV2BindingsWithoutReinterpretingHistory/3","Output":"--- PASS: TestRootV1RejectsV2BindingsWithoutReinterpretingHistory/3 (0.00s)\n","OutputType":"frame"}
{"Time":"2026-10-07T07:39:35.826170153Z","Action":"pass","Package":"github.com/Hubujiu/WeaveOS/services/bff/internal/flowcommands","Test":"TestRootV1RejectsV2BindingsWithoutReinterpretingHistory/3","Elapsed":0}
{"Time":"2026-10-07T07:39:35.826183523Z","Action":"run","Package":"github.com/Hubujiu/WeaveOS/services/bff/internal/flowcommands","Test":"TestRootV1RejectsV2BindingsWithoutReinterpretingHistory/4"}
{"Time":"2026-10-07T07:39:35.826185116Z","Action":"output","Package":"github.com/Hubujiu/WeaveOS/services/bff/internal/flowcommands","Test":"TestRootV1RejectsV2BindingsWithoutReinterpretingHistory/4","Output":"=== RUN   TestRootV1RejectsV2BindingsWithoutReinterpretingHistory/4\n","OutputType":"frame"}
{"Time":"2026-10-07T07:39:35.826212827Z","Action":"output","Package":"github.com/Hubujiu/WeaveOS/services/bff/internal/flowcommands","Test":"TestRootV1RejectsV2BindingsWithoutReinterpretingHistory/4","Output":"--- PASS: TestRootV1RejectsV2BindingsWithoutReinterpretingHistory/4 (0.00s)\n","OutputType":"frame"}
{"Time":"2026-10-07T07:39:35.826228481Z","Action":"pass","Package":"github.com/Hubujiu/WeaveOS/services/bff/internal/flowcommands","Test":"TestRootV1RejectsV2BindingsWithoutReinterpretingHistory/4","Elapsed":0}
{"Time":"2026-10-07T07:39:35.826244755Z","Action":"run","Package":"github.com/Hubujiu/WeaveOS/services/bff/internal/flowcommands","Test":"TestRootV1RejectsV2BindingsWithoutReinterpretingHistory/5"}
{"Time":"2026-10-07T07:39:35.826246358Z","Action":"output","Package":"github.com/Hubujiu/WeaveOS/services/bff/internal/flowcommands","Test":"TestRootV1RejectsV2BindingsWithoutReinterpretingHistory/5","Output":"=== RUN   TestRootV1RejectsV2BindingsWithoutReinterpretingHistory/5\n","OutputType":"frame"}
{"Time":"2026-10-07T07:39:35.826275592Z","Action":"output","Package":"github.com/Hubujiu/WeaveOS/services/bff/internal/flowcommands","Test":"TestRootV1RejectsV2BindingsWithoutReinterpretingHistory/5","Output":"--- PASS: TestRootV1RejectsV2BindingsWithoutReinterpretingHistory/5 (0.00s)\n","OutputType":"frame"}
{"Time":"2026-10-07T07:39:35.826290384Z","Action":"pass","Package":"github.com/Hubujiu/WeaveOS/services/bff/internal/flowcommands","Test":"TestRootV1RejectsV2BindingsWithoutReinterpretingHistory/5","Elapsed":0}
{"Time":"2026-10-07T07:39:35.826306959Z","Action":"output","Package":"github.com/Hubujiu/WeaveOS/services/bff/internal/flowcommands","Test":"TestRootV1RejectsV2BindingsWithoutReinterpretingHistory","Output":"--- PASS: TestRootV1RejectsV2BindingsWithoutReinterpretingHistory (0.00s)\n","OutputType":"frame"}
{"Time":"2026-10-07T07:39:35.826321351Z","Action":"pass","Package":"github.com/Hubujiu/WeaveOS/services/bff/internal/flowcommands","Test":"TestRootV1RejectsV2BindingsWithoutReinterpretingHistory","Elapsed":0}
{"Time":"2026-10-07T07:39:35.826324916Z","Action":"run","Package":"github.com/Hubujiu/WeaveOS/services/bff/internal/flowcommands","Test":"TestRootV2ReceiptBindingAndMonotonicReplay"}
{"Time":"2026-10-07T07:39:35.826327179Z","Action":"output","Package":"github.com/Hubujiu/WeaveOS/services/bff/internal/flowcommands","Test":"TestRootV2ReceiptBindingAndMonotonicReplay","Output":"=== RUN   TestRootV2ReceiptBindingAndMonotonicReplay\n","OutputType":"frame"}
{"Time":"2026-10-07T07:39:35.826407861Z","Action":"output","Package":"github.com/Hubujiu/WeaveOS/services/bff/internal/flowcommands","Test":"TestRootV2ReceiptBindingAndMonotonicReplay","Output":"--- PASS: TestRootV2ReceiptBindingAndMonotonicReplay (0.00s)\n","OutputType":"frame"}
{"Time":"2026-10-07T07:39:35.826421171Z","Action":"pass","Package":"github.com/Hubujiu/WeaveOS/services/bff/internal/flowcommands","Test":"TestRootV2ReceiptBindingAndMonotonicReplay","Elapsed":0}
{"Time":"2026-10-07T07:39:35.826434651Z","Action":"run","Package":"github.com/Hubujiu/WeaveOS/services/bff/internal/flowcommands","Test":"TestRootV2CanonicalBytesHaveIndependentOwnership"}
{"Time":"2026-10-07T07:39:35.826436253Z","Action":"output","Package":"github.com/Hubujiu/WeaveOS/services/bff/internal/flowcommands","Test":"TestRootV2CanonicalBytesHaveIndependentOwnership","Output":"=== RUN   TestRootV2CanonicalBytesHaveIndependentOwnership\n","OutputType":"frame"}
{"Time":"2026-10-07T07:39:35.826473459Z","Action":"output","Package":"github.com/Hubujiu/WeaveOS/services/bff/internal/flowcommands","Test":"TestRootV2CanonicalBytesHaveIndependentOwnership","Output":"--- PASS: TestRootV2CanonicalBytesHaveIndependentOwnership (0.00s)\n","OutputType":"frame"}
{"Time":"2026-10-07T07:39:35.826478287Z","Action":"pass","Package":"github.com/Hubujiu/WeaveOS/services/bff/internal/flowcommands","Test":"TestRootV2CanonicalBytesHaveIndependentOwnership","Elapsed":0}
{"Time":"2026-10-07T07:39:35.826500039Z","Action":"run","Package":"github.com/Hubujiu/WeaveOS/services/bff/internal/flowcommands","Test":"TestRootV2JSONStorageRoundTripPreservesIdentity"}
{"Time":"2026-10-07T07:39:35.826501962Z","Action":"output","Package":"github.com/Hubujiu/WeaveOS/services/bff/internal/flowcommands","Test":"TestRootV2JSONStorageRoundTripPreservesIdentity","Output":"=== RUN   TestRootV2JSONStorageRoundTripPreservesIdentity\n","OutputType":"frame"}
{"Time":"2026-10-07T07:39:35.82710559Z","Action":"output","Package":"github.com/Hubujiu/WeaveOS/services/bff/internal/flowcommands","Test":"TestRootV2JSONStorageRoundTripPreservesIdentity","Output":"--- PASS: TestRootV2JSONStorageRoundTripPreservesIdentity (0.00s)\n","OutputType":"frame"}
{"Time":"2026-10-07T07:39:35.827113021Z","Action":"pass","Package":"github.com/Hubujiu/WeaveOS/services/bff/internal/flowcommands","Test":"TestRootV2JSONStorageRoundTripPreservesIdentity","Elapsed":0}
{"Time":"2026-10-07T07:39:35.827115355Z","Action":"run","Package":"github.com/Hubujiu/WeaveOS/services/bff/internal/flowcommands","Test":"TestRootV2UnknownProtocolCannotDowngrade"}
{"Time":"2026-10-07T07:39:35.827116957Z","Action":"output","Package":"github.com/Hubujiu/WeaveOS/services/bff/internal/flowcommands","Test":"TestRootV2UnknownProtocolCannotDowngrade","Output":"=== RUN   TestRootV2UnknownProtocolCannotDowngrade\n","OutputType":"frame"}
{"Time":"2026-10-07T07:39:35.827119351Z","Action":"output","Package":"github.com/Hubujiu/WeaveOS/services/bff/internal/flowcommands","Test":"TestRootV2UnknownProtocolCannotDowngrade","Output":"--- PASS: TestRootV2UnknownProtocolCannotDowngrade (0.00s)\n","OutputType":"frame"}
{"Time":"2026-10-07T07:39:35.827121013Z","Action":"pass","Package":"github.com/Hubujiu/WeaveOS/services/bff/internal/flowcommands","Test":"TestRootV2UnknownProtocolCannotDowngrade","Elapsed":0}
{"Time":"2026-10-07T07:39:35.827155626Z","Action":"run","Package":"github.com/Hubujiu/WeaveOS/services/bff/internal/flowcommands","Test":"FuzzRootDecodeExecutionPayload"}
{"Time":"2026-10-07T07:39:35.827157288Z","Action":"output","Package":"github.com/Hubujiu/WeaveOS/services/bff/internal/flowcommands","Test":"FuzzRootDecodeExecutionPayload","Output":"=== RUN   FuzzRootDecodeExecutionPayload\n","OutputType":"frame"}
{"Time":"2026-10-07T07:39:35.82765059Z","Action":"run","Package":"github.com/Hubujiu/WeaveOS/services/bff/internal/flowcommands","Test":"FuzzRootDecodeExecutionPayload/seed#0"}
{"Time":"2026-10-07T07:39:35.827653454Z","Action":"output","Package":"github.com/Hubujiu/WeaveOS/services/bff/internal/flowcommands","Test":"FuzzRootDecodeExecutionPayload/seed#0","Output":"=== RUN   FuzzRootDecodeExecutionPayload/seed#0\n","OutputType":"frame"}
{"Time":"2026-10-07T07:39:35.827804461Z","Action":"output","Package":"github.com/Hubujiu/WeaveOS/services/bff/internal/flowcommands","Test":"FuzzRootDecodeExecutionPayload/seed#0","Output":"--- PASS: FuzzRootDecodeExecutionPayload/seed#0 (0.00s)\n","OutputType":"frame"}
{"Time":"2026-10-07T07:39:35.827968969Z","Action":"pass","Package":"github.com/Hubujiu/WeaveOS/services/bff/internal/flowcommands","Test":"FuzzRootDecodeExecutionPayload/seed#0","Elapsed":0}
{"Time":"2026-10-07T07:39:35.827985314Z","Action":"run","Package":"github.com/Hubujiu/WeaveOS/services/bff/internal/flowcommands","Test":"FuzzRootDecodeExecutionPayload/seed#1"}
{"Time":"2026-10-07T07:39:35.827986926Z","Action":"output","Package":"github.com/Hubujiu/WeaveOS/services/bff/internal/flowcommands","Test":"FuzzRootDecodeExecutionPayload/seed#1","Output":"=== RUN   FuzzRootDecodeExecutionPayload/seed#1\n","OutputType":"frame"}
{"Time":"2026-10-07T07:39:35.828071103Z","Action":"output","Package":"github.com/Hubujiu/WeaveOS/services/bff/internal/flowcommands","Test":"FuzzRootDecodeExecutionPayload/seed#1","Output":"--- PASS: FuzzRootDecodeExecutionPayload/seed#1 (0.00s)\n","OutputType":"frame"}
{"Time":"2026-10-07T07:39:35.828101638Z","Action":"pass","Package":"github.com/Hubujiu/WeaveOS/services/bff/internal/flowcommands","Test":"FuzzRootDecodeExecutionPayload/seed#1","Elapsed":0}
{"Time":"2026-10-07T07:39:35.828118854Z","Action":"run","Package":"github.com/Hubujiu/WeaveOS/services/bff/internal/flowcommands","Test":"FuzzRootDecodeExecutionPayload/seed#2"}
{"Time":"2026-10-07T07:39:35.828120938Z","Action":"output","Package":"github.com/Hubujiu/WeaveOS/services/bff/internal/flowcommands","Test":"FuzzRootDecodeExecutionPayload/seed#2","Output":"=== RUN   FuzzRootDecodeExecutionPayload/seed#2\n","OutputType":"frame"}
{"Time":"2026-10-07T07:39:35.828170332Z","Action":"output","Package":"github.com/Hubujiu/WeaveOS/services/bff/internal/flowcommands","Test":"FuzzRootDecodeExecutionPayload/seed#2","Output":"--- PASS: FuzzRootDecodeExecutionPayload/seed#2 (0.00s)\n","OutputType":"frame"}
{"Time":"2026-10-07T07:39:35.828225435Z","Action":"pass","Package":"github.com/Hubujiu/WeaveOS/services/bff/internal/flowcommands","Test":"FuzzRootDecodeExecutionPayload/seed#2","Elapsed":0}
{"Time":"2026-10-07T07:39:35.8282555Z","Action":"run","Package":"github.com/Hubujiu/WeaveOS/services/bff/internal/flowcommands","Test":"FuzzRootDecodeExecutionPayload/seed#3"}
{"Time":"2026-10-07T07:39:35.828257072Z","Action":"output","Package":"github.com/Hubujiu/WeaveOS/services/bff/internal/flowcommands","Test":"FuzzRootDecodeExecutionPayload/seed#3","Output":"=== RUN   FuzzRootDecodeExecutionPayload/seed#3\n","OutputType":"frame"}
{"Time":"2026-10-07T07:39:35.82830234Z","Action":"output","Package":"github.com/Hubujiu/WeaveOS/services/bff/internal/flowcommands","Test":"FuzzRootDecodeExecutionPayload/seed#3","Output":"--- PASS: FuzzRootDecodeExecutionPayload/seed#3 (0.00s)\n","OutputType":"frame"}
{"Time":"2026-10-07T07:39:35.828345816Z","Action":"pass","Package":"github.com/Hubujiu/WeaveOS/services/bff/internal/flowcommands","Test":"FuzzRootDecodeExecutionPayload/seed#3","Elapsed":0}
{"Time":"2026-10-07T07:39:35.828367809Z","Action":"output","Package":"github.com/Hubujiu/WeaveOS/services/bff/internal/flowcommands","Test":"FuzzRootDecodeExecutionPayload","Output":"--- PASS: FuzzRootDecodeExecutionPayload (0.00s)\n","OutputType":"frame"}
{"Time":"2026-10-07T07:39:35.828384644Z","Action":"pass","Package":"github.com/Hubujiu/WeaveOS/services/bff/internal/flowcommands","Test":"FuzzRootDecodeExecutionPayload","Elapsed":0}
{"Time":"2026-10-07T07:39:35.828397493Z","Action":"output","Package":"github.com/Hubujiu/WeaveOS/services/bff/internal/flowcommands","Output":"PASS\n","OutputType":"frame"}
{"Time":"2026-10-07T07:39:36.83260184Z","Action":"output","Package":"github.com/Hubujiu/WeaveOS/services/bff/internal/flowcommands","Output":"ok  \tgithub.com/Hubujiu/WeaveOS/services/bff/internal/flowcommands\t1.444s\n"}
{"Time":"2026-10-07T07:39:36.832644114Z","Action":"pass","Package":"github.com/Hubujiu/WeaveOS/services/bff/internal/flowcommands","Elapsed":1.444}
