product	Migrations, HTTPS and real product acceptance	﻿2026-10-05T04:38:03.8936620Z ##[group]Run node infra/acceptance/run.mjs
product	Migrations, HTTPS and real product acceptance	2026-10-05T04:38:03.8937010Z [36;1mnode infra/acceptance/run.mjs[0m
product	Migrations, HTTPS and real product acceptance	2026-10-05T04:38:03.9011146Z shell: /usr/bin/bash -e {0}
product	Migrations, HTTPS and real product acceptance	2026-10-05T04:38:03.9011432Z ##[endgroup]
product	Migrations, HTTPS and real product acceptance	2026-10-05T04:38:12.5238460Z  test-redis Pulling 
product	Migrations, HTTPS and real product acceptance	2026-10-05T04:38:12.5239200Z  redis Pulling 
product	Migrations, HTTPS and real product acceptance	2026-10-05T04:38:13.3169409Z  774043ccc8cc Pulling fs layer 
product	Migrations, HTTPS and real product acceptance	2026-10-05T04:38:13.3170173Z  9ac22f0bd4ee Pulling fs layer 
product	Migrations, HTTPS and real product acceptance	2026-10-05T04:38:13.3171375Z  ef3c315121e5 Pulling fs layer 
product	Migrations, HTTPS and real product acceptance	2026-10-05T04:38:13.3172044Z  4d6dc27a1e8c Pulling fs layer 
product	Migrations, HTTPS and real product acceptance	2026-10-05T04:38:13.3172853Z  4f4fb700ef54 Pulling fs layer 
product	Migrations, HTTPS and real product acceptance	2026-10-05T04:38:13.3173434Z  7d15c3b84c6f Pulling fs layer 
product	Migrations, HTTPS and real product acceptance	2026-10-05T04:38:13.3173940Z  eb62d249f37a Pulling fs layer 
product	Migrations, HTTPS and real product acceptance	2026-10-05T04:38:13.4274880Z  774043ccc8cc Downloading [=>                                                 ]  1.049MB/28.24MB
product	Migrations, HTTPS and real product acceptance	2026-10-05T04:38:13.4277474Z  7d15c3b84c6f Download complete 
product	Migrations, HTTPS and real product acceptance	2026-10-05T04:38:13.5274297Z  eb62d249f37a Download complete 
product	Migrations, HTTPS and real product acceptance	2026-10-05T04:38:13.5283900Z  9ac22f0bd4ee Download complete 
product	Migrations, HTTPS and real product acceptance	2026-10-05T04:38:13.5285546Z  ef3c315121e5 Downloading [==============>                                    ]   7.34MB/24.59MB
product	Migrations, HTTPS and real product acceptance	2026-10-05T04:38:13.5287385Z  4d6dc27a1e8c Download complete 
product	Migrations, HTTPS and real product acceptance	2026-10-05T04:38:13.5295532Z  4f4fb700ef54 Download complete 
product	Migrations, HTTPS and real product acceptance	2026-10-05T04:38:13.5296791Z  774043ccc8cc Downloading [========================================>          ]  23.07MB/28.24MB
product	Migrations, HTTPS and real product acceptance	2026-10-05T04:38:13.5759158Z  7d15c3b84c6f Pulling fs layer 
product	Migrations, HTTPS and real product acceptance	2026-10-05T04:38:13.5760418Z  9ac22f0bd4ee Pulling fs layer 
product	Migrations, HTTPS and real product acceptance	2026-10-05T04:38:13.5764640Z  ef3c315121e5 Pulling fs layer 
product	Migrations, HTTPS and real product acceptance	2026-10-05T04:38:13.5771112Z  774043ccc8cc Pulling fs layer 
product	Migrations, HTTPS and real product acceptance	2026-10-05T04:38:13.5771978Z  4d6dc27a1e8c Pulling fs layer 
product	Migrations, HTTPS and real product acceptance	2026-10-05T04:38:13.5772801Z  4f4fb700ef54 Pulling fs layer 
product	Migrations, HTTPS and real product acceptance	2026-10-05T04:38:13.5773627Z  eb62d249f37a Pulling fs layer 
product	Migrations, HTTPS and real product acceptance	2026-10-05T04:38:13.6270398Z  ef3c315121e5 Download complete 
product	Migrations, HTTPS and real product acceptance	2026-10-05T04:38:13.6271453Z  774043ccc8cc Download complete 
product	Migrations, HTTPS and real product acceptance	2026-10-05T04:38:13.6271924Z  774043ccc8cc Download complete 
product	Migrations, HTTPS and real product acceptance	2026-10-05T04:38:13.6273306Z  4d6dc27a1e8c Download complete 
product	Migrations, HTTPS and real product acceptance	2026-10-05T04:38:13.6274098Z  ef3c315121e5 Download complete 
product	Migrations, HTTPS and real product acceptance	2026-10-05T04:38:13.6277504Z  eb62d249f37a Download complete 
product	Migrations, HTTPS and real product acceptance	2026-10-05T04:38:13.6278461Z  4f4fb700ef54 Download complete 
product	Migrations, HTTPS and real product acceptance	2026-10-05T04:38:13.6283775Z  7d15c3b84c6f Download complete 
product	Migrations, HTTPS and real product acceptance	2026-10-05T04:38:13.6290349Z  9ac22f0bd4ee Download complete 
product	Migrations, HTTPS and real product acceptance	2026-10-05T04:38:13.6301086Z  774043ccc8cc Extracting 1 s
product	Migrations, HTTPS and real product acceptance	2026-10-05T04:38:13.6309631Z  774043ccc8cc Extracting 1 s
product	Migrations, HTTPS and real product acceptance	2026-10-05T04:38:13.7286774Z  774043ccc8cc Extracting 1 s
product	Migrations, HTTPS and real product acceptance	2026-10-05T04:38:13.7303902Z  774043ccc8cc Extracting 1 s
product	Migrations, HTTPS and real product acceptance	2026-10-05T04:38:13.8275317Z  140a6337a9b7 Download complete 
product	Migrations, HTTPS and real product acceptance	2026-10-05T04:38:13.8284318Z  774043ccc8cc Extracting 1 s
product	Migrations, HTTPS and real product acceptance	2026-10-05T04:38:13.8304166Z  774043ccc8cc Extracting 1 s
product	Migrations, HTTPS and real product acceptance	2026-10-05T04:38:13.9275662Z  1f6ba3745411 Download complete 
product	Migrations, HTTPS and real product acceptance	2026-10-05T04:38:13.9278587Z  140a6337a9b7 Download complete 
product	Migrations, HTTPS and real product acceptance	2026-10-05T04:38:13.9281912Z  1f6ba3745411 Download complete 
product	Migrations, HTTPS and real product acceptance	2026-10-05T04:38:13.9292532Z  774043ccc8cc Extracting 1 s
product	Migrations, HTTPS and real product acceptance	2026-10-05T04:38:13.9316253Z  774043ccc8cc Extracting 1 s
product	Migrations, HTTPS and real product acceptance	2026-10-05T04:38:14.0284854Z  774043ccc8cc Extracting 1 s
product	Migrations, HTTPS and real product acceptance	2026-10-05T04:38:14.0348524Z  774043ccc8cc Extracting 1 s
product	Migrations, HTTPS and real product acceptance	2026-10-05T04:38:14.1286315Z  774043ccc8cc Extracting 1 s
product	Migrations, HTTPS and real product acceptance	2026-10-05T04:38:14.1315265Z  774043ccc8cc Extracting 1 s
product	Migrations, HTTPS and real product acceptance	2026-10-05T04:38:14.2343291Z  774043ccc8cc Extracting 1 s
product	Migrations, HTTPS and real product acceptance	2026-10-05T04:38:14.2344801Z  774043ccc8cc Extracting 1 s
product	Migrations, HTTPS and real product acceptance	2026-10-05T04:38:14.3277247Z  774043ccc8cc Extracting 1 s
product	Migrations, HTTPS and real product acceptance	2026-10-05T04:38:14.3341226Z  774043ccc8cc Extracting 1 s
product	Migrations, HTTPS and real product acceptance	2026-10-05T04:38:14.4289558Z  774043ccc8cc Extracting 1 s
product	Migrations, HTTPS and real product acceptance	2026-10-05T04:38:14.4342604Z  774043ccc8cc Extracting 1 s
product	Migrations, HTTPS and real product acceptance	2026-10-05T04:38:14.5302811Z  774043ccc8cc Extracting 1 s
product	Migrations, HTTPS and real product acceptance	2026-10-05T04:38:14.5324028Z  774043ccc8cc Extracting 1 s
product	Migrations, HTTPS and real product acceptance	2026-10-05T04:38:14.6286612Z  ef3c315121e5 Extracting 1 s
product	Migrations, HTTPS and real product acceptance	2026-10-05T04:38:14.6287303Z  774043ccc8cc Pull complete 
product	Migrations, HTTPS and real product acceptance	2026-10-05T04:38:14.6294860Z  eb62d249f37a Pull complete 
product	Migrations, HTTPS and real product acceptance	2026-10-05T04:38:14.6299592Z  9ac22f0bd4ee Pull complete 
product	Migrations, HTTPS and real product acceptance	2026-10-05T04:38:14.6313872Z  eb62d249f37a Pull complete 
product	Migrations, HTTPS and real product acceptance	2026-10-05T04:38:14.6317667Z  774043ccc8cc Pull complete 
product	Migrations, HTTPS and real product acceptance	2026-10-05T04:38:14.6322491Z  9ac22f0bd4ee Pull complete 
product	Migrations, HTTPS and real product acceptance	2026-10-05T04:38:14.6322924Z  ef3c315121e5 Extracting 1 s
product	Migrations, HTTPS and real product acceptance	2026-10-05T04:38:14.7281062Z  ef3c315121e5 Extracting 1 s
product	Migrations, HTTPS and real product acceptance	2026-10-05T04:38:14.7302700Z  ef3c315121e5 Extracting 1 s
product	Migrations, HTTPS and real product acceptance	2026-10-05T04:38:14.8288488Z  ef3c315121e5 Extracting 1 s
product	Migrations, HTTPS and real product acceptance	2026-10-05T04:38:14.8325890Z  ef3c315121e5 Extracting 1 s
product	Migrations, HTTPS and real product acceptance	2026-10-05T04:38:14.9286207Z  ef3c315121e5 Extracting 1 s
product	Migrations, HTTPS and real product acceptance	2026-10-05T04:38:14.9297383Z  ef3c315121e5 Extracting 1 s
product	Migrations, HTTPS and real product acceptance	2026-10-05T04:38:15.0215324Z  7d15c3b84c6f Pull complete 
product	Migrations, HTTPS and real product acceptance	2026-10-05T04:38:15.0221539Z  4d6dc27a1e8c Pull complete 
product	Migrations, HTTPS and real product acceptance	2026-10-05T04:38:15.0228272Z  4f4fb700ef54 Pull complete 
product	Migrations, HTTPS and real product acceptance	2026-10-05T04:38:15.0235706Z  ef3c315121e5 Pull complete 
product	Migrations, HTTPS and real product acceptance	2026-10-05T04:38:15.0245508Z  test-redis Pulled 
product	Migrations, HTTPS and real product acceptance	2026-10-05T04:38:15.0277670Z  ef3c315121e5 Pull complete 
product	Migrations, HTTPS and real product acceptance	2026-10-05T04:38:15.0296085Z  4d6dc27a1e8c Pull complete 
product	Migrations, HTTPS and real product acceptance	2026-10-05T04:38:15.0297503Z  4f4fb700ef54 Pull complete 
product	Migrations, HTTPS and real product acceptance	2026-10-05T04:38:15.0317048Z  7d15c3b84c6f Pull complete 
product	Migrations, HTTPS and real product acceptance	2026-10-05T04:38:15.1936735Z  redis Pulled 
product	Migrations, HTTPS and real product acceptance	2026-10-05T04:38:15.2246373Z  Network weaveos-v010-007-1791175083941_default  Creating
product	Migrations, HTTPS and real product acceptance	2026-10-05T04:38:15.2575480Z  Network weaveos-v010-007-1791175083941_default  Created
product	Migrations, HTTPS and real product acceptance	2026-10-05T04:38:15.2629589Z  Volume "weaveos-v010-007-1791175083941_pg"  Creating
product	Migrations, HTTPS and real product acceptance	2026-10-05T04:38:15.2641328Z  Volume "weaveos-v010-007-1791175083941_pg"  Created
product	Migrations, HTTPS and real product acceptance	2026-10-05T04:38:15.2645957Z  Container weaveos-v010-007-1791175083941-postgres-1  Creating
product	Migrations, HTTPS and real product acceptance	2026-10-05T04:38:15.2646808Z  Container weaveos-v010-007-1791175083941-redis-1  Creating
product	Migrations, HTTPS and real product acceptance	2026-10-05T04:38:15.5593671Z  Container weaveos-v010-007-1791175083941-redis-1  Created
product	Migrations, HTTPS and real product acceptance	2026-10-05T04:38:15.5594504Z  Container weaveos-v010-007-1791175083941-postgres-1  Created
product	Migrations, HTTPS and real product acceptance	2026-10-05T04:38:15.5595309Z  Container weaveos-v010-007-1791175083941-test-redis-1  Creating
product	Migrations, HTTPS and real product acceptance	2026-10-05T04:38:15.5905618Z  Container weaveos-v010-007-1791175083941-test-redis-1  Created
product	Migrations, HTTPS and real product acceptance	2026-10-05T04:38:15.6103659Z  Container weaveos-v010-007-1791175083941-redis-1  Starting
product	Migrations, HTTPS and real product acceptance	2026-10-05T04:38:15.6104474Z  Container weaveos-v010-007-1791175083941-postgres-1  Starting
product	Migrations, HTTPS and real product acceptance	2026-10-05T04:38:15.7714813Z  Container weaveos-v010-007-1791175083941-postgres-1  Started
product	Migrations, HTTPS and real product acceptance	2026-10-05T04:38:15.7719502Z  Container weaveos-v010-007-1791175083941-test-redis-1  Starting
product	Migrations, HTTPS and real product acceptance	2026-10-05T04:38:15.7903218Z  Container weaveos-v010-007-1791175083941-redis-1  Started
product	Migrations, HTTPS and real product acceptance	2026-10-05T04:38:15.8695003Z  Container weaveos-v010-007-1791175083941-test-redis-1  Started
product	Migrations, HTTPS and real product acceptance	2026-10-05T04:38:15.8696143Z  Container weaveos-v010-007-1791175083941-postgres-1  Waiting
product	Migrations, HTTPS and real product acceptance	2026-10-05T04:38:15.8696970Z  Container weaveos-v010-007-1791175083941-redis-1  Waiting
product	Migrations, HTTPS and real product acceptance	2026-10-05T04:38:15.8697923Z  Container weaveos-v010-007-1791175083941-test-redis-1  Waiting
product	Migrations, HTTPS and real product acceptance	2026-10-05T04:38:17.8713727Z  Container weaveos-v010-007-1791175083941-redis-1  Healthy
product	Migrations, HTTPS and real product acceptance	2026-10-05T04:38:17.8714562Z  Container weaveos-v010-007-1791175083941-postgres-1  Healthy
product	Migrations, HTTPS and real product acceptance	2026-10-05T04:38:18.3710399Z  Container weaveos-v010-007-1791175083941-test-redis-1  Healthy
product	Migrations, HTTPS and real product acceptance	2026-10-05T04:38:18.6580001Z Unable to find image 'golang:1.25.7' locally
product	Migrations, HTTPS and real product acceptance	2026-10-05T04:38:19.3393757Z 1.25.7: Pulling from library/golang
product	Migrations, HTTPS and real product acceptance	2026-10-05T04:38:19.5102766Z 4f4fb700ef54: Pulling fs layer
product	Migrations, HTTPS and real product acceptance	2026-10-05T04:38:19.5103784Z ed881fbf1b07: Pulling fs layer
product	Migrations, HTTPS and real product acceptance	2026-10-05T04:38:19.5104321Z 697bdc10f841: Pulling fs layer
product	Migrations, HTTPS and real product acceptance	2026-10-05T04:38:19.5104760Z 5ec41210057e: Pulling fs layer
product	Migrations, HTTPS and real product acceptance	2026-10-05T04:38:19.5105059Z 9da421ddeb65: Pulling fs layer
product	Migrations, HTTPS and real product acceptance	2026-10-05T04:38:19.5105341Z 0fdf71b47847: Pulling fs layer
product	Migrations, HTTPS and real product acceptance	2026-10-05T04:38:19.5105619Z 866771c43bf5: Pulling fs layer
product	Migrations, HTTPS and real product acceptance	2026-10-05T04:38:19.5611640Z 4f4fb700ef54: Already exists
product	Migrations, HTTPS and real product acceptance	2026-10-05T04:38:19.6610898Z 5ec41210057e: Download complete
product	Migrations, HTTPS and real product acceptance	2026-10-05T04:38:20.0659555Z 1493d8fe8b14: Download complete
product	Migrations, HTTPS and real product acceptance	2026-10-05T04:38:20.0692125Z 866771c43bf5: Download complete
product	Migrations, HTTPS and real product acceptance	2026-10-05T04:38:20.0704142Z ed881fbf1b07: Download complete
product	Migrations, HTTPS and real product acceptance	2026-10-05T04:38:20.1636928Z e72c518b9852: Download complete
product	Migrations, HTTPS and real product acceptance	2026-10-05T04:38:20.2614542Z 0fdf71b47847: Download complete
product	Migrations, HTTPS and real product acceptance	2026-10-05T04:38:20.3613146Z 9da421ddeb65: Download complete
product	Migrations, HTTPS and real product acceptance	2026-10-05T04:38:20.5610408Z 697bdc10f841: Download complete
product	Migrations, HTTPS and real product acceptance	2026-10-05T04:38:21.2624715Z 866771c43bf5: Pull complete
product	Migrations, HTTPS and real product acceptance	2026-10-05T04:38:21.7635271Z ed881fbf1b07: Pull complete
product	Migrations, HTTPS and real product acceptance	2026-10-05T04:38:23.2643662Z 9da421ddeb65: Pull complete
product	Migrations, HTTPS and real product acceptance	2026-10-05T04:38:24.9634600Z 697bdc10f841: Pull complete
product	Migrations, HTTPS and real product acceptance	2026-10-05T04:38:27.7463633Z 4f4fb700ef54: Pull complete
product	Migrations, HTTPS and real product acceptance	2026-10-05T04:38:27.7471310Z 5ec41210057e: Pull complete
product	Migrations, HTTPS and real product acceptance	2026-10-05T04:38:27.7475069Z 0fdf71b47847: Pull complete
product	Migrations, HTTPS and real product acceptance	2026-10-05T04:38:27.7476014Z Digest: sha256:5a79b94c34c299ac0361fbb7c7fca6dc552e166b42341050323fa3ab137d7be9
product	Migrations, HTTPS and real product acceptance	2026-10-05T04:38:27.7476935Z Status: Downloaded newer image for golang:1.25.7
product	Migrations, HTTPS and real product acceptance	2026-10-05T04:38:30.0757425Z go: downloading github.com/pressly/goose/v3 v3.28.0
product	Migrations, HTTPS and real product acceptance	2026-10-05T04:38:30.3762710Z go: downloading go1.26.0 (linux/amd64)
product	Migrations, HTTPS and real product acceptance	2026-10-05T04:38:34.8583687Z go: downloading github.com/ClickHouse/clickhouse-go/v2 v2.48.0
product	Migrations, HTTPS and real product acceptance	2026-10-05T04:38:34.8591410Z go: downloading github.com/go-sql-driver/mysql v1.10.0
product	Migrations, HTTPS and real product acceptance	2026-10-05T04:38:34.8592138Z go: downloading github.com/jackc/pgx/v5 v5.10.0
product	Migrations, HTTPS and real product acceptance	2026-10-05T04:38:34.8598147Z go: downloading github.com/joho/godotenv v1.5.1
product	Migrations, HTTPS and real product acceptance	2026-10-05T04:38:35.2061528Z go: downloading github.com/mfridman/xflag v0.1.0
product	Migrations, HTTPS and real product acceptance	2026-10-05T04:38:35.2217864Z go: downloading github.com/microsoft/go-mssqldb v1.11.0
product	Migrations, HTTPS and real product acceptance	2026-10-05T04:38:35.2603701Z go: downloading github.com/tursodatabase/libsql-client-go v0.0.0-20260528064733-9d5d30a29a60
product	Migrations, HTTPS and real product acceptance	2026-10-05T04:38:35.2898187Z go: downloading github.com/vertica/vertica-sql-go v1.3.8
product	Migrations, HTTPS and real product acceptance	2026-10-05T04:38:35.3653513Z go: downloading github.com/ydb-platform/ydb-go-sdk/v3 v3.151.1
product	Migrations, HTTPS and real product acceptance	2026-10-05T04:38:35.4071984Z go: downloading github.com/ziutek/mymysql v1.5.4
product	Migrations, HTTPS and real product acceptance	2026-10-05T04:38:35.4076284Z go: downloading modernc.org/sqlite v1.57.0
product	Migrations, HTTPS and real product acceptance	2026-10-05T04:38:35.4589425Z go: downloading filippo.io/edwards25519 v1.2.0
product	Migrations, HTTPS and real product acceptance	2026-10-05T04:38:35.5069969Z go: downloading github.com/ClickHouse/ch-go v0.74.0
product	Migrations, HTTPS and real product acceptance	2026-10-05T04:38:35.7019482Z go: downloading github.com/andybalholm/brotli v1.2.3
product	Migrations, HTTPS and real product acceptance	2026-10-05T04:38:35.7124141Z go: downloading go.opentelemetry.io/otel/trace v1.46.0
product	Migrations, HTTPS and real product acceptance	2026-10-05T04:38:35.7183536Z go: downloading github.com/sethvargo/go-retry v0.4.0
product	Migrations, HTTPS and real product acceptance	2026-10-05T04:38:35.8045107Z go: downloading go.opentelemetry.io/otel v1.46.0
product	Migrations, HTTPS and real product acceptance	2026-10-05T04:38:35.8221210Z go: downloading go.uber.org/multierr v1.11.0
product	Migrations, HTTPS and real product acceptance	2026-10-05T04:38:35.8552783Z go: downloading github.com/golang-sql/civil v0.0.0-20220223132316-b832511892a9
product	Migrations, HTTPS and real product acceptance	2026-10-05T04:38:35.9326005Z go: downloading github.com/golang-sql/sqlexp v0.1.0
product	Migrations, HTTPS and real product acceptance	2026-10-05T04:38:35.9558015Z go: downloading github.com/google/uuid v1.6.0
product	Migrations, HTTPS and real product acceptance	2026-10-05T04:38:36.0137325Z go: downloading github.com/shopspring/decimal v1.4.0
product	Migrations, HTTPS and real product acceptance	2026-10-05T04:38:36.0611220Z go: downloading golang.org/x/text v0.41.0
product	Migrations, HTTPS and real product acceptance	2026-10-05T04:38:36.0994136Z go: downloading github.com/Azure/azure-sdk-for-go/sdk/azcore v1.23.1
product	Migrations, HTTPS and real product acceptance	2026-10-05T04:38:36.2244856Z go: downloading github.com/Azure/azure-sdk-for-go/sdk/azidentity v1.14.1
product	Migrations, HTTPS and real product acceptance	2026-10-05T04:38:36.3415528Z go: downloading github.com/ydb-platform/ydb-go-genproto v0.0.0-20260810123728-f0c151ab31b9
product	Migrations, HTTPS and real product acceptance	2026-10-05T04:38:36.4855000Z go: downloading google.golang.org/grpc v1.83.2
product	Migrations, HTTPS and real product acceptance	2026-10-05T04:38:36.7181898Z go: downloading github.com/paulmach/orb v0.13.0
product	Migrations, HTTPS and real product acceptance	2026-10-05T04:38:36.9474673Z go: downloading github.com/go-faster/city v1.0.1
product	Migrations, HTTPS and real product acceptance	2026-10-05T04:38:36.9672730Z go: downloading github.com/go-faster/errors v0.8.0
product	Migrations, HTTPS and real product acceptance	2026-10-05T04:38:36.9673332Z go: downloading github.com/klauspost/compress v1.19.2
product	Migrations, HTTPS and real product acceptance	2026-10-05T04:38:37.0563906Z go: downloading github.com/pierrec/lz4/v4 v4.1.29
product	Migrations, HTTPS and real product acceptance	2026-10-05T04:38:37.0564917Z go: downloading github.com/segmentio/asm v1.2.1
product	Migrations, HTTPS and real product acceptance	2026-10-05T04:38:37.1766317Z go: downloading github.com/jackc/pgpassfile v1.0.0
product	Migrations, HTTPS and real product acceptance	2026-10-05T04:38:37.2771861Z go: downloading github.com/jackc/pgservicefile v0.0.0-20240606120523-5a60cdf6a761
product	Migrations, HTTPS and real product acceptance	2026-10-05T04:38:37.3618767Z go: downloading github.com/jackc/puddle/v2 v2.2.2
product	Migrations, HTTPS and real product acceptance	2026-10-05T04:38:37.4475954Z go: downloading github.com/mfridman/interpolate v0.0.2
product	Migrations, HTTPS and real product acceptance	2026-10-05T04:38:37.5325643Z go: downloading golang.org/x/sync v0.22.0
product	Migrations, HTTPS and real product acceptance	2026-10-05T04:38:37.6176826Z go: downloading github.com/coder/websocket v1.8.15
product	Migrations, HTTPS and real product acceptance	2026-10-05T04:38:37.6818779Z go: downloading github.com/elastic/go-sysinfo v1.15.5
product	Migrations, HTTPS and real product acceptance	2026-10-05T04:38:37.7138123Z go: downloading golang.org/x/crypto v0.55.0
product	Migrations, HTTPS and real product acceptance	2026-10-05T04:38:37.7393996Z go: downloading github.com/Azure/azure-sdk-for-go/sdk/internal v1.12.0
product	Migrations, HTTPS and real product acceptance	2026-10-05T04:38:37.8140119Z go: downloading github.com/AzureAD/microsoft-authentication-library-for-go v1.9.0
product	Migrations, HTTPS and real product acceptance	2026-10-05T04:38:37.9259611Z go: downloading google.golang.org/protobuf v1.36.12
product	Migrations, HTTPS and real product acceptance	2026-10-05T04:38:38.2495628Z go: downloading github.com/golang-jwt/jwt/v4 v4.5.2
product	Migrations, HTTPS and real product acceptance	2026-10-05T04:38:38.2496474Z go: downloading github.com/jonboulle/clockwork v0.5.0
product	Migrations, HTTPS and real product acceptance	2026-10-05T04:38:38.2503474Z go: downloading golang.org/x/net v0.58.0
product	Migrations, HTTPS and real product acceptance	2026-10-05T04:38:38.2533658Z go: downloading golang.org/x/sys v0.47.0
product	Migrations, HTTPS and real product acceptance	2026-10-05T04:38:38.3354808Z go: downloading modernc.org/libc v1.75.6
product	Migrations, HTTPS and real product acceptance	2026-10-05T04:38:38.5659533Z go: downloading github.com/kylelemons/godebug v1.1.0
product	Migrations, HTTPS and real product acceptance	2026-10-05T04:38:38.5660864Z go: downloading github.com/pkg/browser v0.0.0-20240102092130-5ac0b6a4141c
product	Migrations, HTTPS and real product acceptance	2026-10-05T04:38:38.6483427Z go: downloading google.golang.org/genproto/googleapis/rpc v0.0.0-20260831171406-18b4a7587f8a
product	Migrations, HTTPS and real product acceptance	2026-10-05T04:38:38.6731207Z go: downloading github.com/antlr4-go/antlr/v4 v4.13.1
product	Migrations, HTTPS and real product acceptance	2026-10-05T04:38:38.7342223Z go: downloading github.com/cespare/xxhash/v2 v2.3.0
product	Migrations, HTTPS and real product acceptance	2026-10-05T04:38:38.7911466Z go: downloading github.com/prometheus/procfs v0.22.0
product	Migrations, HTTPS and real product acceptance	2026-10-05T04:38:38.8177802Z go: downloading github.com/golang-jwt/jwt/v5 v5.3.1
product	Migrations, HTTPS and real product acceptance	2026-10-05T04:38:38.9328819Z go: downloading golang.org/x/exp v0.0.0-20260824195058-e88cd73687aa
product	Migrations, HTTPS and real product acceptance	2026-10-05T04:38:39.8151863Z go: downloading modernc.org/memory v1.12.1
product	Migrations, HTTPS and real product acceptance	2026-10-05T04:38:39.8152499Z go: downloading modernc.org/mathutil v1.7.1
product	Migrations, HTTPS and real product acceptance	2026-10-05T04:38:39.8152958Z go: downloading github.com/dustin/go-humanize v1.0.1
product	Migrations, HTTPS and real product acceptance	2026-10-05T04:38:39.9311595Z go: downloading github.com/remyoudompheng/bigfft v0.0.0-20230129092748-24d4a6f8daec
product	Migrations, HTTPS and real product acceptance	2026-10-05T04:39:37.0056920Z 2026/10/05 04:39:37 OK   00001_archive.sql (3.09ms)
product	Migrations, HTTPS and real product acceptance	2026-10-05T04:39:37.0086060Z 2026/10/05 04:39:37 OK   00002_personnel_audit.sql (2.49ms)
product	Migrations, HTTPS and real product acceptance	2026-10-05T04:39:37.0115212Z 2026/10/05 04:39:37 OK   00003_apps_audit.sql (2.97ms)
product	Migrations, HTTPS and real product acceptance	2026-10-05T04:39:37.0161249Z 2026/10/05 04:39:37 OK   00004_app_structure_audit.sql (4.38ms)
product	Migrations, HTTPS and real product acceptance	2026-10-05T04:39:37.0195535Z 2026/10/05 04:39:37 OK   00005_workflow_management_audit.sql (3.04ms)
product	Migrations, HTTPS and real product acceptance	2026-10-05T04:39:37.0197062Z 2026/10/05 04:39:37 goose: successfully migrated database to version: 5
product	Migrations, HTTPS and real product acceptance	2026-10-05T04:39:37.0334876Z 2026/10/05 04:39:37 goose: no migrations to run. current version: 5
product	Migrations, HTTPS and real product acceptance	2026-10-05T04:39:37.3091786Z 2026/10/05 04:39:37 OK   00001_auth.sql (13.23ms)
product	Migrations, HTTPS and real product acceptance	2026-10-05T04:39:37.3292895Z 2026/10/05 04:39:37 OK   00002_personnel.sql (19.7ms)
product	Migrations, HTTPS and real product acceptance	2026-10-05T04:39:37.3353749Z 2026/10/05 04:39:37 OK   00003_query_drafts.sql (5.89ms)
product	Migrations, HTTPS and real product acceptance	2026-10-05T04:39:37.3398363Z 2026/10/05 04:39:37 OK   00004_query_revision_writers.sql (4.33ms)
product	Migrations, HTTPS and real product acceptance	2026-10-05T04:39:37.3439429Z 2026/10/05 04:39:37 OK   00005_table_presets.sql (4.12ms)
product	Migrations, HTTPS and real product acceptance	2026-10-05T04:39:37.3604836Z 2026/10/05 04:39:37 OK   00006_apps_policy.sql (16.3ms)
product	Migrations, HTTPS and real product acceptance	2026-10-05T04:39:37.3808165Z 2026/10/05 04:39:37 OK   00007_app_structure.sql (19.96ms)
product	Migrations, HTTPS and real product acceptance	2026-10-05T04:39:37.4007983Z 2026/10/05 04:39:37 OK   00008_app_records.sql (19.74ms)
product	Migrations, HTTPS and real product acceptance	2026-10-05T04:39:37.4095776Z 2026/10/05 04:39:37 OK   00009_record_save_history.sql (8.6ms)
product	Migrations, HTTPS and real product acceptance	2026-10-05T04:39:37.4104019Z 2026/10/05 04:39:37 OK   00010_member_source_label_width.sql (810.57µs)
product	Migrations, HTTPS and real product acceptance	2026-10-05T04:39:37.4122979Z 2026/10/05 04:39:37 OK   00011_record_reference_defaults.sql (1.85ms)
product	Migrations, HTTPS and real product acceptance	2026-10-05T04:39:37.4141716Z 2026/10/05 04:39:37 OK   00012_actual_reference_defaults.sql (1.75ms)
product	Migrations, HTTPS and real product acceptance	2026-10-05T04:39:37.4191606Z 2026/10/05 04:39:37 OK   00013_record_command_fence.sql (4.65ms)
product	Migrations, HTTPS and real product acceptance	2026-10-05T04:39:37.4227662Z 2026/10/05 04:39:37 OK   00014_workflow_command_ledger.sql (3.56ms)
product	Migrations, HTTPS and real product acceptance	2026-10-05T04:39:37.4329130Z 2026/10/05 04:39:37 OK   00015_workflow_catalog.sql (10ms)
product	Migrations, HTTPS and real product acceptance	2026-10-05T04:39:37.4373928Z 2026/10/05 04:39:37 OK   00016_workflow_management_operations.sql (4.13ms)
product	Migrations, HTTPS and real product acceptance	2026-10-05T04:39:37.4375476Z 2026/10/05 04:39:37 goose: successfully migrated database to version: 16
product	Migrations, HTTPS and real product acceptance	2026-10-05T04:39:37.4494699Z 2026/10/05 04:39:37 goose: no migrations to run. current version: 16
product	Migrations, HTTPS and real product acceptance	2026-10-05T04:39:37.7745934Z go: downloading github.com/jackc/pgx/v5 v5.9.2
product	Migrations, HTTPS and real product acceptance	2026-10-05T04:39:37.7846920Z go: downloading golang.org/x/crypto v0.56.0
product	Migrations, HTTPS and real product acceptance	2026-10-05T04:39:37.8206758Z go: downloading github.com/redis/go-redis/v9 v9.22.0
product	Migrations, HTTPS and real product acceptance	2026-10-05T04:39:38.1814634Z go: downloading google.golang.org/grpc v1.84.0
product	Migrations, HTTPS and real product acceptance	2026-10-05T04:39:38.3185285Z go: downloading go.uber.org/atomic v1.11.0
product	Migrations, HTTPS and real product acceptance	2026-10-05T04:39:38.5632048Z go: downloading golang.org/x/net v0.57.0
product	Migrations, HTTPS and real product acceptance	2026-10-05T04:40:18.1674824Z go: downloading google.golang.org/genproto/googleapis/rpc v0.0.0-20260706201446-f0a921348800
product	Migrations, HTTPS and real product acceptance	2026-10-05T04:40:18.1675835Z ok  	github.com/Hubujiu/WeaveOS/services/bff/cmd/acceptance-seed	1.418s
product	Migrations, HTTPS and real product acceptance	2026-10-05T04:40:55.6171673Z ok  	github.com/Hubujiu/WeaveOS/services/bff/cmd/audit-maintenance	13.079s
product	Migrations, HTTPS and real product acceptance	2026-10-05T04:40:55.8523483Z ?   	github.com/Hubujiu/WeaveOS/services/bff/cmd/audit-read	[no test files]
product	Migrations, HTTPS and real product acceptance	2026-10-05T04:41:04.2310262Z ok  	github.com/Hubujiu/WeaveOS/services/bff/cmd/bff	1.631s
product	Migrations, HTTPS and real product acceptance	2026-10-05T04:41:05.5182705Z ok  	github.com/Hubujiu/WeaveOS/services/bff/internal/appaccess	1.007s
product	Migrations, HTTPS and real product acceptance	2026-10-05T04:41:07.1678732Z ok  	github.com/Hubujiu/WeaveOS/services/bff/internal/appdrafts	1.031s
product	Migrations, HTTPS and real product acceptance	2026-10-05T04:41:08.5664015Z ok  	github.com/Hubujiu/WeaveOS/services/bff/internal/appfields	1.019s
product	Migrations, HTTPS and real product acceptance	2026-10-05T04:41:14.2730323Z ok  	github.com/Hubujiu/WeaveOS/services/bff/internal/applications	4.192s
product	Migrations, HTTPS and real product acceptance	2026-10-05T04:41:15.8014767Z ok  	github.com/Hubujiu/WeaveOS/services/bff/internal/appmeta	1.159s
product	Migrations, HTTPS and real product acceptance	2026-10-05T04:41:17.1512246Z ok  	github.com/Hubujiu/WeaveOS/services/bff/internal/apppolicy	1.013s
product	Migrations, HTTPS and real product acceptance	2026-10-05T04:41:19.0351170Z ok  	github.com/Hubujiu/WeaveOS/services/bff/internal/appquery	1.064s
product	Migrations, HTTPS and real product acceptance	2026-10-05T04:41:19.0352284Z ?   	github.com/Hubujiu/WeaveOS/services/bff/internal/apprecordhttp	[no test files]
product	Migrations, HTTPS and real product acceptance	2026-10-05T04:41:20.6935170Z ok  	github.com/Hubujiu/WeaveOS/services/bff/internal/apprecords	1.047s
product	Migrations, HTTPS and real product acceptance	2026-10-05T04:41:28.3466304Z ok  	github.com/Hubujiu/WeaveOS/services/bff/internal/apprecordservice	5.282s
product	Migrations, HTTPS and real product acceptance	2026-10-05T04:41:30.9801578Z ok  	github.com/Hubujiu/WeaveOS/services/bff/internal/appschema	1.728s
product	Migrations, HTTPS and real product acceptance	2026-10-05T04:41:43.6381461Z ok  	github.com/Hubujiu/WeaveOS/services/bff/internal/appstructure	10.160s
product	Migrations, HTTPS and real product acceptance	2026-10-05T04:41:43.6382731Z ?   	github.com/Hubujiu/WeaveOS/services/bff/internal/appworkflows	[no test files]
product	Migrations, HTTPS and real product acceptance	2026-10-05T04:41:46.6442791Z ok  	github.com/Hubujiu/WeaveOS/services/bff/internal/audit	1.904s
product	Migrations, HTTPS and real product acceptance	2026-10-05T04:41:59.2864569Z ok  	github.com/Hubujiu/WeaveOS/services/bff/internal/auth	10.964s
product	Migrations, HTTPS and real product acceptance	2026-10-05T04:42:01.6421531Z ok  	github.com/Hubujiu/WeaveOS/services/bff/internal/flowcommands	1.477s
product	Migrations, HTTPS and real product acceptance	2026-10-05T04:42:03.3401734Z ok  	github.com/Hubujiu/WeaveOS/services/bff/internal/flowgraph	1.041s
product	Migrations, HTTPS and real product acceptance	2026-10-05T04:42:04.5856376Z ok  	github.com/Hubujiu/WeaveOS/services/bff/internal/identity	1.007s
product	Migrations, HTTPS and real product acceptance	2026-10-05T04:42:05.8399557Z ok  	github.com/Hubujiu/WeaveOS/services/bff/internal/invitation	1.007s
product	Migrations, HTTPS and real product acceptance	2026-10-05T04:42:08.0355630Z ok  	github.com/Hubujiu/WeaveOS/services/bff/internal/persistence	1.507s
product	Migrations, HTTPS and real product acceptance	2026-10-05T04:42:08.0356579Z ?   	github.com/Hubujiu/WeaveOS/services/bff/internal/persistence/authsql	[no test files]
product	Migrations, HTTPS and real product acceptance	2026-10-05T04:43:13.8735198Z ok  	github.com/Hubujiu/WeaveOS/services/bff/internal/personnel	63.307s
product	Migrations, HTTPS and real product acceptance	2026-10-05T04:43:15.3056199Z ok  	github.com/Hubujiu/WeaveOS/services/bff/internal/platform/httpserver	1.011s
product	Migrations, HTTPS and real product acceptance	2026-10-05T04:43:17.3779162Z ok  	github.com/Hubujiu/WeaveOS/services/bff/internal/querycontext	1.082s
product	Migrations, HTTPS and real product acceptance	2026-10-05T04:43:18.8026825Z ok  	github.com/Hubujiu/WeaveOS/services/bff/internal/security	1.010s
product	Migrations, HTTPS and real product acceptance	2026-10-05T04:43:21.3100397Z ok  	github.com/Hubujiu/WeaveOS/services/bff/internal/session	1.212s
product	Migrations, HTTPS and real product acceptance	2026-10-05T04:43:21.3101674Z ?   	github.com/Hubujiu/WeaveOS/services/bff/internal/workflowcatalog	[no test files]
product	Migrations, HTTPS and real product acceptance	2026-10-05T04:43:36.9120780Z ok  	github.com/Hubujiu/WeaveOS/services/bff/internal/workflowrpc	1.136s
product	Migrations, HTTPS and real product acceptance	2026-10-05T04:43:36.9121989Z ?   	github.com/Hubujiu/WeaveOS/services/bff/internal/workflowrpc/pb	[no test files]
product	Migrations, HTTPS and real product acceptance	2026-10-05T04:44:03.4164443Z  Container weaveos-v010-007-1791175083941-test-redis-1  Stopping
product	Migrations, HTTPS and real product acceptance	2026-10-05T04:44:03.5096401Z  Container weaveos-v010-007-1791175083941-test-redis-1  Stopped
product	Migrations, HTTPS and real product acceptance	2026-10-05T04:44:03.9401305Z 2026/10/05 04:44:03 OK   00001_auth.sql (12.67ms)
product	Migrations, HTTPS and real product acceptance	2026-10-05T04:44:03.9600057Z 2026/10/05 04:44:03 OK   00002_personnel.sql (18.66ms)
product	Migrations, HTTPS and real product acceptance	2026-10-05T04:44:03.9654505Z 2026/10/05 04:44:03 OK   00003_query_drafts.sql (5.37ms)
product	Migrations, HTTPS and real product acceptance	2026-10-05T04:44:03.9699522Z 2026/10/05 04:44:03 OK   00004_query_revision_writers.sql (4.29ms)
product	Migrations, HTTPS and real product acceptance	2026-10-05T04:44:03.9741090Z 2026/10/05 04:44:03 OK   00005_table_presets.sql (4.06ms)
product	Migrations, HTTPS and real product acceptance	2026-10-05T04:44:03.9908899Z 2026/10/05 04:44:03 OK   00006_apps_policy.sql (16.5ms)
product	Migrations, HTTPS and real product acceptance	2026-10-05T04:44:04.0099870Z 2026/10/05 04:44:04 OK   00007_app_structure.sql (18.66ms)
product	Migrations, HTTPS and real product acceptance	2026-10-05T04:44:04.0300950Z 2026/10/05 04:44:04 OK   00008_app_records.sql (19.92ms)
product	Migrations, HTTPS and real product acceptance	2026-10-05T04:44:04.0384019Z 2026/10/05 04:44:04 OK   00009_record_save_history.sql (8.24ms)
product	Migrations, HTTPS and real product acceptance	2026-10-05T04:44:04.0393861Z 2026/10/05 04:44:04 OK   00010_member_source_label_width.sql (914.75µs)
product	Migrations, HTTPS and real product acceptance	2026-10-05T04:44:04.0414231Z 2026/10/05 04:44:04 OK   00011_record_reference_defaults.sql (1.97ms)
product	Migrations, HTTPS and real product acceptance	2026-10-05T04:44:04.0432210Z 2026/10/05 04:44:04 OK   00012_actual_reference_defaults.sql (1.76ms)
product	Migrations, HTTPS and real product acceptance	2026-10-05T04:44:04.0485040Z 2026/10/05 04:44:04 OK   00013_record_command_fence.sql (5.09ms)
product	Migrations, HTTPS and real product acceptance	2026-10-05T04:44:04.0521396Z 2026/10/05 04:44:04 OK   00014_workflow_command_ledger.sql (3.54ms)
product	Migrations, HTTPS and real product acceptance	2026-10-05T04:44:04.0621321Z 2026/10/05 04:44:04 OK   00015_workflow_catalog.sql (9.88ms)
product	Migrations, HTTPS and real product acceptance	2026-10-05T04:44:04.0662436Z 2026/10/05 04:44:04 OK   00016_workflow_management_operations.sql (3.86ms)
product	Migrations, HTTPS and real product acceptance	2026-10-05T04:44:04.0663724Z 2026/10/05 04:44:04 goose: successfully migrated database to version: 16
product	Migrations, HTTPS and real product acceptance	2026-10-05T04:44:04.8842532Z Unable to find image 'mcr.microsoft.com/playwright:v1.63.0-noble@sha256:eff16c30e6f3f4af0a03fa4b706120d5e9b0891c344a27d64559aff5900a4a27' locally
product	Migrations, HTTPS and real product acceptance	2026-10-05T04:44:04.9553255Z mcr.microsoft.com/playwright@sha256:eff16c30e6f3f4af0a03fa4b706120d5e9b0891c344a27d64559aff5900a4a27: Pulling from playwright
product	Migrations, HTTPS and real product acceptance	2026-10-05T04:44:05.0189458Z e2bfec3c8017: Pulling fs layer
product	Migrations, HTTPS and real product acceptance	2026-10-05T04:44:05.0190188Z a2ac83a9a562: Pulling fs layer
product	Migrations, HTTPS and real product acceptance	2026-10-05T04:44:05.0193468Z 0926a8eb0e60: Pulling fs layer
product	Migrations, HTTPS and real product acceptance	2026-10-05T04:44:05.0194032Z d8cf7dc1ff62: Pulling fs layer
product	Migrations, HTTPS and real product acceptance	2026-10-05T04:44:05.0194505Z b4dfe9b5d621: Pulling fs layer
product	Migrations, HTTPS and real product acceptance	2026-10-05T04:44:05.0195271Z 1b189482e65c: Pulling fs layer
product	Migrations, HTTPS and real product acceptance	2026-10-05T04:44:05.0195748Z 74c72610aa2d: Pulling fs layer
product	Migrations, HTTPS and real product acceptance	2026-10-05T04:44:05.1888788Z 74c72610aa2d: Download complete
product	Migrations, HTTPS and real product acceptance	2026-10-05T04:44:05.3899065Z 0926a8eb0e60: Download complete
product	Migrations, HTTPS and real product acceptance	2026-10-05T04:44:05.9878558Z e2bfec3c8017: Download complete
product	Migrations, HTTPS and real product acceptance	2026-10-05T04:44:06.3884811Z a2ac83a9a562: Download complete
product	Migrations, HTTPS and real product acceptance	2026-10-05T04:44:06.4871353Z 1b189482e65c: Download complete
product	Migrations, HTTPS and real product acceptance	2026-10-05T04:44:06.7899836Z 0926a8eb0e60: Pull complete
product	Migrations, HTTPS and real product acceptance	2026-10-05T04:44:07.7877043Z b4dfe9b5d621: Download complete
product	Migrations, HTTPS and real product acceptance	2026-10-05T04:44:08.0870963Z d8cf7dc1ff62: Download complete
product	Migrations, HTTPS and real product acceptance	2026-10-05T04:44:09.8876741Z 74c72610aa2d: Pull complete
product	Migrations, HTTPS and real product acceptance	2026-10-05T04:44:09.8880461Z e2bfec3c8017: Pull complete
product	Migrations, HTTPS and real product acceptance	2026-10-05T04:44:15.2885382Z d8cf7dc1ff62: Pull complete
product	Migrations, HTTPS and real product acceptance	2026-10-05T04:44:18.8889911Z b4dfe9b5d621: Pull complete
product	Migrations, HTTPS and real product acceptance	2026-10-05T04:44:20.2876500Z a2ac83a9a562: Pull complete
product	Migrations, HTTPS and real product acceptance	2026-10-05T04:44:21.7080877Z 1b189482e65c: Pull complete
product	Migrations, HTTPS and real product acceptance	2026-10-05T04:44:21.7082296Z Digest: sha256:eff16c30e6f3f4af0a03fa4b706120d5e9b0891c344a27d64559aff5900a4a27
product	Migrations, HTTPS and real product acceptance	2026-10-05T04:44:21.7084058Z Status: Downloaded newer image for mcr.microsoft.com/playwright@sha256:eff16c30e6f3f4af0a03fa4b706120d5e9b0891c344a27d64559aff5900a4a27
product	Migrations, HTTPS and real product acceptance	2026-10-05T04:44:25.9352628Z 
product	Migrations, HTTPS and real product acceptance	2026-10-05T04:44:25.9353724Z added 1 package in 1s
product	Migrations, HTTPS and real product acceptance	2026-10-05T04:44:25.9354919Z 
product	Migrations, HTTPS and real product acceptance	2026-10-05T04:44:25.9355442Z 1 package is looking for funding
product	Migrations, HTTPS and real product acceptance	2026-10-05T04:44:25.9355803Z   run `npm fund` for details
product	Migrations, HTTPS and real product acceptance	2026-10-05T04:44:26.3171768Z Scope: all 2 workspace projects
product	Migrations, HTTPS and real product acceptance	2026-10-05T04:44:26.3444745Z Lockfile is up to date, resolution step is skipped
product	Migrations, HTTPS and real product acceptance	2026-10-05T04:44:26.9651364Z Progress: resolved 1, reused 0, downloaded 0, added 0
product	Migrations, HTTPS and real product acceptance	2026-10-05T04:44:26.9788631Z Packages: +71
product	Migrations, HTTPS and real product acceptance	2026-10-05T04:44:26.9791673Z +++++++++++++++++++++++++++++++++++++++++++++++++++++++++++++++++++++++
product	Migrations, HTTPS and real product acceptance	2026-10-05T04:44:27.9658202Z Progress: resolved 71, reused 0, downloaded 40, added 18
product	Migrations, HTTPS and real product acceptance	2026-10-05T04:44:28.9671929Z Progress: resolved 71, reused 0, downloaded 71, added 68
product	Migrations, HTTPS and real product acceptance	2026-10-05T04:44:29.9682536Z Progress: resolved 71, reused 0, downloaded 71, added 70
product	Migrations, HTTPS and real product acceptance	2026-10-05T04:44:30.2704144Z Progress: resolved 71, reused 0, downloaded 71, added 71, done
product	Migrations, HTTPS and real product acceptance	2026-10-05T04:44:30.3517063Z 
product	Migrations, HTTPS and real product acceptance	2026-10-05T04:44:30.3518126Z devDependencies:
product	Migrations, HTTPS and real product acceptance	2026-10-05T04:44:30.3518671Z + @playwright/test 1.63.0
product	Migrations, HTTPS and real product acceptance	2026-10-05T04:44:30.3519173Z + @redocly/cli 2.54.2
product	Migrations, HTTPS and real product acceptance	2026-10-05T04:44:30.3519877Z + @types/node 24.0.0
product	Migrations, HTTPS and real product acceptance	2026-10-05T04:44:30.3520545Z + typescript 5.9.3
product	Migrations, HTTPS and real product acceptance	2026-10-05T04:44:30.3521185Z 
product	Migrations, HTTPS and real product acceptance	2026-10-05T04:44:30.3598298Z Done in 4.3s using pnpm v10.28.2
product	Migrations, HTTPS and real product acceptance	2026-10-05T04:44:30.5139362Z ✔ ADR14 reference candidates bind field action record and live authority (2.247796ms)
product	Migrations, HTTPS and real product acceptance	2026-10-05T04:44:30.5179610Z ✔ ADR14 draft write minimum and history safe displays are explicit (0.261294ms)
product	Migrations, HTTPS and real product acceptance	2026-10-05T04:44:30.5182270Z ✔ frozen record draft runtime and history methods are exact and actor guarded (0.370768ms)
product	Migrations, HTTPS and real product acceptance	2026-10-05T04:44:30.5184056Z ✔ frozen record payloads and confirmations contain precise allowed values (0.28556ms)
product	Migrations, HTTPS and real product acceptance	2026-10-05T04:44:30.5188276Z ✔ runtime and history expose only frozen safe DTO and record errors (0.266962ms)
product	Migrations, HTTPS and real product acceptance	2026-10-05T04:44:30.5284896Z ✔ frozen application definition methods expose actual complete DTOs (1.804058ms)
product	Migrations, HTTPS and real product acceptance	2026-10-05T04:44:30.5287241Z ✔ application candidate registers exact frozen incremental migration hashes (1.507501ms)
product	Migrations, HTTPS and real product acceptance	2026-10-05T04:44:30.5289689Z ✔ frozen structure errors have stable status and recoverability (0.233382ms)
product	Migrations, HTTPS and real product acceptance	2026-10-05T04:44:30.5292450Z ✔ appendix A exposes minimal owner-only member candidates and actual group labels (0.346903ms)
product	Migrations, HTTPS and real product acceptance	2026-10-05T04:44:30.5295084Z ✔ appendix B marks optional negative actor constraint on every application method (0.466333ms)
product	Migrations, HTTPS and real product acceptance	2026-10-05T04:44:30.5296746Z ✔ all shared OpenAPI references resolve (7.837355ms)
product	Migrations, HTTPS and real product acceptance	2026-10-05T04:44:30.5298568Z ✔ appendix A.5 exposes minimal real department candidates (0.300353ms)
product	Migrations, HTTPS and real product acceptance	2026-10-05T04:44:30.5300292Z ✔ API-CI-01: validator version is pinned in the frozen workspace lock (1.37394ms)
product	Migrations, HTTPS and real product acceptance	2026-10-05T04:44:30.5302539Z ✔ API-CI-02: PR CI executes contract tests and 3.2.1 lint (0.237618ms)
product	Migrations, HTTPS and real product acceptance	2026-10-05T04:44:30.5800265Z ✔ API-01: contract is OpenAPI 3.2.1 with the five authentication routes (1.182361ms)
product	Migrations, HTTPS and real product acceptance	2026-10-05T04:44:30.5802527Z ✔ API-02: public writes and protected Cookie security match ADR-001/002 (0.918474ms)
product	Migrations, HTTPS and real product acceptance	2026-10-05T04:44:30.5819170Z ✔ API-10: login delivers separate host cookies and protected writes require CSRF header (0.384639ms)
product	Migrations, HTTPS and real product acceptance	2026-10-05T04:44:30.5821403Z ✔ API-03: creation, current session, logout and reset have precise statuses (0.240763ms)
product	Migrations, HTTPS and real product acceptance	2026-10-05T04:44:30.5823675Z ✔ API-04: JSON envelope has exact required keys and no arbitrary top-level data (0.176385ms)
product	Migrations, HTTPS and real product acceptance	2026-10-05T04:44:30.5827609Z ✔ API-05: registration and login require account/password; registration requires invitation (0.209916ms)
product	Migrations, HTTPS and real product acceptance	2026-10-05T04:44:30.5829003Z ✔ API-06: published error table preserves accepted ADR mapping (0.40491ms)
product	Migrations, HTTPS and real product acceptance	2026-10-05T04:44:30.5830354Z ✔ API-07: account rule preserves case and rejects internal ordinary spaces after trimming (0.143876ms)
product	Migrations, HTTPS and real product acceptance	2026-10-05T04:44:30.5831906Z ✔ API-08: every declared response carries a server-issued request ID (1.383705ms)
product	Migrations, HTTPS and real product acceptance	2026-10-05T04:44:30.5833133Z ✔ API-09: Alice and alice are distinct registrations and login lookups (0.549818ms)
product	Migrations, HTTPS and real product acceptance	2026-10-05T04:44:30.5947151Z ✔ Q13: registration schema accepts only printable ASCII with four classes (1.54664ms)
product	Migrations, HTTPS and real product acceptance	2026-10-05T04:44:30.5948763Z ✔ approved account length applies after ordinary-space trimming, not to raw input (0.423858ms)
product	Migrations, HTTPS and real product acceptance	2026-10-05T04:44:30.6497496Z ✔ Q25 definition response accepts optional explicit empty templateIds and integer version (40.627668ms)
product	Migrations, HTTPS and real product acceptance	2026-10-05T04:44:30.6498851Z ✔ Q25 response validator resolves pagination query without ignoring declared constraints (1.333599ms)
product	Migrations, HTTPS and real product acceptance	2026-10-05T04:44:30.6500308Z ✔ Q25 invalid definition response integer, UUID and length fail independently (8.083175ms)
product	Migrations, HTTPS and real product acceptance	2026-10-05T04:44:30.6501766Z ✔ Q25 template DTO optional relation array is registered in the executable contract (7.248749ms)
product	Migrations, HTTPS and real product acceptance	2026-10-05T04:44:30.6652489Z ✔ Q25 all personnel operations are typed, Cookie protected and fail closed (1.170573ms)
product	Migrations, HTTPS and real product acceptance	2026-10-05T04:44:30.6654792Z ✔ Q25 page pagination exception is explicit, bounded, and filtered server-side (0.27932ms)
product	Migrations, HTTPS and real product acceptance	2026-10-05T04:44:30.6656503Z ✔ Q25 versions and explicit sets cannot mutate Root or directory ownership (0.977412ms)
product	Migrations, HTTPS and real product acceptance	2026-10-05T04:44:30.6658483Z ✔ Q25 stable conflict/missing errors and invitation qualification are registered (0.327994ms)
product	Migrations, HTTPS and real product acceptance	2026-10-05T04:44:30.7153176Z ✔ Q36 response oracle enforces draft capacity and payload bounds instead of ignoring extensions (50.349571ms)
product	Migrations, HTTPS and real product acceptance	2026-10-05T04:44:30.7334329Z ✔ Q36 query responses retain paging and publish a session-owned opaque baseline (1.809947ms)
product	Migrations, HTTPS and real product acceptance	2026-10-05T04:44:30.7345321Z ✔ Q36 both query views declare grouped AND/OR, field types and global bounds (0.483127ms)
product	Migrations, HTTPS and real product acceptance	2026-10-05T04:44:30.7354152Z ✔ Q36 query changes, expiry and busy are distinguishable without repurposing old errors (0.25232ms)
product	Migrations, HTTPS and real product acceptance	2026-10-05T04:44:30.7356540Z ✔ Q36 object checks remain and an exact draft version can be acknowledged on submission (0.186942ms)
product	Migrations, HTTPS and real product acceptance	2026-10-05T04:44:30.7358377Z ✔ Q36 persistent personal drafts have explicit limits, conflict protection and no expiry (0.351729ms)
product	Migrations, HTTPS and real product acceptance	2026-10-05T04:44:30.7823663Z ✔ Q36 approved POST searches carry object filters with route-local raw-body bounds and CSRF (1.964129ms)
product	Migrations, HTTPS and real product acceptance	2026-10-05T04:44:30.7863381Z ✔ Q36 literal POST search response is not mistaken for a memberId route (47.632733ms)
product	Migrations, HTTPS and real product acceptance	2026-10-05T04:44:30.7892252Z ✔ Q36 legacy GET has no complex filter/sort; draft raw wrapper budget exceeds canonical payload (0.414224ms)
product	Migrations, HTTPS and real product acceptance	2026-10-05T04:44:30.8137869Z ✔ ADR008 personal table preset routes and three independent conflict codes (1.740472ms)
product	Migrations, HTTPS and real product acceptance	2026-10-05T04:44:30.8141532Z ✔ ADR008 preset DTOs isolate ownership and freeze independent capacities (1.105074ms)
product	Migrations, HTTPS and real product acceptance	2026-10-05T04:44:30.8455760Z ✔ ADR-003/004: isolated PG18/Redis8.2 and ingress preserve service boundaries (2.856603ms)
product	Migrations, HTTPS and real product acceptance	2026-10-05T04:44:30.8467837Z ✔ Product CI executes migration, HTTPS real API and three browsers; final release remains gated (1.860502ms)
product	Migrations, HTTPS and real product acceptance	2026-10-05T04:44:30.8481784Z ✔ ADR-004: ingress overwrites forwarded identity, disables shared auth cache and separates API from SPA (0.351078ms)
product	Migrations, HTTPS and real product acceptance	2026-10-05T04:44:30.8487938Z ✔ Browser container uses init to reap children and explicit isolated shared memory (1.448702ms)
product	Migrations, HTTPS and real product acceptance	2026-10-05T04:44:30.8498541Z ✔ Private container-produced fixture is assigned to the authorized host runner without world-readable permissions (0.580775ms)
product	Migrations, HTTPS and real product acceptance	2026-10-05T04:44:30.8501914Z ✔ Expanded acceptance evidence reports the actual complete HTTP and browser results (0.777551ms)
product	Migrations, HTTPS and real product acceptance	2026-10-05T04:44:30.8525291Z ✔ Product runner executes all 19 storage cases and real observer qualifications (0.403838ms)
product	Migrations, HTTPS and real product acceptance	2026-10-05T04:44:30.8527187Z ✔ Root R25 acceptance runtime injects dedicated definition key and explicit schema budgets before startup (19.43158ms)
product	Migrations, HTTPS and real product acceptance	2026-10-05T04:44:30.8529285Z ✔ Root R25 immutable-runtime simulation supplies the same explicit definition configuration (0.508456ms)
product	Migrations, HTTPS and real product acceptance	2026-10-05T04:44:30.9155967Z ✔ B2 CI: fixture creates a private dedicated socket database with no network/ports (5.309758ms)
product	Migrations, HTTPS and real product acceptance	2026-10-05T04:44:30.9157659Z ✔ B2 CI: an existing state file is never overwritten (1.540951ms)
product	Migrations, HTTPS and real product acceptance	2026-10-05T04:44:30.9159127Z ✔ B2 CI: partial startup failure is nonzero and removes only its own fixture (1.96486ms)
product	Migrations, HTTPS and real product acceptance	2026-10-05T04:44:30.9165301Z ✔ B2 CI: successful cleanup removes its container/data/socket/state and is idempotent (1.596965ms)
product	Migrations, HTTPS and real product acceptance	2026-10-05T04:44:30.9171753Z ✔ B2 CI: cleanup refuses wrongOwner (1.749595ms)
product	Migrations, HTTPS and real product acceptance	2026-10-05T04:44:30.9173344Z ✔ B2 CI: cleanup refuses wrongNetwork (1.408792ms)
product	Migrations, HTTPS and real product acceptance	2026-10-05T04:44:30.9182986Z ✔ B2 CI: cleanup refuses wrongMount (1.465648ms)
product	Migrations, HTTPS and real product acceptance	2026-10-05T04:44:30.9184374Z ✔ B2 CI: cleanup failure is not swallowed and retains recoverable state (1.19455ms)
product	Migrations, HTTPS and real product acceptance	2026-10-05T04:44:30.9190169Z ✔ B2 CI: cleanup refuses an outside root without any Docker action (1.623415ms)
product	Migrations, HTTPS and real product acceptance	2026-10-05T04:44:30.9197556Z ✔ B2 CI: cleanup refuses symlink state and never touches its target (2.017569ms)
product	Migrations, HTTPS and real product acceptance	2026-10-05T04:44:30.9199082Z ✔ B2 CI: bootstrap exports the dedicated URL and always-cleanup accepts the actual state (1.980613ms)
product	Migrations, HTTPS and real product acceptance	2026-10-05T04:44:30.9208185Z ✔ B2 CI: bootstrap rejects unknown commands instead of silently succeeding (0.142145ms)
product	Migrations, HTTPS and real product acceptance	2026-10-05T04:44:30.9254658Z ✔ B2 CI: Go job supplies the fixture before race tests with unconditional owned cleanup (0.327053ms)
product	Migrations, HTTPS and real product acceptance	2026-10-05T04:44:30.9256371Z ✔ B2 CI: acceptance gives nested Go the dedicated URL and matching socket mount (3.715557ms)
product	Migrations, HTTPS and real product acceptance	2026-10-05T04:44:30.9258134Z ✔ B2 CI: acceptance failure cleans B2 and preserves original product stop-only lifecycle (2.459895ms)
product	Migrations, HTTPS and real product acceptance	2026-10-05T04:44:30.9297963Z ✔ B5a frozen HTTP routes, method sets and live Web Session are explicit (2.556521ms)
product	Migrations, HTTPS and real product acceptance	2026-10-05T04:44:30.9299337Z ✔ B5a DTOs use exact closed fields and finite menu grants (0.348636ms)
product	Migrations, HTTPS and real product acceptance	2026-10-05T04:44:30.9300852Z ✔ B5a six public error codes retain frozen HTTP status (0.636418ms)
product	Migrations, HTTPS and real product acceptance	2026-10-05T04:44:30.9302655Z ✔ B5a new migrations have exact reviewed compatibility hashes and runtime role pin (1.223784ms)
product	Migrations, HTTPS and real product acceptance	2026-10-05T04:44:32.7478713Z ✔ B5a.9: fixture preserves the exact approved PR21 legacy PLAN bytes (2.261026ms)
product	Migrations, HTTPS and real product acceptance	2026-10-05T04:44:32.7482303Z ✔ B5a.9: a valid canonical task without an auxiliary document still passes (59.564998ms)
product	Migrations, HTTPS and real product acceptance	2026-10-05T04:44:32.7484207Z ✔ B5a.9: exact registered and referenced PR21 auxiliary PLAN passes discovery (43.972446ms)
product	Migrations, HTTPS and real product acceptance	2026-10-05T04:44:32.7485757Z ✔ B5a.9: known auxiliary path rejects replaced contents (53.591975ms)
product	Migrations, HTTPS and real product acceptance	2026-10-05T04:44:32.7497345Z ✔ B5a.9: known auxiliary path rejects one-byte addition (61.764681ms)
product	Migrations, HTTPS and real product acceptance	2026-10-05T04:44:32.7499157Z ✔ B5a.9: known auxiliary path rejects forged task metadata (62.709554ms)
product	Migrations, HTTPS and real product acceptance	2026-10-05T04:44:32.7500559Z ✔ B5a.9: known auxiliary path rejects a complete second task (51.165049ms)
product	Migrations, HTTPS and real product acceptance	2026-10-05T04:44:32.7520292Z ✔ B5a.9: auxiliary compatibility rejects missing canonical task (57.763814ms)
product	Migrations, HTTPS and real product acceptance	2026-10-05T04:44:32.7528943Z ✔ B5a.9: auxiliary compatibility rejects missing canonical metadata (55.995416ms)
product	Migrations, HTTPS and real product acceptance	2026-10-05T04:44:32.7537679Z ✔ B5a.9: auxiliary compatibility rejects duplicate canonical metadata (52.789236ms)
product	Migrations, HTTPS and real product acceptance	2026-10-05T04:44:32.7542210Z ✔ B5a.9: auxiliary compatibility rejects invalid canonical JSON (50.578391ms)
product	Migrations, HTTPS and real product acceptance	2026-10-05T04:44:32.7551286Z ✔ B5a.9: auxiliary compatibility rejects other task identity (54.085373ms)
product	Migrations, HTTPS and real product acceptance	2026-10-05T04:44:32.7559608Z ✔ B5a.9: auxiliary compatibility rejects missing canonical owner (56.564523ms)
product	Migrations, HTTPS and real product acceptance	2026-10-05T04:44:32.7568288Z ✔ B5a.9: auxiliary compatibility rejects wrong branch identity (50.207568ms)
product	Migrations, HTTPS and real product acceptance	2026-10-05T04:44:32.7576676Z ✔ B5a.9: auxiliary compatibility rejects wrong worktree identity (58.252736ms)
product	Migrations, HTTPS and real product acceptance	2026-10-05T04:44:32.7585293Z ✔ B5a.9: auxiliary compatibility rejects invalid canonical scope (56.382954ms)
product	Migrations, HTTPS and real product acceptance	2026-10-05T04:44:32.7594735Z ✔ B5a.9: auxiliary compatibility rejects empty canonical scope (55.298476ms)
product	Migrations, HTTPS and real product acceptance	2026-10-05T04:44:32.7603606Z ✔ B5a.9: auxiliary compatibility rejects unregistered auxiliary scope (49.003739ms)
product	Migrations, HTTPS and real product acceptance	2026-10-05T04:44:32.7612221Z ✔ B5a.9: auxiliary compatibility rejects a scope path that merely shares the prefix (57.479056ms)
product	Migrations, HTTPS and real product acceptance	2026-10-05T04:44:32.7620878Z ✔ B5a.9: auxiliary compatibility rejects missing canonical reference (59.123848ms)
product	Migrations, HTTPS and real product acceptance	2026-10-05T04:44:32.7629472Z ✔ B5a.9: auxiliary compatibility rejects a reference to a different PLAN (54.614956ms)
product	Migrations, HTTPS and real product acceptance	2026-10-05T04:44:32.7637607Z ✔ B5a.9: auxiliary compatibility rejects incomplete ready canonical task (54.530959ms)
product	Migrations, HTTPS and real product acceptance	2026-10-05T04:44:32.7646182Z ✔ B5a.9: auxiliary compatibility rejects a prematurely accepted canonical task (56.999729ms)
product	Migrations, HTTPS and real product acceptance	2026-10-05T04:44:32.7654770Z ✔ B5a.9: legacy exception does not admit similar or malformed name V010-021-PLAN.md (59.421207ms)
product	Migrations, HTTPS and real product acceptance	2026-10-05T04:44:32.7680040Z ✔ B5a.9: legacy exception does not admit similar or malformed name V030-020-PLAN.md (55.718045ms)
product	Migrations, HTTPS and real product acceptance	2026-10-05T04:44:32.7689964Z ✔ B5a.9: legacy exception does not admit similar or malformed name V020-020-PLAN.md (54.246684ms)
product	Migrations, HTTPS and real product acceptance	2026-10-05T04:44:32.7698711Z ✔ B5a.9: legacy exception does not admit similar or malformed name V999-020-PLAN.md (51.135722ms)
product	Migrations, HTTPS and real product acceptance	2026-10-05T04:44:32.7707254Z ✔ B5a.9: legacy exception does not admit similar or malformed name V010-20-PLAN.md (49.488296ms)
product	Migrations, HTTPS and real product acceptance	2026-10-05T04:44:32.7716774Z ✔ B5a.9: legacy exception does not admit similar or malformed name V010-0020-PLAN.md (45.870877ms)
product	Migrations, HTTPS and real product acceptance	2026-10-05T04:44:32.7725523Z ✔ B5a.9: legacy exception does not admit similar or malformed name v010-020-PLAN.md (55.92781ms)
product	Migrations, HTTPS and real product acceptance	2026-10-05T04:44:32.7733980Z ✔ B5a.9: legacy exception does not admit similar or malformed name V010-020-plan.md (51.003304ms)
product	Migrations, HTTPS and real product acceptance	2026-10-05T04:44:32.7742899Z ✔ B5a.9: legacy exception does not admit similar or malformed name V010-020-PLAN-copy.md (54.332252ms)
product	Migrations, HTTPS and real product acceptance	2026-10-05T04:44:32.7751444Z ✔ B5a.9: legacy exception does not admit similar or malformed name V010-020-PLAN.md.md (49.780615ms)
product	Migrations, HTTPS and real product acceptance	2026-10-05T04:44:32.7759945Z ✔ B5a.9: an approved auxiliary does not conceal an additional fake task document (56.704345ms)
product	Migrations, HTTPS and real product acceptance	2026-10-05T04:44:32.7768543Z ✔ B5a.9: auxiliary filename and content remain unsuitable as a canonical task (1.033337ms)
product	Migrations, HTTPS and real product acceptance	2026-10-05T04:44:32.7777083Z ✔ B5a.9: auxiliary compatibility cannot supply cleanup completion or a fake task identity (2.66204ms)
product	Migrations, HTTPS and real product acceptance	2026-10-05T04:44:32.7878921Z ✔ FND-03: CI runs real Go validation and browser tests (1.203182ms)
product	Migrations, HTTPS and real product acceptance	2026-10-05T04:44:32.7880445Z ✔ FND-03: product acceptance and artifacts are explicit, not fake deploys (0.375426ms)
product	Migrations, HTTPS and real product acceptance	2026-10-05T04:44:32.7882219Z ✔ FND-04: web entry is real React with no fabricated login UI (0.345731ms)
product	Migrations, HTTPS and real product acceptance	2026-10-05T04:44:32.7883855Z ✔ FND-05: CI retains a source bundle without bundling local credentials (1.126236ms)
product	Migrations, HTTPS and real product acceptance	2026-10-05T04:44:32.7885520Z ✔ FND-05: RED replay metadata pins the real pre-implementation source (0.373452ms)
product	Migrations, HTTPS and real product acceptance	2026-10-05T04:44:32.7887201Z ✔ release: all mandatory evidence present is structurally ready (1.975005ms)
product	Migrations, HTTPS and real product acceptance	2026-10-05T04:44:32.7888592Z ✔ release: a missing or empty matrix is not a pass (0.284048ms)
product	Migrations, HTTPS and real product acceptance	2026-10-05T04:44:32.7889849Z ✔ release: pending, skipped, failed and blocked are never passed (0.363107ms)
product	Migrations, HTTPS and real product acceptance	2026-10-05T04:44:32.7891431Z ✔ release: missing evidence, owner or duplicate IDs are rejected (0.241895ms)
product	Migrations, HTTPS and real product acceptance	2026-10-05T04:44:32.7893039Z ✔ remote cleanup: matching accepted remote branch can be removed (3.182875ms)
product	Migrations, HTTPS and real product acceptance	2026-10-05T04:44:32.7894452Z ✔ remote cleanup: no remote branch remains a successful idempotent state (1.776886ms)
product	Migrations, HTTPS and real product acceptance	2026-10-05T04:44:32.7895608Z ✔ remote cleanup: refuse unmerged (0.331449ms)
product	Migrations, HTTPS and real product acceptance	2026-10-05T04:44:32.7896621Z ✔ remote cleanup: refuse unfinished document (0.227032ms)
product	Migrations, HTTPS and real product acceptance	2026-10-05T04:44:32.7897655Z ✔ remote cleanup: refuse new remote commit (0.556148ms)
product	Migrations, HTTPS and real product acceptance	2026-10-05T04:44:32.7898741Z ✔ remote cleanup: refuse unverified squash (0.239831ms)
product	Migrations, HTTPS and real product acceptance	2026-10-05T04:44:32.7899766Z ✔ remote cleanup: refuse offline snapshot (0.183086ms)
product	Migrations, HTTPS and real product acceptance	2026-10-05T04:44:32.7901289Z ✔ local cleanup: removed remote does not erase valid local identity (0.188574ms)
product	Migrations, HTTPS and real product acceptance	2026-10-05T04:44:32.7902557Z ✔ local cleanup: matching refs retain identity (0.616819ms)
product	Migrations, HTTPS and real product acceptance	2026-10-05T04:44:32.7903719Z ✔ local cleanup: divergent refs cannot hide new work (0.619393ms)
product	Migrations, HTTPS and real product acceptance	2026-10-05T04:44:32.7905266Z ✔ Root R03: every approved migration is registered once with its actual source digest (3.327112ms)
product	Migrations, HTTPS and real product acceptance	2026-10-05T04:44:32.7907008Z ✔ Root R03: prior reviewed migration registrations retain their exact paths and hashes (1.089471ms)
product	Migrations, HTTPS and real product acceptance	2026-10-05T04:44:32.7908734Z ✔ Root R03: the new cold audit registration precedes all dependent hot registrations (0.274834ms)
product	Migrations, HTTPS and real product acceptance	2026-10-05T04:44:32.7910132Z ✔ FND-02: parse a valid task and retain identity (3.089454ms)
product	Migrations, HTTPS and real product acceptance	2026-10-05T04:44:32.7911539Z ✔ FND-02: malformed or duplicate metadata is rejected (0.469187ms)
product	Migrations, HTTPS and real product acceptance	2026-10-05T04:44:32.7912854Z ✔ FND-02: a ready task with incomplete acceptance is invalid (0.455346ms)
product	Migrations, HTTPS and real product acceptance	2026-10-05T04:44:32.7914080Z ✔ FND-02: no checkboxes is not proof of completion (0.266982ms)
product	Migrations, HTTPS and real product acceptance	2026-10-05T04:44:32.7915392Z ✔ FND-02: mismatched branch, worktree and unsafe paths are rejected (0.388806ms)
product	Migrations, HTTPS and real product acceptance	2026-10-05T04:44:32.7917087Z ✔ FND-02: accepted cannot be asserted before remote verification (0.286983ms)
product	Migrations, HTTPS and real product acceptance	2026-10-05T04:44:32.7918564Z ✔ FND-02: complete remote main document + merged PR permits cleanup despite squash ancestry (0.639183ms)
product	Migrations, HTTPS and real product acceptance	2026-10-05T04:44:32.7919923Z ✔ FND-02: refuse cleanup for offline snapshot (0.257258ms)
product	Migrations, HTTPS and real product acceptance	2026-10-05T04:44:32.7921205Z ✔ FND-02: refuse cleanup for missing remote document (0.244719ms)
product	Migrations, HTTPS and real product acceptance	2026-10-05T04:44:32.7922436Z ✔ FND-02: refuse cleanup for unfinished document (0.378119ms)
product	Migrations, HTTPS and real product acceptance	2026-10-05T04:44:32.7923602Z ✔ FND-02: refuse cleanup for wrong task identity (3.466933ms)
product	Migrations, HTTPS and real product acceptance	2026-10-05T04:44:32.7924640Z ✔ FND-02: refuse cleanup for unmerged PR (0.191428ms)
product	Migrations, HTTPS and real product acceptance	2026-10-05T04:44:32.7925638Z ✔ FND-02: refuse cleanup for wrong merge base (0.122184ms)
product	Migrations, HTTPS and real product acceptance	2026-10-05T04:44:32.7927040Z ✔ FND-02: refuse cleanup for different repository (0.157036ms)
product	Migrations, HTTPS and real product acceptance	2026-10-05T04:44:32.7928080Z ✔ FND-02: refuse cleanup for other task branch (0.240833ms)
product	Migrations, HTTPS and real product acceptance	2026-10-05T04:44:32.7929199Z ✔ FND-02: refuse cleanup for post-merge commit (1.355322ms)
product	Migrations, HTTPS and real product acceptance	2026-10-05T04:44:32.7930311Z ✔ FND-02: refuse cleanup for dirty worktree (0.154092ms)
product	Migrations, HTTPS and real product acceptance	2026-10-05T04:44:32.7931497Z ✔ FND-02: refuse cleanup for squash not in remote main (0.176466ms)
product	Migrations, HTTPS and real product acceptance	2026-10-05T04:44:32.7932825Z ✔ FND-02: acceptance remains true after the task branch/worktree were cleaned (0.539853ms)
product	Migrations, HTTPS and real product acceptance	2026-10-05T04:44:32.7934158Z ✔ FND-02: local completion without a merged PR is not accepted (0.263607ms)
product	Migrations, HTTPS and real product acceptance	2026-10-05T04:44:34.0632176Z ✔ B0: V010 and V030 metadata and mixed approved dependencies remain valid (3.802958ms)
product	Migrations, HTTPS and real product acceptance	2026-10-05T04:44:34.0634329Z ✔ B0: malformed/injected ID is rejected without throwing #0 (1.396724ms)
product	Migrations, HTTPS and real product acceptance	2026-10-05T04:44:34.0636946Z ✔ B0: malformed/injected ID is rejected without throwing #1 (0.225821ms)
product	Migrations, HTTPS and real product acceptance	2026-10-05T04:44:34.0638076Z ✔ B0: malformed/injected ID is rejected without throwing #2 (2.027734ms)
product	Migrations, HTTPS and real product acceptance	2026-10-05T04:44:34.0640104Z ✔ B0: malformed/injected ID is rejected without throwing #3 (0.250547ms)
product	Migrations, HTTPS and real product acceptance	2026-10-05T04:44:34.0642968Z ✔ B0: malformed/injected ID is rejected without throwing #4 (0.206571ms)
product	Migrations, HTTPS and real product acceptance	2026-10-05T04:44:34.0654339Z ✔ B0: malformed/injected ID is rejected without throwing #5 (0.165009ms)
product	Migrations, HTTPS and real product acceptance	2026-10-05T04:44:34.0656595Z ✔ B0: malformed/injected ID is rejected without throwing #6 (0.700486ms)
product	Migrations, HTTPS and real product acceptance	2026-10-05T04:44:34.0658434Z ✔ B0: malformed/injected ID is rejected without throwing #7 (0.210227ms)
product	Migrations, HTTPS and real product acceptance	2026-10-05T04:44:34.0659426Z ✔ B0: malformed/injected ID is rejected without throwing #8 (0.488295ms)
product	Migrations, HTTPS and real product acceptance	2026-10-05T04:44:34.0660834Z ✔ B0: malformed/injected ID is rejected without throwing #9 (0.185159ms)
product	Migrations, HTTPS and real product acceptance	2026-10-05T04:44:34.0661876Z ✔ B0: malformed/injected ID is rejected without throwing #10 (0.143095ms)
product	Migrations, HTTPS and real product acceptance	2026-10-05T04:44:34.0662885Z ✔ B0: malformed/injected ID is rejected without throwing #11 (0.120942ms)
product	Migrations, HTTPS and real product acceptance	2026-10-05T04:44:34.0688880Z ✔ B0: malformed/injected ID is rejected without throwing #12 (0.13954ms)
product	Migrations, HTTPS and real product acceptance	2026-10-05T04:44:34.0690293Z ✔ B0: malformed/injected ID is rejected without throwing #13 (0.143236ms)
product	Migrations, HTTPS and real product acceptance	2026-10-05T04:44:34.0691755Z ✔ B0: malformed/injected ID is rejected without throwing #14 (0.127872ms)
product	Migrations, HTTPS and real product acceptance	2026-10-05T04:44:34.0692709Z ✔ B0: malformed/injected ID is rejected without throwing #15 (0.113341ms)
product	Migrations, HTTPS and real product acceptance	2026-10-05T04:44:34.0693730Z ✔ B0: malformed/injected ID is rejected without throwing #16 (0.111008ms)
product	Migrations, HTTPS and real product acceptance	2026-10-05T04:44:34.0698261Z ✔ B0: malformed/injected ID is rejected without throwing #17 (0.110035ms)
product	Migrations, HTTPS and real product acceptance	2026-10-05T04:44:34.0699542Z ✔ B0: malformed/injected ID is rejected without throwing #18 (0.107823ms)
product	Migrations, HTTPS and real product acceptance	2026-10-05T04:44:34.0701226Z ✔ B0: malformed/injected ID is rejected without throwing #19 (0.109916ms)
product	Migrations, HTTPS and real product acceptance	2026-10-05T04:44:34.0702376Z ✔ B0: malformed/injected ID is rejected without throwing #20 (0.130206ms)
product	Migrations, HTTPS and real product acceptance	2026-10-05T04:44:34.0703474Z ✔ B0: malformed/injected ID is rejected without throwing #21 (0.085288ms)
product	Migrations, HTTPS and real product acceptance	2026-10-05T04:44:34.0704479Z ✔ B0: malformed/injected ID is rejected without throwing #22 (0.099861ms)
product	Migrations, HTTPS and real product acceptance	2026-10-05T04:44:34.0705521Z ✔ B0: malformed/injected ID is rejected without throwing #23 (0.10579ms)
product	Migrations, HTTPS and real product acceptance	2026-10-05T04:44:34.0707029Z ✔ B0: malformed/injected ID is rejected without throwing #24 (0.104808ms)
product	Migrations, HTTPS and real product acceptance	2026-10-05T04:44:34.0708046Z ✔ B0: malformed/injected ID is rejected without throwing #25 (0.097327ms)
product	Migrations, HTTPS and real product acceptance	2026-10-05T04:44:34.0709265Z ✔ B0: same task number in another version cannot satisfy branch/worktree identity (0.317428ms)
product	Migrations, HTTPS and real product acceptance	2026-10-05T04:44:34.0720804Z ✔ B0: V030 retains unsafe-path, incomplete, no-PR and premature-acceptance guards (0.373112ms)
product	Migrations, HTTPS and real product acceptance	2026-10-05T04:44:34.0722419Z ✔ B0: complete matching V030 permits the same acceptance/cleanup decisions as V010 (1.064123ms)
product	Migrations, HTTPS and real product acceptance	2026-10-05T04:44:34.0723592Z ✔ B0: V030 acceptance and cleanup reject offline (0.284007ms)
product	Migrations, HTTPS and real product acceptance	2026-10-05T04:44:34.0724530Z ✔ B0: V030 acceptance and cleanup reject unfinished (0.231308ms)
product	Migrations, HTTPS and real product acceptance	2026-10-05T04:44:34.0725913Z ✔ B0: V030 acceptance and cleanup reject other version (0.255745ms)
product	Migrations, HTTPS and real product acceptance	2026-10-05T04:44:34.0726861Z ✔ B0: V030 acceptance and cleanup reject unmerged (0.224148ms)
product	Migrations, HTTPS and real product acceptance	2026-10-05T04:44:34.0727757Z ✔ B0: V030 acceptance and cleanup reject wrong base (0.257638ms)
product	Migrations, HTTPS and real product acceptance	2026-10-05T04:44:34.0728747Z ✔ B0: V030 acceptance and cleanup reject wrong repository (0.20596ms)
product	Migrations, HTTPS and real product acceptance	2026-10-05T04:44:34.0729756Z ✔ B0: V030 acceptance and cleanup reject wrong version PR (0.190737ms)
product	Migrations, HTTPS and real product acceptance	2026-10-05T04:44:34.0743940Z ✔ B0: V030 cleanup still rejects dirty, changed-tip and unverified squash states (0.386973ms)
product	Migrations, HTTPS and real product acceptance	2026-10-05T04:44:34.0745456Z ✔ B0: task discovery validates V030 documents instead of silently skipping them (63.450415ms)
product	Migrations, HTTPS and real product acceptance	2026-10-05T04:44:34.0746716Z ✔ B0: discovered same-number metadata from another version is rejected (58.722384ms)
product	Migrations, HTTPS and real product acceptance	2026-10-05T04:44:34.0748131Z ✔ B0: malformed and unsupported version-task filenames cannot disappear from discovery (160.279589ms)
product	Migrations, HTTPS and real product acceptance	2026-10-05T04:44:34.0759594Z ✔ B0: real Git diff verifies a valid V030 PR and an unchanged V010 PR rule (189.652452ms)
product	Migrations, HTTPS and real product acceptance	2026-10-05T04:44:34.0760982Z ✔ B0: V030 PR scope rejects an unrelated changed path (103.514448ms)
product	Migrations, HTTPS and real product acceptance	2026-10-05T04:44:34.0761993Z ✔ B0: a V010 PR cannot consume a same-number V030 task document (87.447748ms)
product	Migrations, HTTPS and real product acceptance	2026-10-05T04:44:34.0763277Z ✔ B0: V030 branch syntax remains exact and cannot contain malformed slug or injection (370.529532ms)
product	Migrations, HTTPS and real product acceptance	2026-10-05T04:44:34.0764660Z ✔ B0: V030 CLI passes ID parsing then uses exact remote task path in start dry-run (348.492574ms)
product	Migrations, HTTPS and real product acceptance	2026-10-05T04:44:34.0765699Z ✔ B0: V030 ready task still cannot be restarted (266.493447ms)
product	Migrations, HTTPS and real product acceptance	2026-10-05T04:44:34.0776850Z ✔ B0: malformed/injected CLI IDs stop before any Git/gh execution (721.543947ms)
product	Migrations, HTTPS and real product acceptance	2026-10-05T04:44:34.0778664Z ✔ B0: remote helper recognizes V030 while retaining exact-head conditional deletion (298.398767ms)
product	Migrations, HTTPS and real product acceptance	2026-10-05T04:44:34.0783274Z ✔ B0: remote helper never deletes an unmerged or other-version task (237.607355ms)
product	Migrations, HTTPS and real product acceptance	2026-10-05T04:44:34.0890976Z ✔ maintenance is a nondefault one-shot profile in runtime and installed config (4.520228ms)
product	Migrations, HTTPS and real product acceptance	2026-10-05T04:44:34.0892366Z ✔ hourly cron invokes the same single-run operation as manual maintenance (0.554965ms)
product	Migrations, HTTPS and real product acceptance	2026-10-05T04:44:34.0893593Z ✔ receiver rejects unreviewed profile/command/restart and topology mutations (0.984744ms)
product	Migrations, HTTPS and real product acceptance	2026-10-05T04:44:34.0894737Z ✔ ordinary release cannot silently upgrade the installed resident maintenance topology (0.693304ms)
product	Migrations, HTTPS and real product acceptance	2026-10-05T04:44:34.0895502Z ✔ one-shot orchestration records success without raw output (3.457047ms)
product	Migrations, HTTPS and real product acceptance	2026-10-05T04:44:34.0896120Z ✔ one-shot orchestration records failure without raw output (1.151254ms)
product	Migrations, HTTPS and real product acceptance	2026-10-05T04:44:34.0896771Z ✔ memory probe samples the four resident containers, not the exited task (58.31565ms)
product	Migrations, HTTPS and real product acceptance	2026-10-05T04:44:34.0897979Z ✔ Q18 accepts declared compatible expansion but rejects history rewrite, missing approval and stale releases (2.547698ms)
product	Migrations, HTTPS and real product acceptance	2026-10-05T04:44:34.0899826Z ✔ Q18 deployment only changes approved runtime config and exact images, retaining private volumes and origin (2.750863ms)
product	Migrations, HTTPS and real product acceptance	2026-10-05T04:44:34.0901979Z ✔ approved config cannot include other host compose files, weaken service confinement or join external networks (0.996851ms)
product	Migrations, HTTPS and real product acceptance	2026-10-05T04:44:34.0903405Z ✔ public Nginx rendering preserves API boundary and creates fixed HTTPS redirect (0.564561ms)
product	Migrations, HTTPS and real product acceptance	2026-10-05T04:44:34.0905235Z ✔ promotion validates and backs up before migration and records only a healthy deployment (0.373313ms)
product	Migrations, HTTPS and real product acceptance	2026-10-05T04:44:34.0906932Z ✔ backup failure never migrates; activation or health failure restores prior app/config without Down (0.678723ms)
product	Migrations, HTTPS and real product acceptance	2026-10-05T04:44:34.0908472Z ✔ main delivery runs verification and acceptance before a serialized secret-scoped deployment (0.42434ms)
product	Migrations, HTTPS and real product acceptance	2026-10-05T04:44:34.0909949Z ✔ compatibility registry uses explicit digest records, rejects ambiguous duplicate approvals (0.317418ms)
product	Migrations, HTTPS and real product acceptance	2026-10-05T04:44:34.0911522Z ✔ transport rejects undeclared content, checksum tampering, secret paths, invalid image identities and oversized payloads (2.751464ms)
product	Migrations, HTTPS and real product acceptance	2026-10-05T04:44:34.0912483Z ✔ framed receiver verifies every byte and rejects truncated, appended and corrupt images (9.284154ms)
product	Migrations, HTTPS and real product acceptance	2026-10-05T04:44:34.0913471Z ✔ four kinds are stored by explicit natural day and only safe fields survive (29.154536ms)
product	Migrations, HTTPS and real product acceptance	2026-10-05T04:44:34.0914399Z ✔ retention dry-run selects only approved kinds and inclusive natural-day cutoff (4.559407ms)
product	Migrations, HTTPS and real product acceptance	2026-10-05T04:44:34.0915672Z ✔ symlinked category and destination file cannot escape the log root (2.138811ms)
product	Migrations, HTTPS and real product acceptance	2026-10-05T04:44:34.0916957Z ✔ Q20 actual cleanup removes only days older than the approved inclusive 30-day window (7.72738ms)
product	Migrations, HTTPS and real product acceptance	2026-10-05T04:44:34.0918404Z ✔ Q20 rejects nonapproved destructive parameters and preflights all paths before deleting (2.858936ms)
product	Migrations, HTTPS and real product acceptance	2026-10-05T04:44:34.0920004Z ✔ Q20 installed policy accepts exactly confirmed deletion parameters and schedules bounded daily cleanup (1.995696ms)
product	Migrations, HTTPS and real product acceptance	2026-10-05T04:44:34.0921457Z ✔ Q20 cleanup is daily and shares the collection lock (0.330388ms)
product	Migrations, HTTPS and real product acceptance	2026-10-05T04:44:34.0922499Z ✔ FR06 common rules render local and public explicit environments (2.007364ms)
product	Migrations, HTTPS and real product acceptance	2026-10-05T04:44:34.0923723Z ✔ FR06 explicit parameters reject config injection and invalid HSTS scope (0.553914ms)
product	Migrations, HTTPS and real product acceptance	2026-10-05T04:44:34.0925011Z ✔ certificate task logs fixed outcomes without persisting raw command secrets (1.425617ms)
product	Migrations, HTTPS and real product acceptance	2026-10-05T04:44:34.0926182Z ✔ collector records access stdout and application stderr, advances window, and excludes raw text (19.496708ms)
product	Migrations, HTTPS and real product acceptance	2026-10-05T04:44:34.0927162Z ✔ approved explicit config connects operation records and collector is scheduled without deletion (1.459358ms)
product	Migrations, HTTPS and real product acceptance	2026-10-05T04:44:34.0928032Z ✔ collector and Q20 cleanup are scheduled with the same overlap protection (0.310588ms)
product	Migrations, HTTPS and real product acceptance	2026-10-05T04:44:34.0928831Z ✔ failed docker collection does not advance cursor or publish raw diagnostics (0.799464ms)
product	Migrations, HTTPS and real product acceptance	2026-10-05T04:44:34.0929669Z ✔ unexpected HTTP method cannot stall collection or persist arbitrary method text (1.4015ms)
product	Migrations, HTTPS and real product acceptance	2026-10-05T04:44:34.0930494Z ✔ Q25 cold audit migration precedes hot migration: infra/acceptance/run.mjs (1.335382ms)
product	Migrations, HTTPS and real product acceptance	2026-10-05T04:44:34.0931542Z ✔ Q25 cold audit migration precedes hot migration: infra/runtime/run.mjs (0.23928ms)
product	Migrations, HTTPS and real product acceptance	2026-10-05T04:44:34.0932322Z ✔ Q25 cold audit migration precedes hot migration: .github/workflows/ci.yml (0.189485ms)
product	Migrations, HTTPS and real product acceptance	2026-10-05T04:44:34.0933160Z ✔ Q25 cold audit migration precedes hot migration: infra/server/deploy/receive.mjs (0.182615ms)
product	Migrations, HTTPS and real product acceptance	2026-10-05T04:44:34.0933953Z ✔ acceptance component count derives from the actual Playwright report (0.487174ms)
product	Migrations, HTTPS and real product acceptance	2026-10-05T04:44:34.0934704Z ✔ Q25 personnel API regression is included in the real HTTPS entrypoint (1.390594ms)
product	Migrations, HTTPS and real product acceptance	2026-10-05T04:44:34.0935480Z ✔ Q25 pinned role upgrade is executed with real PostgreSQL by the product workflow (0.229626ms)
product	Migrations, HTTPS and real product acceptance	2026-10-05T04:44:34.0936274Z ✔ Q25 compatibility manifest records each new reviewed immutable migration (1.013977ms)
product	Migrations, HTTPS and real product acceptance	2026-10-05T04:44:34.0936981Z ✔ GOV-01..04: valid repository passes without mutation (8.524771ms)
product	Migrations, HTTPS and real product acceptance	2026-10-05T04:44:34.0937538Z ✔ GOV-01: missing file fails with its path (5.274175ms)
product	Migrations, HTTPS and real product acceptance	2026-10-05T04:44:34.0938097Z ✔ GOV-01: whitespace-only required file is not valid (5.042826ms)
product	Migrations, HTTPS and real product acceptance	2026-10-05T04:44:34.0938663Z ✔ GOV-02: deleting each hard-rule marker fails (8.627726ms)
product	Migrations, HTTPS and real product acceptance	2026-10-05T04:44:34.0939209Z ✔ GOV-03: malformed JSON is reported, not thrown (4.104052ms)
product	Migrations, HTTPS and real product acceptance	2026-10-05T04:44:34.0940008Z ✔ GOV-03: incorrect version and project fail (5.134043ms)
product	Migrations, HTTPS and real product acceptance	2026-10-05T04:44:34.0940512Z ✔ GOV-03: impossible calendar date fails (3.949289ms)
product	Migrations, HTTPS and real product acceptance	2026-10-05T04:44:34.0941295Z ✔ GOV-03: empty sources and non-object registry fail (5.064624ms)
product	Migrations, HTTPS and real product acceptance	2026-10-05T04:44:34.0941779Z ✔ GOV-03: duplicate keys and page IDs fail (6.558549ms)
product	Migrations, HTTPS and real product acceptance	2026-10-05T04:44:34.0942272Z ✔ GOV-03: external or mismatched source URLs fail (5.786766ms)
product	Migrations, HTTPS and real product acceptance	2026-10-05T04:44:34.0942800Z ✔ GOV-03: missing metadata and malformed page ID fail (5.905696ms)
product	Migrations, HTTPS and real product acceptance	2026-10-05T04:44:34.0943391Z ✔ GOV-03: unknown, duplicate and empty route references fail (7.144581ms)
product	Migrations, HTTPS and real product acceptance	2026-10-05T04:44:34.0944363Z ✔ GOV-03: mandatory routes and always/product anchors cannot disappear (4.863376ms)
product	Migrations, HTTPS and real product acceptance	2026-10-05T04:44:34.0945492Z ✔ GOV-04: nested instruction override fails (4.292076ms)
product	Migrations, HTTPS and real product acceptance	2026-10-05T04:44:34.0946358Z ✔ GOV-04: generated/dependency directories are ignored (3.808897ms)
product	Migrations, HTTPS and real product acceptance	2026-10-05T04:44:34.0946873Z ✔ GOV-01: nonexistent root reports errors (0.450499ms)
product	Migrations, HTTPS and real product acceptance	2026-10-05T04:44:34.0947324Z ✔ CLI: valid repository exits zero (41.366581ms)
product	Migrations, HTTPS and real product acceptance	2026-10-05T04:44:34.0947838Z ✔ CLI: invalid repository exits one and explains failure (46.645902ms)
product	Migrations, HTTPS and real product acceptance	2026-10-05T04:44:34.0948537Z ✔ public HTTPS exposes only edge ports and preserves private data, images and input (2.721259ms)
product	Migrations, HTTPS and real product acceptance	2026-10-05T04:44:34.0949283Z ✔ public access rejects untrusted TLS while default deployment stays private (0.732173ms)
product	Migrations, HTTPS and real product acceptance	2026-10-05T04:44:34.0949993Z ✔ HTTP redirects all paths to the fixed HTTPS origin without trusting Host (0.396077ms)
product	Migrations, HTTPS and real product acceptance	2026-10-05T04:44:34.0951014Z ✔ public TLS preserves same-origin API, non-cacheable auth and trusted proxy boundary (0.375576ms)
product	Migrations, HTTPS and real product acceptance	2026-10-05T04:44:34.0951850Z ✔ existing loopback health and DNS-01 renewal still work independently of public DNS (0.745342ms)
product	Migrations, HTTPS and real product acceptance	2026-10-05T04:44:34.0952509Z ✔ API actual TAP report counts every passed case (1.788854ms)
product	Migrations, HTTPS and real product acceptance	2026-10-05T04:44:34.0953191Z ✔ API failed, skipped, truncated and contradictory reports cannot publish success (0.530119ms)
product	Migrations, HTTPS and real product acceptance	2026-10-05T04:44:34.0953895Z ✔ browser counts come from the successful complete JSON report (1.235902ms)
product	Migrations, HTTPS and real product acceptance	2026-10-05T04:44:34.0954589Z ✔ browser failure, flakiness, skips and empty reports cannot publish success (0.362586ms)
product	Migrations, HTTPS and real product acceptance	2026-10-05T04:44:34.0955341Z ✔ real API/browser reports drive the published counts: infra/acceptance/run.mjs (0.587865ms)
product	Migrations, HTTPS and real product acceptance	2026-10-05T04:44:34.0956063Z ✔ real API/browser reports drive the published counts: infra/runtime/run.mjs (0.239981ms)
product	Migrations, HTTPS and real product acceptance	2026-10-05T04:44:34.0956897Z ✔ ACME runner fixes operations, passes credentials only in environment and reports sanitized failure (3.331829ms)
product	Migrations, HTTPS and real product acceptance	2026-10-05T04:44:34.0957853Z ✔ certificate activation verifies system trust before file replacement and validates Nginx before reload (211.789294ms)
product	Migrations, HTTPS and real product acceptance	2026-10-05T04:44:34.0958799Z ✔ domain health verifies hostname with default trust while reaching only the SSH loopback endpoint (0.804812ms)
product	Migrations, HTTPS and real product acceptance	2026-10-05T04:44:34.0959611Z ✔ domain health fixes IPv4 so Node never requests an all-address lookup result (0.300683ms)
product	Migrations, HTTPS and real product acceptance	2026-10-05T04:44:34.0960339Z ▶ provided CSV is data only and maps exactly one credential pair without executing fields
product	Migrations, HTTPS and real product acceptance	2026-10-05T04:44:34.0961150Z   ✔ BOM, quoted headers and CRLF are supported (0.550168ms)
product	Migrations, HTTPS and real product acceptance	2026-10-05T04:44:34.0961645Z   ✔ missing, multiple and non-data values fail closed (0.416057ms)
product	Migrations, HTTPS and real product acceptance	2026-10-05T04:44:34.0962219Z   ✔ dotenv admits only the required names and never evaluates shell (0.443948ms)
product	Migrations, HTTPS and real product acceptance	2026-10-05T04:44:34.0963014Z ✔ provided CSV is data only and maps exactly one credential pair without executing fields (2.369459ms)
product	Migrations, HTTPS and real product acceptance	2026-10-05T04:44:34.0963779Z ▶ Q16 public-trust domain config keeps the SSH listener and schedules automatic renewal
product	Migrations, HTTPS and real product acceptance	2026-10-05T04:44:34.0964343Z   ✔ domain origin with loopback only (0.306302ms)
product	Migrations, HTTPS and real product acceptance	2026-10-05T04:44:34.0964792Z   ✔ renew twice daily without self-signed trust (0.460644ms)
product	Migrations, HTTPS and real product acceptance	2026-10-05T04:44:34.0965481Z ✔ Q16 public-trust domain config keeps the SSH listener and schedules automatic renewal (1.79247ms)
product	Migrations, HTTPS and real product acceptance	2026-10-05T04:44:34.0966309Z ▶ Q16 validates the actual certificate host, private key and remaining lifetime before replacement
product	Migrations, HTTPS and real product acceptance	2026-10-05T04:44:34.0967158Z   ✔ matching actual identity and key are accepted (1.079967ms)
product	Migrations, HTTPS and real product acceptance	2026-10-05T04:44:34.0967611Z   ✔ unrelated certificate is rejected (0.393693ms)
product	Migrations, HTTPS and real product acceptance	2026-10-05T04:44:34.0968020Z   ✔ mismatched private key is rejected (0.838713ms)
product	Migrations, HTTPS and real product acceptance	2026-10-05T04:44:34.0968419Z   ✔ expired certificate is rejected (0.390278ms)
product	Migrations, HTTPS and real product acceptance	2026-10-05T04:44:34.0969129Z ✔ Q16 validates the actual certificate host, private key and remaining lifetime before replacement (470.284398ms)
product	Migrations, HTTPS and real product acceptance	2026-10-05T04:44:34.0970208Z ✔ Q16 a failed Nginx validation restores both previous files and reloads the previous certificate (3.190566ms)
product	Migrations, HTTPS and real product acceptance	2026-10-05T04:44:34.0971797Z ✔ Q16 explicitly uses Let's Encrypt DNSPod DNS-01 for the confirmed domain and no public listener (0.355675ms)
product	Migrations, HTTPS and real product acceptance	2026-10-05T04:44:34.0973250Z ✔ Q15 server exposes only loopback HTTPS and preserves internal data network (0.33201ms)
product	Migrations, HTTPS and real product acceptance	2026-10-05T04:44:34.0974142Z ✔ private Bootstrap credentials preserve the accepted seed JSON password field and exclude test fixtures (0.328916ms)
product	Migrations, HTTPS and real product acceptance	2026-10-05T04:44:34.0975114Z ✔ operational schedules retain TLS verification, prevent overlap, and invoke only runtime tools (0.354473ms)
product	Migrations, HTTPS and real product acceptance	2026-10-05T04:44:34.0976019Z ✔ server maintenance addresses only the authorized deployment and does not run test/build commands (0.588967ms)
product	Migrations, HTTPS and real product acceptance	2026-10-05T04:44:34.0976867Z ✔ finished services restart automatically and have finite resource and log budgets (0.308325ms)
product	Migrations, HTTPS and real product acceptance	2026-10-05T04:44:34.0977637Z ✔ deployment refuses every existing directory, including apparently empty ones (0.792594ms)
product	Migrations, HTTPS and real product acceptance	2026-10-05T04:44:34.0978104Z ℹ tests 294
product	Migrations, HTTPS and real product acceptance	2026-10-05T04:44:34.0978322Z ℹ suites 0
product	Migrations, HTTPS and real product acceptance	2026-10-05T04:44:34.0978533Z ℹ pass 294
product	Migrations, HTTPS and real product acceptance	2026-10-05T04:44:34.0978741Z ℹ fail 0
product	Migrations, HTTPS and real product acceptance	2026-10-05T04:44:34.0978954Z ℹ cancelled 0
product	Migrations, HTTPS and real product acceptance	2026-10-05T04:44:34.0979193Z ℹ skipped 0
product	Migrations, HTTPS and real product acceptance	2026-10-05T04:44:34.0979408Z ℹ todo 0
product	Migrations, HTTPS and real product acceptance	2026-10-05T04:44:34.0979652Z ℹ duration_ms 3664.748291
product	Migrations, HTTPS and real product acceptance	2026-10-05T04:44:34.6321158Z No configurations were provided -- using built in recommended configuration by default.
product	Migrations, HTTPS and real product acceptance	2026-10-05T04:44:34.6321917Z 
product	Migrations, HTTPS and real product acceptance	2026-10-05T04:44:34.6322230Z validating contracts/openapi/openapi.json...
product	Migrations, HTTPS and real product acceptance	2026-10-05T04:44:34.8496407Z [1] contracts/openapi/openapi.json:3:3 at #/info
product	Migrations, HTTPS and real product acceptance	2026-10-05T04:44:34.8496882Z 
product	Migrations, HTTPS and real product acceptance	2026-10-05T04:44:34.8497123Z Info object should contain `license` field.
product	Migrations, HTTPS and real product acceptance	2026-10-05T04:44:34.8497352Z 
product	Migrations, HTTPS and real product acceptance	2026-10-05T04:44:34.8497435Z 1 | {
product	Migrations, HTTPS and real product acceptance	2026-10-05T04:44:34.8497666Z 2 |   "openapi": "3.2.1",
product	Migrations, HTTPS and real product acceptance	2026-10-05T04:44:34.8497920Z 3 |   "info": {
product	Migrations, HTTPS and real product acceptance	2026-10-05T04:44:34.8498129Z   |   ^^^^^^
product	Migrations, HTTPS and real product acceptance	2026-10-05T04:44:34.8498467Z 4 |     "title": "WeaveOS Authentication and Personnel API",
product	Migrations, HTTPS and real product acceptance	2026-10-05T04:44:34.8498833Z 5 |     "version": "1.0.0",
product	Migrations, HTTPS and real product acceptance	2026-10-05T04:44:34.8498988Z 
product	Migrations, HTTPS and real product acceptance	2026-10-05T04:44:34.8499159Z Warning was generated by the info-license rule.
product	Migrations, HTTPS and real product acceptance	2026-10-05T04:44:34.8499423Z 
product	Migrations, HTTPS and real product acceptance	2026-10-05T04:44:34.8499677Z Reference: https://redocly.com/docs/cli/rules/oas/info-license
product	Migrations, HTTPS and real product acceptance	2026-10-05T04:44:34.8499937Z 
product	Migrations, HTTPS and real product acceptance	2026-10-05T04:44:34.8499943Z 
product	Migrations, HTTPS and real product acceptance	2026-10-05T04:44:34.8516454Z [2] contracts/openapi/openapi.json:884:25 at #/paths/~1api~1v1~1personnel~1members~1{memberId}~1groups/post/requestBody/content/application~1json/schema/allOf/0/then/required/0
product	Migrations, HTTPS and real product acceptance	2026-10-05T04:44:34.8517674Z 
product	Migrations, HTTPS and real product acceptance	2026-10-05T04:44:34.8518051Z Required property 'sourceDepartmentId' is not defined.
product	Migrations, HTTPS and real product acceptance	2026-10-05T04:44:34.8518460Z 
product	Migrations, HTTPS and real product acceptance	2026-10-05T04:44:34.8518603Z 882 | "then": {
product	Migrations, HTTPS and real product acceptance	2026-10-05T04:44:34.8518956Z 883 |   "required": [
product	Migrations, HTTPS and real product acceptance	2026-10-05T04:44:34.8519387Z 884 |     "sourceDepartmentId"
product	Migrations, HTTPS and real product acceptance	2026-10-05T04:44:34.8519818Z     |     ^^^^^^^^^^^^^^^^^^^^
product	Migrations, HTTPS and real product acceptance	2026-10-05T04:44:34.8520187Z 885 |   ]
product	Migrations, HTTPS and real product acceptance	2026-10-05T04:44:34.8520478Z 886 | }
product	Migrations, HTTPS and real product acceptance	2026-10-05T04:44:34.8520888Z 
product	Migrations, HTTPS and real product acceptance	2026-10-05T04:44:34.8521416Z Warning was generated by the no-required-schema-properties-undefined rule.
product	Migrations, HTTPS and real product acceptance	2026-10-05T04:44:34.8521972Z 
product	Migrations, HTTPS and real product acceptance	2026-10-05T04:44:34.8522647Z Reference: https://redocly.com/docs/cli/rules/common/no-required-schema-properties-undefined
product	Migrations, HTTPS and real product acceptance	2026-10-05T04:44:34.8523331Z 
product	Migrations, HTTPS and real product acceptance	2026-10-05T04:44:34.8523341Z 
product	Migrations, HTTPS and real product acceptance	2026-10-05T04:44:34.8545835Z [3] contracts/openapi/openapi.json:10914:17 at #/components/schemas/MemberGroupsInput/allOf/0/then/required/0
product	Migrations, HTTPS and real product acceptance	2026-10-05T04:44:34.8546880Z 
product	Migrations, HTTPS and real product acceptance	2026-10-05T04:44:34.8547250Z Required property 'sourceDepartmentId' is not defined.
product	Migrations, HTTPS and real product acceptance	2026-10-05T04:44:34.8547656Z 
product	Migrations, HTTPS and real product acceptance	2026-10-05T04:44:34.8547816Z 10912 | "then": {
product	Migrations, HTTPS and real product acceptance	2026-10-05T04:44:34.8548171Z 10913 |   "required": [
product	Migrations, HTTPS and real product acceptance	2026-10-05T04:44:34.8548743Z 10914 |     "sourceDepartmentId"
product	Migrations, HTTPS and real product acceptance	2026-10-05T04:44:34.8549255Z       |     ^^^^^^^^^^^^^^^^^^^^
product	Migrations, HTTPS and real product acceptance	2026-10-05T04:44:34.8549687Z 10915 |   ]
product	Migrations, HTTPS and real product acceptance	2026-10-05T04:44:34.8550056Z 10916 | }
product	Migrations, HTTPS and real product acceptance	2026-10-05T04:44:34.8550253Z 
product	Migrations, HTTPS and real product acceptance	2026-10-05T04:44:34.8550981Z Warning was generated by the no-required-schema-properties-undefined rule.
product	Migrations, HTTPS and real product acceptance	2026-10-05T04:44:34.8551536Z 
product	Migrations, HTTPS and real product acceptance	2026-10-05T04:44:34.8552220Z Reference: https://redocly.com/docs/cli/rules/common/no-required-schema-properties-undefined
product	Migrations, HTTPS and real product acceptance	2026-10-05T04:44:34.8553105Z 
product	Migrations, HTTPS and real product acceptance	2026-10-05T04:44:34.8553116Z 
product	Migrations, HTTPS and real product acceptance	2026-10-05T04:44:34.8567511Z [4] contracts/openapi/openapi.json:10681:7 at #/components/schemas/PersonnelIdentityInput
product	Migrations, HTTPS and real product acceptance	2026-10-05T04:44:34.8567937Z 
product	Migrations, HTTPS and real product acceptance	2026-10-05T04:44:34.8568164Z Component: "PersonnelIdentityInput" is never used.
product	Migrations, HTTPS and real product acceptance	2026-10-05T04:44:34.8568438Z 
product	Migrations, HTTPS and real product acceptance	2026-10-05T04:44:34.8568529Z 10679 |   ]
product	Migrations, HTTPS and real product acceptance	2026-10-05T04:44:34.8568734Z 10680 | },
product	Migrations, HTTPS and real product acceptance	2026-10-05T04:44:34.8569008Z 10681 | "PersonnelIdentityInput": {
product	Migrations, HTTPS and real product acceptance	2026-10-05T04:44:34.8569309Z       | ^^^^^^^^^^^^^^^^^^^^^^^^
product	Migrations, HTTPS and real product acceptance	2026-10-05T04:44:34.8569570Z 10682 |   "type": "object",
product	Migrations, HTTPS and real product acceptance	2026-10-05T04:44:34.8569870Z 10683 |   "additionalProperties": false,
product	Migrations, HTTPS and real product acceptance	2026-10-05T04:44:34.8570060Z 
product	Migrations, HTTPS and real product acceptance	2026-10-05T04:44:34.8570267Z Warning was generated by the no-unused-components rule.
product	Migrations, HTTPS and real product acceptance	2026-10-05T04:44:34.8570504Z 
product	Migrations, HTTPS and real product acceptance	2026-10-05T04:44:34.8571005Z Reference: https://redocly.com/docs/cli/rules/oas/no-unused-components
product	Migrations, HTTPS and real product acceptance	2026-10-05T04:44:34.8571300Z 
product	Migrations, HTTPS and real product acceptance	2026-10-05T04:44:34.8571306Z 
product	Migrations, HTTPS and real product acceptance	2026-10-05T04:44:34.8592364Z [5] contracts/openapi/openapi.json:10727:7 at #/components/schemas/PersonnelIdentityCreateInput
product	Migrations, HTTPS and real product acceptance	2026-10-05T04:44:34.8592796Z 
product	Migrations, HTTPS and real product acceptance	2026-10-05T04:44:34.8593033Z Component: "PersonnelIdentityCreateInput" is never used.
product	Migrations, HTTPS and real product acceptance	2026-10-05T04:44:34.8593298Z 
product	Migrations, HTTPS and real product acceptance	2026-10-05T04:44:34.8593381Z 10725 |   ]
product	Migrations, HTTPS and real product acceptance	2026-10-05T04:44:34.8593589Z 10726 | },
product	Migrations, HTTPS and real product acceptance	2026-10-05T04:44:34.8593854Z 10727 | "PersonnelIdentityCreateInput": {
product	Migrations, HTTPS and real product acceptance	2026-10-05T04:44:34.8594166Z       | ^^^^^^^^^^^^^^^^^^^^^^^^^^^^^^
product	Migrations, HTTPS and real product acceptance	2026-10-05T04:44:34.8594439Z 10728 |   "type": "object",
product	Migrations, HTTPS and real product acceptance	2026-10-05T04:44:34.8594737Z 10729 |   "additionalProperties": false,
product	Migrations, HTTPS and real product acceptance	2026-10-05T04:44:34.8594927Z 
product	Migrations, HTTPS and real product acceptance	2026-10-05T04:44:34.8595130Z Warning was generated by the no-unused-components rule.
product	Migrations, HTTPS and real product acceptance	2026-10-05T04:44:34.8595372Z 
product	Migrations, HTTPS and real product acceptance	2026-10-05T04:44:34.8595658Z Reference: https://redocly.com/docs/cli/rules/oas/no-unused-components
product	Migrations, HTTPS and real product acceptance	2026-10-05T04:44:34.8595943Z 
product	Migrations, HTTPS and real product acceptance	2026-10-05T04:44:34.8595949Z 
product	Migrations, HTTPS and real product acceptance	2026-10-05T04:44:34.8626012Z [6] contracts/openapi/openapi.json:10767:7 at #/components/schemas/PersonnelTemplateInput
product	Migrations, HTTPS and real product acceptance	2026-10-05T04:44:34.8626544Z 
product	Migrations, HTTPS and real product acceptance	2026-10-05T04:44:34.8626880Z Component: "PersonnelTemplateInput" is never used.
product	Migrations, HTTPS and real product acceptance	2026-10-05T04:44:34.8627213Z 
product	Migrations, HTTPS and real product acceptance	2026-10-05T04:44:34.8627380Z 10765 |   ]
product	Migrations, HTTPS and real product acceptance	2026-10-05T04:44:34.8627654Z 10766 | },
product	Migrations, HTTPS and real product acceptance	2026-10-05T04:44:34.8627990Z 10767 | "PersonnelTemplateInput": {
product	Migrations, HTTPS and real product acceptance	2026-10-05T04:44:34.8628365Z       | ^^^^^^^^^^^^^^^^^^^^^^^^
product	Migrations, HTTPS and real product acceptance	2026-10-05T04:44:34.8628715Z 10768 |   "type": "object",
product	Migrations, HTTPS and real product acceptance	2026-10-05T04:44:34.8629102Z 10769 |   "additionalProperties": false,
product	Migrations, HTTPS and real product acceptance	2026-10-05T04:44:34.8629372Z 
product	Migrations, HTTPS and real product acceptance	2026-10-05T04:44:34.8629664Z Warning was generated by the no-unused-components rule.
product	Migrations, HTTPS and real product acceptance	2026-10-05T04:44:34.8630000Z 
product	Migrations, HTTPS and real product acceptance	2026-10-05T04:44:34.8630359Z Reference: https://redocly.com/docs/cli/rules/oas/no-unused-components
product	Migrations, HTTPS and real product acceptance	2026-10-05T04:44:34.8630927Z 
product	Migrations, HTTPS and real product acceptance	2026-10-05T04:44:34.8630935Z 
product	Migrations, HTTPS and real product acceptance	2026-10-05T04:44:34.8641107Z [7] contracts/openapi/openapi.json:10804:7 at #/components/schemas/PersonnelTemplateCreateInput
product	Migrations, HTTPS and real product acceptance	2026-10-05T04:44:34.8641525Z 
product	Migrations, HTTPS and real product acceptance	2026-10-05T04:44:34.8641775Z Component: "PersonnelTemplateCreateInput" is never used.
product	Migrations, HTTPS and real product acceptance	2026-10-05T04:44:34.8642027Z 
product	Migrations, HTTPS and real product acceptance	2026-10-05T04:44:34.8642117Z 10802 |   ]
product	Migrations, HTTPS and real product acceptance	2026-10-05T04:44:34.8642315Z 10803 | },
product	Migrations, HTTPS and real product acceptance	2026-10-05T04:44:34.8642578Z 10804 | "PersonnelTemplateCreateInput": {
product	Migrations, HTTPS and real product acceptance	2026-10-05T04:44:34.8642894Z       | ^^^^^^^^^^^^^^^^^^^^^^^^^^^^^^
product	Migrations, HTTPS and real product acceptance	2026-10-05T04:44:34.8643174Z 10805 |   "type": "object",
product	Migrations, HTTPS and real product acceptance	2026-10-05T04:44:34.8643718Z 10806 |   "additionalProperties": false,
product	Migrations, HTTPS and real product acceptance	2026-10-05T04:44:34.8643899Z 
product	Migrations, HTTPS and real product acceptance	2026-10-05T04:44:34.8644110Z Warning was generated by the no-unused-components rule.
product	Migrations, HTTPS and real product acceptance	2026-10-05T04:44:34.8644340Z 
product	Migrations, HTTPS and real product acceptance	2026-10-05T04:44:34.8644613Z Reference: https://redocly.com/docs/cli/rules/oas/no-unused-components
product	Migrations, HTTPS and real product acceptance	2026-10-05T04:44:34.8644903Z 
product	Migrations, HTTPS and real product acceptance	2026-10-05T04:44:34.8644908Z 
product	Migrations, HTTPS and real product acceptance	2026-10-05T04:44:34.8655933Z [8] contracts/openapi/openapi.json:10835:7 at #/components/schemas/MemberIdentitiesInput
product	Migrations, HTTPS and real product acceptance	2026-10-05T04:44:34.8656697Z 
product	Migrations, HTTPS and real product acceptance	2026-10-05T04:44:34.8657035Z Component: "MemberIdentitiesInput" is never used.
product	Migrations, HTTPS and real product acceptance	2026-10-05T04:44:34.8657275Z 
product	Migrations, HTTPS and real product acceptance	2026-10-05T04:44:34.8657418Z 10833 |   ]
product	Migrations, HTTPS and real product acceptance	2026-10-05T04:44:34.8657624Z 10834 | },
product	Migrations, HTTPS and real product acceptance	2026-10-05T04:44:34.8657890Z 10835 | "MemberIdentitiesInput": {
product	Migrations, HTTPS and real product acceptance	2026-10-05T04:44:34.8658446Z       | ^^^^^^^^^^^^^^^^^^^^^^^
product	Migrations, HTTPS and real product acceptance	2026-10-05T04:44:34.8658718Z 10836 |   "type": "object",
product	Migrations, HTTPS and real product acceptance	2026-10-05T04:44:34.8659073Z 10837 |   "additionalProperties": false,
product	Migrations, HTTPS and real product acceptance	2026-10-05T04:44:34.8659295Z 
product	Migrations, HTTPS and real product acceptance	2026-10-05T04:44:34.8659583Z Warning was generated by the no-unused-components rule.
product	Migrations, HTTPS and real product acceptance	2026-10-05T04:44:34.8659874Z 
product	Migrations, HTTPS and real product acceptance	2026-10-05T04:44:34.8660267Z Reference: https://redocly.com/docs/cli/rules/oas/no-unused-components
product	Migrations, HTTPS and real product acceptance	2026-10-05T04:44:34.8660818Z 
product	Migrations, HTTPS and real product acceptance	2026-10-05T04:44:34.8660904Z 
product	Migrations, HTTPS and real product acceptance	2026-10-05T04:44:34.8673690Z [9] contracts/openapi/openapi.json:10865:7 at #/components/schemas/MemberGroupsInput
product	Migrations, HTTPS and real product acceptance	2026-10-05T04:44:34.8674152Z 
product	Migrations, HTTPS and real product acceptance	2026-10-05T04:44:34.8674465Z Component: "MemberGroupsInput" is never used.
product	Migrations, HTTPS and real product acceptance	2026-10-05T04:44:34.8674683Z 
product	Migrations, HTTPS and real product acceptance	2026-10-05T04:44:34.8674826Z 10863 |   ]
product	Migrations, HTTPS and real product acceptance	2026-10-05T04:44:34.8675023Z 10864 | },
product	Migrations, HTTPS and real product acceptance	2026-10-05T04:44:34.8675271Z 10865 | "MemberGroupsInput": {
product	Migrations, HTTPS and real product acceptance	2026-10-05T04:44:34.8675571Z       | ^^^^^^^^^^^^^^^^^^^
product	Migrations, HTTPS and real product acceptance	2026-10-05T04:44:34.8675832Z 10866 |   "type": "object",
product	Migrations, HTTPS and real product acceptance	2026-10-05T04:44:34.8676170Z 10867 |   "additionalProperties": false,
product	Migrations, HTTPS and real product acceptance	2026-10-05T04:44:34.8676421Z 
product	Migrations, HTTPS and real product acceptance	2026-10-05T04:44:34.8676722Z Warning was generated by the no-unused-components rule.
product	Migrations, HTTPS and real product acceptance	2026-10-05T04:44:34.8676962Z 
product	Migrations, HTTPS and real product acceptance	2026-10-05T04:44:34.8677286Z Reference: https://redocly.com/docs/cli/rules/oas/no-unused-components
product	Migrations, HTTPS and real product acceptance	2026-10-05T04:44:34.8677644Z 
product	Migrations, HTTPS and real product acceptance	2026-10-05T04:44:34.8677766Z 
product	Migrations, HTTPS and real product acceptance	2026-10-05T04:44:34.8689862Z [10] contracts/openapi/openapi.json:10920:7 at #/components/schemas/DepartmentCreateInput
product	Migrations, HTTPS and real product acceptance	2026-10-05T04:44:34.8690386Z 
product	Migrations, HTTPS and real product acceptance	2026-10-05T04:44:34.8690748Z Component: "DepartmentCreateInput" is never used.
product	Migrations, HTTPS and real product acceptance	2026-10-05T04:44:34.8691007Z 
product	Migrations, HTTPS and real product acceptance	2026-10-05T04:44:34.8691090Z 10918 |   ]
product	Migrations, HTTPS and real product acceptance	2026-10-05T04:44:34.8691282Z 10919 | },
product	Migrations, HTTPS and real product acceptance	2026-10-05T04:44:34.8691541Z 10920 | "DepartmentCreateInput": {
product	Migrations, HTTPS and real product acceptance	2026-10-05T04:44:34.8691822Z       | ^^^^^^^^^^^^^^^^^^^^^^^
product	Migrations, HTTPS and real product acceptance	2026-10-05T04:44:34.8692087Z 10921 |   "type": "object",
product	Migrations, HTTPS and real product acceptance	2026-10-05T04:44:34.8692407Z 10922 |   "additionalProperties": false,
product	Migrations, HTTPS and real product acceptance	2026-10-05T04:44:34.8692608Z 
product	Migrations, HTTPS and real product acceptance	2026-10-05T04:44:34.8692819Z Warning was generated by the no-unused-components rule.
product	Migrations, HTTPS and real product acceptance	2026-10-05T04:44:34.8693068Z 
product	Migrations, HTTPS and real product acceptance	2026-10-05T04:44:34.8693441Z Reference: https://redocly.com/docs/cli/rules/oas/no-unused-components
product	Migrations, HTTPS and real product acceptance	2026-10-05T04:44:34.8693777Z 
product	Migrations, HTTPS and real product acceptance	2026-10-05T04:44:34.8693885Z 
product	Migrations, HTTPS and real product acceptance	2026-10-05T04:44:34.8705204Z [11] contracts/openapi/openapi.json:10947:7 at #/components/schemas/DepartmentUpdateInput
product	Migrations, HTTPS and real product acceptance	2026-10-05T04:44:34.8705643Z 
product	Migrations, HTTPS and real product acceptance	2026-10-05T04:44:34.8705841Z Component: "DepartmentUpdateInput" is never used.
product	Migrations, HTTPS and real product acceptance	2026-10-05T04:44:34.8706064Z 
product	Migrations, HTTPS and real product acceptance	2026-10-05T04:44:34.8706149Z 10945 |   ]
product	Migrations, HTTPS and real product acceptance	2026-10-05T04:44:34.8706335Z 10946 | },
product	Migrations, HTTPS and real product acceptance	2026-10-05T04:44:34.8706585Z 10947 | "DepartmentUpdateInput": {
product	Migrations, HTTPS and real product acceptance	2026-10-05T04:44:34.8706870Z       | ^^^^^^^^^^^^^^^^^^^^^^^
product	Migrations, HTTPS and real product acceptance	2026-10-05T04:44:34.8707129Z 10948 |   "type": "object",
product	Migrations, HTTPS and real product acceptance	2026-10-05T04:44:34.8707423Z 10949 |   "additionalProperties": false,
product	Migrations, HTTPS and real product acceptance	2026-10-05T04:44:34.8707613Z 
product	Migrations, HTTPS and real product acceptance	2026-10-05T04:44:34.8729693Z Warning was generated by the no-unused-components rule.
product	Migrations, HTTPS and real product acceptance	2026-10-05T04:44:34.8730194Z 
product	Migrations, HTTPS and real product acceptance	2026-10-05T04:44:34.8730840Z Reference: https://redocly.com/docs/cli/rules/oas/no-unused-components
product	Migrations, HTTPS and real product acceptance	2026-10-05T04:44:34.8731274Z 
product	Migrations, HTTPS and real product acceptance	2026-10-05T04:44:34.8731282Z 
product	Migrations, HTTPS and real product acceptance	2026-10-05T04:44:34.8731661Z [12] contracts/openapi/openapi.json:19310:7 at #/components/responses/PersonnelConflict
product	Migrations, HTTPS and real product acceptance	2026-10-05T04:44:34.8732096Z 
product	Migrations, HTTPS and real product acceptance	2026-10-05T04:44:34.8732479Z Component: "PersonnelConflict" is never used.
product	Migrations, HTTPS and real product acceptance	2026-10-05T04:44:34.8732698Z 
product	Migrations, HTTPS and real product acceptance	2026-10-05T04:44:34.8732784Z 19308 |   }
product	Migrations, HTTPS and real product acceptance	2026-10-05T04:44:34.8732973Z 19309 | },
product	Migrations, HTTPS and real product acceptance	2026-10-05T04:44:34.8733214Z 19310 | "PersonnelConflict": {
product	Migrations, HTTPS and real product acceptance	2026-10-05T04:44:34.8733469Z       | ^^^^^^^^^^^^^^^^^^^
product	Migrations, HTTPS and real product acceptance	2026-10-05T04:44:34.8734193Z 19311 |   "description": "Stale configuration version, referenced/protected deletion, or serialization/deadlock conflict. PERSONNEL_CONFLICT.",
product	Migrations, HTTPS and real product acceptance	2026-10-05T04:44:34.8734816Z 19312 |   "headers": {
product	Migrations, HTTPS and real product acceptance	2026-10-05T04:44:34.8734956Z 
product	Migrations, HTTPS and real product acceptance	2026-10-05T04:44:34.8735162Z Warning was generated by the no-unused-components rule.
product	Migrations, HTTPS and real product acceptance	2026-10-05T04:44:34.8735385Z 
product	Migrations, HTTPS and real product acceptance	2026-10-05T04:44:34.8735664Z Reference: https://redocly.com/docs/cli/rules/oas/no-unused-components
product	Migrations, HTTPS and real product acceptance	2026-10-05T04:44:34.8736101Z 
product	Migrations, HTTPS and real product acceptance	2026-10-05T04:44:34.8736634Z contracts/openapi/openapi.json: validated in 242ms
product	Migrations, HTTPS and real product acceptance	2026-10-05T04:44:34.8736929Z 
product	Migrations, HTTPS and real product acceptance	2026-10-05T04:44:34.8737017Z 
product	Migrations, HTTPS and real product acceptance	2026-10-05T04:44:34.8742685Z Woohoo! Your API description is valid. 🎉
product	Migrations, HTTPS and real product acceptance	2026-10-05T04:44:34.8750900Z You have 12 warnings.
product	Migrations, HTTPS and real product acceptance	2026-10-05T04:44:34.8751073Z 
product	Migrations, HTTPS and real product acceptance	2026-10-05T04:44:35.5986301Z 
product	Migrations, HTTPS and real product acceptance	2026-10-05T04:44:35.5986933Z > weaveos@0.1.0 typecheck /repo
product	Migrations, HTTPS and real product acceptance	2026-10-05T04:44:35.5987489Z > pnpm --filter @weaveos/web typecheck && tsc -p tsconfig.tests.json
product	Migrations, HTTPS and real product acceptance	2026-10-05T04:44:35.5987811Z 
product	Migrations, HTTPS and real product acceptance	2026-10-05T04:44:35.8831675Z 
product	Migrations, HTTPS and real product acceptance	2026-10-05T04:44:35.8832296Z > @weaveos/web@0.1.0 typecheck /repo/apps/web
product	Migrations, HTTPS and real product acceptance	2026-10-05T04:44:35.8832702Z > tsc --noEmit
product	Migrations, HTTPS and real product acceptance	2026-10-05T04:44:35.8832840Z 
product	Migrations, HTTPS and real product acceptance	2026-10-05T04:44:44.8502962Z 
product	Migrations, HTTPS and real product acceptance	2026-10-05T04:44:44.8503652Z > weaveos@0.1.0 build /repo
product	Migrations, HTTPS and real product acceptance	2026-10-05T04:44:44.8504273Z > pnpm --filter @weaveos/web build
product	Migrations, HTTPS and real product acceptance	2026-10-05T04:44:44.8504596Z 
product	Migrations, HTTPS and real product acceptance	2026-10-05T04:44:45.1338121Z 
product	Migrations, HTTPS and real product acceptance	2026-10-05T04:44:45.1338972Z > @weaveos/web@0.1.0 build /repo/apps/web
product	Migrations, HTTPS and real product acceptance	2026-10-05T04:44:45.1339557Z > vite build
product	Migrations, HTTPS and real product acceptance	2026-10-05T04:44:45.1339811Z 
product	Migrations, HTTPS and real product acceptance	2026-10-05T04:44:45.4552013Z [36mvite v8.0.16 [32mbuilding client environment for production...[36m[39m
product	Migrations, HTTPS and real product acceptance	2026-10-05T04:44:45.4706120Z [2K
product	Migrations, HTTPS and real product acceptance	2026-10-05T04:44:46.1459887Z transforming...✓ 7095 modules transformed.
product	Migrations, HTTPS and real product acceptance	2026-10-05T04:44:46.2839453Z rendering chunks...
product	Migrations, HTTPS and real product acceptance	2026-10-05T04:44:46.6115207Z computing gzip size...
product	Migrations, HTTPS and real product acceptance	2026-10-05T04:44:46.6290097Z dist/index.html                                                0.35 kB │ gzip:   0.26 kB
product	Migrations, HTTPS and real product acceptance	2026-10-05T04:44:46.6290974Z dist/assets/geist-cyrillic-ext-wght-normal-DjL33-gN.woff2      7.42 kB
product	Migrations, HTTPS and real product acceptance	2026-10-05T04:44:46.6291930Z dist/assets/geist-vietnamese-wght-normal-6IgcOCM7.woff2        8.00 kB
product	Migrations, HTTPS and real product acceptance	2026-10-05T04:44:46.6292678Z dist/assets/geist-cyrillic-wght-normal-BEAKL7Jp.woff2         15.08 kB
product	Migrations, HTTPS and real product acceptance	2026-10-05T04:44:46.6293504Z dist/assets/geist-latin-ext-wght-normal-DC-KSUi6.woff2        16.51 kB
product	Migrations, HTTPS and real product acceptance	2026-10-05T04:44:46.6294473Z dist/assets/geist-latin-wght-normal-BgDaEnEv.woff2            29.40 kB
product	Migrations, HTTPS and real product acceptance	2026-10-05T04:44:46.6295625Z dist/assets/index-D5JeySWJ.css                               118.08 kB │ gzip:  21.22 kB
product	Migrations, HTTPS and real product acceptance	2026-10-05T04:44:46.6296426Z dist/assets/index-vC8xiP_U.js                              1,007.00 kB │ gzip: 316.93 kB
product	Migrations, HTTPS and real product acceptance	2026-10-05T04:44:46.6296728Z 
product	Migrations, HTTPS and real product acceptance	2026-10-05T04:44:46.6296937Z [32m✓ built in 1.17s[39m
product	Migrations, HTTPS and real product acceptance	2026-10-05T04:44:46.6302889Z [33m[plugin builtin:vite-reporter] 
product	Migrations, HTTPS and real product acceptance	2026-10-05T04:44:46.6303680Z (!) Some chunks are larger than 500 kB after minification. Consider:
product	Migrations, HTTPS and real product acceptance	2026-10-05T04:44:46.6304484Z - Using dynamic import() to code-split the application
product	Migrations, HTTPS and real product acceptance	2026-10-05T04:44:46.6305779Z - Use build.rolldownOptions.output.codeSplitting to improve chunking: https://rolldown.rs/reference/OutputOptions.codeSplitting
product	Migrations, HTTPS and real product acceptance	2026-10-05T04:44:46.6307126Z - Adjust chunk size limit for this warning via build.chunkSizeWarningLimit.[39m
product	Migrations, HTTPS and real product acceptance	2026-10-05T04:44:50.4605148Z 
product	Migrations, HTTPS and real product acceptance	2026-10-05T04:44:50.4605928Z Running 499 tests using 1 worker
product	Migrations, HTTPS and real product acceptance	2026-10-05T04:44:50.4606310Z 
product	Migrations, HTTPS and real product acceptance	2026-10-05T04:44:50.9140059Z [1/499] [chromium] › src/applications/forms/forms.component.spec.ts:112:1 › original designer shows three panels and keyboard-added draft can preview without a write
product	Migrations, HTTPS and real product acceptance	2026-10-05T04:44:52.0552783Z [2/499] [chromium] › src/applications/forms/forms.component.spec.ts:129:1 › save preflights and commits with both versions and stable IDs only after server success
product	Migrations, HTTPS and real product acceptance	2026-10-05T04:44:52.5452542Z [3/499] [chromium] › src/applications/forms/forms.component.spec.ts:144:1 › lost save response keeps the original operation and draft until recovery confirms it
product	Migrations, HTTPS and real product acceptance	2026-10-05T04:44:53.0799466Z [4/499] [chromium] › src/applications/forms/forms.component.spec.ts:160:1 › directory creation and new form creation use coherent structure and one atomic form POST
product	Migrations, HTTPS and real product acceptance	2026-10-05T04:44:54.3915665Z [5/499] [chromium] › src/applications/forms/forms.component.spec.ts:182:1 › impact dialog requires a live confirmation token before a schema write
product	Migrations, HTTPS and real product acceptance	2026-10-05T04:44:55.2076814Z [6/499] [chromium] › src/applications/forms/forms.component.spec.ts:199:1 › blocked dependencies show the affected resource and prevent PUT
product	Migrations, HTTPS and real product acceptance	2026-10-05T04:44:56.1386919Z [7/499] [chromium] › src/applications/forms/forms.component.spec.ts:215:1 › used option deletion maps old option IDs before renewed preflight and confirmed Save
product	Migrations, HTTPS and real product acceptance	2026-10-05T04:44:57.5763746Z [8/499] [chromium] › src/applications/forms/forms.component.spec.ts:250:1 › late preflight for an old view cannot open impact or write into the newly selected view
product	Migrations, HTTPS and real product acceptance	2026-10-05T04:44:58.3888199Z [9/499] [chromium] › src/applications/forms/forms.component.spec.ts:280:1 › keyboard can move an existing field into a group with the same ordered 12-column layout
product	Migrations, HTTPS and real product acceptance	2026-10-05T04:44:59.0026501Z [10/499] [chromium] › src/applications/forms/forms.component.spec.ts:296:1 › permission revoked during Save masks the retained draft until access is reverified
product	Migrations, HTTPS and real product acceptance	2026-10-05T04:44:59.5531418Z [11/499] [chromium] › src/applications/forms/forms.component.spec.ts:314:1 › system fields stay read-only and each inserted node references a distinct server-defined code
product	Migrations, HTTPS and real product acceptance	2026-10-05T04:45:00.0335850Z [12/499] [chromium] › src/applications/forms/forms.component.spec.ts:328:1 › destructive preflight waits for explicit confirmation and sends its exact token
product	Migrations, HTTPS and real product acceptance	2026-10-05T04:45:00.9164313Z [13/499] [chromium] › src/applications/forms/forms.component.spec.ts:347:1 › dirty exit and CAS conflict require an explicit decision while preserving the draft
product	Migrations, HTTPS and real product acceptance	2026-10-05T04:45:02.6397733Z [14/499] [chromium] › src/applications/forms/forms.component.spec.ts:372:1 › structure CAS conflict keeps the entered name and offers an explicit latest-version reload
product	Migrations, HTTPS and real product acceptance	2026-10-05T04:45:03.5676103Z [15/499] [chromium] › src/applications/forms/forms.component.spec.ts:392:1 › structure write permission revocation masks retained input until access is reverified
product	Migrations, HTTPS and real product acceptance	2026-10-05T04:45:04.4012309Z [16/499] [chromium] › src/applications/forms/forms.component.spec.ts:407:1 › late directory create for an old app cannot replace the selected app tree
product	Migrations, HTTPS and real product acceptance	2026-10-05T04:45:05.3014382Z [17/499] [chromium] › src/applications/forms/forms.component.spec.ts:439:1 › empty structure explains the next action to keyboard and screen reader users
product	Migrations, HTTPS and real product acceptance	2026-10-05T04:45:05.6435468Z [18/499] [chromium] › src/applications/forms/forms.component.spec.ts:447:1 › removing an optional selected default option clears the invalid default before Save
product	Migrations, HTTPS and real product acceptance	2026-10-05T04:45:06.1261382Z [19/499] [chromium] › src/applications/forms/forms.component.spec.ts:466:1 › decimal controls keep exact text and signed rounding places on the definition wire
product	Migrations, HTTPS and real product acceptance	2026-10-05T04:45:06.6553106Z [20/499] [chromium] › src/applications/forms/forms.component.spec.ts:483:1 › preview dialog restores trigger focus after fast close and under reduced motion
product	Migrations, HTTPS and real product acceptance	2026-10-05T04:45:07.1035347Z [21/499] [chromium] › src/applications/forms/forms.component.spec.ts:499:1 › existing-table form source creates another view without creating a table
product	Migrations, HTTPS and real product acceptance	2026-10-05T04:45:08.3564138Z [22/499] [chromium] › src/applications/forms/forms.component.spec.ts:516:1 › directory rename and same-app move use current structure CAS while descendants are excluded
product	Migrations, HTTPS and real product acceptance	2026-10-05T04:45:10.4207812Z [23/499] [chromium] › src/applications/forms/forms.component.spec.ts:546:1 › palette drag into a group preserves the chosen drop parent in saved layout
product	Migrations, HTTPS and real product acceptance	2026-10-05T04:45:11.0057905Z [24/499] [chromium] › src/applications/forms/forms.component.spec.ts:560:1 › new view beside a selected form inherits its directory
product	Migrations, HTTPS and real product acceptance	2026-10-05T04:45:11.3856884Z [25/499] [chromium] › src/applications/forms/forms.component.spec.ts:569:1 › existing member default remains visible and can be cleared without a candidate source
product	Migrations, HTTPS and real product acceptance	2026-10-05T04:45:11.8919804Z [26/499] [chromium] › src/applications/forms/forms.component.spec.ts:586:1 › text empty-string default and boolean unset false true remain distinct on Save
product	Migrations, HTTPS and real product acceptance	2026-10-05T04:45:12.6023541Z [27/499] [chromium] › src/applications/forms/forms.component.spec.ts:605:1 › no-op Save with unknown result blocks exit even when definition is not dirty
product	Migrations, HTTPS and real product acceptance	2026-10-05T04:45:13.0195976Z [28/499] [chromium] › src/applications/forms/forms.component.spec.ts:620:1 › A to B to A navigation ignores a late first-generation preflight
product	Migrations, HTTPS and real product acceptance	2026-10-05T04:45:13.5889931Z [29/499] [chromium] › src/applications/forms/forms.component.spec.ts:665:1 › definition requests bind verified actor and B cannot replay A unknown Save
product	Migrations, HTTPS and real product acceptance	2026-10-05T04:45:14.1545362Z [30/499] [chromium] › src/applications/forms/forms.component.spec.ts:686:1 › 401 and actor mismatch are handed to Shell without losing the designer draft
product	Migrations, HTTPS and real product acceptance	2026-10-05T04:45:14.7811292Z [31/499] [chromium] › src/applications/forms/forms.component.spec.ts:708:1 › structure unknown operation stays with A through an actor switch
product	Migrations, HTTPS and real product acceptance	2026-10-05T04:45:15.5821736Z [32/499] [chromium] › src/applications/forms/forms.component.spec.ts:723:1 › dialog returns focus to its source after quick reverse and reopens
product	Migrations, HTTPS and real product acceptance	2026-10-05T04:45:17.1544654Z [33/499] [chromium] › src/applications/forms/forms.component.spec.ts:736:1 › dialog closes immediately when reduced motion is requested
product	Migrations, HTTPS and real product acceptance	2026-10-05T04:45:17.5265789Z [34/499] [chromium] › src/applications/forms/forms.component.spec.ts:744:1 › owner member default picker searches, pages and saves the selected stable ID
product	Migrations, HTTPS and real product acceptance	2026-10-05T04:45:18.1046453Z [35/499] [chromium] › src/applications/forms/forms.component.spec.ts:769:1 › owner department default picker displays hierarchy candidate and saves ID
product	Migrations, HTTPS and real product acceptance	2026-10-05T04:45:18.5724111Z [36/499] [chromium] › src/applications/forms/forms.component.spec.ts:783:1 › second view can place an existing table field without creating another field ID
product	Migrations, HTTPS and real product acceptance	2026-10-05T04:45:19.0194453Z [37/499] [chromium] › src/applications/forms/forms.component.spec.ts:798:1 › removing a group leaves its table field available to place again
product	Migrations, HTTPS and real product acceptance	2026-10-05T04:45:19.5379979Z [38/499] [chromium] › src/applications/forms/forms.component.spec.ts:816:1 › preview explicit null selection does not bounce back to the configured default
product	Migrations, HTTPS and real product acceptance	2026-10-05T04:45:19.8815231Z [39/499] [chromium] › src/applications/forms/forms.component.spec.ts:830:1 › malformed successful structure receipt remains unconfirmed with the original operation
product	Migrations, HTTPS and real product acceptance	2026-10-05T04:45:20.6458179Z [40/499] [chromium] › src/applications/forms/forms.component.spec.ts:843:1 › malformed successful definition receipt does not erase draft or issue a new key
product	Migrations, HTTPS and real product acceptance	2026-10-05T04:45:21.1395660Z [41/499] [chromium] › src/applications/forms/forms.component.spec.ts:858:1 › null JSON success envelope retains the original Save for recovery
product	Migrations, HTTPS and real product acceptance	2026-10-05T04:45:21.5935077Z [42/499] [chromium] › src/applications/forms/forms.component.spec.ts:873:1 › server failure after a Save request keeps its operation until verified
product	Migrations, HTTPS and real product acceptance	2026-10-05T04:45:22.0554441Z [43/499] [chromium] › src/applications/forms/forms.component.spec.ts:888:1 › server failure after a directory request keeps its name and operation
product	Migrations, HTTPS and real product acceptance	2026-10-05T04:45:22.8099234Z [44/499] [chromium] › src/applications/forms/forms.component.spec.ts:902:1 › StrictMode designer boots after effect setup cleanup setup and repeated component mounting
product	Migrations, HTTPS and real product acceptance	2026-10-05T04:45:23.1593701Z [45/499] [chromium] › src/applications/forms/forms.component.spec.ts:911:1 › StrictMode structure boots after effect setup cleanup setup and repeated component mounting
product	Migrations, HTTPS and real product acceptance	2026-10-05T04:45:23.4711512Z [46/499] [chromium] › src/applications/forms/forms.component.spec.ts:920:1 › StrictMode designer ignores a late first setup response after the replayed setup
product	Migrations, HTTPS and real product acceptance	2026-10-05T04:45:23.9023631Z [47/499] [chromium] › src/applications/forms/forms.component.spec.ts:945:1 › StrictMode structure ignores a late first setup response after the replayed setup
product	Migrations, HTTPS and real product acceptance	2026-10-05T04:45:24.2992535Z [48/499] [chromium] › src/applications/forms/forms.component.spec.ts:970:1 › cached designer draft is masked when return GET is forbidden
product	Migrations, HTTPS and real product acceptance	2026-10-05T04:45:24.7113541Z [49/499] [chromium] › src/applications/forms/forms.component.spec.ts:987:1 › StrictMode auth-route unmount and same actor return reverify before restoring input
product	Migrations, HTTPS and real product acceptance	2026-10-05T04:45:25.2995960Z [50/499] [chromium] › src/applications/forms/forms.component.spec.ts:1005:1 › cached designer masks on auth version rejection and same actor reauth restores draft
product	Migrations, HTTPS and real product acceptance	2026-10-05T04:45:25.7788412Z [51/499] [chromium] › src/applications/forms/forms.component.spec.ts:1023:1 › cached designer masks a changed actor guard before showing any old field
product	Migrations, HTTPS and real product acceptance	2026-10-05T04:45:26.2527671Z [52/499] [chromium] › src/applications/forms/forms.component.spec.ts:1043:1 › cached designer masks server GET failure then preserves draft after retry
product	Migrations, HTTPS and real product acceptance	2026-10-05T04:45:26.7464216Z [53/499] [chromium] › src/applications/forms/forms.component.spec.ts:1060:1 › revalidated newer definition warns and keeps dirty versions without rebasing
product	Migrations, HTTPS and real product acceptance	2026-10-05T04:45:27.2311014Z [54/499] [chromium] › src/applications/forms/forms.component.spec.ts:1083:1 › cached structure dialog is masked after permission revocation
product	Migrations, HTTPS and real product acceptance	2026-10-05T04:45:27.6012521Z [55/499] [chromium] › src/applications/forms/forms.component.spec.ts:1107:1 › revalidated newer structure retains original name and CAS version
product	Migrations, HTTPS and real product acceptance	2026-10-05T04:45:28.3924613Z [56/499] [chromium] › src/applications/forms/forms.component.spec.ts:1140:3 › unknown Save retry 401 retains original operation for later confirmation
product	Migrations, HTTPS and real product acceptance	2026-10-05T04:45:29.0421266Z [57/499] [chromium] › src/applications/forms/forms.component.spec.ts:1140:3 › unknown Save retry 403 retains original operation for later confirmation
product	Migrations, HTTPS and real product acceptance	2026-10-05T04:45:29.7182964Z [58/499] [chromium] › src/applications/forms/forms.component.spec.ts:1140:3 › unknown Save retry 409 retains original operation for later confirmation
product	Migrations, HTTPS and real product acceptance	2026-10-05T04:45:30.3756722Z [59/499] [chromium] › src/applications/forms/forms.component.spec.ts:1169:1 › StrictMode guard clears on unmount while retaining an unknown Save packet
product	Migrations, HTTPS and real product acceptance	2026-10-05T04:45:31.4636210Z [60/499] [chromium] › src/applications/forms/forms.component.spec.ts:1186:1 › StrictMode structure guard clears on unmount while retaining the unknown operation
product	Migrations, HTTPS and real product acceptance	2026-10-05T04:45:32.3683374Z [61/499] [chromium] › src/applications/forms/forms.component.spec.ts:1201:1 › unknown structure retry denial retains original directory request after revalidation
product	Migrations, HTTPS and real product acceptance	2026-10-05T04:45:33.2879914Z [62/499] [chromium] › src/applications/forms/forms.component.spec.ts:1220:1 › slow preflight is abandoned on Back before PUT and guard teardown is explicit
product	Migrations, HTTPS and real product acceptance	2026-10-05T04:45:34.2223080Z [63/499] [chromium] › src/applications/forms/forms.component.spec.ts:1239:1 › discard cancels a gated preflight even when onBack is absent and the designer stays mounted
product	Migrations, HTTPS and real product acceptance	2026-10-05T04:45:35.2221000Z [64/499] [chromium] › src/applications/forms/forms.component.spec.ts:1261:1 › external designer discard clears the scoped draft before delayed unmount
product	Migrations, HTTPS and real product acceptance	2026-10-05T04:45:35.6516895Z [65/499] [chromium] › src/applications/forms/forms.component.spec.ts:1275:1 › external structure discard clears entered directory before route remount
product	Migrations, HTTPS and real product acceptance	2026-10-05T04:45:36.0174397Z [66/499] [chromium] › src/applications/forms/forms.component.spec.ts:1288:1 › external preflight discard cancels PUT while route unmount is delayed
product	Migrations, HTTPS and real product acceptance	2026-10-05T04:45:36.4211950Z [67/499] [chromium] › src/applications/forms/forms.component.spec.ts:1307:1 › external leave retains an already sent unknown Save and its original key
product	Migrations, HTTPS and real product acceptance	2026-10-05T04:45:37.0148808Z [68/499] [chromium] › src/applications/forms/forms.component.spec.ts:1327:1 › external leave during sent PUT retains the packet until a same-actor result lookup
product	Migrations, HTTPS and real product acceptance	2026-10-05T04:45:37.5980420Z [69/499] [chromium] › src/applications/forms/forms.component.spec.ts:1358:1 › external structure leave keeps an unknown directory operation and entered name
product	Migrations, HTTPS and real product acceptance	2026-10-05T04:45:38.8070207Z [70/499] [chromium] › src/applications/forms/forms.component.spec.ts:1377:1 › StrictMode old same-scope unsubscribe cannot clear the current controller
product	Migrations, HTTPS and real product acceptance	2026-10-05T04:45:39.1022259Z [71/499] [chromium] › src/applications/forms/forms.component.spec.ts:1386:1 › external leave rejects a decision made before draft becomes preflight
product	Migrations, HTTPS and real product acceptance	2026-10-05T04:45:39.5269158Z [72/499] [chromium] › src/applications/forms/forms.component.spec.ts:1407:1 › external leave rejects a stale confirmation after draft content changes
product	Migrations, HTTPS and real product acceptance	2026-10-05T04:45:39.9486596Z [73/499] [chromium] › src/applications/forms/forms.component.spec.ts:1421:1 › explicit discard removes an ordinary draft while an unknown packet is never discarded implicitly
product	Migrations, HTTPS and real product acceptance	2026-10-05T04:45:40.9200380Z [74/499] [chromium] › src/applications/forms/forms.component.spec.ts:1433:1 › datetime to non-datetime conversion clears timezone in preflight DTO
product	Migrations, HTTPS and real product acceptance	2026-10-05T04:45:41.3157990Z [75/499] [chromium] › src/applications/forms/forms.component.spec.ts:1448:1 › existing text field can request a guarded number type conversion
product	Migrations, HTTPS and real product acceptance	2026-10-05T04:45:41.7662884Z [76/499] [chromium] › src/applications/forms/forms.component.spec.ts:1463:1 › designer canvas renders the actual field control in a nonediting design state
product	Migrations, HTTPS and real product acceptance	2026-10-05T04:45:42.0426969Z [77/499] [chromium] › src/applications/forms/forms.component.spec.ts:1474:1 › changing an option mapping after successful preflight invalidates its token and pending packet
product	Migrations, HTTPS and real product acceptance	2026-10-05T04:45:43.0025753Z [78/499] [chromium] › src/applications/forms/forms.component.spec.ts:1506:1 › expired confirmation token asks for another preflight instead of silently ignoring click
product	Migrations, HTTPS and real product acceptance	2026-10-05T04:45:44.3481083Z [79/499] [chromium] › src/applications/records/record-form.component.spec.ts:3:1 › record form keeps precise and false values, excludes denied fields, and recovers the same unknown operation
product	Migrations, HTTPS and real product acceptance	2026-10-05T04:45:44.8229698Z [80/499] [chromium] › src/applications/records/record-form.component.spec.ts:24:1 › record form uses scoped ordinary candidate selector and keeps selected label only in unsaved state
product	Migrations, HTTPS and real product acceptance	2026-10-05T04:45:45.2458166Z [81/499] [chromium] › src/applications/records/record-form.component.spec.ts:34:1 › dirty form preserves input and blocks save when runtime control version changes
product	Migrations, HTTPS and real product acceptance	2026-10-05T04:45:45.5618178Z [82/499] [chromium] › src/applications/records/records-panel.component.spec.ts:3:1 › records use one server ordered Table with stable IDs, guarded cells and manual numeric sort
product	Migrations, HTTPS and real product acceptance	2026-10-05T04:45:47.2974153Z [83/499] [chromium] › src/applications/records/records-panel.component.spec.ts:18:1 › hidden column and arbitrary empty deep page stay controlled without erasing scope
product	Migrations, HTTPS and real product acceptance	2026-10-05T04:45:48.9906656Z [84/499] [chromium] › src/applications/records/records.component.spec.ts:11:1 › confirmed record and draft receipts accept exact minimum only
product	Migrations, HTTPS and real product acceptance	2026-10-05T04:45:49.0015969Z [85/499] [chromium] › src/applications/records/records.component.spec.ts:22:1 › safe runtime projection keeps null, empty and false but never fills denied values or defaults
product	Migrations, HTTPS and real product acceptance	2026-10-05T04:45:49.0133820Z [86/499] [chromium] › src/applications/records/records.component.spec.ts:36:1 › history hint intersects current read and history; schema change flags dirty review
product	Migrations, HTTPS and real product acceptance	2026-10-05T04:45:49.0245258Z [87/499] [chromium] › src/applications/records/records.component.spec.ts:45:1 › history labels only use IDs in allowed delta and keep unavailable explicit
product	Migrations, HTTPS and real product acceptance	2026-10-05T04:45:49.0352043Z [88/499] [chromium] › src/applications/records/records.component.spec.ts:51:1 › new record editor identities stay distinct until confirmed server record and isolate field cache
product	Migrations, HTTPS and real product acceptance	2026-10-05T04:45:49.0586253Z [89/499] [chromium] › src/applications/records/root-editor.component.spec.ts:12:1 › Root record form sends one canonical create and confirms only after the receipt
product	Migrations, HTTPS and real product acceptance	2026-10-05T04:45:49.7529434Z [90/499] [chromium] › src/applications/records/root-editor.component.spec.ts:31:1 › Root record form edits only changed fields with row and schema CAS
product	Migrations, HTTPS and real product acceptance	2026-10-05T04:45:50.3465429Z [91/499] [chromium] › src/applications/records/root-editor.component.spec.ts:39:1 › Root record form unknown save survives unmount and failed lookup using the same key
product	Migrations, HTTPS and real product acceptance	2026-10-05T04:45:51.1941788Z [92/499] [chromium] › src/applications/records/root-editor.component.spec.ts:50:1 › Root another actor cannot inherit an unknown record editor packet or input
product	Migrations, HTTPS and real product acceptance	2026-10-05T04:45:51.6968779Z [93/499] [chromium] › src/applications/records/root-editor.component.spec.ts:57:2 › Root APPLICATION_RECORD_CONFLICT retains input and requires explicit refresh before another save
product	Migrations, HTTPS and real product acceptance	2026-10-05T04:45:52.2323714Z [94/499] [chromium] › src/applications/records/root-editor.component.spec.ts:57:2 › Root APPLICATION_SCHEMA_CONFLICT retains input and requires explicit refresh before another save
product	Migrations, HTTPS and real product acceptance	2026-10-05T04:45:52.7766692Z [95/499] [chromium] › src/applications/records/root-editor.component.spec.ts:57:2 › Root APPLICATION_QUERY_CHANGED retains input and requires explicit refresh before another save
product	Migrations, HTTPS and real product acceptance	2026-10-05T04:45:53.3279137Z [96/499] [chromium] › src/applications/records/root-editor.component.spec.ts:57:2 › Root APPLICATION_QUERY_CONTEXT_EXPIRED retains input and requires explicit refresh before another save
product	Migrations, HTTPS and real product acceptance	2026-10-05T04:45:53.8573038Z [97/499] [chromium] › src/applications/records/root-editor.component.spec.ts:57:2 › Root APPLICATION_POLICY_CONFLICT retains input and requires explicit refresh before another save
product	Migrations, HTTPS and real product acceptance	2026-10-05T04:45:54.4687626Z [98/499] [chromium] › src/applications/records/root-editor.component.spec.ts:65:1 › Root record form cancels an unsent preflight through the real leave guard
product	Migrations, HTTPS and real product acceptance	2026-10-05T04:45:54.9484145Z [99/499] [chromium] › src/applications/records/root-editor.component.spec.ts:75:1 › Root revoked field is hidden while an old pending operation stays recoverable
product	Migrations, HTTPS and real product acceptance	2026-10-05T04:45:55.6456365Z [100/499] [chromium] › src/applications/records/root-editor.component.spec.ts:81:1 › Root description layout renders plain text without executable markup
product	Migrations, HTTPS and real product acceptance	2026-10-05T04:45:56.0616448Z [101/499] [chromium] › src/applications/records/root-layout.component.spec.ts:2:1 › Root configured group and field order override schema field order
product	Migrations, HTTPS and real product acceptance	2026-10-05T04:45:56.3561561Z [102/499] [chromium] › src/applications/records/root-layout.component.spec.ts:11:1 › Root layout does not expose unplaced or denied fields
product	Migrations, HTTPS and real product acceptance	2026-10-05T04:45:56.6286562Z [103/499] [chromium] › src/applications/records/root-layout.component.spec.ts:17:1 › Root read layout preserves exact values and disables edits
product	Migrations, HTTPS and real product acceptance	2026-10-05T04:45:56.9012237Z [104/499] [chromium] › src/applications/records/root-layout.component.spec.ts:26:1 › Root system record version comes from actual record metadata
product	Migrations, HTTPS and real product acceptance	2026-10-05T04:45:57.1731920Z [105/499] [chromium] › src/applications/records/root-recovery.component.spec.ts:10:2 › Root unknown save survives failed recovery without a second write
product	Migrations, HTTPS and real product acceptance	2026-10-05T04:45:57.8072295Z [106/499] [chromium] › src/applications/records/root-recovery.component.spec.ts:10:2 › Root unknown save survives throw recovery without a second write
product	Migrations, HTTPS and real product acceptance	2026-10-05T04:45:58.4401923Z [107/499] [chromium] › src/applications/records/root-recovery.component.spec.ts:10:2 › Root unknown save survives malformed recovery without a second write
product	Migrations, HTTPS and real product acceptance	2026-10-05T04:45:59.0603586Z [108/499] [chromium] › src/applications/records/root-recovery.component.spec.ts:43:1 › Root definitive first-write rejection allows editing and a fresh submission
product	Migrations, HTTPS and real product acceptance	2026-10-05T04:45:59.5640185Z [109/499] [chromium] › src/applications/root-boundary.component.spec.ts:6:1 › Root recovery owns an immutable deep snapshot of the sent packet
product	Migrations, HTTPS and real product acceptance	2026-10-05T04:45:59.6483891Z [110/499] [chromium] › src/applications/root-boundary.component.spec.ts:21:1 › Root successful PATCH retains actor and exact JSON body
product	Migrations, HTTPS and real product acceptance	2026-10-05T04:45:59.7395254Z [111/499] [chromium] › src/applications/root-boundary.component.spec.ts:32:1 › Root DELETE confirms only an exact empty 204
product	Migrations, HTTPS and real product acceptance	2026-10-05T04:45:59.8272675Z [112/499] [chromium] › src/applications/root-boundary.component.spec.ts:41:1 › Root DELETE unexpected successful status stays unconfirmed
product	Migrations, HTTPS and real product acceptance	2026-10-05T04:45:59.9154756Z [113/499] [chromium] › src/applications/root-boundary.component.spec.ts:51:2 › Root network failure uncertainty follows mutation
product	Migrations, HTTPS and real product acceptance	2026-10-05T04:46:00.0039491Z [114/499] [chromium] › src/applications/root-boundary.component.spec.ts:51:2 › Root network failure uncertainty follows read-only search
product	Migrations, HTTPS and real product acceptance	2026-10-05T04:46:00.0969680Z [115/499] [chromium] › src/applications/root-boundary.component.spec.ts:62:1 › Root read-only POST does not grant mutation paths read semantics
product	Migrations, HTTPS and real product acceptance	2026-10-05T04:46:00.1833993Z [116/499] [chromium] › src/applications/root-boundary.component.spec.ts:71:1 › Root malformed read-only search response does not create unknown write state
product	Migrations, HTTPS and real product acceptance	2026-10-05T04:46:00.2731164Z [117/499] [chromium] › src/applications/root-boundary.component.spec.ts:85:2 › Root read-only search rejects normalized path applications/22222222-2222-4222-8222-222222222222#fragment/forms/33333333-3333-4333-8333-333333333333/records/search
product	Migrations, HTTPS and real product acceptance	2026-10-05T04:46:00.3767333Z [118/499] [chromium] › src/applications/root-boundary.component.spec.ts:85:2 › Root read-only search rejects normalized path applications/../forms/33333333-3333-4333-8333-333333333333/records/search
product	Migrations, HTTPS and real product acceptance	2026-10-05T04:46:00.4683181Z [119/499] [chromium] › src/applications/root-boundary.component.spec.ts:85:2 › Root read-only search rejects normalized path applications/22222222-2222-4222-8222-222222222222/forms/%2e%2e/records/search
product	Migrations, HTTPS and real product acceptance	2026-10-05T04:46:00.5533157Z [120/499] [chromium] › src/applications/root-boundary.component.spec.ts:95:1 › Root read-only search HTTP 503 remains a read failure
product	Migrations, HTTPS and real product acceptance	2026-10-05T04:46:00.6472424Z [121/499] [chromium] › src/applications/root-operation-guard.component.spec.ts:14:1 › Root leave guard sees preflight immediately and cancellation prevents the write
product	Migrations, HTTPS and real product acceptance	2026-10-05T04:46:00.8986169Z [122/499] [chromium] › src/applications/root-operation-guard.component.spec.ts:32:1 › Root leave guard distinguishes a sent write and clears only on confirmation
product	Migrations, HTTPS and real product acceptance	2026-10-05T04:46:01.2225851Z [123/499] [chromium] › src/applications/root-operation-guard.component.spec.ts:45:2 › Root ambiguous HTTP 408 keeps the original write pending
product	Migrations, HTTPS and real product acceptance	2026-10-05T04:46:01.4925622Z [124/499] [chromium] › src/applications/root-operation-guard.component.spec.ts:45:2 › Root ambiguous HTTP 500 keeps the original write pending
product	Migrations, HTTPS and real product acceptance	2026-10-05T04:46:01.7393061Z [125/499] [chromium] › src/applications/root-operation-guard.component.spec.ts:45:2 › Root ambiguous HTTP 504 keeps the original write pending
product	Migrations, HTTPS and real product acceptance	2026-10-05T04:46:01.9732041Z [126/499] [chromium] › src/applications/root-operation-guard.component.spec.ts:54:1 › Root definitive record conflict exposes a safe error code for refresh handling
product	Migrations, HTTPS and real product acceptance	2026-10-05T04:46:02.2083323Z [127/499] [chromium] › src/applications/root-record-leave.component.spec.ts:7:1 › Root record drafts, saved records and persistent drafts have distinct leave scopes
product	Migrations, HTTPS and real product acceptance	2026-10-05T04:46:02.2152316Z [128/499] [chromium] › src/applications/root-record-leave.component.spec.ts:20:1 › Root old record-scope cleanup cannot remove its replacement
product	Migrations, HTTPS and real product acceptance	2026-10-05T04:46:02.2215759Z [129/499] [chromium] › src/applications/root-record-leave.component.spec.ts:28:1 › Root record leave guards remain actor-isolated
product	Migrations, HTTPS and real product acceptance	2026-10-05T04:46:02.2332381Z [130/499] [chromium] › src/applications/root-record-read-contract.component.spec.ts:12:2 › Root read contract keeps scalar member references including tombstones
product	Migrations, HTTPS and real product acceptance	2026-10-05T04:46:02.2421864Z [131/499] [chromium] › src/applications/root-record-read-contract.component.spec.ts:12:2 › Root read contract keeps scalar department references including tombstones
product	Migrations, HTTPS and real product acceptance	2026-10-05T04:46:02.2500986Z [132/499] [chromium] › src/applications/root-record-read-contract.component.spec.ts:20:1 › Root runtime accepts rounding at the hundreds place without float conversion
product	Migrations, HTTPS and real product acceptance	2026-10-05T04:46:02.2581114Z [133/499] [chromium] › src/applications/root-record-read-contract.component.spec.ts:34:2 › Root rejects invalid decimal configuration {"precision":0,"scale":0,"roundingPlaces":0}
product	Migrations, HTTPS and real product acceptance	2026-10-05T04:46:02.2639511Z [134/499] [chromium] › src/applications/root-record-read-contract.component.spec.ts:34:2 › Root rejects invalid decimal configuration {"precision":39,"scale":2,"roundingPlaces":2}
product	Migrations, HTTPS and real product acceptance	2026-10-05T04:46:02.2701301Z [135/499] [chromium] › src/applications/root-record-read-contract.component.spec.ts:34:2 › Root rejects invalid decimal configuration {"precision":20,"scale":19,"roundingPlaces":2}
product	Migrations, HTTPS and real product acceptance	2026-10-05T04:46:02.2759970Z [136/499] [chromium] › src/applications/root-record-read-contract.component.spec.ts:34:2 › Root rejects invalid decimal configuration {"precision":2,"scale":3,"roundingPlaces":2}
product	Migrations, HTTPS and real product acceptance	2026-10-05T04:46:02.2817299Z [137/499] [chromium] › src/applications/root-record-read-contract.component.spec.ts:34:2 › Root rejects invalid decimal configuration {"precision":20,"scale":2,"roundingPlaces":-19}
product	Migrations, HTTPS and real product acceptance	2026-10-05T04:46:02.2875782Z [138/499] [chromium] › src/applications/root-record-read-contract.component.spec.ts:34:2 › Root rejects invalid decimal configuration {"precision":20,"scale":2,"roundingPlaces":3}
product	Migrations, HTTPS and real product acceptance	2026-10-05T04:46:02.2932591Z [139/499] [chromium] › src/applications/root-record-read-contract.component.spec.ts:39:1 › Root record read-none and own-row policies cannot be widened by field access
product	Migrations, HTTPS and real product acceptance	2026-10-05T04:46:02.2994882Z [140/499] [chromium] › src/applications/root-record-read-contract.component.spec.ts:44:1 › Root own-field value is rejected when the record belongs to somebody else
product	Migrations, HTTPS and real product acceptance	2026-10-05T04:46:02.3055361Z [141/499] [chromium] › src/applications/root-record-read-contract.component.spec.ts:49:1 › Root persisted records require positive record and schema versions
product	Migrations, HTTPS and real product acceptance	2026-10-05T04:46:02.3127823Z [142/499] [chromium] › src/applications/root-record-read-contract.component.spec.ts:56:1 › Root supports system timestamp sort and ignores JSON object key order
product	Migrations, HTTPS and real product acceptance	2026-10-05T04:46:02.3189945Z [143/499] [chromium] › src/applications/root-record-read-contract.component.spec.ts:65:1 › Root rejects duplicate row IDs and oversized pages
product	Migrations, HTTPS and real product acceptance	2026-10-05T04:46:02.3256510Z [144/499] [chromium] › src/applications/root-record-read-contract.component.spec.ts:74:1 › Root preserves description layout and canonical UUIDs without inventing version restrictions
product	Migrations, HTTPS and real product acceptance	2026-10-05T04:46:02.3311210Z [145/499] [chromium] › src/applications/root-record-read-contract.component.spec.ts:81:1 › Root calendar dates reject impossible days and retain leap days
product	Migrations, HTTPS and real product acceptance	2026-10-05T04:46:02.3376243Z [146/499] [chromium] › src/applications/root-record-read-contract.component.spec.ts:86:1 › Root query operators must be literal strings rather than coercible arrays
product	Migrations, HTTPS and real product acceptance	2026-10-05T04:46:02.3434960Z [147/499] [chromium] › src/applications/root-record-read-contract.component.spec.ts:90:1 › Root layout span follows the declared integer range
product	Migrations, HTTPS and real product acceptance	2026-10-05T04:46:02.3502980Z [148/499] [chromium] › src/applications/root-record-read-contract.component.spec.ts:97:1 › Root ordinary runtime requires a ready schema and positive policy revision
product	Migrations, HTTPS and real product acceptance	2026-10-05T04:46:02.3563624Z [149/499] [chromium] › src/applications/root-record-read-contract.component.spec.ts:102:1 › Root reference labels cannot bypass an own-field read restriction
product	Migrations, HTTPS and real product acceptance	2026-10-05T04:46:02.3682473Z [150/499] [chromium] › src/applications/root-record-workspace.component.spec.ts:13:1 › Root runtime record list reads ordinary endpoints then opens the exact row context
product	Migrations, HTTPS and real product acceptance	2026-10-05T04:46:04.2199057Z [151/499] [chromium] › src/applications/root-record-workspace.component.spec.ts:35:1 › Root page jump retains old query and explicit refresh returns to page one without it
product	Migrations, HTTPS and real product acceptance	2026-10-05T04:46:06.2340146Z [152/499] [chromium] › src/applications/root-record-workspace.component.spec.ts:52:1 › Root changed query preserves existing rows until the user explicitly refreshes
product	Migrations, HTTPS and real product acceptance	2026-10-05T04:46:08.2762551Z [153/499] [chromium] › src/applications/root-record-workspace.component.spec.ts:72:1 › Root rejects a foreign-resource row instead of rendering or silently filtering it
product	Migrations, HTTPS and real product acceptance	2026-10-05T04:46:10.0148898Z [154/499] [chromium] › src/applications/root-record-workspace.component.spec.ts:84:1 › Root create-only access opens the new record action without querying unreadable rows
product	Migrations, HTTPS and real product acceptance	2026-10-05T04:46:11.6274639Z [155/499] [chromium] › src/applications/root-record-workspace.component.spec.ts:94:1 › Root metadata-only view changes reload runtime without discarding query context
product	Migrations, HTTPS and real product acceptance	2026-10-05T04:46:14.4184335Z [156/499] [chromium] › src/applications/root-record-workspace.component.spec.ts:118:1 › Root visible record selection works and sorting clears selected rows
product	Migrations, HTTPS and real product acceptance	2026-10-05T04:46:17.2085523Z [157/499] [chromium] › src/applications/root-record-workspace.component.spec.ts:127:1 › Root unconfigured schema gives an actionable configuration state without querying rows
product	Migrations, HTTPS and real product acceptance	2026-10-05T04:46:18.7974624Z [158/499] [chromium] › src/applications/root-record-workspace.component.spec.ts:134:1 › Root pagination remains inside the bounded application work area
product	Migrations, HTTPS and real product acceptance	2026-10-05T04:46:20.6205797Z [159/499] [chromium] › src/applications/root-scoped.component.spec.ts:16:1 › Root scoped create confirms exact receipt and canonical Location once
product	Migrations, HTTPS and real product acceptance	2026-10-05T04:46:20.9304002Z [160/499] [chromium] › src/applications/root-scoped.component.spec.ts:28:2 › Root scoped create keeps original operation for extra-values
product	Migrations, HTTPS and real product acceptance	2026-10-05T04:46:21.3056302Z [161/499] [chromium] › src/applications/root-scoped.component.spec.ts:28:2 › Root scoped create keeps original operation for wrong-operation
product	Migrations, HTTPS and real product acceptance	2026-10-05T04:46:21.6732275Z [162/499] [chromium] › src/applications/root-scoped.component.spec.ts:28:2 › Root scoped create keeps original operation for wrong-record
product	Migrations, HTTPS and real product acceptance	2026-10-05T04:46:22.0558514Z [163/499] [chromium] › src/applications/root-scoped.component.spec.ts:28:2 › Root scoped create keeps original operation for wrong-location
product	Migrations, HTTPS and real product acceptance	2026-10-05T04:46:22.4223980Z [164/499] [chromium] › src/applications/root-scoped.component.spec.ts:55:1 › Root scoped PATCH sends one operation and correct record CAS
product	Migrations, HTTPS and real product acceptance	2026-10-05T04:46:22.7470290Z [165/499] [chromium] › src/applications/root-scoped.component.spec.ts:66:1 › Root draft DELETE empty 204 confirms without invented response body
product	Migrations, HTTPS and real product acceptance	2026-10-05T04:46:23.0596562Z [166/499] [chromium] › src/applications/root-scoped.component.spec.ts:80:1 › Root unknown DELETE recovers minimum receipt without a second delete
product	Migrations, HTTPS and real product acceptance	2026-10-05T04:46:23.4569492Z [167/499] [chromium] › src/applications.component.spec.ts:35:1 › V030-012 Home opens the real application catalogue
product	Migrations, HTTPS and real product acceptance	2026-10-05T04:46:25.2498757Z [168/499] [chromium] › src/applications.component.spec.ts:45:1 › V030-012 catalogue reads B5 without parameters and filters its authorized result
product	Migrations, HTTPS and real product acceptance	2026-10-05T04:46:27.0024976Z [169/499] [chromium] › src/applications.component.spec.ts:63:1 › V030-012 catalog trailing slash survives direct entry and refresh
product	Migrations, HTTPS and real product acceptance	2026-10-05T04:46:30.2011243Z [170/499] [chromium] › src/applications.component.spec.ts:73:1 › V030-012 live create capability opens a name-only real create flow
product	Migrations, HTTPS and real product acceptance	2026-10-05T04:46:32.1009807Z [171/499] [chromium] › src/applications.component.spec.ts:84:1 › V030-012 opening an application rechecks access and presents its actual empty workspace
product	Migrations, HTTPS and real product acceptance	2026-10-05T04:46:33.9706169Z [172/499] [chromium] › src/applications.component.spec.ts:104:1 › V030-012 slow create preflight locks its name, ignores repeat clicks, and retains the matching unknown packet
product	Migrations, HTTPS and real product acceptance	2026-10-05T04:46:36.2294546Z [173/499] [chromium] › src/applications.component.spec.ts:141:1 › V030-012 preflight 401 keeps the unsent name without a write or unknown operation
product	Migrations, HTTPS and real product acceptance	2026-10-05T04:46:38.4082133Z [174/499] [chromium] › src/applications.component.spec.ts:176:1 › V030-012 preflight actor mismatch masks the Shell before any create POST
product	Migrations, HTTPS and real product acceptance	2026-10-05T04:46:40.3048217Z [175/499] [chromium] › src/applications.component.spec.ts:201:1 › V030-012 discarding a gated unsent create through Back prevents its later POST and success
product	Migrations, HTTPS and real product acceptance	2026-10-05T04:46:42.4577504Z [176/499] [chromium] › src/applications.component.spec.ts:237:1 › V030-012 create waits for server acknowledgement and sends only the frozen DTO
product	Migrations, HTTPS and real product acceptance	2026-10-05T04:46:44.5470475Z [177/499] [chromium] › src/applications.component.spec.ts:261:1 › V030-012 unconfirmed create recovers its original operation and never treats 404 as rollback
product	Migrations, HTTPS and real product acceptance	2026-10-05T04:46:46.5862179Z [178/499] [chromium] › src/applications.component.spec.ts:290:1 › V030-012 retry after lost response preserves the operation key and exact payload
product	Migrations, HTTPS and real product acceptance	2026-10-05T04:46:48.6344238Z [179/499] [chromium] › src/applications.component.spec.ts:319:2 › V030-012 non-confirming create reply retains the original operation: 201 empty JSON
product	Migrations, HTTPS and real product acceptance	2026-10-05T04:46:50.6785372Z [180/499] [chromium] › src/applications.component.spec.ts:319:2 › V030-012 non-confirming create reply retains the original operation: 201 JSON null
product	Migrations, HTTPS and real product acceptance	2026-10-05T04:46:52.6404093Z [181/499] [chromium] › src/applications.component.spec.ts:319:2 › V030-012 non-confirming create reply retains the original operation: 201 error envelope
product	Migrations, HTTPS and real product acceptance	2026-10-05T04:46:54.6063968Z [182/499] [chromium] › src/applications.component.spec.ts:319:2 › V030-012 non-confirming create reply retains the original operation: 201 missing data
product	Migrations, HTTPS and real product acceptance	2026-10-05T04:46:56.6055219Z [183/499] [chromium] › src/applications.component.spec.ts:319:2 › V030-012 non-confirming create reply retains the original operation: 201 malformed application
product	Migrations, HTTPS and real product acceptance	2026-10-05T04:46:58.6762523Z [184/499] [chromium] › src/applications.component.spec.ts:319:2 › V030-012 non-confirming create reply retains the original operation: 201 wrong owner
product	Migrations, HTTPS and real product acceptance	2026-10-05T04:47:00.6423734Z [185/499] [chromium] › src/applications.component.spec.ts:319:2 › V030-012 non-confirming create reply retains the original operation: 201 invalid application UUID
product	Migrations, HTTPS and real product acceptance	2026-10-05T04:47:02.6254995Z [186/499] [chromium] › src/applications.component.spec.ts:319:2 › V030-012 non-confirming create reply retains the original operation: 201 wrong initial revision
product	Migrations, HTTPS and real product acceptance	2026-10-05T04:47:04.6401717Z [187/499] [chromium] › src/applications.component.spec.ts:319:2 › V030-012 non-confirming create reply retains the original operation: 200 valid application body
product	Migrations, HTTPS and real product acceptance	2026-10-05T04:47:06.6705118Z [188/499] [chromium] › src/applications.component.spec.ts:337:1 › V030-012 A unknown create cannot retry under B after another tab switches the shared session
product	Migrations, HTTPS and real product acceptance	2026-10-05T04:47:10.5532214Z [189/499] [chromium] › src/applications.component.spec.ts:383:1 › V030-012 stale A shell blocks a new create when another tab is now B
product	Migrations, HTTPS and real product acceptance	2026-10-05T04:47:14.1233320Z [190/499] [chromium] › src/applications.component.spec.ts:410:1 › V030-012 switching from a masked A view keeps recovery in the SPA auth flow
product	Migrations, HTTPS and real product acceptance	2026-10-05T04:47:17.8428929Z [191/499] [chromium] › src/applications.component.spec.ts:434:1 › V030-012 a mismatched me/access actor never renders the old application Shell
product	Migrations, HTTPS and real product acceptance	2026-10-05T04:47:19.6864335Z [192/499] [chromium] › src/applications.component.spec.ts:450:1 › V030-012 operation 401 keeps A draft and original key across SPA reauthentication
product	Migrations, HTTPS and real product acceptance	2026-10-05T04:47:22.0139893Z [193/499] [chromium] › src/applications.component.spec.ts:485:1 › V030-012 B login cannot see or replay A draft and unknown operation
product	Migrations, HTTPS and real product acceptance	2026-10-05T04:47:24.4233871Z [194/499] [chromium] › src/applications.component.spec.ts:521:1 › V030-012 late catalog 401 keeps an unsent name for the same actor after login
product	Migrations, HTTPS and real product acceptance	2026-10-05T04:47:26.6910398Z [195/499] [chromium] › src/applications.component.spec.ts:545:1 › V030-012 a pending POST interrupted by forced login resumes as unknown under the same actor
product	Migrations, HTTPS and real product acceptance	2026-10-05T04:47:29.0475249Z [196/499] [chromium] › src/applications.component.spec.ts:589:1 › V030-012 every application-domain read, write and operation query binds the viewed actor
product	Migrations, HTTPS and real product acceptance	2026-10-05T04:47:32.6640488Z [197/499] [chromium] › src/applications.component.spec.ts:614:1 › V030-012 server denial is visible and never produces a success message
product	Migrations, HTTPS and real product acceptance	2026-10-05T04:47:34.5509536Z [198/499] [chromium] › src/applications.component.spec.ts:626:1 › V030-012 dirty create cancel and Escape retain the name until explicit discard
product	Migrations, HTTPS and real product acceptance	2026-10-05T04:47:36.4926938Z [199/499] [chromium] › src/applications.component.spec.ts:640:1 › V030-012 Home and application navigation retain one Shell and reauthorize repeated opens
product	Migrations, HTTPS and real product acceptance	2026-10-05T04:47:38.9130524Z [200/499] [chromium] › src/applications.component.spec.ts:662:1 › V030-012 leaving a dirty create restores its route on cancel and closes it on discard
product	Migrations, HTTPS and real product acceptance	2026-10-05T04:47:41.0827309Z [201/499] [chromium] › src/applications.component.spec.ts:680:1 › V030-012 an operation query denial is visible while the original outcome remains unconfirmed
product	Migrations, HTTPS and real product acceptance	2026-10-05T04:47:43.1317999Z [202/499] [chromium] › src/applications.component.spec.ts:692:1 › V030-012 denial on same-key retry cannot erase an earlier unknown outcome
product	Migrations, HTTPS and real product acceptance	2026-10-05T04:47:45.2063117Z [203/499] [chromium] › src/applications.component.spec.ts:711:1 › V030-012 confirmed create notice stays in the catalogue after opening the workspace
product	Migrations, HTTPS and real product acceptance	2026-10-05T04:47:47.2535383Z [204/499] [chromium] › src/applications.component.spec.ts:728:1 › Root Mono application Home uses the approved shared full-bleed desktop shell
product	Migrations, HTTPS and real product acceptance	2026-10-05T04:47:49.0102918Z [205/499] [chromium] › src/applications.form-shell.component.spec.ts:41:1 › V030-012 Shell opens the real structure and form view under one app tab
product	Migrations, HTTPS and real product acceptance	2026-10-05T04:47:50.8953806Z [206/499] [chromium] › src/applications.form-shell.component.spec.ts:53:1 › V030-012 external Back discard removes a structure draft before returning
product	Migrations, HTTPS and real product acceptance	2026-10-05T04:47:53.1763794Z [207/499] [chromium] › src/applications.form-shell.component.spec.ts:72:1 › V030-012 external Back discard removes a designer draft before returning
product	Migrations, HTTPS and real product acceptance	2026-10-05T04:47:55.4326505Z [208/499] [chromium] › src/applications.form-shell.component.spec.ts:88:1 › V030-012 closing the current app tab waits for form discard and clears only the unsent draft
product	Migrations, HTTPS and real product acceptance	2026-10-05T04:47:57.9026349Z [209/499] [chromium] › src/applications.form-shell.component.spec.ts:111:1 › V030-012 closing the current app tab retains a sent unknown form operation
product	Migrations, HTTPS and real product acceptance	2026-10-05T04:48:00.4474497Z [210/499] [chromium] › src/applications.form-shell.component.spec.ts:140:1 › V030-012 Shell cancels a slow unsent form preflight before route leave
product	Migrations, HTTPS and real product acceptance	2026-10-05T04:48:03.0547241Z [211/499] [chromium] › src/applications.form-shell.component.spec.ts:170:1 › V030-012 Shell re-confirms a changed preflight outcome and retains the original unknown write
product	Migrations, HTTPS and real product acceptance	2026-10-05T04:48:05.4245933Z [212/499] [chromium] › src/applications.form-shell.component.spec.ts:205:1 › V030-012 forced form 401 routes to login and restores only the same actor draft
product	Migrations, HTTPS and real product acceptance	2026-10-05T04:48:07.9246846Z [213/499] [chromium] › src/applications.form-shell.component.spec.ts:237:2 › Root R26 nested long form actions stay inside the tree and remain clickable at 1280
product	Migrations, HTTPS and real product acceptance	2026-10-05T04:48:09.9723124Z [214/499] [chromium] › src/applications.form-shell.component.spec.ts:237:2 › Root R26 nested long form actions stay inside the tree and remain clickable at 1920
product	Migrations, HTTPS and real product acceptance	2026-10-05T04:48:12.0234486Z [215/499] [chromium] › src/applications.form-shell.component.spec.ts:270:1 › Root R26 money configuration exposes a unique rounding control and preserves its selected rule
product	Migrations, HTTPS and real product acceptance	2026-10-05T04:48:14.1643183Z [216/499] [chromium] › src/applications.permissions.component.spec.ts:61:1 › V030-012 owner manages a real group with three independent server saves
product	Migrations, HTTPS and real product acceptance	2026-10-05T04:48:16.5613098Z [217/499] [chromium] › src/applications.permissions.component.spec.ts:85:1 › V030-012 a non-owner has no group-management entrance
product	Migrations, HTTPS and real product acceptance	2026-10-05T04:48:18.2547211Z [218/499] [chromium] › src/applications.permissions.component.spec.ts:94:1 › V030-012 canceling a dirty current-tab close keeps the tab and its permission draft
product	Migrations, HTTPS and real product acceptance	2026-10-05T04:48:20.3185713Z [219/499] [chromium] › src/applications.permissions.component.spec.ts:109:1 › V030-012 a confirmed group write with failed reread stays confirmed and blocks another save
product	Migrations, HTTPS and real product acceptance	2026-10-05T04:48:22.3853998Z [220/499] [chromium] › src/applications.permissions.component.spec.ts:131:1 › V030-012 creates an enabled group with the real POST and rereads it
product	Migrations, HTTPS and real product acceptance	2026-10-05T04:48:24.3257289Z [221/499] [chromium] › src/applications.permissions.component.spec.ts:145:1 › V030-012 group names count Unicode characters and reject a 101-character write
product	Migrations, HTTPS and real product acceptance	2026-10-05T04:48:26.3285740Z [222/499] [chromium] › src/applications.permissions.component.spec.ts:161:1 › V030-012 permission management remains keyboard reachable with reduced motion
product	Migrations, HTTPS and real product acceptance	2026-10-05T04:48:28.2671318Z [223/499] [chromium] › src/applications.permissions.component.spec.ts:180:1 › V030-012 an existing disabled member remains visible and can be explicitly removed
product	Migrations, HTTPS and real product acceptance	2026-10-05T04:48:30.4418131Z [224/499] [chromium] › src/applications.permissions.component.spec.ts:193:1 › V030-012 permission-group loading and failed read have visible retry states
product	Migrations, HTTPS and real product acceptance	2026-10-05T04:48:32.3129724Z [225/499] [chromium] › src/applications.permissions.component.spec.ts:216:1 › V030-012 member-candidate empty and failure states remain retryable
product	Migrations, HTTPS and real product acceptance	2026-10-05T04:48:34.4898597Z [226/499] [chromium] › src/applications.permissions.component.spec.ts:238:1 › V030-012 preserves an unsupported grant by making the menu read-only
product	Migrations, HTTPS and real product acceptance	2026-10-05T04:48:36.4432868Z [227/499] [chromium] › src/applications.permissions.component.spec.ts:252:1 › V030-012 selected members survive cursor paging and a dirty menu requires review after member save
product	Migrations, HTTPS and real product acceptance	2026-10-05T04:48:38.8068568Z [228/499] [chromium] › src/applications.permissions.component.spec.ts:279:1 › V030-012 CAS review lets two dirty sections save in sequence only after explicit retry
product	Migrations, HTTPS and real product acceptance	2026-10-05T04:48:41.1474711Z [229/499] [chromium] › src/applications.permissions.component.spec.ts:298:1 › V030-012 CAS review keeps a same-section draft after another actor changes its server baseline
product	Migrations, HTTPS and real product acceptance	2026-10-05T04:48:43.4926304Z [230/499] [chromium] › src/applications.permissions.component.spec.ts:320:1 › V030-012 CAS review discards only the selected section and retains a dirty peer
product	Migrations, HTTPS and real product acceptance	2026-10-05T04:48:45.8007301Z [231/499] [chromium] › src/applications.permissions.component.spec.ts:337:1 › V030-012 CAS review handles a second definite conflict without losing input or reusing a key
product	Migrations, HTTPS and real product acceptance	2026-10-05T04:48:48.0895282Z [232/499] [chromium] › src/applications.permissions.component.spec.ts:357:1 › V030-012 CAS review rejects a split policy snapshot before any grant write
product	Migrations, HTTPS and real product acceptance	2026-10-05T04:48:50.4875581Z [233/499] [chromium] › src/applications.permissions.component.spec.ts:388:1 › V030-012 CAS review rejects a stale group item against its list revision
product	Migrations, HTTPS and real product acceptance	2026-10-05T04:48:52.5656165Z [234/499] [chromium] › src/applications.permissions.component.spec.ts:415:1 › V030-012 Back discard cancels a gated group preflight before PUT
product	Migrations, HTTPS and real product acceptance	2026-10-05T04:48:54.8114718Z [235/499] [chromium] › src/applications.permissions.component.spec.ts:439:1 › V030-012 an unconfirmed group PUT keeps its original actor, body, key and editable scope
product	Migrations, HTTPS and real product acceptance	2026-10-05T04:48:57.7319879Z [236/499] [chromium] › src/applications.permissions.component.spec.ts:483:1 › V030-012 group preflight 401 preserves the unsent scoped draft for the same actor
product	Migrations, HTTPS and real product acceptance	2026-10-05T04:49:00.4240053Z [237/499] [chromium] › src/applications.states.component.spec.ts:19:1 › V030-012 catalog error, loading, retry and empty states remain honest
product	Migrations, HTTPS and real product acceptance	2026-10-05T04:49:02.4792953Z [238/499] [chromium] › src/applications.states.component.spec.ts:40:1 › V030-012 stale app access is denied and a fresh retry reauthorizes it
product	Migrations, HTTPS and real product acceptance	2026-10-05T04:49:04.4332598Z [239/499] [chromium] › src/applications.states.component.spec.ts:54:1 › V030-012 catalog 401 sends the user to login
product	Migrations, HTTPS and real product acceptance	2026-10-05T04:49:06.2658470Z [240/499] [chromium] › src/applications.states.component.spec.ts:62:1 › V030-012 unknown create and dirty-close states show the retained operation
product	Migrations, HTTPS and real product acceptance	2026-10-05T04:49:08.4832522Z [241/499] [chromium] › src/auth.component.spec.ts:5:1 › Q29 login error card and registration retain the current Figma dimensions
product	Migrations, HTTPS and real product acceptance	2026-10-05T04:49:12.5122697Z [242/499] [chromium] › src/auth.component.spec.ts:14:1 › approved account dictionary: 254 Unicode characters can be entered and submitted
product	Migrations, HTTPS and real product acceptance	2026-10-05T04:49:15.1192489Z [243/499] [chromium] › src/auth.component.spec.ts:26:1 › approved account dictionary: non-breaking edge spaces are preserved
product	Migrations, HTTPS and real product acceptance	2026-10-05T04:49:17.1671398Z [244/499] [chromium] › src/auth.component.spec.ts:35:1 › Figma brand text keeps its #102044 color above the glow on mobile
product	Migrations, HTTPS and real product acceptance	2026-10-05T04:49:19.2088160Z [245/499] [chromium] › src/auth.component.spec.ts:58:1 › PRD UX: login loading prevents a second submission and restores after failure
product	Migrations, HTTPS and real product acceptance	2026-10-05T04:49:21.4148148Z [246/499] [chromium] › src/auth.component.spec.ts:80:1 › PRD FR-017: successful registration returns to login without restoring a Session
product	Migrations, HTTPS and real product acceptance	2026-10-05T04:49:23.6302263Z [247/499] [chromium] › src/auth.component.spec.ts:93:1 › Q7: logout sends the frontend-readable host CSRF cookie in the header
product	Migrations, HTTPS and real product acceptance	2026-10-05T04:49:25.2903901Z [WebServer] 4:49:25 AM [vite] http proxy error: /api/v1/applications
product	Migrations, HTTPS and real product acceptance	2026-10-05T04:49:25.2904494Z 
product	Migrations, HTTPS and real product acceptance	2026-10-05T04:49:25.2906342Z [WebServer] Error: connect ECONNREFUSED 127.0.0.1:8080
product	Migrations, HTTPS and real product acceptance	2026-10-05T04:49:25.2907751Z [WebServer]     at TCPConnectWrap.afterConnect [as oncomplete] (node:net:2017:16)
product	Migrations, HTTPS and real product acceptance	2026-10-05T04:49:25.2920163Z 
product	Migrations, HTTPS and real product acceptance	2026-10-05T04:49:25.2924767Z [WebServer] 4:49:25 AM [vite] http proxy error: /api/v1/applications
product	Migrations, HTTPS and real product acceptance	2026-10-05T04:49:25.2925968Z [WebServer] Error: connect ECONNREFUSED 127.0.0.1:8080
product	Migrations, HTTPS and real product acceptance	2026-10-05T04:49:25.2927143Z [WebServer]     at TCPConnectWrap.afterConnect [as oncomplete] (node:net:2017:16)
product	Migrations, HTTPS and real product acceptance	2026-10-05T04:49:25.5324073Z [248/499] [chromium] › src/auth.component.spec.ts:116:1 › Q12: future login controls stay visible and disabled
product	Migrations, HTTPS and real product acceptance	2026-10-05T04:49:27.5707308Z [249/499] [chromium] › src/auth.component.spec.ts:129:1 › WaveOS Figma 13:2 login shell uses the new brand and card geometry
product	Migrations, HTTPS and real product acceptance	2026-10-05T04:49:29.8170232Z [250/499] [chromium] › src/auth.component.spec.ts:144:1 › WaveOS Figma 40:2 register has four large fields and the invitation
product	Migrations, HTTPS and real product acceptance	2026-10-05T04:49:32.0263343Z [251/499] [chromium] › src/auth.component.spec.ts:160:1 › FR-001/011: login is accessible and offers no self-service recovery
product	Migrations, HTTPS and real product acceptance	2026-10-05T04:49:34.0409683Z [252/499] [chromium] › src/auth.component.spec.ts:168:1 › PRD interaction: password visibility can be toggled
product	Migrations, HTTPS and real product acceptance	2026-10-05T04:49:36.1948757Z [253/499] [chromium] › src/auth.component.spec.ts:177:1 › FR-004: invitation URL fills the registration field
product	Migrations, HTTPS and real product acceptance	2026-10-05T04:49:37.9376129Z [254/499] [chromium] › src/auth.component.spec.ts:182:1 › FR-002: registration rejects an account containing spaces before submission
product	Migrations, HTTPS and real product acceptance	2026-10-05T04:49:40.0585764Z [255/499] [chromium] › src/auth.component.spec.ts:197:1 › FR-018: four required character classes suffice without a length hint
product	Migrations, HTTPS and real product acceptance	2026-10-05T04:49:41.8278753Z [256/499] [chromium] › src/auth.component.spec.ts:203:1 › FR-018: registration exposes accessible password-strength feedback
product	Migrations, HTTPS and real product acceptance	2026-10-05T04:49:43.8631736Z [257/499] [chromium] › src/auth.component.spec.ts:208:1 › FR-007: an anonymous browser cannot enter the protected app
product	Migrations, HTTPS and real product acceptance	2026-10-05T04:49:45.5785448Z [258/499] [chromium] › src/auth.component.spec.ts:213:1 › API-14: a current-session service failure is shown as a system error
product	Migrations, HTTPS and real product acceptance	2026-10-05T04:49:47.2640216Z [259/499] [chromium] › src/auth.component.spec.ts:219:1 › FR-001 UX: login reports a network failure in plain language
product	Migrations, HTTPS and real product acceptance	2026-10-05T04:49:49.3283186Z [260/499] [chromium] › src/auth.component.spec.ts:228:1 › FR-001: wrong credentials show an error and remain unauthenticated
product	Migrations, HTTPS and real product acceptance	2026-10-05T04:49:51.1882397Z [261/499] [chromium] › src/auth.component.spec.ts:242:1 › PRD login rule: an empty password is rejected before submission
product	Migrations, HTTPS and real product acceptance	2026-10-05T04:49:53.3352336Z [262/499] [chromium] › src/filter-manager.component.spec.ts:42:1 › approved empty manager opens at viewport center with explicit new action
product	Migrations, HTTPS and real product acceptance	2026-10-05T04:49:55.5005875Z [263/499] [chromium] › src/filter-manager.component.spec.ts:46:1 › save finite OR of AND blocks and typed comparison without applying
product	Migrations, HTTPS and real product acceptance	2026-10-05T04:49:58.9911912Z [264/499] [chromium] › src/filter-manager.component.spec.ts:54:1 › visibility-only save has independent searches and keeps at least one business field
product	Migrations, HTTPS and real product acceptance	2026-10-05T04:50:02.3924304Z [265/499] [chromium] › src/filter-manager.component.spec.ts:61:1 › apply latest resource resets page selection while preserving search quick filters and queryVersion
product	Migrations, HTTPS and real product acceptance	2026-10-05T04:50:05.9311513Z [266/499] [chromium] › src/filter-manager.component.spec.ts:67:1 › editing applied preset saves new version but preserves applied snapshot until explicit apply
product	Migrations, HTTPS and real product acceptance	2026-10-05T04:50:09.3878519Z [267/499] [chromium] › src/filter-manager.component.spec.ts:71:1 › switch A to B then cancel restores original visibility and does not restore A baseline
product	Migrations, HTTPS and real product acceptance	2026-10-05T04:50:12.8596278Z [268/499] [chromium] › src/filter-manager.component.spec.ts:75:1 › delete active requires confirmation then clears filter and restores columns
product	Migrations, HTTPS and real product acceptance	2026-10-05T04:50:16.2098470Z [269/499] [chromium] › src/filter-manager.component.spec.ts:78:115 › PERSONNEL_PRESET_NAME_CONFLICT preserves editor input with specific recovery
product	Migrations, HTTPS and real product acceptance	2026-10-05T04:50:19.4270402Z [270/499] [chromium] › src/filter-manager.component.spec.ts:78:115 › PERSONNEL_PRESET_LIMIT_REACHED preserves editor input with specific recovery
product	Migrations, HTTPS and real product acceptance	2026-10-05T04:50:22.6275847Z [271/499] [chromium] › src/filter-manager.component.spec.ts:78:115 › PERSONNEL_PRESET_CONFLICT preserves editor input with specific recovery
product	Migrations, HTTPS and real product acceptance	2026-10-05T04:50:25.8474401Z [272/499] [chromium] › src/filter-manager.component.spec.ts:81:75 › failed COMMON_QUERY_CHANGED apply cannot change active filter visibility or refresh automatically
product	Migrations, HTTPS and real product acceptance	2026-10-05T04:50:29.0148978Z [273/499] [chromium] › src/filter-manager.component.spec.ts:81:75 › failed COMMON_QUERY_CONTEXT_EXPIRED apply cannot change active filter visibility or refresh automatically
product	Migrations, HTTPS and real product acceptance	2026-10-05T04:50:32.2068657Z [274/499] [chromium] › src/filter-manager.component.spec.ts:84:1 › reopening and reloading do not autoapply persisted presets
product	Migrations, HTTPS and real product acceptance	2026-10-05T04:50:37.2778098Z [275/499] [chromium] › src/filter-manager.component.spec.ts:87:1 › invalid empty intermediate row stays editable and cannot be saved
product	Migrations, HTTPS and real product acceptance	2026-10-05T04:50:40.5991523Z [276/499] [chromium] › src/filter-manager.component.spec.ts:90:1 › narrow centered editor scrolls body with fixed footer and keyboard move controls
product	Migrations, HTTPS and real product acceptance	2026-10-05T04:50:45.2335840Z [277/499] [chromium] › src/filter-manager.component.spec.ts:94:1 › open close reopen last intent survives transition and reduced motion remains operable
product	Migrations, HTTPS and real product acceptance	2026-10-05T04:50:48.4063724Z [278/499] [chromium] › src/filter-manager.component.spec.ts:97:1 › single Arca Table hides by stable ID and preserves hidden width/order through visible resize
product	Migrations, HTTPS and real product acceptance	2026-10-05T04:50:50.0692865Z [279/499] [chromium] › src/filter-manager.component.spec.ts:105:1 › frozen text empty string stays a typed value and is distinct from zero conditions
product	Migrations, HTTPS and real product acceptance	2026-10-05T04:50:53.2726375Z [280/499] [chromium] › src/filter-manager.component.spec.ts:108:1 › successful active delete and later query failure are reported separately with old snapshot retained
product	Migrations, HTTPS and real product acceptance	2026-10-05T04:50:56.7097346Z [281/499] [chromium] › src/filter-manager.component.spec.ts:113:1 › unsupported runtime tree cannot be silently flattened by edit or applied as a full query
product	Migrations, HTTPS and real product acceptance	2026-10-05T04:50:59.9002446Z [282/499] [chromium] › src/filter-manager.component.spec.ts:116:1 › visibility-only applies without a query and deletion of nonactive does not change the snapshot
product	Migrations, HTTPS and real product acceptance	2026-10-05T04:51:03.1304598Z [283/499] [chromium] › src/filter-manager.component.spec.ts:119:1 › unsaved editor Escape preserves input until explicit discard and footer cancel returns to manager
product	Migrations, HTTPS and real product acceptance	2026-10-05T04:51:06.5509708Z [284/499] [chromium] › src/filter-manager.component.spec.ts:122:1 › deleted reference and unknown fields fail apply before any search request
product	Migrations, HTTPS and real product acceptance	2026-10-05T04:51:09.6896273Z [285/499] [chromium] › src/filter-manager.component.spec.ts:125:1 › narrow typed condition retains a readable field name beside NULL controls
product	Migrations, HTTPS and real product acceptance	2026-10-05T04:51:13.6597980Z [286/499] [chromium] › src/password-ascii.component.spec.ts:4:1 › Q13: space is printable but does not satisfy the special class
product	Migrations, HTTPS and real product acceptance	2026-10-05T04:51:15.4335210Z [287/499] [chromium] › src/password-ascii.component.spec.ts:10:1 › Q13: registration rejects Unicode despite having all four ASCII classes
product	Migrations, HTTPS and real product acceptance	2026-10-05T04:51:17.6056847Z [288/499] [chromium] › src/password-ascii.component.spec.ts:25:1 › Q13: printable spaces are preserved when four classes are present
product	Migrations, HTTPS and real product acceptance	2026-10-05T04:51:19.7599264Z [289/499] [chromium] › src/personnel-arca-focus.component.spec.ts:6:1 › Q35 original column focus excludes the workspace outline while retaining outer focus
product	Migrations, HTTPS and real product acceptance	2026-10-05T04:51:21.8771589Z [290/499] [chromium] › src/personnel-arca-keyboard.component.spec.ts:6:1 › Q35 sort menu supports direction keys, visible focus and Escape return
product	Migrations, HTTPS and real product acceptance	2026-10-05T04:51:24.3397834Z [291/499] [chromium] › src/personnel-arca-keyboard.component.spec.ts:42:1 › Q35 original base foreground and smoothing are scoped to the table
product	Migrations, HTTPS and real product acceptance	2026-10-05T04:51:26.4284631Z [292/499] [chromium] › src/personnel-arca-theme.component.spec.ts:6:1 › Q35 original dark variant leaves the light pager unchanged without a dark class
product	Migrations, HTTPS and real product acceptance	2026-10-05T04:51:28.4792805Z [293/499] [chromium] › src/personnel-arca.component.spec.ts:25:1 › Q35 identity and template share the card list and retain dirty edit protection
product	Migrations, HTTPS and real product acceptance	2026-10-05T04:51:31.0274536Z [294/499] [chromium] › src/personnel-arca.component.spec.ts:45:66 › Q35 成员与部门 0 real rows fill the body with inert blank grid rows
product	Migrations, HTTPS and real product acceptance	2026-10-05T04:51:33.1797531Z [295/499] [chromium] › src/personnel-arca.component.spec.ts:45:66 › Q35 成员与部门 1 real rows fill the body with inert blank grid rows
product	Migrations, HTTPS and real product acceptance	2026-10-05T04:51:35.4003866Z [296/499] [chromium] › src/personnel-arca.component.spec.ts:45:66 › Q35 操作记录 0 real rows fill the body with inert blank grid rows
product	Migrations, HTTPS and real product acceptance	2026-10-05T04:51:37.7865528Z [297/499] [chromium] › src/personnel-arca.component.spec.ts:45:66 › Q35 操作记录 1 real rows fill the body with inert blank grid rows
product	Migrations, HTTPS and real product acceptance	2026-10-05T04:51:40.1093582Z [298/499] [chromium] › src/personnel-arca.component.spec.ts:69:1 › Q35 full original pager and page size control are present
product	Migrations, HTTPS and real product acceptance	2026-10-05T04:51:42.1105498Z [299/499] [chromium] › src/personnel-arca.component.spec.ts:78:1 › Q35 original resize and reorder handles are enabled
product	Migrations, HTTPS and real product acceptance	2026-10-05T04:51:44.1542739Z [300/499] [chromium] › src/personnel-arca.component.spec.ts:85:1 › Q35 official animated checkbox and full pager use real server page sizes without double slicing
product	Migrations, HTTPS and real product acceptance	2026-10-05T04:51:47.8584446Z [301/499] [chromium] › src/personnel-arca.component.spec.ts:107:1 › Q36 typed member headers preserve received order, resize and reorder without business writes
product	Migrations, HTTPS and real product acceptance	2026-10-05T04:51:50.7495634Z [302/499] [chromium] › src/personnel-arca.component.spec.ts:126:1 › Q35 page size retains arrow, Home and Enter keyboard operation
product	Migrations, HTTPS and real product acceptance	2026-10-05T04:51:52.9309023Z [303/499] [chromium] › src/personnel-arca.component.spec.ts:138:1 › Q36 shrinking full result blocks pagination until explicit refresh instead of silently clamping
product	Migrations, HTTPS and real product acceptance	2026-10-05T04:51:55.4718470Z [304/499] [chromium] › src/personnel-arca.component.spec.ts:163:1 › Q35 narrow viewport keeps the original pager controls fully reachable
product	Migrations, HTTPS and real product acceptance	2026-10-05T04:51:58.6094926Z [305/499] [chromium] › src/personnel-arca.component.spec.ts:177:1 › Q35 source font uses Geist with the existing Chinese fallback inside its scope
product	Migrations, HTTPS and real product acceptance	2026-10-05T04:52:00.6543185Z [306/499] [chromium] › src/personnel-arca.component.spec.ts:185:1 › Q35 sorting menu stays open during its own scrolling and closes on table scrolling
product	Migrations, HTTPS and real product acceptance	2026-10-05T04:52:04.2331180Z [307/499] [chromium] › src/personnel-table.component.spec.ts:20:1 › Q35 identity pagination remains accessible in the shared definition list
product	Migrations, HTTPS and real product acceptance	2026-10-05T04:52:06.3356777Z [308/499] [chromium] › src/personnel-table.component.spec.ts:33:1 › Q34 member status retains its meaning with the confirmed body typography
product	Migrations, HTTPS and real product acceptance	2026-10-05T04:52:08.4228360Z [309/499] [chromium] › src/personnel.component.spec.ts:43:89 › Q34 Arca table geometry and readable rows on 成员与部门
product	Migrations, HTTPS and real product acceptance	2026-10-05T04:52:10.6327558Z [310/499] [chromium] › src/personnel.component.spec.ts:43:89 › Q34 Arca table geometry and readable rows on 操作记录
product	Migrations, HTTPS and real product acceptance	2026-10-05T04:52:13.0174476Z [311/499] [chromium] › src/personnel.component.spec.ts:62:1 › Q34 page selection exposes mixed state without writing and shows selected rows
product	Migrations, HTTPS and real product acceptance	2026-10-05T04:52:15.2505059Z [312/499] [chromium] › src/personnel.component.spec.ts:72:1 › Q35 identity cards preserve edit entry, shared fields and unsaved switch protection
product	Migrations, HTTPS and real product acceptance	2026-10-05T04:52:17.7698642Z [313/499] [chromium] › src/personnel.component.spec.ts:83:31 › Q34 dense table keeps sticky header and both scroll axes at 1920
product	Migrations, HTTPS and real product acceptance	2026-10-05T04:52:20.0325405Z [314/499] [chromium] › src/personnel.component.spec.ts:83:31 › Q34 dense table keeps sticky header and both scroll axes at 320
product	Migrations, HTTPS and real product acceptance	2026-10-05T04:52:22.3959902Z [315/499] [chromium] › src/personnel.component.spec.ts:97:1 › Q35 identity empty list and reduced motion preserve accessible states
product	Migrations, HTTPS and real product acceptance	2026-10-05T04:52:24.5699837Z [316/499] [chromium] › src/personnel.component.spec.ts:103:1 › Q34 keyboard focus ring stays visible inside truncated table cells
product	Migrations, HTTPS and real product acceptance	2026-10-05T04:52:26.7012755Z [317/499] [chromium] › src/personnel.component.spec.ts:112:1 › Q34 reverse keyboard navigation keeps row actions below the sticky header
product	Migrations, HTTPS and real product acceptance	2026-10-05T04:52:29.0866525Z [318/499] [chromium] › src/personnel.component.spec.ts:122:44 › Root Mono personnel keeps reachable navigation and full-bleed surface at 2504
product	Migrations, HTTPS and real product acceptance	2026-10-05T04:52:31.2535446Z [319/499] [chromium] › src/personnel.component.spec.ts:122:44 › Root Mono personnel keeps reachable navigation and full-bleed surface at 1920
product	Migrations, HTTPS and real product acceptance	2026-10-05T04:52:33.3695996Z [320/499] [chromium] › src/personnel.component.spec.ts:122:44 › Root Mono personnel keeps reachable navigation and full-bleed surface at 900
product	Migrations, HTTPS and real product acceptance	2026-10-05T04:52:35.4899191Z [321/499] [chromium] › src/personnel.component.spec.ts:122:44 › Root Mono personnel keeps reachable navigation and full-bleed surface at 390
product	Migrations, HTTPS and real product acceptance	2026-10-05T04:52:37.5698031Z [322/499] [chromium] › src/personnel.component.spec.ts:122:44 › Root Mono personnel keeps reachable navigation and full-bleed surface at 320
product	Migrations, HTTPS and real product acceptance	2026-10-05T04:52:39.6340174Z [323/499] [chromium] › src/personnel.component.spec.ts:127:1 › Q33 crossing responsive breakpoints preserves navigation, dirty input and explicit leave protection
product	Migrations, HTTPS and real product acceptance	2026-10-05T04:52:42.3874625Z [324/499] [chromium] › src/personnel.component.spec.ts:139:30 › Q33 fixed sidebar retains narrow keyboard tabs and real content scrolling at 390
product	Migrations, HTTPS and real product acceptance	2026-10-05T04:52:44.9168612Z [325/499] [chromium] › src/personnel.component.spec.ts:139:30 › Q33 fixed sidebar retains narrow keyboard tabs and real content scrolling at 320
product	Migrations, HTTPS and real product acceptance	2026-10-05T04:52:47.3946602Z [326/499] [chromium] › src/personnel.component.spec.ts:154:1 › Q32 identity select has the separated rounded menu and preserves server filtering
product	Migrations, HTTPS and real product acceptance	2026-10-05T04:52:50.5502605Z [327/499] [chromium] › src/personnel.component.spec.ts:169:1 › Q32 grouped selectors keep modal focus and Escape first dismisses the menu
product	Migrations, HTTPS and real product acceptance	2026-10-05T04:52:53.0084393Z [328/499] [chromium] › src/personnel.component.spec.ts:180:1 › Q32 parent department chooser uses options without closing the native modal
product	Migrations, HTTPS and real product acceptance	2026-10-05T04:52:56.2064448Z [329/499] [chromium] › src/personnel.component.spec.ts:188:1 › Q32 long action menu stays in the viewport and keyboard chooses the final real action
product	Migrations, HTTPS and real product acceptance	2026-10-05T04:52:58.6106468Z [330/499] [chromium] › src/personnel.component.spec.ts:199:1 › Q32 pill indicator slides between tabs only after unsaved changes are resolved
product	Migrations, HTTPS and real product acceptance	2026-10-05T04:53:01.7996602Z [331/499] [chromium] › src/personnel.component.spec.ts:211:1 › Q32 reduced motion removes displacement and option stagger and keeps compact tabs reachable
product	Migrations, HTTPS and real product acceptance	2026-10-05T04:53:04.1899249Z [332/499] [chromium] › src/personnel.component.spec.ts:222:1 › Q32 large directories expose the final option promptly after End
product	Migrations, HTTPS and real product acceptance	2026-10-05T04:53:06.3696436Z [333/499] [chromium] › src/personnel.component.spec.ts:228:1 › Q32 quick reversal preserves the current menu height rather than jumping to endpoints
product	Migrations, HTTPS and real product acceptance	2026-10-05T04:53:08.5989754Z [334/499] [chromium] › src/personnel.component.spec.ts:247:1 › Q32 searching below the tabs preserves the narrow-screen content scroll position
product	Migrations, HTTPS and real product acceptance	2026-10-05T04:53:10.7039217Z [335/499] [chromium] › src/personnel.component.spec.ts:253:1 › Q32 upward expansion and closing stay attached to the trigger edge on every frame
product	Migrations, HTTPS and real product acceptance	2026-10-05T04:53:13.4465259Z [336/499] [chromium] › src/personnel.component.spec.ts:267:1 › Q32 upward menus animate the corners adjacent to their trigger
product	Migrations, HTTPS and real product acceptance	2026-10-05T04:53:15.4789915Z [337/499] [chromium] › src/personnel.component.spec.ts:276:1 › Root Mono Home keeps account control in the rail and a stable top bar
product	Migrations, HTTPS and real product acceptance	2026-10-05T04:53:17.4692248Z [338/499] [chromium] › src/personnel.component.spec.ts:283:1 › Root Mono admin retains actions within shared full-bleed chrome across resize
product	Migrations, HTTPS and real product acceptance	2026-10-05T04:53:19.7361248Z [339/499] [chromium] › src/personnel.component.spec.ts:290:1 › Q31 tabs have no vertical overflow and compact layouts retain keyboard access to the last tab
product	Migrations, HTTPS and real product acceptance	2026-10-05T04:53:23.8106301Z [340/499] [chromium] › src/personnel.component.spec.ts:303:1 › Q31 real member overflow remains scrollable while the tab strip has no vertical scrollbar
product	Migrations, HTTPS and real product acceptance	2026-10-05T04:53:26.0009830Z [341/499] [chromium] › src/personnel.component.spec.ts:315:97 › Root Mono white surface fills viewport 2504x1355 after resize
product	Migrations, HTTPS and real product acceptance	2026-10-05T04:53:28.3104745Z [342/499] [chromium] › src/personnel.component.spec.ts:315:97 › Root Mono white surface fills viewport 1440x900 after resize
product	Migrations, HTTPS and real product acceptance	2026-10-05T04:53:30.5767973Z [343/499] [chromium] › src/personnel.component.spec.ts:315:97 › Root Mono white surface fills viewport 390x844 after resize
product	Migrations, HTTPS and real product acceptance	2026-10-05T04:53:32.7604505Z [344/499] [chromium] › src/personnel.component.spec.ts:320:1 › Root Mono hover preserves navigation geometry without moving the label
product	Migrations, HTTPS and real product acceptance	2026-10-05T04:53:35.1139290Z [345/499] [chromium] › src/personnel.component.spec.ts:326:1 › Q33 reduced motion and repeated resize keep navigation geometry and unsaved edit
product	Migrations, HTTPS and real product acceptance	2026-10-05T04:53:38.2631017Z [346/499] [chromium] › src/personnel.component.spec.ts:333:1 › R3 login enters Home with settings and account navigation; admin exit retains Session
product	Migrations, HTTPS and real product acceptance	2026-10-05T04:53:40.9026861Z [347/499] [chromium] › src/personnel.component.spec.ts:344:1 › R2 AC02 ordinary member Home has own identity/empty app state; direct admin denies
product	Migrations, HTTPS and real product acceptance	2026-10-05T04:53:44.2504869Z [348/499] [chromium] › src/personnel.component.spec.ts:348:1 › Q33 fixed sidebar retains selected tab and unsaved input across viewports; icons aligned
product	Migrations, HTTPS and real product acceptance	2026-10-05T04:53:46.9558554Z [349/499] [chromium] › src/personnel.component.spec.ts:357:1 › R3 identity separates direct/template sources and confirms impact before versioned save
product	Migrations, HTTPS and real product acceptance	2026-10-05T04:53:49.5086541Z [350/499] [chromium] › src/personnel.component.spec.ts:366:2 › R3 save failure 409 preserves input and exposes specific outcome
product	Migrations, HTTPS and real product acceptance	2026-10-05T04:53:52.0144065Z [351/499] [chromium] › src/personnel.component.spec.ts:366:2 › R3 save failure 403 preserves input and exposes specific outcome
product	Migrations, HTTPS and real product acceptance	2026-10-05T04:53:54.5133511Z [352/499] [chromium] › src/personnel.component.spec.ts:366:2 › R3 save failure 503 preserves input and exposes specific outcome
product	Migrations, HTTPS and real product acceptance	2026-10-05T04:53:57.0347993Z [353/499] [chromium] › src/personnel.component.spec.ts:371:1 › R3 dirty tab/object/admin leave requires explicit choice and never saves
product	Migrations, HTTPS and real product acceptance	2026-10-05T04:53:59.7626921Z [354/499] [chromium] › src/personnel.component.spec.ts:376:1 › R3 template UI has genuine no-application empty state and referenced delete protection
product	Migrations, HTTPS and real product acceptance	2026-10-05T04:54:02.1042308Z [355/499] [chromium] › src/personnel.component.spec.ts:379:1 › R3 members expose multi-identity editor and group operation without changing permissions
product	Migrations, HTTPS and real product acceptance	2026-10-05T04:54:04.4096686Z [356/499] [chromium] › src/personnel.component.spec.ts:384:1 › R3 departments create uses selected parent; enterprise root is protected
product	Migrations, HTTPS and real product acceptance	2026-10-05T04:54:06.7080955Z [357/499] [chromium] › src/personnel.component.spec.ts:389:1 › R3 invitation is deliberate one-time result; activity has true empty state
product	Migrations, HTTPS and real product acceptance	2026-10-05T04:54:09.1131960Z [358/499] [chromium] › src/personnel.component.spec.ts:393:1 › R3 reduced motion and compact layouts retain keyboard-reachable navigation
product	Migrations, HTTPS and real product acceptance	2026-10-05T04:54:11.1284621Z [359/499] [chromium] › src/personnel.component.spec.ts:397:1 › R3 browser back with dirty configuration prompts, cancel preserves inputs
product	Migrations, HTTPS and real product acceptance	2026-10-05T04:54:13.7832845Z [360/499] [chromium] › src/personnel.component.spec.ts:403:1 › V030-012 retained app operation does not hide the current personnel discard consequence
product	Migrations, HTTPS and real product acceptance	2026-10-05T04:54:16.7548949Z [361/499] [chromium] › src/personnel.component.spec.ts:438:1 › R3 definition creation has no fake seed; validates and sends explicit config
product	Migrations, HTTPS and real product acceptance	2026-10-05T04:54:19.2304940Z [362/499] [chromium] › src/personnel.component.spec.ts:444:1 › R3 member explicit move preserves other groups and identity configuration
product	Migrations, HTTPS and real product acceptance	2026-10-05T04:54:23.5745165Z [363/499] [chromium] › src/personnel.component.spec.ts:452:1 › R3 member search and pagination send approved filters, no local page-only filtering
product	Migrations, HTTPS and real product acceptance	2026-10-05T04:54:25.8433503Z [364/499] [chromium] › src/personnel.component.spec.ts:457:1 › R3 activity search and action filter are server-side, not cosmetic controls
product	Migrations, HTTPS and real product acceptance	2026-10-05T04:54:28.3656862Z [365/499] [chromium] › src/personnel.component.spec.ts:462:1 › R3 deleting unreferenced template confirms and sends version; 409 keeps selection
product	Migrations, HTTPS and real product acceptance	2026-10-05T04:54:32.4291340Z [366/499] [chromium] › src/personnel.component.spec.ts:470:1 › R3 creates a permission template with explicit empty configuration
product	Migrations, HTTPS and real product acceptance	2026-10-05T04:54:34.8667226Z [367/499] [chromium] › src/personnel.component.spec.ts:478:1 › R3 identity deletion protects references and explicitly confirms an unreferenced object
product	Migrations, HTTPS and real product acceptance	2026-10-05T04:54:39.3323918Z [368/499] [chromium] › src/personnel.component.spec.ts:485:1 › R3 department selected node filters members; rename and delete use actual version; root protected
product	Migrations, HTTPS and real product acceptance	2026-10-05T04:54:41.7471666Z [369/499] [chromium] › src/personnel.component.spec.ts:495:1 › R3 complete assignment choices load beyond the first 100 templates
product	Migrations, HTTPS and real product acceptance	2026-10-05T04:54:44.1870475Z [370/499] [chromium] › src/personnel.component.spec.ts:502:1 › R3 identity search and next page query the backend while keeping explicit selection
product	Migrations, HTTPS and real product acceptance	2026-10-05T04:54:46.5316281Z [371/499] [chromium] › src/personnel.component.spec.ts:508:1 › R3 member identity filter and activity pagination are server controls
product	Migrations, HTTPS and real product acceptance	2026-10-05T04:54:49.1159924Z [372/499] [chromium] › src/personnel.component.spec.ts:514:1 › R3 invitation uses the existing invitationCode response and clears it on close
product	Migrations, HTTPS and real product acceptance	2026-10-05T04:54:51.4374397Z [373/499] [chromium] › src/personnel.component.spec.ts:520:1 › R3 activity pagination and explicit time range reach the server independently
product	Migrations, HTTPS and real product acceptance	2026-10-05T04:54:54.0938601Z [374/499] [chromium] › src/personnel.component.spec.ts:527:1 › R3 explicit activity time filter sends RFC3339 and resets the page
product	Migrations, HTTPS and real product acceptance	2026-10-05T04:54:56.6695219Z [375/499] [chromium] › src/personnel.component.spec.ts:533:1 › R3 empty department deletion confirms version and preserves conflict feedback
product	Migrations, HTTPS and real product acceptance	2026-10-05T04:54:58.9659544Z [376/499] [chromium] › src/personnel.component.spec.ts:539:61 › R3 unsaved department form survives close and Escape until explicit discard
product	Migrations, HTTPS and real product acceptance	2026-10-05T04:55:01.3515127Z [377/499] [chromium] › src/personnel.component.spec.ts:539:61 › R3 unsaved member form survives close and Escape until explicit discard
product	Migrations, HTTPS and real product acceptance	2026-10-05T04:55:03.8102808Z [378/499] [chromium] › src/personnel.component.spec.ts:539:61 › R3 unsaved groups form survives close and Escape until explicit discard
product	Migrations, HTTPS and real product acceptance	2026-10-05T04:55:06.3069344Z [379/499] [chromium] › src/personnel.component.spec.ts:549:1 › Root Mono shell retains white surface and inset content well at large sizes
product	Migrations, HTTPS and real product acceptance	2026-10-05T04:55:08.8205166Z [380/499] [chromium] › src/personnel.component.spec.ts:558:1 › Q25 default activity range omits optional empty timestamps in every initial request
product	Migrations, HTTPS and real product acceptance	2026-10-05T04:55:10.8238010Z [381/499] [chromium] › src/personnel.component.spec.ts:564:1 › Figma original checkbox uses the original check SVG, 20px surface and 6px corners
product	Migrations, HTTPS and real product acceptance	2026-10-05T04:55:13.2233814Z [382/499] [chromium] › src/personnel.component.spec.ts:571:1 › Root Mono shell has the approved white foreground and pale neutral background
product	Migrations, HTTPS and real product acceptance	2026-10-05T04:55:15.1912960Z [383/499] [chromium] › src/personnel.component.spec.ts:575:1 › R3 activity presents readable action, target and safe changes rather than raw protocol JSON
product	Migrations, HTTPS and real product acceptance	2026-10-05T04:55:17.6935767Z [384/499] [chromium] › src/personnel.component.spec.ts:581:1 › Root Mono personnel navigation stays reachable at viewport edges after resize
product	Migrations, HTTPS and real product acceptance	2026-10-05T04:55:19.9428594Z [385/499] [chromium] › src/personnel.component.spec.ts:584:1 › Q34 member table keeps confirmed column geometry and page selection never sends a write
product	Migrations, HTTPS and real product acceptance	2026-10-05T04:55:22.2084549Z [386/499] [chromium] › src/personnel.component.spec.ts:590:1 › Root Mono narrow personnel navigation remains reachable
product	Migrations, HTTPS and real product acceptance	2026-10-05T04:55:24.3070998Z [387/499] [chromium] › src/personnel.component.spec.ts:593:1 › Root Mono surface retains viewport edges after narrow re-entry
product	Migrations, HTTPS and real product acceptance	2026-10-05T04:55:28.0089969Z [388/499] [chromium] › src/personnel.component.spec.ts:598:2 › Figma final view original white plus asset on 身份
product	Migrations, HTTPS and real product acceptance	2026-10-05T04:55:30.0802177Z [389/499] [chromium] › src/personnel.component.spec.ts:598:2 › Figma final view original white plus asset on 权限模板
product	Migrations, HTTPS and real product acceptance	2026-10-05T04:55:32.1673688Z [390/499] [chromium] › src/personnel.component.spec.ts:603:1 › Figma final template permission retains the actual controlled code
product	Migrations, HTTPS and real product acceptance	2026-10-05T04:55:34.5328750Z [391/499] [chromium] › src/personnel.component.spec.ts:606:1 › Figma final identity distinguishes assignable management from trusted Root
product	Migrations, HTTPS and real product acceptance	2026-10-05T04:55:36.8483662Z [392/499] [chromium] › src/personnel.component.spec.ts:609:1 › Figma final activity action filter belongs in the section heading
product	Migrations, HTTPS and real product acceptance	2026-10-05T04:55:39.0965492Z [393/499] [chromium] › src/personnel.component.spec.ts:612:1 › Figma final activity time range retains the right toolbar inset
product	Migrations, HTTPS and real product acceptance	2026-10-05T04:55:41.3295410Z [394/499] [chromium] › src/personnel.component.spec.ts:615:1 › Figma final definition footer retains its source separation line
product	Migrations, HTTPS and real product acceptance	2026-10-05T04:55:43.6427224Z [395/499] [chromium] › src/personnel.component.spec.ts:619:1 › Figma final identity without applications keeps its footer in the original view
product	Migrations, HTTPS and real product acceptance	2026-10-05T04:55:46.0237732Z [396/499] [chromium] › src/personnel.component.spec.ts:622:1 › Q34 successful activity uses Arca body typography and retains the result meaning
product	Migrations, HTTPS and real product acceptance	2026-10-05T04:55:48.2709546Z [397/499] [chromium] › src/personnel.component.spec.ts:628:1 › Root Mono personnel desktop keeps the primary table in the first working area
product	Migrations, HTTPS and real product acceptance	2026-10-05T04:55:50.4825076Z [398/499] [chromium] › src/q36-b2.component.spec.ts:39:1 › Q36 B2 real member page uses POST typed filter and old context without text sorting
product	Migrations, HTTPS and real product acceptance	2026-10-05T04:55:54.1656602Z [399/499] [chromium] › src/q36-b2.component.spec.ts:50:1 › Q36 B2 event page uses server display and only occurredAt server ordering
product	Migrations, HTTPS and real product acceptance	2026-10-05T04:55:57.7787901Z [400/499] [chromium] › src/q36-b2.component.spec.ts:67:1 › Q36 B2 restored invalid identity reference remains editable until explicitly resolved
product	Migrations, HTTPS and real product acceptance	2026-10-05T04:56:00.3108475Z [401/499] [chromium] › src/q36-b2.component.spec.ts:77:1 › Q36 B2 modal query refresh preserves unsaved member input and original object version
product	Migrations, HTTPS and real product acceptance	2026-10-05T04:56:02.6214073Z [402/499] [chromium] › src/q36-b2.component.spec.ts:82:75 › Q36 B2 COMMON_QUERY_CHANGED requires explicit page-one refresh and clears selection
product	Migrations, HTTPS and real product acceptance	2026-10-05T04:56:05.0421508Z [403/499] [chromium] › src/q36-b2.component.spec.ts:82:75 › Q36 B2 COMMON_QUERY_CONTEXT_EXPIRED requires explicit page-one refresh and clears selection
product	Migrations, HTTPS and real product acceptance	2026-10-05T04:56:07.4935566Z [404/499] [chromium] › src/q36-b2.component.spec.ts:93:1 › Q36 B2 late responses cannot overwrite the newest search
product	Migrations, HTTPS and real product acceptance	2026-10-05T04:56:09.9814929Z [405/499] [chromium] › src/q36-b2.component.spec.ts:101:1 › Q36 B2 unused template card save keeps member page and validates its existing context on return
product	Migrations, HTTPS and real product acceptance	2026-10-05T04:56:12.7458978Z [406/499] [chromium] › src/q36-b2.component.spec.ts:113:1 › Q36 B2 definition explicitly saves durable draft and restores original version with conflict
product	Migrations, HTTPS and real product acceptance	2026-10-05T04:56:17.5110211Z [407/499] [chromium] › src/q36-b2.component.spec.ts:132:1 › Q36 B2 explicit member draft does not save automatically or bypass query guard
product	Migrations, HTTPS and real product acceptance	2026-10-05T04:56:19.9120519Z [408/499] [chromium] › src/q36-b2.component.spec.ts:141:1 › Q36 B2 real-page animation closes on navigation and leaves no root blocker
product	Migrations, HTTPS and real product acceptance	2026-10-05T04:56:23.3086170Z [409/499] [chromium] › src/q36-b2.component.spec.ts:149:1 › Q36 B2 applied preset manager close then trigger press honors reopen intent
product	Migrations, HTTPS and real product acceptance	2026-10-05T04:56:28.2553246Z [410/499] [chromium] › src/q36-b2.component.spec.ts:156:1 › Q36 B2 twenty AND conditions keep the save footer inside the narrow viewport
product	Migrations, HTTPS and real product acceptance	2026-10-05T04:56:33.0547013Z [411/499] [chromium] › src/q36-b2.component.spec.ts:165:1 › Q36 B2 select-current-page cannot resurrect a member hidden by custom filtering
product	Migrations, HTTPS and real product acceptance	2026-10-05T04:56:38.2654516Z [412/499] [chromium] › src/q36-b2.component.spec.ts:177:1 › Q36 B2 a trusted press spanning the exiting selection mark still selects current rows
product	Migrations, HTTPS and real product acceptance	2026-10-05T04:56:43.6628915Z [413/499] [chromium] › src/q36-b2.component.spec.ts:197:1 › Q36 B2 trusted select-all clicks while loading or empty cannot persist into restored or next-page rows
product	Migrations, HTTPS and real product acceptance	2026-10-05T04:56:48.6783189Z [414/499] [chromium] › src/q36-b2.component.spec.ts:214:1 › Q36 B2 completed filter exit preserves a newer deliberate checkbox focus
product	Migrations, HTTPS and real product acceptance	2026-10-05T04:56:51.3055773Z [415/499] [chromium] › src/q36-b2.component.spec.ts:309:108 › Q36 B2 engine button restores focus once after an ordinary close
product	Migrations, HTTPS and real product acceptance	2026-10-05T04:56:55.2805477Z [416/499] [chromium] › src/q36-b2.component.spec.ts:309:108 › Q36 B2 engine Escape restores focus once after an ordinary close
product	Migrations, HTTPS and real product acceptance	2026-10-05T04:56:58.5674716Z [417/499] [chromium] › src/q36-b2.component.spec.ts:309:108 › Q36 B2 fallback button restores focus once after an ordinary close
product	Migrations, HTTPS and real product acceptance	2026-10-05T04:57:01.0045946Z [418/499] [chromium] › src/q36-b2.component.spec.ts:309:108 › Q36 B2 fallback Escape restores focus once after an ordinary close
product	Migrations, HTTPS and real product acceptance	2026-10-05T04:57:03.4467878Z [419/499] [chromium] › src/q36-b2.component.spec.ts:309:108 › Q36 B2 reduced button restores focus once after an ordinary close
product	Migrations, HTTPS and real product acceptance	2026-10-05T04:57:05.6432898Z [420/499] [chromium] › src/q36-b2.component.spec.ts:309:108 › Q36 B2 reduced Escape restores focus once after an ordinary close
product	Migrations, HTTPS and real product acceptance	2026-10-05T04:57:07.7978277Z [421/499] [chromium] › src/q36-b2.component.spec.ts:323:50 › Q36 B2 engine late close honors newer focus even after that target is removed
product	Migrations, HTTPS and real product acceptance	2026-10-05T04:57:11.7831503Z [422/499] [chromium] › src/q36-b2.component.spec.ts:323:50 › Q36 B2 fallback late close honors newer focus even after that target is removed
product	Migrations, HTTPS and real product acceptance	2026-10-05T04:57:14.3145119Z [423/499] [chromium] › src/q36-b2.component.spec.ts:334:1 › Q36 B2 removal-induced body focus still restores after Escape
product	Migrations, HTTPS and real product acceptance	2026-10-05T04:57:16.7406115Z [424/499] [chromium] › src/q36-b2.component.spec.ts:341:50 › Q36 B2 engine stale exit cannot focus the trigger after reopen or unmount
product	Migrations, HTTPS and real product acceptance	2026-10-05T04:57:20.8613340Z [425/499] [chromium] › src/q36-b2.component.spec.ts:341:50 › Q36 B2 fallback stale exit cannot focus the trigger after reopen or unmount
product	Migrations, HTTPS and real product acceptance	2026-10-05T04:57:23.5755699Z [426/499] [chromium] › src/q36-b2.component.spec.ts:349:50 › Q36 B2 engine outside pointer and keyboard navigation keep their new focus
product	Migrations, HTTPS and real product acceptance	2026-10-05T04:57:26.7394813Z [427/499] [chromium] › src/q36-b2.component.spec.ts:349:50 › Q36 B2 fallback outside pointer and keyboard navigation keep their new focus
product	Migrations, HTTPS and real product acceptance	2026-10-05T04:57:29.3090097Z [428/499] [chromium] › src/q36-b2.component.spec.ts:362:50 › Q36 B2 engine completion delivered after unmount cannot move focus
product	Migrations, HTTPS and real product acceptance	2026-10-05T04:57:33.4929534Z [429/499] [chromium] › src/q36-b2.component.spec.ts:362:50 › Q36 B2 fallback completion delivered after unmount cannot move focus
product	Migrations, HTTPS and real product acceptance	2026-10-05T04:57:36.2426027Z [430/499] [chromium] › src/q36-b2.component.spec.ts:373:2 › Q36 B2 focus review evidence › manager, editor and closed keyboard focus remain accessible
product	Migrations, HTTPS and real product acceptance	2026-10-05T04:57:40.6643049Z [431/499] [chromium] › src/q36-front-filter.component.spec.ts:3:1 › Q36 filter opens beside search, returns focus on Esc and applies no filter for empty root
product	Migrations, HTTPS and real product acceptance	2026-10-05T04:57:44.4636119Z [432/499] [chromium] › src/q36-front-filter.component.spec.ts:11:1 › Q36 builds nested AND/OR with exact case-sensitive text and relation NOT EXISTS DTO
product	Migrations, HTTPS and real product acceptance	2026-10-05T04:57:47.2676458Z [433/499] [chromium] › src/q36-front-filter.component.spec.ts:25:1 › Q36 empty nested group is blocked visibly and removable without discarding other input
product	Migrations, HTTPS and real product acceptance	2026-10-05T04:57:49.9806282Z [434/499] [chromium] › src/q36-front-filter.component.spec.ts:32:1 › Q36 global 20-leaf limit prevents adding leaves; removing one restores capacity
product	Migrations, HTTPS and real product acceptance	2026-10-05T04:57:52.7115804Z [435/499] [chromium] › src/q36-front-filter.component.spec.ts:38:1 › Q36 groups stop at third level; time accepts explicit zone and only text eq/neq
product	Migrations, HTTPS and real product acceptance	2026-10-05T04:57:55.5592490Z [436/499] [chromium] › src/q36-front-filter.component.spec.ts:52:1 › Q36 rapid reversal, outside close and reduced motion leave no popup or focus blocker
product	Migrations, HTTPS and real product acceptance	2026-10-05T04:57:57.4730544Z [437/499] [chromium] › src/q36-front-motion.component.spec.ts:3:1 › Q36 supported browser uses React native shared ViewTransition for open and close
product	Migrations, HTTPS and real product acceptance	2026-10-05T04:58:00.0537337Z [438/499] [chromium] › src/q36-front-motion.component.spec.ts:23:1 › Q36 unsupported native transition uses popup motion and restores trigger focus
product	Migrations, HTTPS and real product acceptance	2026-10-05T04:58:01.9848179Z [439/499] [chromium] › src/q36-front-motion.component.spec.ts:42:1 › Q36 quick native reversal preserves last close intent and trigger focus
product	Migrations, HTTPS and real product acceptance	2026-10-05T04:58:04.5610022Z [440/499] [chromium] › src/q36-front-motion.component.spec.ts:56:36 › Q36 delayed native opening commit  cannot undo a later trusted Escape close
product	Migrations, HTTPS and real product acceptance	2026-10-05T04:58:06.3163282Z [441/499] [chromium] › src/q36-front-motion.component.spec.ts:56:36 › Q36 delayed native opening commit after fallback expiry cannot undo a later trusted Escape close
product	Migrations, HTTPS and real product acceptance	2026-10-05T04:58:08.6964932Z [442/499] [chromium] › src/q36-front-motion.component.spec.ts:86:1 › Q36 WebKit edits nested groups through the safe animated fallback
product	Migrations, HTTPS and real product acceptance	2026-10-05T04:58:08.7493363Z [443/499] [chromium] › src/q36-front-table.component.spec.ts:4:1 › Q36 Table directly controls 1-based page, arbitrary jump and size reset
product	Migrations, HTTPS and real product acceptance	2026-10-05T04:58:11.3478325Z [444/499] [chromium] › src/q36-front-table.component.spec.ts:16:1 › Q36 typed text has no sort icon; time/number sorting requests preserve received rows
product	Migrations, HTTPS and real product acceptance	2026-10-05T04:58:14.8294054Z [445/499] [chromium] › src/q36-front-table.component.spec.ts:27:1 › Q36 external column width/order controls survive loading; empty grid remains inert
product	Migrations, HTTPS and real product acceptance	2026-10-05T04:58:16.6121582Z [446/499] [chromium] › src/q36-front-table.component.spec.ts:40:1 › Q36 original selection, drag and resize remain interactive
product	Migrations, HTTPS and real product acceptance	2026-10-05T04:58:18.6238483Z [447/499] [chromium] › src/q36-front-trigger-visual.component.spec.ts:13:3 › Q36 native close restores trigger pixels, visible text/icon and reopen
product	Migrations, HTTPS and real product acceptance	2026-10-05T04:58:23.6495887Z [448/499] [chromium] › src/q36-front-trigger-visual.component.spec.ts:13:3 › Q36 fallback close restores trigger pixels, visible text/icon and reopen
product	Migrations, HTTPS and real product acceptance	2026-10-05T04:58:27.8988463Z [449/499] [chromium] › src/q36-front-trigger-visual.component.spec.ts:13:3 › Q36 reduced close restores trigger pixels, visible text/icon and reopen
product	Migrations, HTTPS and real product acceptance	2026-10-05T04:58:31.8988948Z [450/499] [chromium] › src/q36-front-trigger-visual.component.spec.ts:13:3 › Q36 quick close restores trigger pixels, visible text/icon and reopen
product	Migrations, HTTPS and real product acceptance	2026-10-05T04:58:37.8819471Z [451/499] [chromium] › src/q36-front-trigger-visual.component.spec.ts:13:3 › Q36 fallback-quick close restores trigger pixels, visible text/icon and reopen
product	Migrations, HTTPS and real product acceptance	2026-10-05T04:58:42.2167362Z [452/499] [chromium] › src/q36-front-trigger-visual.component.spec.ts:13:3 › Q36 reduced-quick close restores trigger pixels, visible text/icon and reopen
product	Migrations, HTTPS and real product acceptance	2026-10-05T04:58:46.2818136Z [453/499] [chromium] › src/q36-front-trigger-visual.component.spec.ts:65:1 › Q36 native shell shares geometry with 300ms open and 220ms close
product	Migrations, HTTPS and real product acceptance	2026-10-05T04:58:48.3894062Z [454/499] [chromium] › src/responsive.component.spec.ts:12:5 › Figma responsive /login at 1920×1080
product	Migrations, HTTPS and real product acceptance	2026-10-05T04:58:50.6358543Z [455/499] [chromium] › src/responsive.component.spec.ts:12:5 › Figma responsive /login at 2560×1440
product	Migrations, HTTPS and real product acceptance	2026-10-05T04:58:52.8984288Z [456/499] [chromium] › src/responsive.component.spec.ts:12:5 › Figma responsive /login at 1440×900
product	Migrations, HTTPS and real product acceptance	2026-10-05T04:58:55.0866951Z [457/499] [chromium] › src/responsive.component.spec.ts:44:5 › responsive /login stays usable at 320×568
product	Migrations, HTTPS and real product acceptance	2026-10-05T04:58:56.8818288Z [458/499] [chromium] › src/responsive.component.spec.ts:44:5 › responsive /login stays usable at 390×844
product	Migrations, HTTPS and real product acceptance	2026-10-05T04:58:58.6693418Z [459/499] [chromium] › src/responsive.component.spec.ts:44:5 › responsive /login stays usable at 768×600
product	Migrations, HTTPS and real product acceptance	2026-10-05T04:59:00.7356874Z [460/499] [chromium] › src/responsive.component.spec.ts:12:5 › Figma responsive /register at 1920×1080
product	Migrations, HTTPS and real product acceptance	2026-10-05T04:59:02.6849002Z [461/499] [chromium] › src/responsive.component.spec.ts:12:5 › Figma responsive /register at 2560×1440
product	Migrations, HTTPS and real product acceptance	2026-10-05T04:59:04.9567757Z [462/499] [chromium] › src/responsive.component.spec.ts:12:5 › Figma responsive /register at 1440×900
product	Migrations, HTTPS and real product acceptance	2026-10-05T04:59:07.1245267Z [463/499] [chromium] › src/responsive.component.spec.ts:44:5 › responsive /register stays usable at 320×568
product	Migrations, HTTPS and real product acceptance	2026-10-05T04:59:09.0674717Z [464/499] [chromium] › src/responsive.component.spec.ts:44:5 › responsive /register stays usable at 390×844
product	Migrations, HTTPS and real product acceptance	2026-10-05T04:59:10.7684205Z [465/499] [chromium] › src/responsive.component.spec.ts:44:5 › responsive /register stays usable at 768×600
product	Migrations, HTTPS and real product acceptance	2026-10-05T04:59:12.8077856Z [466/499] [chromium] › src/root-monochrome-designer.component.spec.ts:50:2 › Root Mono designer fits three white cards inside persistent shell 1440
product	Migrations, HTTPS and real product acceptance	2026-10-05T04:59:14.7287812Z [467/499] [chromium] › src/root-monochrome-designer.component.spec.ts:50:2 › Root Mono designer fits three white cards inside persistent shell 1280
product	Migrations, HTTPS and real product acceptance	2026-10-05T04:59:16.6440379Z [468/499] [chromium] › src/root-monochrome-designer.component.spec.ts:69:1 › Root Mono designer retains palette, neutral selection and preview source focus
product	Migrations, HTTPS and real product acceptance	2026-10-05T04:59:18.7387336Z [469/499] [chromium] › src/root-monochrome-designer.component.spec.ts:82:1 › Root Mono designer narrow reduced-motion remains editable without page overflow
product	Migrations, HTTPS and real product acceptance	2026-10-05T04:59:20.7629104Z [470/499] [chromium] › src/root-monochrome-shell.component.spec.ts:67:2 › Root Mono P1 unified full-bleed desktop geometry 1440
product	Migrations, HTTPS and real product acceptance	2026-10-05T04:59:22.6142717Z [471/499] [chromium] › src/root-monochrome-shell.component.spec.ts:67:2 › Root Mono P1 unified full-bleed desktop geometry 1280
product	Migrations, HTTPS and real product acceptance	2026-10-05T04:59:24.4396243Z [472/499] [chromium] › src/root-monochrome-shell.component.spec.ts:74:1 › Root Mono P1 ordinary record route retains live table and authorization under the same shell
product	Migrations, HTTPS and real product acceptance	2026-10-05T04:59:26.5148823Z [473/499] [chromium] › src/root-monochrome-shell.component.spec.ts:81:1 › Root Mono P1 administration and back preserve shell and opened application tab
product	Migrations, HTTPS and real product acceptance	2026-10-05T04:59:28.7436212Z [474/499] [chromium] › src/root-monochrome-shell.component.spec.ts:90:1 › Root Mono P1 no invented business data when real catalogue is empty
product	Migrations, HTTPS and real product acceptance	2026-10-05T04:59:30.5924391Z [475/499] [chromium] › src/root-monochrome-shell.component.spec.ts:95:1 › Root Mono P1 confirmed record save still uses authoritative value after visual migration
product	Migrations, HTTPS and real product acceptance	2026-10-05T04:59:32.7468820Z [476/499] [chromium] › src/root-monochrome-shell.component.spec.ts:102:1 › Root Mono P1 reduced-motion route transition does not hide content or duplicate shell
product	Migrations, HTTPS and real product acceptance	2026-10-05T04:59:34.7310373Z [477/499] [chromium] › src/root-monochrome-shell.component.spec.ts:108:1 › Root Mono P1 account remains a single accessible control and home cannot be closed
product	Migrations, HTTPS and real product acceptance	2026-10-05T04:59:36.4634341Z [478/499] [chromium] › src/root-record-shell.component.spec.ts:46:1 › Root Shell ordinary form route mounts records under the original persistent chrome
product	Migrations, HTTPS and real product acceptance	2026-10-05T04:59:38.3578594Z [479/499] [chromium] › src/root-record-shell.component.spec.ts:56:1 › Root Shell create then read authoritative normalized data and edit a record
product	Migrations, HTTPS and real product acceptance	2026-10-05T04:59:40.9583816Z [480/499] [chromium] › src/root-record-shell.component.spec.ts:79:1 › Root confirmed write with failed reread remains saved and cannot submit again
product	Migrations, HTTPS and real product acceptance	2026-10-05T04:59:43.1961615Z [481/499] [chromium] › src/root-record-shell.component.spec.ts:90:1 › Root create-only actor confirms a receipt without an unauthorized detail or search read
product	Migrations, HTTPS and real product acceptance	2026-10-05T04:59:45.0918552Z [482/499] [chromium] › src/root-record-shell.component.spec.ts:96:1 › Root opening an existing row validates the original query before reading detail
product	Migrations, HTTPS and real product acceptance	2026-10-05T04:59:47.0733966Z [483/499] [chromium] › src/root-record-shell.component.spec.ts:103:1 › Root dirty record modal close requires an explicit discard and restores the origin focus
product	Migrations, HTTPS and real product acceptance	2026-10-05T04:59:49.3829945Z [484/499] [chromium] › src/root-record-shell.component.spec.ts:111:1 › Root ordinary actor cannot load owner definition by entering the design URL
product	Migrations, HTTPS and real product acceptance	2026-10-05T04:59:51.0533913Z [485/499] [chromium] › src/root-record-shell.component.spec.ts:118:1 › Root ordinary record editor searches only field-scoped reference candidates
product	Migrations, HTTPS and real product acceptance	2026-10-05T04:59:53.2879438Z [486/499] [chromium] › src/root-record-shell.component.spec.ts:135:1 › Root owner returns from configuration to the runtime page that opened it
product	Migrations, HTTPS and real product acceptance	2026-10-05T04:59:55.4456617Z [487/499] [chromium] › src/root-record-shell.component.spec.ts:144:1 › Root rejected create refresh discards only after confirmation and rebuilds page one
product	Migrations, HTTPS and real product acceptance	2026-10-05T04:59:57.9723453Z [488/499] [chromium] › src/root-record-shell.component.spec.ts:157:1 › Root retry after rejected edit and failed refresh never invents a saved result
product	Migrations, HTTPS and real product acceptance	2026-10-05T05:00:00.6118179Z [489/499] [chromium] › src/root-record-shell.component.spec.ts:167:1 › Root footer discard confirms before dropping dirty record input
product	Migrations, HTTPS and real product acceptance	2026-10-05T05:00:02.9511222Z [490/499] [chromium] › src/root-record-shell.component.spec.ts:175:1 › Root shared record route fills its work area and keeps its legend visually hidden
product	Migrations, HTTPS and real product acceptance	2026-10-05T05:00:05.0104208Z [491/499] [chromium] › src/root-record-shell.component.spec.ts:183:1 › Root record dialog separates fields from shared action buttons
product	Migrations, HTTPS and real product acceptance	2026-10-05T05:00:06.9746110Z [492/499] [chromium] › src/table-preset-generic.component.spec.ts:18:1 › dynamic AST preserves nested AND/OR and exact decimal strings without DNF
product	Migrations, HTTPS and real product acceptance	2026-10-05T05:00:06.9819103Z [493/499] [chromium] › src/table-preset-generic.component.spec.ts:31:1 › runtime operators and typed values reject unknown or unauthorized fields
product	Migrations, HTTPS and real product acceptance	2026-10-05T05:00:06.9890310Z [494/499] [chromium] › src/table-preset-generic.component.spec.ts:40:1 › NULL, false and precise dates remain distinct, with server-safe depth limits
product	Migrations, HTTPS and real product acceptance	2026-10-05T05:00:06.9969016Z [495/499] [chromium] › src/table-preset-generic.component.spec.ts:51:1 › one editor serializes record fieldId without altering AND/OR grouping
product	Migrations, HTTPS and real product acceptance	2026-10-05T05:00:07.0048090Z [496/499] [chromium] › src/table-preset-generic.component.spec.ts:61:1 › record preset validates authorized business visibility without discarding a hidden filter
product	Migrations, HTTPS and real product acceptance	2026-10-05T05:00:07.0141897Z [497/499] [chromium] › src/table-preset-generic.component.spec.ts:69:1 › one manager loads scoped resource presets and redacts invalid definitions
product	Migrations, HTTPS and real product acceptance	2026-10-05T05:00:08.4886268Z [498/499] [chromium] › src/table-preset-generic.component.spec.ts:79:1 › resource editor saves fieldId and decimal text through injected repository after confirmation
product	Migrations, HTTPS and real product acceptance	2026-10-05T05:00:11.0480860Z [499/499] [chromium] › src/table-preset-generic.component.spec.ts:96:1 › shared query lifecycle validates changed criteria with old token and clears it only on refresh or actor switch
product	Migrations, HTTPS and real product acceptance	2026-10-05T05:00:12.6682466Z   1 skipped
product	Migrations, HTTPS and real product acceptance	2026-10-05T05:00:12.6682891Z   498 passed (15.4m)
product	Migrations, HTTPS and real product acceptance	2026-10-05T05:00:13.0568882Z  nginx Pulling 
product	Migrations, HTTPS and real product acceptance	2026-10-05T05:00:13.0571837Z  bff Pulling 
product	Migrations, HTTPS and real product acceptance	2026-10-05T05:00:13.8956177Z  3a55ec62cf16 Pulling fs layer 
product	Migrations, HTTPS and real product acceptance	2026-10-05T05:00:13.8957147Z  757049f14b94 Pulling fs layer 
product	Migrations, HTTPS and real product acceptance	2026-10-05T05:00:13.8957671Z  af529266d394 Pulling fs layer 
product	Migrations, HTTPS and real product acceptance	2026-10-05T05:00:13.8958781Z  2aa35770407f Pulling fs layer 
product	Migrations, HTTPS and real product acceptance	2026-10-05T05:00:13.8960335Z  b9614c6dbd86 Pulling fs layer 
product	Migrations, HTTPS and real product acceptance	2026-10-05T05:00:13.8960947Z  f3cb4f951034 Pulling fs layer 
product	Migrations, HTTPS and real product acceptance	2026-10-05T05:00:13.9596484Z  3a55ec62cf16 Download complete 
product	Migrations, HTTPS and real product acceptance	2026-10-05T05:00:14.0597479Z  757049f14b94 Download complete 
product	Migrations, HTTPS and real product acceptance	2026-10-05T05:00:14.0599473Z  af529266d394 Download complete 
product	Migrations, HTTPS and real product acceptance	2026-10-05T05:00:14.0602853Z  2aa35770407f Download complete 
product	Migrations, HTTPS and real product acceptance	2026-10-05T05:00:14.0606276Z  f3cb4f951034 Download complete 
product	Migrations, HTTPS and real product acceptance	2026-10-05T05:00:14.1602419Z  b9614c6dbd86 Downloading [======================>                            ]  14.68MB/33.33MB
product	Migrations, HTTPS and real product acceptance	2026-10-05T05:00:14.2597170Z  b9614c6dbd86 Download complete 
product	Migrations, HTTPS and real product acceptance	2026-10-05T05:00:14.2636584Z  b9614c6dbd86 Extracting 1 s
product	Migrations, HTTPS and real product acceptance	2026-10-05T05:00:14.3633912Z  b9614c6dbd86 Extracting 1 s
product	Migrations, HTTPS and real product acceptance	2026-10-05T05:00:14.4685460Z  b9614c6dbd86 Extracting 1 s
product	Migrations, HTTPS and real product acceptance	2026-10-05T05:00:14.5601092Z  d6363fd2ac35 Download complete 
product	Migrations, HTTPS and real product acceptance	2026-10-05T05:00:14.5601719Z  02ac47b2a7a6 Download complete 
product	Migrations, HTTPS and real product acceptance	2026-10-05T05:00:14.5651231Z  b9614c6dbd86 Extracting 1 s
product	Migrations, HTTPS and real product acceptance	2026-10-05T05:00:14.6652836Z  b9614c6dbd86 Extracting 1 s
product	Migrations, HTTPS and real product acceptance	2026-10-05T05:00:14.7194577Z  a32736424da2 Download complete 
product	Migrations, HTTPS and real product acceptance	2026-10-05T05:00:14.7196667Z  bff Pulled 
product	Migrations, HTTPS and real product acceptance	2026-10-05T05:00:14.7651410Z  b9614c6dbd86 Extracting 1 s
product	Migrations, HTTPS and real product acceptance	2026-10-05T05:00:14.8639825Z  b9614c6dbd86 Extracting 1 s
product	Migrations, HTTPS and real product acceptance	2026-10-05T05:00:14.9676271Z  b9614c6dbd86 Extracting 1 s
product	Migrations, HTTPS and real product acceptance	2026-10-05T05:00:15.0373442Z  3a55ec62cf16 Pull complete 
product	Migrations, HTTPS and real product acceptance	2026-10-05T05:00:15.0381156Z  757049f14b94 Pull complete 
product	Migrations, HTTPS and real product acceptance	2026-10-05T05:00:15.0389123Z  af529266d394 Pull complete 
product	Migrations, HTTPS and real product acceptance	2026-10-05T05:00:15.0401953Z  2aa35770407f Pull complete 
product	Migrations, HTTPS and real product acceptance	2026-10-05T05:00:15.0402948Z  f3cb4f951034 Pull complete 
product	Migrations, HTTPS and real product acceptance	2026-10-05T05:00:15.0411438Z  b9614c6dbd86 Pull complete 
product	Migrations, HTTPS and real product acceptance	2026-10-05T05:00:15.0422058Z  nginx Pulled 
product	Migrations, HTTPS and real product acceptance	2026-10-05T05:00:15.1039573Z  Container weaveos-v010-007-1791175083941-redis-1  Running
product	Migrations, HTTPS and real product acceptance	2026-10-05T05:00:15.1040355Z  Container weaveos-v010-007-1791175083941-postgres-1  Running
product	Migrations, HTTPS and real product acceptance	2026-10-05T05:00:15.1041056Z  Container weaveos-v010-007-1791175083941-bff-1  Creating
product	Migrations, HTTPS and real product acceptance	2026-10-05T05:00:15.1678474Z  Container weaveos-v010-007-1791175083941-bff-1  Created
product	Migrations, HTTPS and real product acceptance	2026-10-05T05:00:15.1679108Z  Container weaveos-v010-007-1791175083941-nginx-1  Creating
product	Migrations, HTTPS and real product acceptance	2026-10-05T05:00:15.2047124Z  Container weaveos-v010-007-1791175083941-nginx-1  Created
product	Migrations, HTTPS and real product acceptance	2026-10-05T05:00:15.2325263Z  Container weaveos-v010-007-1791175083941-redis-1  Waiting
product	Migrations, HTTPS and real product acceptance	2026-10-05T05:00:15.2325851Z  Container weaveos-v010-007-1791175083941-postgres-1  Waiting
product	Migrations, HTTPS and real product acceptance	2026-10-05T05:00:15.7343298Z  Container weaveos-v010-007-1791175083941-postgres-1  Healthy
product	Migrations, HTTPS and real product acceptance	2026-10-05T05:00:15.7344173Z  Container weaveos-v010-007-1791175083941-redis-1  Healthy
product	Migrations, HTTPS and real product acceptance	2026-10-05T05:00:15.7344840Z  Container weaveos-v010-007-1791175083941-bff-1  Starting
product	Migrations, HTTPS and real product acceptance	2026-10-05T05:00:15.8488688Z  Container weaveos-v010-007-1791175083941-bff-1  Started
product	Migrations, HTTPS and real product acceptance	2026-10-05T05:00:15.8489577Z  Container weaveos-v010-007-1791175083941-nginx-1  Starting
product	Migrations, HTTPS and real product acceptance	2026-10-05T05:00:15.9795853Z  Container weaveos-v010-007-1791175083941-nginx-1  Started
product	Migrations, HTTPS and real product acceptance	2026-10-05T05:00:16.4087511Z ✔ actual ingress config parses and becomes ready (85.130927ms)
product	Migrations, HTTPS and real product acceptance	2026-10-05T05:00:16.5105264Z ✔ API ingress/header/JSON/audit/access log correlate and external IDs cannot be forged (102.355068ms)
product	Migrations, HTTPS and real product acceptance	2026-10-05T05:00:16.5182714Z ✔ static HTML and assets have ingress metadata and separate cache policy (3.091066ms)
product	Migrations, HTTPS and real product acceptance	2026-10-05T05:00:16.5406911Z ✔ proxy-generated 413 preserves headers and API no-store without a BFF response (7.078531ms)
product	Migrations, HTTPS and real product acceptance	2026-10-05T05:00:21.7912628Z ✔ paused upstream produces identifiable non-cacheable 504 (5047.913414ms)
product	Migrations, HTTPS and real product acceptance	2026-10-05T05:00:32.4682963Z ✔ real upstream TCP reset produces identifiable non-cacheable 502 (10900.131725ms)
product	Migrations, HTTPS and real product acceptance	2026-10-05T05:00:32.4795047Z ℹ tests 6
product	Migrations, HTTPS and real product acceptance	2026-10-05T05:00:32.4795345Z ℹ suites 0
product	Migrations, HTTPS and real product acceptance	2026-10-05T05:00:32.4795584Z ℹ pass 6
product	Migrations, HTTPS and real product acceptance	2026-10-05T05:00:32.4795817Z ℹ fail 0
product	Migrations, HTTPS and real product acceptance	2026-10-05T05:00:32.4796048Z ℹ cancelled 0
product	Migrations, HTTPS and real product acceptance	2026-10-05T05:00:32.4796300Z ℹ skipped 0
product	Migrations, HTTPS and real product acceptance	2026-10-05T05:00:32.4796532Z ℹ todo 0
product	Migrations, HTTPS and real product acceptance	2026-10-05T05:00:32.4796797Z ℹ duration_ms 16206.647643
product	Migrations, HTTPS and real product acceptance	2026-10-05T05:00:33.8921331Z 
product	Migrations, HTTPS and real product acceptance	2026-10-05T05:00:33.8922683Z added 1 package in 1s
product	Migrations, HTTPS and real product acceptance	2026-10-05T05:00:33.8923016Z 
product	Migrations, HTTPS and real product acceptance	2026-10-05T05:00:33.8923695Z 1 package is looking for funding
product	Migrations, HTTPS and real product acceptance	2026-10-05T05:00:33.8924541Z   run `npm fund` for details
product	Migrations, HTTPS and real product acceptance	2026-10-05T05:00:34.0700124Z ✔ HTTP-01 FR-007: anonymous current-session access is denied (61.577303ms)
product	Migrations, HTTPS and real product acceptance	2026-10-05T05:00:34.0732264Z ✔ HTTP-02 API-14/15: user header cannot establish identity (6.86507ms)
product	Migrations, HTTPS and real product acceptance	2026-10-05T05:00:34.0781251Z ✔ HTTP-02 API-14/15: role header cannot establish identity (4.883626ms)
product	Migrations, HTTPS and real product acceptance	2026-10-05T05:00:34.0828226Z ✔ HTTP-02 API-14/15: tenant header cannot establish identity (3.456307ms)
product	Migrations, HTTPS and real product acceptance	2026-10-05T05:00:34.0870164Z ✔ HTTP-02 API-14/15: bearer header cannot establish identity (4.251534ms)
product	Migrations, HTTPS and real product acceptance	2026-10-05T05:00:34.0927361Z ✔ HTTP-02 API-14/15: trace header cannot establish identity (5.144809ms)
product	Migrations, HTTPS and real product acceptance	2026-10-05T05:00:34.1003358Z ✔ HTTP-03 FR-001: unknown credentials are rejected without Session or disclosure (8.283548ms)
product	Migrations, HTTPS and real product acceptance	2026-10-05T05:00:34.1052527Z ✔ HTTP-04 FR-001/003: login rejects omitted account (5.127243ms)
product	Migrations, HTTPS and real product acceptance	2026-10-05T05:00:34.1112682Z ✔ HTTP-04 FR-001/003: login rejects empty account (5.190388ms)
product	Migrations, HTTPS and real product acceptance	2026-10-05T05:00:34.1171096Z ✔ HTTP-04 FR-001/003: login rejects omitted password (6.613602ms)
product	Migrations, HTTPS and real product acceptance	2026-10-05T05:00:34.1203410Z ✔ HTTP-04 FR-001/003: login rejects empty password (3.585565ms)
product	Migrations, HTTPS and real product acceptance	2026-10-05T05:00:34.1241678Z ✔ HTTP-05 API-08: login rejects malformed JSON "{" (3.528135ms)
product	Migrations, HTTPS and real product acceptance	2026-10-05T05:00:34.1270038Z ✔ HTTP-05 API-08: login rejects malformed JSON "{\"account\":" (2.706767ms)
product	Migrations, HTTPS and real product acceptance	2026-10-05T05:00:34.1313333Z ✔ HTTP-05 API-08: login rejects malformed JSON "not-json" (3.571689ms)
product	Migrations, HTTPS and real product acceptance	2026-10-05T05:00:34.1371822Z ✔ HTTP-06 API-14: login rejects foreign Origin without alternate CSRF proof (5.121985ms)
product	Migrations, HTTPS and real product acceptance	2026-10-05T05:00:34.1387633Z ✔ HTTP-06 API-14: login rejects opaque Origin without alternate CSRF proof (2.926568ms)
product	Migrations, HTTPS and real product acceptance	2026-10-05T05:00:34.1431642Z ✔ HTTP-06 API-14: login rejects absent Origin without alternate CSRF proof (4.121558ms)
product	Migrations, HTTPS and real product acceptance	2026-10-05T05:00:34.1458603Z ✔ HTTP-07 API-14: login refuses simple-request media text/plain (3.142173ms)
product	Migrations, HTTPS and real product acceptance	2026-10-05T05:00:34.1491718Z ✔ HTTP-07 API-14: login refuses simple-request media application/x-www-form-urlencoded (3.655186ms)
product	Migrations, HTTPS and real product acceptance	2026-10-05T05:00:34.1520221Z ✔ HTTP-07 API-14: login refuses simple-request media multipart/form-data; boundary=test (2.721639ms)
product	Migrations, HTTPS and real product acceptance	2026-10-05T05:00:34.1570256Z ✔ HTTP-04 FR-001/003: register rejects omitted account (4.142119ms)
product	Migrations, HTTPS and real product acceptance	2026-10-05T05:00:34.1601488Z ✔ HTTP-04 FR-001/003: register rejects empty account (3.215273ms)
product	Migrations, HTTPS and real product acceptance	2026-10-05T05:00:34.1628217Z ✔ HTTP-04 FR-001/003: register rejects omitted password (3.012142ms)
product	Migrations, HTTPS and real product acceptance	2026-10-05T05:00:34.1651205Z ✔ HTTP-04 FR-001/003: register rejects empty password (2.242347ms)
product	Migrations, HTTPS and real product acceptance	2026-10-05T05:00:34.1684734Z ✔ HTTP-04 FR-001/003: register rejects omitted invitationCode (3.360232ms)
product	Migrations, HTTPS and real product acceptance	2026-10-05T05:00:34.1713294Z ✔ HTTP-04 FR-001/003: register rejects empty invitationCode (2.408308ms)
product	Migrations, HTTPS and real product acceptance	2026-10-05T05:00:34.1751599Z ✔ HTTP-05 API-08: register rejects malformed JSON "{" (3.736328ms)
product	Migrations, HTTPS and real product acceptance	2026-10-05T05:00:34.1794294Z ✔ HTTP-05 API-08: register rejects malformed JSON "{\"account\":" (4.234858ms)
product	Migrations, HTTPS and real product acceptance	2026-10-05T05:00:34.1839494Z ✔ HTTP-05 API-08: register rejects malformed JSON "not-json" (4.86989ms)
product	Migrations, HTTPS and real product acceptance	2026-10-05T05:00:34.1869667Z ✔ HTTP-06 API-14: register rejects foreign Origin without alternate CSRF proof (3.043725ms)
product	Migrations, HTTPS and real product acceptance	2026-10-05T05:00:34.1899484Z ✔ HTTP-06 API-14: register rejects opaque Origin without alternate CSRF proof (2.830303ms)
product	Migrations, HTTPS and real product acceptance	2026-10-05T05:00:34.1931110Z ✔ HTTP-06 API-14: register rejects absent Origin without alternate CSRF proof (3.172468ms)
product	Migrations, HTTPS and real product acceptance	2026-10-05T05:00:34.1961905Z ✔ HTTP-07 API-14: register refuses simple-request media text/plain (2.911495ms)
product	Migrations, HTTPS and real product acceptance	2026-10-05T05:00:34.1992504Z ✔ HTTP-07 API-14: register refuses simple-request media application/x-www-form-urlencoded (3.182614ms)
product	Migrations, HTTPS and real product acceptance	2026-10-05T05:00:34.2024485Z ✔ HTTP-07 API-14: register refuses simple-request media multipart/form-data; boundary=test (2.717143ms)
product	Migrations, HTTPS and real product acceptance	2026-10-05T05:00:34.2052390Z ✔ HTTP-08 FR-003: invalid invitation is a registered 400 business error (2.899837ms)
product	Migrations, HTTPS and real product acceptance	2026-10-05T05:00:34.2804595Z ✔ HTTP-09 FR-018/003: missing uppercase is rejected without consuming invitation (74.883845ms)
product	Migrations, HTTPS and real product acceptance	2026-10-05T05:00:34.3470102Z ✔ HTTP-09 FR-018/003: missing lowercase is rejected without consuming invitation (66.337191ms)
product	Migrations, HTTPS and real product acceptance	2026-10-05T05:00:34.4122087Z ✔ HTTP-09 FR-018/003: missing digit is rejected without consuming invitation (64.644076ms)
product	Migrations, HTTPS and real product acceptance	2026-10-05T05:00:34.4785260Z ✔ HTTP-09 FR-018/003: missing special is rejected without consuming invitation (66.777134ms)
product	Migrations, HTTPS and real product acceptance	2026-10-05T05:00:34.5680234Z ✔ HTTP-10 FR-018: Aa1! satisfies the policy without an invented length minimum (89.330947ms)
product	Migrations, HTTPS and real product acceptance	2026-10-05T05:00:34.6582647Z ✔ HTTP-11 FR-003/017: registration creates an account but no Session (90.014876ms)
product	Migrations, HTTPS and real product acceptance	2026-10-05T05:00:34.7485474Z ✔ HTTP-12 FR-003: used invitation returns 409 and creates no second account (90.149979ms)
product	Migrations, HTTPS and real product acceptance	2026-10-05T05:00:34.9493659Z ✔ HTTP-13 FR-003: eight concurrent consumers yield one account and seven conflicts (201.264188ms)
product	Migrations, HTTPS and real product acceptance	2026-10-05T05:00:35.0444255Z ✔ HTTP-14 FR-002/003: duplicate account fails and leaves invitation usable (94.758877ms)
product	Migrations, HTTPS and real product acceptance	2026-10-05T05:00:35.1814133Z ✔ HTTP-15 FR-002/003: concurrent duplicate account leaves loser invitation usable (136.404056ms)
product	Migrations, HTTPS and real product acceptance	2026-10-05T05:00:35.2153536Z ✔ HTTP-16 FR-001: unknown account and wrong password share public error (34.392454ms)
product	Migrations, HTTPS and real product acceptance	2026-10-05T05:00:35.2422466Z ✔ HTTP-17 FR-010: Disabled account cannot obtain a Session (27.022082ms)
product	Migrations, HTTPS and real product acceptance	2026-10-05T05:00:35.5956509Z ✔ HTTP-18 FR-013: repeated failures do not lock account or return 429 (353.153714ms)
product	Migrations, HTTPS and real product acceptance	2026-10-05T05:00:35.6352005Z ✔ HTTP-19 FR-005/008: login restores the same user identity (39.531565ms)
product	Migrations, HTTPS and real product acceptance	2026-10-05T05:00:35.6693689Z ✔ HTTP-20 ADR-001: login and successful activity synchronize one-hour Cookie expiry (33.864223ms)
product	Migrations, HTTPS and real product acceptance	2026-10-05T05:00:35.7044525Z ✔ HTTP-21 FR-009: logout is empty 204, clears Cookie and rejects replay (35.428064ms)
product	Migrations, HTTPS and real product acceptance	2026-10-05T05:00:35.7566851Z ✔ HTTP-22 FR-009: concurrent logout and reads do not resurrect Session (52.131284ms)
product	Migrations, HTTPS and real product acceptance	2026-10-05T05:00:35.8145906Z ✔ HTTP-23 ADR-001: login never adopts attacker-selected Session ID (57.704914ms)
product	Migrations, HTTPS and real product acceptance	2026-10-05T05:00:35.8504915Z ✔ HTTP-24 ADR-001: query and Authorization cannot replace Cookie authentication (35.197081ms)
product	Migrations, HTTPS and real product acceptance	2026-10-05T05:00:35.8542240Z ✔ HTTP-25 FR-012/016: anonymous invitations denied (4.917627ms)
product	Migrations, HTTPS and real product acceptance	2026-10-05T05:00:35.8932100Z ✔ HTTP-26 FR-012/016: member cannot invitations with forged ALL headers (38.709426ms)
product	Migrations, HTTPS and real product acceptance	2026-10-05T05:00:35.8961856Z ✔ HTTP-25 FR-012/016: anonymous reset denied (2.911762ms)
product	Migrations, HTTPS and real product acceptance	2026-10-05T05:00:36.0173081Z ✔ HTTP-26 FR-012/016: member cannot reset with forged ALL headers (120.787728ms)
product	Migrations, HTTPS and real product acceptance	2026-10-05T05:00:36.1075801Z ✔ HTTP-27 FR-016: Bootstrap generates a usable single-use invitation (90.032633ms)
product	Migrations, HTTPS and real product acceptance	2026-10-05T05:00:36.3031335Z ✔ HTTP-28 FR-012: Bootstrap resets password without disclosure; old password fails (195.624432ms)
product	Migrations, HTTPS and real product acceptance	2026-10-05T05:00:36.3336285Z ✔ HTTP-29 API-14: foreign Origin rejects writes even with valid token (30.578885ms)
product	Migrations, HTTPS and real product acceptance	2026-10-05T05:00:36.3641162Z ✔ HTTP-29 API-14: opaque Origin rejects writes even with valid token (30.11474ms)
product	Migrations, HTTPS and real product acceptance	2026-10-05T05:00:36.3939267Z ✔ HTTP-30 API-14: authenticated write without source or CSRF proof denied (29.811584ms)
product	Migrations, HTTPS and real product acceptance	2026-10-05T05:00:36.4264610Z ✔ HTTP-31 API-14: foreign-Origin logout rejected without revoking Session (32.846261ms)
product	Migrations, HTTPS and real product acceptance	2026-10-05T05:00:36.4318058Z ✔ HTTP-32 API-15: request IDs are generated rather than trusted from caller (5.126232ms)
product	Migrations, HTTPS and real product acceptance	2026-10-05T05:00:36.4338054Z ✔ HTTP-33 API-09: login rejects null account (2.309704ms)
product	Migrations, HTTPS and real product acceptance	2026-10-05T05:00:36.4356954Z ✔ HTTP-33 API-09: login rejects number account (1.917929ms)
product	Migrations, HTTPS and real product acceptance	2026-10-05T05:00:36.4376825Z ✔ HTTP-33 API-09: login rejects object account (2.030999ms)
product	Migrations, HTTPS and real product acceptance	2026-10-05T05:00:36.4392085Z ✔ HTTP-33 API-09: login rejects array account (1.59948ms)
product	Migrations, HTTPS and real product acceptance	2026-10-05T05:00:36.4418988Z ✔ HTTP-33 API-09: login rejects boolean account (2.66199ms)
product	Migrations, HTTPS and real product acceptance	2026-10-05T05:00:36.4447162Z ✔ HTTP-33 API-09: login rejects null password (2.60872ms)
product	Migrations, HTTPS and real product acceptance	2026-10-05T05:00:36.4470241Z ✔ HTTP-33 API-09: login rejects number password (2.416019ms)
product	Migrations, HTTPS and real product acceptance	2026-10-05T05:00:36.4499845Z ✔ HTTP-33 API-09: login rejects object password (2.845512ms)
product	Migrations, HTTPS and real product acceptance	2026-10-05T05:00:36.4528673Z ✔ HTTP-33 API-09: login rejects array password (2.80794ms)
product	Migrations, HTTPS and real product acceptance	2026-10-05T05:00:36.4556800Z ✔ HTTP-33 API-09: login rejects boolean password (2.801906ms)
product	Migrations, HTTPS and real product acceptance	2026-10-05T05:00:36.4585526Z ✔ HTTP-33 API-09: register rejects null account (2.719607ms)
product	Migrations, HTTPS and real product acceptance	2026-10-05T05:00:36.4604631Z ✔ HTTP-33 API-09: register rejects number account (1.701604ms)
product	Migrations, HTTPS and real product acceptance	2026-10-05T05:00:36.4620844Z ✔ HTTP-33 API-09: register rejects object account (1.872411ms)
product	Migrations, HTTPS and real product acceptance	2026-10-05T05:00:36.4661946Z ✔ HTTP-33 API-09: register rejects array account (2.640868ms)
product	Migrations, HTTPS and real product acceptance	2026-10-05T05:00:36.4702129Z ✔ HTTP-33 API-09: register rejects boolean account (5.41756ms)
product	Migrations, HTTPS and real product acceptance	2026-10-05T05:00:36.4728711Z ✔ HTTP-33 API-09: register rejects null password (2.597933ms)
product	Migrations, HTTPS and real product acceptance	2026-10-05T05:00:36.4755567Z ✔ HTTP-33 API-09: register rejects number password (2.69543ms)
product	Migrations, HTTPS and real product acceptance	2026-10-05T05:00:36.4770414Z ✔ HTTP-33 API-09: register rejects object password (1.545037ms)
product	Migrations, HTTPS and real product acceptance	2026-10-05T05:00:36.4798958Z ✔ HTTP-33 API-09: register rejects array password (2.535659ms)
product	Migrations, HTTPS and real product acceptance	2026-10-05T05:00:36.4826763Z ✔ HTTP-33 API-09: register rejects boolean password (2.813508ms)
product	Migrations, HTTPS and real product acceptance	2026-10-05T05:00:36.4844480Z ✔ HTTP-33 API-09: register rejects null invitationCode (1.758519ms)
product	Migrations, HTTPS and real product acceptance	2026-10-05T05:00:36.4861534Z ✔ HTTP-33 API-09: register rejects number invitationCode (1.775535ms)
product	Migrations, HTTPS and real product acceptance	2026-10-05T05:00:36.4888008Z ✔ HTTP-33 API-09: register rejects object invitationCode (2.590943ms)
product	Migrations, HTTPS and real product acceptance	2026-10-05T05:00:36.4915072Z ✔ HTTP-33 API-09: register rejects array invitationCode (2.648159ms)
product	Migrations, HTTPS and real product acceptance	2026-10-05T05:00:36.4933016Z ✔ HTTP-33 API-09: register rejects boolean invitationCode (1.617006ms)
product	Migrations, HTTPS and real product acceptance	2026-10-05T05:00:36.5910539Z ✔ HTTP-34 API compatibility: registration rejects write to isBootstrapAdmin (97.313364ms)
product	Migrations, HTTPS and real product acceptance	2026-10-05T05:00:36.6846194Z ✔ HTTP-34 API compatibility: registration rejects write to role (93.62562ms)
product	Migrations, HTTPS and real product acceptance	2026-10-05T05:00:36.7788407Z ✔ HTTP-34 API compatibility: registration rejects write to permissions (93.338468ms)
product	Migrations, HTTPS and real product acceptance	2026-10-05T05:00:36.8733042Z ✔ HTTP-34 API compatibility: registration rejects write to id (94.677099ms)
product	Migrations, HTTPS and real product acceptance	2026-10-05T05:00:36.9668768Z ✔ HTTP-34 API compatibility: registration rejects write to unexpectedField (93.773302ms)
product	Migrations, HTTPS and real product acceptance	2026-10-05T05:00:36.9731977Z ✔ HTTP-35 API-05: HEAD current-session is bodyless even when anonymous (5.014142ms)
product	Migrations, HTTPS and real product acceptance	2026-10-05T05:00:37.0510414Z ✔ R2/Q25 ordinary member reads own access and all management read/write families deny (78.799082ms)
product	Migrations, HTTPS and real product acceptance	2026-10-05T05:00:37.8072117Z ✔ R2/Q25 non-Root template manager, live revoke, versions, invitation and department invariance (756.377495ms)
product	Migrations, HTTPS and real product acceptance	2026-10-05T05:00:37.8096513Z ✔ FR-007: anonymous current-session request is unauthorized (2.96052ms)
product	Migrations, HTTPS and real product acceptance	2026-10-05T05:00:37.8128488Z ✔ API-14: forged identity headers cannot authenticate a caller (2.718244ms)
product	Migrations, HTTPS and real product acceptance	2026-10-05T05:00:37.8168763Z ✔ FR-001: wrong credentials never create a session or leak passwords (4.24269ms)
product	Migrations, HTTPS and real product acceptance	2026-10-05T05:00:37.8198470Z ✔ FR-003: missing invitation cannot create an account (3.054391ms)
product	Migrations, HTTPS and real product acceptance	2026-10-05T05:00:37.8229635Z ✔ FR-003: invalid invitation cannot create an account (2.79524ms)
product	Migrations, HTTPS and real product acceptance	2026-10-05T05:00:37.8259107Z ✔ FR-018: password missing uppercase is rejected (3.250016ms)
product	Migrations, HTTPS and real product acceptance	2026-10-05T05:00:37.8290065Z ✔ FR-018: password missing lowercase is rejected (2.95484ms)
product	Migrations, HTTPS and real product acceptance	2026-10-05T05:00:37.8323104Z ✔ FR-018: password missing digit is rejected (3.239204ms)
product	Migrations, HTTPS and real product acceptance	2026-10-05T05:00:37.8352476Z ✔ FR-018: password missing special is rejected (2.907179ms)
product	Migrations, HTTPS and real product acceptance	2026-10-05T05:00:37.9306216Z ✔ FR-003/017/001/005/009: registration, explicit login, restore and logout form a real HTTP lifecycle (94.187462ms)
product	Migrations, HTTPS and real product acceptance	2026-10-05T05:00:37.9619995Z ✔ FR-003: concurrent use of one invitation permits exactly one success (31.695131ms)
product	Migrations, HTTPS and real product acceptance	2026-10-05T05:00:38.0185504Z ✔ FR-002/003: duplicate account failure does not consume an invitation (56.683676ms)
product	Migrations, HTTPS and real product acceptance	2026-10-05T05:00:38.0460090Z ✔ FR-010: a disabled account cannot log in (27.452901ms)
product	Migrations, HTTPS and real product acceptance	2026-10-05T05:00:38.2345739Z ✔ FR-013: consecutive failures do not add a hidden account-lock feature (188.291597ms)
product	Migrations, HTTPS and real product acceptance	2026-10-05T05:00:38.2995787Z ✔ FR-016: only Bootstrap Admin can generate invitations (65.153629ms)
product	Migrations, HTTPS and real product acceptance	2026-10-05T05:00:38.3302600Z ✔ API-14: authenticated write without CSRF token is forbidden (30.57895ms)
product	Migrations, HTTPS and real product acceptance	2026-10-05T05:00:38.4458090Z ✔ FR-012/016: admin resets password, ordinary user cannot; response never contains the reset password (115.228054ms)
product	Migrations, HTTPS and real product acceptance	2026-10-05T05:00:38.4528625Z ✔ Q13: non-ASCII and space-only special class fail with approved field violations (7.711876ms)
product	Migrations, HTTPS and real product acceptance	2026-10-05T05:00:38.5111020Z ✔ FR-002/Q13: length applies after ordinary-space trim; four-character password is sufficient (57.509164ms)
product	Migrations, HTTPS and real product acceptance	2026-10-05T05:00:38.6590454Z ✔ FR-002: distinct case-sensitive accounts both register and authenticate independently (147.873457ms)
product	Migrations, HTTPS and real product acceptance	2026-10-05T05:00:38.6610098Z ✔ ADR-002 protocol schema: wrong media (2.590703ms)
product	Migrations, HTTPS and real product acceptance	2026-10-05T05:00:38.6636619Z ✔ ADR-002 protocol schema: foreign source (2.835135ms)
product	Migrations, HTTPS and real product acceptance	2026-10-05T05:00:38.6668305Z ✔ ADR-002 protocol schema: unknown write field (2.859247ms)
product	Migrations, HTTPS and real product acceptance	2026-10-05T05:00:38.7210766Z ✔ Administrator target-not-found has the declared404 schema (53.637267ms)
product	Migrations, HTTPS and real product acceptance	2026-10-05T05:00:38.7740191Z ✔ Successful login replaces an incoming Session instead of fixing its identifier (52.981244ms)
product	Migrations, HTTPS and real product acceptance	2026-10-05T05:00:38.7945964Z ℹ tests 124
product	Migrations, HTTPS and real product acceptance	2026-10-05T05:00:38.7946416Z ℹ suites 0
product	Migrations, HTTPS and real product acceptance	2026-10-05T05:00:38.7947006Z ℹ pass 124
product	Migrations, HTTPS and real product acceptance	2026-10-05T05:00:38.7947767Z ℹ fail 0
product	Migrations, HTTPS and real product acceptance	2026-10-05T05:00:38.7948097Z ℹ cancelled 0
product	Migrations, HTTPS and real product acceptance	2026-10-05T05:00:38.7948346Z ℹ skipped 0
product	Migrations, HTTPS and real product acceptance	2026-10-05T05:00:38.7948751Z ℹ todo 0
product	Migrations, HTTPS and real product acceptance	2026-10-05T05:00:38.7949018Z ℹ duration_ms 4854.821976
product	Migrations, HTTPS and real product acceptance	2026-10-05T05:00:40.0787291Z 
product	Migrations, HTTPS and real product acceptance	2026-10-05T05:00:40.0788146Z Running 138 tests using 1 worker
product	Migrations, HTTPS and real product acceptance	2026-10-05T05:00:40.0788729Z 
product	Migrations, HTTPS and real product acceptance	2026-10-05T05:00:40.4769223Z [1/138] [chromium] › tests/acceptance/applications-web.spec.ts:49:5 › V030-012 real B5: root creates, reopens and member without a grant is denied
product	Migrations, HTTPS and real product acceptance	2026-10-05T05:00:43.3562894Z [2/138] [chromium] › tests/acceptance/applications-web.spec.ts:113:5 › V030-012 real B5: owner saves permission-group basics, members and root menu independently
product	Migrations, HTTPS and real product acceptance	2026-10-05T05:00:46.1924487Z [3/138] [chromium] › tests/acceptance/applications-web.spec.ts:169:5 › V030-012 real B5: concurrent policy change requires explicit menu review before grant write
product	Migrations, HTTPS and real product acceptance	2026-10-05T05:00:47.6467035Z [4/138] [chromium] › tests/acceptance/applications-web.spec.ts:208:5 › V030-012 real HTTPS Shell persists a directory, form and saved designer field
product	Migrations, HTTPS and real product acceptance	2026-10-05T05:00:50.3333969Z [5/138] [chromium] › tests/acceptance/applications-web.spec.ts:267:5 › V030-012 real B5: create-only owner, same-app menu member and cross-app denial
product	Migrations, HTTPS and real product acceptance	2026-10-05T05:00:53.2377238Z [6/138] [chromium] › tests/acceptance/applications-web.spec.ts:359:5 › V030-012 real B5: expected actor guard rejects cross-session reads, writes and operation lookup
product	Migrations, HTTPS and real product acceptance	2026-10-05T05:00:54.6937536Z [7/138] [chromium] › tests/acceptance/applications-web.spec.ts:390:5 › Root real HTTPS full journey creates an application, saves a form, and creates and edits a persisted record
product	Migrations, HTTPS and real product acceptance	2026-10-05T05:00:57.8505611Z [8/138] [chromium] › tests/acceptance/web.spec.ts:15:5 › FR-001/011: login is accessible and offers no self-service recovery
product	Migrations, HTTPS and real product acceptance	2026-10-05T05:00:58.2741359Z [9/138] [chromium] › tests/acceptance/web.spec.ts:23:5 › PRD interaction: password visibility can be toggled
product	Migrations, HTTPS and real product acceptance	2026-10-05T05:00:59.0414328Z [10/138] [chromium] › tests/acceptance/web.spec.ts:32:5 › FR-004: invitation URL fills the registration field
product	Migrations, HTTPS and real product acceptance	2026-10-05T05:00:59.4275030Z [11/138] [chromium] › tests/acceptance/web.spec.ts:37:5 › FR-002: registration rejects an account containing spaces before submission
product	Migrations, HTTPS and real product acceptance	2026-10-05T05:01:00.0114713Z [12/138] [chromium] › tests/acceptance/web.spec.ts:49:5 › FR-018: four required character classes suffice without a length hint
product	Migrations, HTTPS and real product acceptance	2026-10-05T05:01:00.4422525Z [13/138] [chromium] › tests/acceptance/web.spec.ts:55:5 › FR-018: registration exposes accessible password-strength feedback
product	Migrations, HTTPS and real product acceptance	2026-10-05T05:01:00.8672811Z [14/138] [chromium] › tests/acceptance/web.spec.ts:62:5 › FR-007: an anonymous browser cannot enter the protected app
product	Migrations, HTTPS and real product acceptance	2026-10-05T05:01:01.1853712Z [15/138] [chromium] › tests/acceptance/web.spec.ts:66:5 › FR-001: wrong credentials show an error and remain unauthenticated
product	Migrations, HTTPS and real product acceptance	2026-10-05T05:01:01.8995876Z [16/138] [chromium] › tests/acceptance/web.spec.ts:74:5 › FR-017: successful registration returns to login without a session
product	Migrations, HTTPS and real product acceptance	2026-10-05T05:01:02.7314328Z [17/138] [chromium] › tests/acceptance/web.spec.ts:89:5 › FR-005/008/009: real login survives reload, then logout revokes it
product	Migrations, HTTPS and real product acceptance	2026-10-05T05:01:03.7661648Z [18/138] [chromium] › tests/acceptance/web.spec.ts:121:5 › WEB-01 user confirmation 2026-09-25: registration has four labeled inputs
product	Migrations, HTTPS and real product acceptance	2026-10-05T05:01:04.1684419Z [19/138] [chromium] › tests/acceptance/web.spec.ts:128:7 › WEB-02 FR-011: /login has no self-service password recovery
product	Migrations, HTTPS and real product acceptance	2026-10-05T05:01:04.5575059Z [20/138] [chromium] › tests/acceptance/web.spec.ts:128:7 › WEB-02 FR-011: /register has no self-service password recovery
product	Migrations, HTTPS and real product acceptance	2026-10-05T05:01:04.9392339Z [21/138] [chromium] › tests/acceptance/web.spec.ts:141:5 › WEB-03 FR-004: percent-encoded invitation is decoded once and remains editable
product	Migrations, HTTPS and real product acceptance	2026-10-05T05:01:05.3673250Z [22/138] [chromium] › tests/acceptance/web.spec.ts:149:5 › WEB-04 FR-004: URL invitation is treated as text, not executable markup
product	Migrations, HTTPS and real product acceptance	2026-10-05T05:01:05.7527974Z [23/138] [chromium] › tests/acceptance/web.spec.ts:160:37 › WEB-05 PRD input validation: /login missing 账号 is not submitted
product	Migrations, HTTPS and real product acceptance	2026-10-05T05:01:06.4888394Z [24/138] [chromium] › tests/acceptance/web.spec.ts:160:37 › WEB-05 PRD input validation: /login missing 密码 is not submitted
product	Migrations, HTTPS and real product acceptance	2026-10-05T05:01:07.2177942Z [25/138] [chromium] › tests/acceptance/web.spec.ts:160:37 › WEB-05 PRD input validation: /register missing 账号 is not submitted
product	Migrations, HTTPS and real product acceptance	2026-10-05T05:01:07.8632968Z [26/138] [chromium] › tests/acceptance/web.spec.ts:160:37 › WEB-05 PRD input validation: /register missing 密码 is not submitted
product	Migrations, HTTPS and real product acceptance	2026-10-05T05:01:08.5984594Z [27/138] [chromium] › tests/acceptance/web.spec.ts:160:37 › WEB-05 PRD input validation: /register missing 确认密码 is not submitted
product	Migrations, HTTPS and real product acceptance	2026-10-05T05:01:09.3252260Z [28/138] [chromium] › tests/acceptance/web.spec.ts:160:37 › WEB-05 PRD input validation: /register missing 邀请码 is not submitted
product	Migrations, HTTPS and real product acceptance	2026-10-05T05:01:10.0509242Z [29/138] [chromium] › tests/acceptance/web.spec.ts:174:5 › WEB-06 user confirmation: mismatched password confirmation prevents registration
product	Migrations, HTTPS and real product acceptance	2026-10-05T05:01:10.7756390Z [30/138] [chromium] › tests/acceptance/web.spec.ts:187:7 › WEB-07 FR-018: missing uppercase gives feedback and prevents submission
product	Migrations, HTTPS and real product acceptance	2026-10-05T05:01:11.4855842Z [31/138] [chromium] › tests/acceptance/web.spec.ts:187:7 › WEB-07 FR-018: missing lowercase gives feedback and prevents submission
product	Migrations, HTTPS and real product acceptance	2026-10-05T05:01:12.1985152Z [32/138] [chromium] › tests/acceptance/web.spec.ts:187:7 › WEB-07 FR-018: missing digit gives feedback and prevents submission
product	Migrations, HTTPS and real product acceptance	2026-10-05T05:01:12.8623460Z [33/138] [chromium] › tests/acceptance/web.spec.ts:187:7 › WEB-07 FR-018: missing special gives feedback and prevents submission
product	Migrations, HTTPS and real product acceptance	2026-10-05T05:01:13.6311429Z [34/138] [chromium] › tests/acceptance/web.spec.ts:203:5 › WEB-08 FR-004: prefilled invalid invitation is revalidated by the real server
product	Migrations, HTTPS and real product acceptance	2026-10-05T05:01:14.3676664Z [35/138] [chromium] › tests/acceptance/web.spec.ts:214:5 › WEB-09 PRD keyboard: Enter submits login without mouse interaction
product	Migrations, HTTPS and real product acceptance	2026-10-05T05:01:15.1218995Z [36/138] [chromium] › tests/acceptance/web.spec.ts:223:5 › WEB-10 FR-017: registration returns to login and requires password re-entry
product	Migrations, HTTPS and real product acceptance	2026-10-05T05:01:15.8893936Z [37/138] [chromium] › tests/acceptance/web.spec.ts:235:5 › WEB-11 PRD UX: login shows pending state and blocks duplicate submit during a real request
product	Migrations, HTTPS and real product acceptance	2026-10-05T05:01:16.7117757Z [38/138] [chromium] › tests/acceptance/web.spec.ts:265:5 › WEB-12 PRD login: network failure differs from credential failure and permits retry
product	Migrations, HTTPS and real product acceptance	2026-10-05T05:01:17.4617786Z [39/138] [chromium] › tests/acceptance/web.spec.ts:292:5 › WEB-13 FR-010: Disabled user sees failure and cannot enter protected app
product	Migrations, HTTPS and real product acceptance	2026-10-05T05:01:18.2544629Z [40/138] [chromium] › tests/acceptance/web.spec.ts:305:5 › WEB-14 FR-002/003: duplicate-account feedback permits retry without losing invitation
product	Migrations, HTTPS and real product acceptance	2026-10-05T05:01:19.0233804Z [41/138] [chromium] › tests/acceptance/web.spec.ts:394:5 › WEB-15 FR-003: already-used invitation shows failure and keeps browser unauthenticated
product	Migrations, HTTPS and real product acceptance	2026-10-05T05:01:19.0824441Z [chromium] › tests/acceptance/web.spec.ts:394:5 › WEB-15 FR-003: already-used invitation shows failure and keeps browser unauthenticated
product	Migrations, HTTPS and real product acceptance	2026-10-05T05:01:19.0844164Z WEB15_PHASE {"relativeMs":16,"phase":"navigation","path":"/register"}
product	Migrations, HTTPS and real product acceptance	2026-10-05T05:01:19.0844905Z 
product	Migrations, HTTPS and real product acceptance	2026-10-05T05:01:19.2744240Z WEB15_PHASE {"relativeMs":209,"phase":"navigation","path":"/register"}
product	Migrations, HTTPS and real product acceptance	2026-10-05T05:01:19.2744806Z 
product	Migrations, HTTPS and real product acceptance	2026-10-05T05:01:19.2746841Z WEB15_PHASE {"relativeMs":209,"phase":"dom-ready","path":"/register","ready":"interactive","formAttached":false,"buttonEnabled":false,"accountValid":false,"passwordValid":false,"confirmationMatches":false,"invitationPresent":false,"invitationMatchesFixture":false,"nativeFieldsValid":false}
product	Migrations, HTTPS and real product acceptance	2026-10-05T05:01:19.2748014Z 
product	Migrations, HTTPS and real product acceptance	2026-10-05T05:01:19.7744795Z WEB15_PHASE {"relativeMs":709,"phase":"button-click","path":"/register","ready":"complete","formAttached":true,"buttonEnabled":true,"accountValid":true,"passwordValid":true,"confirmationMatches":true,"invitationPresent":true,"invitationMatchesFixture":true,"nativeFieldsValid":true}
product	Migrations, HTTPS and real product acceptance	2026-10-05T05:01:19.7746883Z 
product	Migrations, HTTPS and real product acceptance	2026-10-05T05:01:19.7749034Z WEB15_PHASE {"relativeMs":709,"phase":"form-submit","path":"/register","ready":"complete","formAttached":true,"buttonEnabled":true,"accountValid":true,"passwordValid":true,"confirmationMatches":true,"invitationPresent":true,"invitationMatchesFixture":true,"nativeFieldsValid":true}
product	Migrations, HTTPS and real product acceptance	2026-10-05T05:01:19.7751587Z 
product	Migrations, HTTPS and real product acceptance	2026-10-05T05:01:19.7808606Z WEB15_PHASE {"relativeMs":715,"phase":"request","path":"/api/v1/registrations","method":"POST"}
product	Migrations, HTTPS and real product acceptance	2026-10-05T05:01:19.7809321Z 
product	Migrations, HTTPS and real product acceptance	2026-10-05T05:01:19.8152468Z WEB15_PHASE {"relativeMs":750,"phase":"response","path":"/api/v1/registrations","method":"POST","status":201}
product	Migrations, HTTPS and real product acceptance	2026-10-05T05:01:19.8153262Z 
product	Migrations, HTTPS and real product acceptance	2026-10-05T05:01:19.8182768Z WEB15_PHASE {"relativeMs":753,"phase":"navigation","path":"/login"}
product	Migrations, HTTPS and real product acceptance	2026-10-05T05:01:19.8195837Z 
product	Migrations, HTTPS and real product acceptance	2026-10-05T05:01:19.8430210Z WEB15_PHASE {"relativeMs":776,"phase":"navigation","path":"/register"}
product	Migrations, HTTPS and real product acceptance	2026-10-05T05:01:19.8443772Z 
product	Migrations, HTTPS and real product acceptance	2026-10-05T05:01:19.8610054Z WEB15_PHASE {"relativeMs":795,"phase":"navigation","path":"/register"}
product	Migrations, HTTPS and real product acceptance	2026-10-05T05:01:19.8610892Z 
product	Migrations, HTTPS and real product acceptance	2026-10-05T05:01:19.8613204Z WEB15_PHASE {"relativeMs":796,"phase":"dom-ready","path":"/register","ready":"interactive","formAttached":false,"buttonEnabled":false,"accountValid":false,"passwordValid":false,"confirmationMatches":false,"invitationPresent":false,"invitationMatchesFixture":false,"nativeFieldsValid":false}
product	Migrations, HTTPS and real product acceptance	2026-10-05T05:01:19.8615489Z 
product	Migrations, HTTPS and real product acceptance	2026-10-05T05:01:20.0362072Z WEB15_PHASE {"relativeMs":970,"phase":"button-click","path":"/register","ready":"complete","formAttached":true,"buttonEnabled":true,"accountValid":true,"passwordValid":true,"confirmationMatches":true,"invitationPresent":true,"invitationMatchesFixture":true,"nativeFieldsValid":true}
product	Migrations, HTTPS and real product acceptance	2026-10-05T05:01:20.0364155Z 
product	Migrations, HTTPS and real product acceptance	2026-10-05T05:01:20.0366377Z WEB15_PHASE {"relativeMs":970,"phase":"form-submit","path":"/register","ready":"complete","formAttached":true,"buttonEnabled":true,"accountValid":true,"passwordValid":true,"confirmationMatches":true,"invitationPresent":true,"invitationMatchesFixture":true,"nativeFieldsValid":true}
product	Migrations, HTTPS and real product acceptance	2026-10-05T05:01:20.0368428Z 
product	Migrations, HTTPS and real product acceptance	2026-10-05T05:01:20.0404868Z WEB15_PHASE {"relativeMs":975,"phase":"request","path":"/api/v1/registrations","method":"POST"}
product	Migrations, HTTPS and real product acceptance	2026-10-05T05:01:20.0405821Z 
product	Migrations, HTTPS and real product acceptance	2026-10-05T05:01:20.0708822Z WEB15_PHASE {"relativeMs":1005,"phase":"response","path":"/api/v1/registrations","method":"POST","status":409}
product	Migrations, HTTPS and real product acceptance	2026-10-05T05:01:20.0711398Z 
product	Migrations, HTTPS and real product acceptance	2026-10-05T05:01:20.0862271Z [42/138] [chromium] › tests/acceptance/web.spec.ts:407:5 › WEB-16 PRD UX: pending real registration prevents duplicate submission
product	Migrations, HTTPS and real product acceptance	2026-10-05T05:01:20.8551321Z [43/138] [chromium] › tests/acceptance/web.spec.ts:423:5 › WEB-17 FR-008: Redis-expired browser Session returns to login
product	Migrations, HTTPS and real product acceptance	2026-10-05T05:01:21.8582516Z [44/138] [chromium] › tests/acceptance/web.spec.ts:442:5 › WEB-18 PRD security: frontend logs do not contain submitted password
product	Migrations, HTTPS and real product acceptance	2026-10-05T05:01:22.5759504Z [45/138] [chromium] › tests/acceptance/web.spec.ts:457:5 › R2/Q25 real ordinary Home, own account and direct admin denial
product	Migrations, HTTPS and real product acceptance	2026-10-05T05:01:23.5403816Z [46/138] [chromium] › tests/acceptance/web.spec.ts:460:5 › R3 real Root UI creates shared template/identity and assigns a new non-Root manager
product	Migrations, HTTPS and real product acceptance	2026-10-05T05:01:28.0428441Z [47/138] [firefox] › tests/acceptance/applications-web.spec.ts:49:5 › V030-012 real B5: root creates, reopens and member without a grant is denied
product	Migrations, HTTPS and real product acceptance	2026-10-05T05:01:32.4413761Z [48/138] [firefox] › tests/acceptance/applications-web.spec.ts:113:5 › V030-012 real B5: owner saves permission-group basics, members and root menu independently
product	Migrations, HTTPS and real product acceptance	2026-10-05T05:01:35.6274339Z [49/138] [firefox] › tests/acceptance/applications-web.spec.ts:169:5 › V030-012 real B5: concurrent policy change requires explicit menu review before grant write
product	Migrations, HTTPS and real product acceptance	2026-10-05T05:01:37.2924301Z [50/138] [firefox] › tests/acceptance/applications-web.spec.ts:208:5 › V030-012 real HTTPS Shell persists a directory, form and saved designer field
product	Migrations, HTTPS and real product acceptance	2026-10-05T05:01:40.3425621Z [51/138] [firefox] › tests/acceptance/applications-web.spec.ts:267:5 › V030-012 real B5: create-only owner, same-app menu member and cross-app denial
product	Migrations, HTTPS and real product acceptance	2026-10-05T05:01:44.8080030Z [52/138] [firefox] › tests/acceptance/applications-web.spec.ts:359:5 › V030-012 real B5: expected actor guard rejects cross-session reads, writes and operation lookup
product	Migrations, HTTPS and real product acceptance	2026-10-05T05:01:47.8395103Z [53/138] [firefox] › tests/acceptance/applications-web.spec.ts:390:5 › Root real HTTPS full journey creates an application, saves a form, and creates and edits a persisted record
product	Migrations, HTTPS and real product acceptance	2026-10-05T05:01:52.0492787Z [54/138] [firefox] › tests/acceptance/web.spec.ts:15:5 › FR-001/011: login is accessible and offers no self-service recovery
product	Migrations, HTTPS and real product acceptance	2026-10-05T05:01:52.6933600Z [55/138] [firefox] › tests/acceptance/web.spec.ts:23:5 › PRD interaction: password visibility can be toggled
product	Migrations, HTTPS and real product acceptance	2026-10-05T05:01:53.5617669Z [56/138] [firefox] › tests/acceptance/web.spec.ts:32:5 › FR-004: invitation URL fills the registration field
product	Migrations, HTTPS and real product acceptance	2026-10-05T05:01:54.1686345Z [57/138] [firefox] › tests/acceptance/web.spec.ts:37:5 › FR-002: registration rejects an account containing spaces before submission
product	Migrations, HTTPS and real product acceptance	2026-10-05T05:01:54.8975744Z [58/138] [firefox] › tests/acceptance/web.spec.ts:49:5 › FR-018: four required character classes suffice without a length hint
product	Migrations, HTTPS and real product acceptance	2026-10-05T05:01:55.5747394Z [59/138] [firefox] › tests/acceptance/web.spec.ts:55:5 › FR-018: registration exposes accessible password-strength feedback
product	Migrations, HTTPS and real product acceptance	2026-10-05T05:01:56.2625970Z [60/138] [firefox] › tests/acceptance/web.spec.ts:62:5 › FR-007: an anonymous browser cannot enter the protected app
product	Migrations, HTTPS and real product acceptance	2026-10-05T05:01:56.8643856Z [61/138] [firefox] › tests/acceptance/web.spec.ts:66:5 › FR-001: wrong credentials show an error and remain unauthenticated
product	Migrations, HTTPS and real product acceptance	2026-10-05T05:02:00.3695630Z [62/138] [firefox] › tests/acceptance/web.spec.ts:74:5 › FR-017: successful registration returns to login without a session
product	Migrations, HTTPS and real product acceptance	2026-10-05T05:02:01.9763437Z [63/138] [firefox] › tests/acceptance/web.spec.ts:89:5 › FR-005/008/009: real login survives reload, then logout revokes it
product	Migrations, HTTPS and real product acceptance	2026-10-05T05:02:03.5027486Z [64/138] [firefox] › tests/acceptance/web.spec.ts:121:5 › WEB-01 user confirmation 2026-09-25: registration has four labeled inputs
product	Migrations, HTTPS and real product acceptance	2026-10-05T05:02:04.1717889Z [65/138] [firefox] › tests/acceptance/web.spec.ts:128:7 › WEB-02 FR-011: /login has no self-service password recovery
product	Migrations, HTTPS and real product acceptance	2026-10-05T05:02:04.7997639Z [66/138] [firefox] › tests/acceptance/web.spec.ts:128:7 › WEB-02 FR-011: /register has no self-service password recovery
product	Migrations, HTTPS and real product acceptance	2026-10-05T05:02:05.4810826Z [67/138] [firefox] › tests/acceptance/web.spec.ts:141:5 › WEB-03 FR-004: percent-encoded invitation is decoded once and remains editable
product	Migrations, HTTPS and real product acceptance	2026-10-05T05:02:06.1846313Z [68/138] [firefox] › tests/acceptance/web.spec.ts:149:5 › WEB-04 FR-004: URL invitation is treated as text, not executable markup
product	Migrations, HTTPS and real product acceptance	2026-10-05T05:02:06.7951298Z [69/138] [firefox] › tests/acceptance/web.spec.ts:160:37 › WEB-05 PRD input validation: /login missing 账号 is not submitted
product	Migrations, HTTPS and real product acceptance	2026-10-05T05:02:07.6307480Z [70/138] [firefox] › tests/acceptance/web.spec.ts:160:37 › WEB-05 PRD input validation: /login missing 密码 is not submitted
product	Migrations, HTTPS and real product acceptance	2026-10-05T05:02:08.3363782Z [71/138] [firefox] › tests/acceptance/web.spec.ts:160:37 › WEB-05 PRD input validation: /register missing 账号 is not submitted
product	Migrations, HTTPS and real product acceptance	2026-10-05T05:02:12.8195077Z [72/138] [firefox] › tests/acceptance/web.spec.ts:160:37 › WEB-05 PRD input validation: /register missing 密码 is not submitted
product	Migrations, HTTPS and real product acceptance	2026-10-05T05:02:14.2165318Z [73/138] [firefox] › tests/acceptance/web.spec.ts:160:37 › WEB-05 PRD input validation: /register missing 确认密码 is not submitted
product	Migrations, HTTPS and real product acceptance	2026-10-05T05:02:15.1023690Z [74/138] [firefox] › tests/acceptance/web.spec.ts:160:37 › WEB-05 PRD input validation: /register missing 邀请码 is not submitted
product	Migrations, HTTPS and real product acceptance	2026-10-05T05:02:15.8263052Z [75/138] [firefox] › tests/acceptance/web.spec.ts:174:5 › WEB-06 user confirmation: mismatched password confirmation prevents registration
product	Migrations, HTTPS and real product acceptance	2026-10-05T05:02:16.5714263Z [76/138] [firefox] › tests/acceptance/web.spec.ts:187:7 › WEB-07 FR-018: missing uppercase gives feedback and prevents submission
product	Migrations, HTTPS and real product acceptance	2026-10-05T05:02:17.3833973Z [77/138] [firefox] › tests/acceptance/web.spec.ts:187:7 › WEB-07 FR-018: missing lowercase gives feedback and prevents submission
product	Migrations, HTTPS and real product acceptance	2026-10-05T05:02:18.3393674Z [78/138] [firefox] › tests/acceptance/web.spec.ts:187:7 › WEB-07 FR-018: missing digit gives feedback and prevents submission
product	Migrations, HTTPS and real product acceptance	2026-10-05T05:02:19.1135340Z [79/138] [firefox] › tests/acceptance/web.spec.ts:187:7 › WEB-07 FR-018: missing special gives feedback and prevents submission
product	Migrations, HTTPS and real product acceptance	2026-10-05T05:02:19.8486130Z [80/138] [firefox] › tests/acceptance/web.spec.ts:203:5 › WEB-08 FR-004: prefilled invalid invitation is revalidated by the real server
product	Migrations, HTTPS and real product acceptance	2026-10-05T05:02:20.6573486Z [81/138] [firefox] › tests/acceptance/web.spec.ts:214:5 › WEB-09 PRD keyboard: Enter submits login without mouse interaction
product	Migrations, HTTPS and real product acceptance	2026-10-05T05:02:25.6852666Z [82/138] [firefox] › tests/acceptance/web.spec.ts:223:5 › WEB-10 FR-017: registration returns to login and requires password re-entry
product	Migrations, HTTPS and real product acceptance	2026-10-05T05:02:27.2346561Z [83/138] [firefox] › tests/acceptance/web.spec.ts:235:5 › WEB-11 PRD UX: login shows pending state and blocks duplicate submit during a real request
product	Migrations, HTTPS and real product acceptance	2026-10-05T05:02:28.1490867Z [84/138] [firefox] › tests/acceptance/web.spec.ts:265:5 › WEB-12 PRD login: network failure differs from credential failure and permits retry
product	Migrations, HTTPS and real product acceptance	2026-10-05T05:02:29.0200955Z [85/138] [firefox] › tests/acceptance/web.spec.ts:292:5 › WEB-13 FR-010: Disabled user sees failure and cannot enter protected app
product	Migrations, HTTPS and real product acceptance	2026-10-05T05:02:30.0591325Z [86/138] [firefox] › tests/acceptance/web.spec.ts:305:5 › WEB-14 FR-002/003: duplicate-account feedback permits retry without losing invitation
product	Migrations, HTTPS and real product acceptance	2026-10-05T05:02:31.1155048Z [87/138] [firefox] › tests/acceptance/web.spec.ts:394:5 › WEB-15 FR-003: already-used invitation shows failure and keeps browser unauthenticated
product	Migrations, HTTPS and real product acceptance	2026-10-05T05:02:31.3848216Z [firefox] › tests/acceptance/web.spec.ts:394:5 › WEB-15 FR-003: already-used invitation shows failure and keeps browser unauthenticated
product	Migrations, HTTPS and real product acceptance	2026-10-05T05:02:31.3850001Z WEB15_PHASE {"relativeMs":35,"phase":"navigation","path":"/register"}
product	Migrations, HTTPS and real product acceptance	2026-10-05T05:02:31.3851251Z 
product	Migrations, HTTPS and real product acceptance	2026-10-05T05:02:31.5568863Z WEB15_PHASE {"relativeMs":208,"phase":"navigation","path":"/register"}
product	Migrations, HTTPS and real product acceptance	2026-10-05T05:02:31.5569655Z 
product	Migrations, HTTPS and real product acceptance	2026-10-05T05:02:31.5781046Z WEB15_PHASE {"relativeMs":229,"phase":"dom-ready","path":"/register","ready":"interactive","formAttached":true,"buttonEnabled":true,"accountValid":false,"passwordValid":false,"confirmationMatches":false,"invitationPresent":false,"invitationMatchesFixture":false,"nativeFieldsValid":false}
product	Migrations, HTTPS and real product acceptance	2026-10-05T05:02:31.5786750Z 
product	Migrations, HTTPS and real product acceptance	2026-10-05T05:02:31.8511767Z WEB15_PHASE {"relativeMs":502,"phase":"button-click","path":"/register","ready":"complete","formAttached":true,"buttonEnabled":true,"accountValid":true,"passwordValid":true,"confirmationMatches":true,"invitationPresent":true,"invitationMatchesFixture":true,"nativeFieldsValid":true}
product	Migrations, HTTPS and real product acceptance	2026-10-05T05:02:31.8513717Z 
product	Migrations, HTTPS and real product acceptance	2026-10-05T05:02:31.8550383Z WEB15_PHASE {"relativeMs":506,"phase":"form-submit","path":"/register","ready":"complete","formAttached":true,"buttonEnabled":true,"accountValid":true,"passwordValid":true,"confirmationMatches":true,"invitationPresent":true,"invitationMatchesFixture":true,"nativeFieldsValid":true}
product	Migrations, HTTPS and real product acceptance	2026-10-05T05:02:31.8552292Z 
product	Migrations, HTTPS and real product acceptance	2026-10-05T05:02:31.8572160Z WEB15_PHASE {"relativeMs":509,"phase":"request","path":"/api/v1/registrations","method":"POST"}
product	Migrations, HTTPS and real product acceptance	2026-10-05T05:02:31.8572921Z 
product	Migrations, HTTPS and real product acceptance	2026-10-05T05:02:31.8948177Z WEB15_PHASE {"relativeMs":546,"phase":"response","path":"/api/v1/registrations","method":"POST","status":201}
product	Migrations, HTTPS and real product acceptance	2026-10-05T05:02:31.8948698Z 
product	Migrations, HTTPS and real product acceptance	2026-10-05T05:02:31.9055296Z WEB15_PHASE {"relativeMs":557,"phase":"navigation","path":"/login"}
product	Migrations, HTTPS and real product acceptance	2026-10-05T05:02:31.9055815Z 
product	Migrations, HTTPS and real product acceptance	2026-10-05T05:02:32.0093347Z WEB15_PHASE {"relativeMs":659,"phase":"navigation","path":"/register"}
product	Migrations, HTTPS and real product acceptance	2026-10-05T05:02:32.0093775Z 
product	Migrations, HTTPS and real product acceptance	2026-10-05T05:02:32.1246636Z WEB15_PHASE {"relativeMs":776,"phase":"navigation","path":"/register"}
product	Migrations, HTTPS and real product acceptance	2026-10-05T05:02:32.1253241Z 
product	Migrations, HTTPS and real product acceptance	2026-10-05T05:02:32.1339380Z WEB15_PHASE {"relativeMs":785,"phase":"dom-ready","path":"/register","ready":"interactive","formAttached":true,"buttonEnabled":true,"accountValid":false,"passwordValid":false,"confirmationMatches":false,"invitationPresent":false,"invitationMatchesFixture":false,"nativeFieldsValid":false}
product	Migrations, HTTPS and real product acceptance	2026-10-05T05:02:32.1340551Z 
product	Migrations, HTTPS and real product acceptance	2026-10-05T05:02:32.3007540Z WEB15_PHASE {"relativeMs":951,"phase":"button-click","path":"/register","ready":"complete","formAttached":true,"buttonEnabled":true,"accountValid":true,"passwordValid":true,"confirmationMatches":true,"invitationPresent":true,"invitationMatchesFixture":true,"nativeFieldsValid":true}
product	Migrations, HTTPS and real product acceptance	2026-10-05T05:02:32.3009567Z 
product	Migrations, HTTPS and real product acceptance	2026-10-05T05:02:32.3021151Z WEB15_PHASE {"relativeMs":953,"phase":"form-submit","path":"/register","ready":"complete","formAttached":true,"buttonEnabled":true,"accountValid":true,"passwordValid":true,"confirmationMatches":true,"invitationPresent":true,"invitationMatchesFixture":true,"nativeFieldsValid":true}
product	Migrations, HTTPS and real product acceptance	2026-10-05T05:02:32.3022235Z 
product	Migrations, HTTPS and real product acceptance	2026-10-05T05:02:32.3051657Z WEB15_PHASE {"relativeMs":957,"phase":"request","path":"/api/v1/registrations","method":"POST"}
product	Migrations, HTTPS and real product acceptance	2026-10-05T05:02:32.3052085Z 
product	Migrations, HTTPS and real product acceptance	2026-10-05T05:02:32.3362470Z WEB15_PHASE {"relativeMs":987,"phase":"response","path":"/api/v1/registrations","method":"POST","status":409}
product	Migrations, HTTPS and real product acceptance	2026-10-05T05:02:32.3363611Z 
product	Migrations, HTTPS and real product acceptance	2026-10-05T05:02:32.3673313Z [88/138] [firefox] › tests/acceptance/web.spec.ts:407:5 › WEB-16 PRD UX: pending real registration prevents duplicate submission
product	Migrations, HTTPS and real product acceptance	2026-10-05T05:02:33.1977607Z [89/138] [firefox] › tests/acceptance/web.spec.ts:423:5 › WEB-17 FR-008: Redis-expired browser Session returns to login
product	Migrations, HTTPS and real product acceptance	2026-10-05T05:02:34.4085622Z [90/138] [firefox] › tests/acceptance/web.spec.ts:442:5 › WEB-18 PRD security: frontend logs do not contain submitted password
product	Migrations, HTTPS and real product acceptance	2026-10-05T05:02:35.1406186Z [91/138] [firefox] › tests/acceptance/web.spec.ts:457:5 › R2/Q25 real ordinary Home, own account and direct admin denial
product	Migrations, HTTPS and real product acceptance	2026-10-05T05:02:40.7673704Z [92/138] [firefox] › tests/acceptance/web.spec.ts:460:5 › R3 real Root UI creates shared template/identity and assigns a new non-Root manager
product	Migrations, HTTPS and real product acceptance	2026-10-05T05:03:11.3926074Z   1) [firefox] › tests/acceptance/web.spec.ts:460:5 › R3 real Root UI creates shared template/identity and assigns a new non-Root manager 
product	Migrations, HTTPS and real product acceptance	2026-10-05T05:03:11.3927489Z 
product	Migrations, HTTPS and real product acceptance	2026-10-05T05:03:11.3927741Z     Test timeout of 30000ms exceeded.
product	Migrations, HTTPS and real product acceptance	2026-10-05T05:03:11.3928052Z 
product	Migrations, HTTPS and real product acceptance	2026-10-05T05:03:11.3928417Z     Error: page.waitForResponse: Test timeout of 30000ms exceeded.
product	Migrations, HTTPS and real product acceptance	2026-10-05T05:03:11.3928895Z 
product	Migrations, HTTPS and real product acceptance	2026-10-05T05:03:11.3929412Z       468 |  // The API registration above changed the complete member result after admin entry.
product	Migrations, HTTPS and real product acceptance	2026-10-05T05:03:11.3930467Z       469 |  // Q36 requires the real user's explicit refresh before searching that new member.
product	Migrations, HTTPS and real product acceptance	2026-10-05T05:03:11.3932298Z     > 470 |  const refreshed=page.waitForResponse(r=>new URL(r.url()).pathname==='/api/v1/personnel/members/search'&&r.request().method()==='POST'&&!r.request().postDataJSON().queryVersion);
product	Migrations, HTTPS and real product acceptance	2026-10-05T05:03:11.3933607Z           |                       ^
product	Migrations, HTTPS and real product acceptance	2026-10-05T05:03:11.3934828Z       471 |  await page.getByRole('button',{name:'刷新查询',exact:true}).click();expect((await refreshed).status()).toBe(200);
product	Migrations, HTTPS and real product acceptance	2026-10-05T05:03:11.3936659Z       472 |  const searched=page.waitForResponse(r=>new URL(r.url()).pathname==='/api/v1/personnel/members/search'&&r.request().method()==='POST'&&r.request().postDataJSON().search===label);
product	Migrations, HTTPS and real product acceptance	2026-10-05T05:03:11.3940017Z       473 |  await page.getByLabel('搜索成员',{exact:true}).fill(label);const searchResponse=await searched;expect(searchResponse.status()).toBe(200);const query=(await searchResponse.json()).data;expect(typeof query.queryVersion).toBe('string');expect(query.queryVersion.length).toBeGreaterThan(0);
product	Migrations, HTTPS and real product acceptance	2026-10-05T05:03:11.3943080Z         at /repo/tests/acceptance/web.spec.ts:470:23
product	Migrations, HTTPS and real product acceptance	2026-10-05T05:03:11.3943470Z 
product	Migrations, HTTPS and real product acceptance	2026-10-05T05:03:11.3944344Z     Error Context: apps/web/test-results/web-R3-real-Root-UI-create-2cfcc-igns-a-new-non-Root-manager-firefox/error-context.md
product	Migrations, HTTPS and real product acceptance	2026-10-05T05:03:11.3945240Z 
product	Migrations, HTTPS and real product acceptance	2026-10-05T05:03:11.3945260Z 
product	Migrations, HTTPS and real product acceptance	2026-10-05T05:03:11.8421512Z [93/138] [webkit] › tests/acceptance/applications-web.spec.ts:49:5 › V030-012 real B5: root creates, reopens and member without a grant is denied
product	Migrations, HTTPS and real product acceptance	2026-10-05T05:03:29.0817920Z [94/138] [webkit] › tests/acceptance/applications-web.spec.ts:113:5 › V030-012 real B5: owner saves permission-group basics, members and root menu independently
product	Migrations, HTTPS and real product acceptance	2026-10-05T05:03:41.4572774Z [95/138] [webkit] › tests/acceptance/applications-web.spec.ts:169:5 › V030-012 real B5: concurrent policy change requires explicit menu review before grant write
product	Migrations, HTTPS and real product acceptance	2026-10-05T05:03:46.3368572Z [96/138] [webkit] › tests/acceptance/applications-web.spec.ts:208:5 › V030-012 real HTTPS Shell persists a directory, form and saved designer field
product	Migrations, HTTPS and real product acceptance	2026-10-05T05:03:56.8248059Z [97/138] [webkit] › tests/acceptance/applications-web.spec.ts:267:5 › V030-012 real B5: create-only owner, same-app menu member and cross-app denial
product	Migrations, HTTPS and real product acceptance	2026-10-05T05:04:09.1460990Z [98/138] [webkit] › tests/acceptance/applications-web.spec.ts:359:5 › V030-012 real B5: expected actor guard rejects cross-session reads, writes and operation lookup
product	Migrations, HTTPS and real product acceptance	2026-10-05T05:04:11.5358247Z [99/138] [webkit] › tests/acceptance/applications-web.spec.ts:390:5 › Root real HTTPS full journey creates an application, saves a form, and creates and edits a persisted record
product	Migrations, HTTPS and real product acceptance	2026-10-05T05:04:33.3484278Z [100/138] [webkit] › tests/acceptance/web.spec.ts:15:5 › FR-001/011: login is accessible and offers no self-service recovery
product	Migrations, HTTPS and real product acceptance	2026-10-05T05:04:34.1624113Z [101/138] [webkit] › tests/acceptance/web.spec.ts:23:5 › PRD interaction: password visibility can be toggled
product	Migrations, HTTPS and real product acceptance	2026-10-05T05:04:35.0464181Z [102/138] [webkit] › tests/acceptance/web.spec.ts:32:5 › FR-004: invitation URL fills the registration field
product	Migrations, HTTPS and real product acceptance	2026-10-05T05:04:35.5513692Z [103/138] [webkit] › tests/acceptance/web.spec.ts:37:5 › FR-002: registration rejects an account containing spaces before submission
product	Migrations, HTTPS and real product acceptance	2026-10-05T05:04:36.4639397Z [104/138] [webkit] › tests/acceptance/web.spec.ts:49:5 › FR-018: four required character classes suffice without a length hint
product	Migrations, HTTPS and real product acceptance	2026-10-05T05:04:37.0976941Z [105/138] [webkit] › tests/acceptance/web.spec.ts:55:5 › FR-018: registration exposes accessible password-strength feedback
product	Migrations, HTTPS and real product acceptance	2026-10-05T05:04:37.6826611Z [106/138] [webkit] › tests/acceptance/web.spec.ts:62:5 › FR-007: an anonymous browser cannot enter the protected app
product	Migrations, HTTPS and real product acceptance	2026-10-05T05:04:38.2545167Z [107/138] [webkit] › tests/acceptance/web.spec.ts:66:5 › FR-001: wrong credentials show an error and remain unauthenticated
product	Migrations, HTTPS and real product acceptance	2026-10-05T05:04:39.1199350Z [108/138] [webkit] › tests/acceptance/web.spec.ts:74:5 › FR-017: successful registration returns to login without a session
product	Migrations, HTTPS and real product acceptance	2026-10-05T05:04:40.1784016Z [109/138] [webkit] › tests/acceptance/web.spec.ts:89:5 › FR-005/008/009: real login survives reload, then logout revokes it
product	Migrations, HTTPS and real product acceptance	2026-10-05T05:04:42.1582838Z [110/138] [webkit] › tests/acceptance/web.spec.ts:121:5 › WEB-01 user confirmation 2026-09-25: registration has four labeled inputs
product	Migrations, HTTPS and real product acceptance	2026-10-05T05:04:42.7021437Z [111/138] [webkit] › tests/acceptance/web.spec.ts:128:7 › WEB-02 FR-011: /login has no self-service password recovery
product	Migrations, HTTPS and real product acceptance	2026-10-05T05:04:43.3054570Z [112/138] [webkit] › tests/acceptance/web.spec.ts:128:7 › WEB-02 FR-011: /register has no self-service password recovery
product	Migrations, HTTPS and real product acceptance	2026-10-05T05:04:43.9023451Z [113/138] [webkit] › tests/acceptance/web.spec.ts:141:5 › WEB-03 FR-004: percent-encoded invitation is decoded once and remains editable
product	Migrations, HTTPS and real product acceptance	2026-10-05T05:04:44.5214021Z [114/138] [webkit] › tests/acceptance/web.spec.ts:149:5 › WEB-04 FR-004: URL invitation is treated as text, not executable markup
product	Migrations, HTTPS and real product acceptance	2026-10-05T05:04:45.0578213Z [115/138] [webkit] › tests/acceptance/web.spec.ts:160:37 › WEB-05 PRD input validation: /login missing 账号 is not submitted
product	Migrations, HTTPS and real product acceptance	2026-10-05T05:04:45.9479851Z [116/138] [webkit] › tests/acceptance/web.spec.ts:160:37 › WEB-05 PRD input validation: /login missing 密码 is not submitted
product	Migrations, HTTPS and real product acceptance	2026-10-05T05:04:46.7864151Z [117/138] [webkit] › tests/acceptance/web.spec.ts:160:37 › WEB-05 PRD input validation: /register missing 账号 is not submitted
product	Migrations, HTTPS and real product acceptance	2026-10-05T05:04:47.6136744Z [118/138] [webkit] › tests/acceptance/web.spec.ts:160:37 › WEB-05 PRD input validation: /register missing 密码 is not submitted
product	Migrations, HTTPS and real product acceptance	2026-10-05T05:04:48.4391901Z [119/138] [webkit] › tests/acceptance/web.spec.ts:160:37 › WEB-05 PRD input validation: /register missing 确认密码 is not submitted
product	Migrations, HTTPS and real product acceptance	2026-10-05T05:04:49.2644192Z [120/138] [webkit] › tests/acceptance/web.spec.ts:160:37 › WEB-05 PRD input validation: /register missing 邀请码 is not submitted
product	Migrations, HTTPS and real product acceptance	2026-10-05T05:04:50.0832560Z [121/138] [webkit] › tests/acceptance/web.spec.ts:174:5 › WEB-06 user confirmation: mismatched password confirmation prevents registration
product	Migrations, HTTPS and real product acceptance	2026-10-05T05:04:50.9223182Z [122/138] [webkit] › tests/acceptance/web.spec.ts:187:7 › WEB-07 FR-018: missing uppercase gives feedback and prevents submission
product	Migrations, HTTPS and real product acceptance	2026-10-05T05:04:51.8387620Z [123/138] [webkit] › tests/acceptance/web.spec.ts:187:7 › WEB-07 FR-018: missing lowercase gives feedback and prevents submission
product	Migrations, HTTPS and real product acceptance	2026-10-05T05:04:52.7301573Z [124/138] [webkit] › tests/acceptance/web.spec.ts:187:7 › WEB-07 FR-018: missing digit gives feedback and prevents submission
product	Migrations, HTTPS and real product acceptance	2026-10-05T05:04:53.5919009Z [125/138] [webkit] › tests/acceptance/web.spec.ts:187:7 › WEB-07 FR-018: missing special gives feedback and prevents submission
product	Migrations, HTTPS and real product acceptance	2026-10-05T05:04:54.4618139Z [126/138] [webkit] › tests/acceptance/web.spec.ts:203:5 › WEB-08 FR-004: prefilled invalid invitation is revalidated by the real server
product	Migrations, HTTPS and real product acceptance	2026-10-05T05:04:55.3025665Z [127/138] [webkit] › tests/acceptance/web.spec.ts:214:5 › WEB-09 PRD keyboard: Enter submits login without mouse interaction
product	Migrations, HTTPS and real product acceptance	2026-10-05T05:04:56.0600016Z [128/138] [webkit] › tests/acceptance/web.spec.ts:223:5 › WEB-10 FR-017: registration returns to login and requires password re-entry
product	Migrations, HTTPS and real product acceptance	2026-10-05T05:04:57.0253524Z [129/138] [webkit] › tests/acceptance/web.spec.ts:235:5 › WEB-11 PRD UX: login shows pending state and blocks duplicate submit during a real request
product	Migrations, HTTPS and real product acceptance	2026-10-05T05:04:57.9695529Z [130/138] [webkit] › tests/acceptance/web.spec.ts:265:5 › WEB-12 PRD login: network failure differs from credential failure and permits retry
product	Migrations, HTTPS and real product acceptance	2026-10-05T05:04:58.9608372Z [131/138] [webkit] › tests/acceptance/web.spec.ts:292:5 › WEB-13 FR-010: Disabled user sees failure and cannot enter protected app
product	Migrations, HTTPS and real product acceptance	2026-10-05T05:04:59.9767325Z [132/138] [webkit] › tests/acceptance/web.spec.ts:305:5 › WEB-14 FR-002/003: duplicate-account feedback permits retry without losing invitation
product	Migrations, HTTPS and real product acceptance	2026-10-05T05:05:01.0472282Z [133/138] [webkit] › tests/acceptance/web.spec.ts:394:5 › WEB-15 FR-003: already-used invitation shows failure and keeps browser unauthenticated
product	Migrations, HTTPS and real product acceptance	2026-10-05T05:05:01.2999432Z [webkit] › tests/acceptance/web.spec.ts:394:5 › WEB-15 FR-003: already-used invitation shows failure and keeps browser unauthenticated
product	Migrations, HTTPS and real product acceptance	2026-10-05T05:05:01.3001385Z WEB15_PHASE {"relativeMs":50,"phase":"navigation","path":"/register"}
product	Migrations, HTTPS and real product acceptance	2026-10-05T05:05:01.3002224Z 
product	Migrations, HTTPS and real product acceptance	2026-10-05T05:05:01.3812864Z WEB15_PHASE {"relativeMs":132,"phase":"navigation","path":"/register"}
product	Migrations, HTTPS and real product acceptance	2026-10-05T05:05:01.3813501Z 
product	Migrations, HTTPS and real product acceptance	2026-10-05T05:05:01.3865339Z WEB15_PHASE {"relativeMs":137,"phase":"dom-ready","path":"/register","ready":"interactive","formAttached":false,"buttonEnabled":false,"accountValid":false,"passwordValid":false,"confirmationMatches":false,"invitationPresent":false,"invitationMatchesFixture":false,"nativeFieldsValid":false}
product	Migrations, HTTPS and real product acceptance	2026-10-05T05:05:01.3867159Z 
product	Migrations, HTTPS and real product acceptance	2026-10-05T05:05:01.8433193Z WEB15_PHASE {"relativeMs":594,"phase":"button-click","path":"/register","ready":"complete","formAttached":true,"buttonEnabled":true,"accountValid":true,"passwordValid":true,"confirmationMatches":true,"invitationPresent":true,"invitationMatchesFixture":true,"nativeFieldsValid":true}
product	Migrations, HTTPS and real product acceptance	2026-10-05T05:05:01.8434822Z 
product	Migrations, HTTPS and real product acceptance	2026-10-05T05:05:01.8437206Z WEB15_PHASE {"relativeMs":594,"phase":"form-submit","path":"/register","ready":"complete","formAttached":true,"buttonEnabled":true,"accountValid":true,"passwordValid":true,"confirmationMatches":true,"invitationPresent":true,"invitationMatchesFixture":true,"nativeFieldsValid":true}
product	Migrations, HTTPS and real product acceptance	2026-10-05T05:05:01.8438844Z 
product	Migrations, HTTPS and real product acceptance	2026-10-05T05:05:01.8447322Z WEB15_PHASE {"relativeMs":596,"phase":"request","path":"/api/v1/registrations","method":"POST"}
product	Migrations, HTTPS and real product acceptance	2026-10-05T05:05:01.8447906Z 
product	Migrations, HTTPS and real product acceptance	2026-10-05T05:05:01.8868381Z WEB15_PHASE {"relativeMs":637,"phase":"response","path":"/api/v1/registrations","method":"POST","status":201}
product	Migrations, HTTPS and real product acceptance	2026-10-05T05:05:01.8869166Z 
product	Migrations, HTTPS and real product acceptance	2026-10-05T05:05:01.8935659Z WEB15_PHASE {"relativeMs":644,"phase":"navigation","path":"/login"}
product	Migrations, HTTPS and real product acceptance	2026-10-05T05:05:01.8936649Z 
product	Migrations, HTTPS and real product acceptance	2026-10-05T05:05:01.9711190Z WEB15_PHASE {"relativeMs":721,"phase":"navigation","path":"/register"}
product	Migrations, HTTPS and real product acceptance	2026-10-05T05:05:01.9712493Z 
product	Migrations, HTTPS and real product acceptance	2026-10-05T05:05:02.0602059Z WEB15_PHASE {"relativeMs":811,"phase":"navigation","path":"/register"}
product	Migrations, HTTPS and real product acceptance	2026-10-05T05:05:02.0608866Z 
product	Migrations, HTTPS and real product acceptance	2026-10-05T05:05:02.0634512Z WEB15_PHASE {"relativeMs":814,"phase":"dom-ready","path":"/register","ready":"interactive","formAttached":false,"buttonEnabled":false,"accountValid":false,"passwordValid":false,"confirmationMatches":false,"invitationPresent":false,"invitationMatchesFixture":false,"nativeFieldsValid":false}
product	Migrations, HTTPS and real product acceptance	2026-10-05T05:05:02.0645423Z 
product	Migrations, HTTPS and real product acceptance	2026-10-05T05:05:02.2625475Z WEB15_PHASE {"relativeMs":1013,"phase":"button-click","path":"/register","ready":"complete","formAttached":true,"buttonEnabled":true,"accountValid":true,"passwordValid":true,"confirmationMatches":true,"invitationPresent":true,"invitationMatchesFixture":true,"nativeFieldsValid":true}
product	Migrations, HTTPS and real product acceptance	2026-10-05T05:05:02.2627852Z 
product	Migrations, HTTPS and real product acceptance	2026-10-05T05:05:02.2656623Z WEB15_PHASE {"relativeMs":1015,"phase":"form-submit","path":"/register","ready":"complete","formAttached":true,"buttonEnabled":true,"accountValid":true,"passwordValid":true,"confirmationMatches":true,"invitationPresent":true,"invitationMatchesFixture":true,"nativeFieldsValid":true}
product	Migrations, HTTPS and real product acceptance	2026-10-05T05:05:02.2672516Z 
product	Migrations, HTTPS and real product acceptance	2026-10-05T05:05:02.2673186Z WEB15_PHASE {"relativeMs":1016,"phase":"request","path":"/api/v1/registrations","method":"POST"}
product	Migrations, HTTPS and real product acceptance	2026-10-05T05:05:02.2673762Z 
product	Migrations, HTTPS and real product acceptance	2026-10-05T05:05:02.3068106Z WEB15_PHASE {"relativeMs":1057,"phase":"response","path":"/api/v1/registrations","method":"POST","status":409}
product	Migrations, HTTPS and real product acceptance	2026-10-05T05:05:02.3069178Z 
product	Migrations, HTTPS and real product acceptance	2026-10-05T05:05:02.3281460Z [134/138] [webkit] › tests/acceptance/web.spec.ts:407:5 › WEB-16 PRD UX: pending real registration prevents duplicate submission
product	Migrations, HTTPS and real product acceptance	2026-10-05T05:05:03.2929093Z [135/138] [webkit] › tests/acceptance/web.spec.ts:423:5 › WEB-17 FR-008: Redis-expired browser Session returns to login
product	Migrations, HTTPS and real product acceptance	2026-10-05T05:05:04.5353596Z [136/138] [webkit] › tests/acceptance/web.spec.ts:442:5 › WEB-18 PRD security: frontend logs do not contain submitted password
product	Migrations, HTTPS and real product acceptance	2026-10-05T05:05:05.3776965Z [137/138] [webkit] › tests/acceptance/web.spec.ts:457:5 › R2/Q25 real ordinary Home, own account and direct admin denial
product	Migrations, HTTPS and real product acceptance	2026-10-05T05:05:07.0692121Z [138/138] [webkit] › tests/acceptance/web.spec.ts:460:5 › R3 real Root UI creates shared template/identity and assigns a new non-Root manager
product	Migrations, HTTPS and real product acceptance	2026-10-05T05:05:24.8829141Z   1 failed
product	Migrations, HTTPS and real product acceptance	2026-10-05T05:05:24.8830261Z     [firefox] › tests/acceptance/web.spec.ts:460:5 › R3 real Root UI creates shared template/identity and assigns a new non-Root manager 
product	Migrations, HTTPS and real product acceptance	2026-10-05T05:05:24.8831125Z   137 passed (4.8m)
product	Migrations, HTTPS and real product acceptance	2026-10-05T05:05:25.1857047Z  Container weaveos-v010-007-1791175083941-nginx-1  Stopping
product	Migrations, HTTPS and real product acceptance	2026-10-05T05:05:25.1857896Z  Container weaveos-v010-007-1791175083941-test-redis-1  Stopping
product	Migrations, HTTPS and real product acceptance	2026-10-05T05:05:25.1861795Z  Container weaveos-v010-007-1791175083941-test-redis-1  Stopped
product	Migrations, HTTPS and real product acceptance	2026-10-05T05:05:25.3022375Z  Container weaveos-v010-007-1791175083941-nginx-1  Stopped
product	Migrations, HTTPS and real product acceptance	2026-10-05T05:05:25.3023755Z  Container weaveos-v010-007-1791175083941-bff-1  Stopping
product	Migrations, HTTPS and real product acceptance	2026-10-05T05:05:25.3846509Z  Container weaveos-v010-007-1791175083941-bff-1  Stopped
product	Migrations, HTTPS and real product acceptance	2026-10-05T05:05:25.3847389Z  Container weaveos-v010-007-1791175083941-redis-1  Stopping
product	Migrations, HTTPS and real product acceptance	2026-10-05T05:05:25.3850113Z  Container weaveos-v010-007-1791175083941-postgres-1  Stopping
product	Migrations, HTTPS and real product acceptance	2026-10-05T05:05:25.4996223Z  Container weaveos-v010-007-1791175083941-postgres-1  Stopped
product	Migrations, HTTPS and real product acceptance	2026-10-05T05:05:25.5199017Z  Container weaveos-v010-007-1791175083941-redis-1  Stopped
product	Migrations, HTTPS and real product acceptance	2026-10-05T05:05:25.8675242Z node:internal/errors:985
product	Migrations, HTTPS and real product acceptance	2026-10-05T05:05:25.8675961Z   const err = new Error(message);
product	Migrations, HTTPS and real product acceptance	2026-10-05T05:05:25.8676434Z               ^
product	Migrations, HTTPS and real product acceptance	2026-10-05T05:05:25.8677000Z 
product	Migrations, HTTPS and real product acceptance	2026-10-05T05:05:25.8687100Z Error: Command failed: docker run --rm --init --shm-size=1g --network container:a5598a2ab7a637c5c63324db0dbc00d782b7ac40576344a11bcd2a89b1b463b6 --mount type=bind,src=/home/runner/work/WeaveOS/WeaveOS/,dst=/repo --mount type=volume,src=weaveos-v010-linux-node,dst=/repo/node_modules --mount type=volume,src=weaveos-v010-linux-web-node,dst=/repo/apps/web/node_modules -e CI=true -e WEAVEOS_API_URL=https://localhost:19443 -e WEAVEOS_WEB_URL=https://localhost:19443 -e WEAVEOS_ACCEPTANCE_FIXTURES=/repo/.work/acceptance/fixtures.json -e NODE_EXTRA_CA_CERTS=/repo/.work/acceptance/tls/cert.pem -w /repo mcr.microsoft.com/playwright:v1.63.0-noble@sha256:eff16c30e6f3f4af0a03fa4b706120d5e9b0891c344a27d64559aff5900a4a27 bash -euc npm install --global pnpm@10.28.2 --ignore-scripts; node --test --test-reporter=spec --test-reporter-destination=stdout --test-reporter=tap --test-reporter-destination=/repo/.work/acceptance/api.tap tests/acceptance/api.test.mjs; PLAYWRIGHT_JSON_OUTPUT_NAME=/repo/.work/acceptance/browser.json pnpm exec playwright test --config apps/web/playwright.integration.config.ts --reporter=line,json
product	Migrations, HTTPS and real product acceptance	2026-10-05T05:05:25.8694480Z     at genericNodeError (node:internal/errors:985:15)
product	Migrations, HTTPS and real product acceptance	2026-10-05T05:05:25.8695223Z     at wrappedFn (node:internal/errors:539:14)
product	Migrations, HTTPS and real product acceptance	2026-10-05T05:05:25.8695918Z     at checkExecSyncError (node:child_process:925:11)
product	Migrations, HTTPS and real product acceptance	2026-10-05T05:05:25.8696887Z     at execFileSync (node:child_process:961:15)
product	Migrations, HTTPS and real product acceptance	2026-10-05T05:05:25.8697718Z     at call (file:///home/runner/work/WeaveOS/WeaveOS/infra/acceptance/run.mjs:21:47)
product	Migrations, HTTPS and real product acceptance	2026-10-05T05:05:25.8698715Z     at node (file:///home/runner/work/WeaveOS/WeaveOS/infra/acceptance/run.mjs:36:35)
product	Migrations, HTTPS and real product acceptance	2026-10-05T05:05:25.8699838Z     at runAcceptance (file:///home/runner/work/WeaveOS/WeaveOS/infra/acceptance/run.mjs:62:3)
product	Migrations, HTTPS and real product acceptance	2026-10-05T05:05:25.8701241Z     at async file:///home/runner/work/WeaveOS/WeaveOS/infra/acceptance/run.mjs:180:8 {
product	Migrations, HTTPS and real product acceptance	2026-10-05T05:05:25.8701975Z   status: 1,
product	Migrations, HTTPS and real product acceptance	2026-10-05T05:05:25.8702661Z   signal: null,
product	Migrations, HTTPS and real product acceptance	2026-10-05T05:05:25.8703334Z   output: [ null, null, null ],
product	Migrations, HTTPS and real product acceptance	2026-10-05T05:05:25.8703793Z   pid: 57264,
product	Migrations, HTTPS and real product acceptance	2026-10-05T05:05:25.8704435Z   stdout: null,
product	Migrations, HTTPS and real product acceptance	2026-10-05T05:05:25.8705048Z   stderr: null
product	Migrations, HTTPS and real product acceptance	2026-10-05T05:05:25.8705666Z }
product	Migrations, HTTPS and real product acceptance	2026-10-05T05:05:25.8706212Z 
product	Migrations, HTTPS and real product acceptance	2026-10-05T05:05:25.8706496Z Node.js v24.14.0
product	Migrations, HTTPS and real product acceptance	2026-10-05T05:05:25.8729813Z ##[error]Process completed with exit code 1.
