2026-10-07T06:49:40.7241132Z Current runner version: '2.337.0'
2026-10-07T06:49:40.7277468Z ##[group]Runner Image Provisioner
2026-10-07T06:49:40.7278772Z Hosted Compute Agent
2026-10-07T06:49:40.7279692Z Version: 20260901.588
2026-10-07T06:49:40.7280877Z Commit: f88ec8081b781fac6c440065ac7ff9e710ce3d0b
2026-10-07T06:49:40.7282132Z Build Date: 2026-09-01T19:56:44Z
2026-10-07T06:49:40.7283215Z Worker ID: {5c38aaa9-3460-4952-8635-165c9b70afae}
2026-10-07T06:49:40.7284635Z Azure Region: eastus
2026-10-07T06:49:40.7285950Z ##[endgroup]
2026-10-07T06:49:40.7288802Z ##[group]Operating System
2026-10-07T06:49:40.7289857Z Ubuntu
2026-10-07T06:49:40.7290769Z 24.04.5
2026-10-07T06:49:40.7291733Z LTS
2026-10-07T06:49:40.7292588Z ##[endgroup]
2026-10-07T06:49:40.7294172Z ##[group]Runner Image
2026-10-07T06:49:40.7295549Z Image: ubuntu-24.04
2026-10-07T06:49:40.7296638Z Version: 20260927.320.1
2026-10-07T06:49:40.7298687Z Included Software: https://github.com/actions/runner-images/blob/ubuntu24/20260927.320/images/ubuntu/Ubuntu2404-Readme.md
2026-10-07T06:49:40.7301439Z Image Release: https://github.com/actions/runner-images/releases/tag/ubuntu24%2F20260927.320
2026-10-07T06:49:40.7303264Z ##[endgroup]
2026-10-07T06:49:40.7305572Z ##[group]GITHUB_TOKEN Permissions
2026-10-07T06:49:40.7308522Z Contents: read
2026-10-07T06:49:40.7309686Z Metadata: read
2026-10-07T06:49:40.7310692Z ##[endgroup]
2026-10-07T06:49:40.7313868Z Secret source: Actions
2026-10-07T06:49:40.7315611Z Cache mode: write
2026-10-07T06:49:40.7317250Z Prepare workflow directory
2026-10-07T06:49:40.7786075Z Prepare all required actions
2026-10-07T06:49:40.7834794Z Getting action download info
2026-10-07T06:49:40.9654884Z Download action repository 'actions/checkout@11d5960a326750d5838078e36cf38b85af677262' (SHA:11d5960a326750d5838078e36cf38b85af677262)
2026-10-07T06:49:41.1237531Z Download action repository 'actions/setup-node@49933ea5288caeca8642d1e84afbd3f7d6820020' (SHA:49933ea5288caeca8642d1e84afbd3f7d6820020)
2026-10-07T06:49:41.2527048Z Download action repository 'actions/upload-artifact@330a01c490aca151604b8cf639adc76d48f6c5d4' (SHA:330a01c490aca151604b8cf639adc76d48f6c5d4)
2026-10-07T06:49:41.5365431Z Complete job name: native-events
2026-10-07T06:49:41.6293047Z ##[group]Run actions/checkout@11d5960a326750d5838078e36cf38b85af677262
2026-10-07T06:49:41.6294826Z with:
2026-10-07T06:49:41.6295884Z   persist-credentials: false
2026-10-07T06:49:41.6296917Z   repository: Hubujiu/WeaveOS
2026-10-07T06:49:41.6306773Z   token: ***
2026-10-07T06:49:41.6307595Z   ssh-strict: true
2026-10-07T06:49:41.6308422Z   ssh-user: git
2026-10-07T06:49:41.6309231Z   clean: true
2026-10-07T06:49:41.6310088Z   sparse-checkout-cone-mode: true
2026-10-07T06:49:41.6311113Z   fetch-depth: 1
2026-10-07T06:49:41.6311925Z   fetch-tags: false
2026-10-07T06:49:41.6312773Z   show-progress: true
2026-10-07T06:49:41.6313643Z   lfs: false
2026-10-07T06:49:41.6314432Z   submodules: false
2026-10-07T06:49:41.6315521Z   set-safe-directory: true
2026-10-07T06:49:41.6316516Z   allow-unsafe-pr-checkout: false
2026-10-07T06:49:41.6318007Z ##[endgroup]
2026-10-07T06:49:41.7638999Z Syncing repository: Hubujiu/WeaveOS
2026-10-07T06:49:41.7643009Z ##[group]Getting Git version info
2026-10-07T06:49:41.7645485Z Working directory is '/home/runner/work/WeaveOS/WeaveOS'
2026-10-07T06:49:41.7673239Z [command]/usr/bin/git version
2026-10-07T06:49:41.7846987Z git version 2.55.0
2026-10-07T06:49:41.7869625Z ##[endgroup]
2026-10-07T06:49:41.7886686Z Temporarily overriding HOME='/home/runner/work/_temp/91711263-637e-4eee-abd6-ad9b4a381494' before making global git config changes
2026-10-07T06:49:41.7891526Z Adding repository directory to the temporary git global config as a safe directory
2026-10-07T06:49:41.7895661Z [command]/usr/bin/git config --global --add safe.directory /home/runner/work/WeaveOS/WeaveOS
2026-10-07T06:49:41.7956733Z Deleting the contents of '/home/runner/work/WeaveOS/WeaveOS'
2026-10-07T06:49:41.7961855Z ##[group]Initializing the repository
2026-10-07T06:49:41.7966894Z [command]/usr/bin/git init /home/runner/work/WeaveOS/WeaveOS
2026-10-07T06:49:41.8142263Z hint: Using 'master' as the name for the initial branch. This default branch name
2026-10-07T06:49:41.8147533Z hint: will change to "main" in Git 3.0. To configure the initial branch name
2026-10-07T06:49:41.8150801Z hint: to use in all of your new repositories, which will suppress this warning,
2026-10-07T06:49:41.8153299Z hint: call:
2026-10-07T06:49:41.8154489Z hint:
2026-10-07T06:49:41.8156295Z hint: 	git config --global init.defaultBranch <name>
2026-10-07T06:49:41.8158292Z hint:
2026-10-07T06:49:41.8160129Z hint: Names commonly chosen instead of 'master' are 'main', 'trunk' and
2026-10-07T06:49:41.8162934Z hint: 'development'. The just-created branch can be renamed via this command:
2026-10-07T06:49:41.8164833Z hint:
2026-10-07T06:49:41.8166914Z hint: 	git branch -m <name>
2026-10-07T06:49:41.8168419Z hint:
2026-10-07T06:49:41.8170434Z hint: Disable this message with "git config set advice.defaultBranchName false"
2026-10-07T06:49:41.8174337Z Initialized empty Git repository in /home/runner/work/WeaveOS/WeaveOS/.git/
2026-10-07T06:49:41.8179909Z [command]/usr/bin/git remote add origin https://github.com/Hubujiu/WeaveOS
2026-10-07T06:49:41.8214137Z ##[endgroup]
2026-10-07T06:49:41.8216808Z ##[group]Disabling automatic garbage collection
2026-10-07T06:49:41.8219082Z [command]/usr/bin/git config --local gc.auto 0
2026-10-07T06:49:41.8255372Z ##[endgroup]
2026-10-07T06:49:41.8256796Z ##[group]Setting up auth
2026-10-07T06:49:41.8265520Z [command]/usr/bin/git config --local --name-only --get-regexp core\.sshCommand
2026-10-07T06:49:41.8329428Z [command]/usr/bin/git submodule foreach --recursive sh -c "git config --local --name-only --get-regexp 'core\.sshCommand' && git config --local --unset-all 'core.sshCommand' || :"
2026-10-07T06:49:41.8758153Z [command]/usr/bin/git config --local --name-only --get-regexp http\.https\:\/\/github\.com\/\.extraheader
2026-10-07T06:49:41.8796014Z [command]/usr/bin/git submodule foreach --recursive sh -c "git config --local --name-only --get-regexp 'http\.https\:\/\/github\.com\/\.extraheader' && git config --local --unset-all 'http.https://github.com/.extraheader' || :"
2026-10-07T06:49:41.9022057Z [command]/usr/bin/git config --local --name-only --get-regexp ^includeIf\.gitdir:
2026-10-07T06:49:41.9061228Z [command]/usr/bin/git submodule foreach --recursive git config --local --show-origin --name-only --get-regexp remote.origin.url
2026-10-07T06:49:41.9288161Z [command]/usr/bin/git config --local http.https://github.com/.extraheader AUTHORIZATION: basic ***
2026-10-07T06:49:41.9330130Z ##[endgroup]
2026-10-07T06:49:41.9331608Z ##[group]Fetching the repository
2026-10-07T06:49:41.9341403Z [command]/usr/bin/git -c protocol.version=2 fetch --no-tags --prune --no-recurse-submodules --depth=1 origin +c0d5d442a470d8f86ebbad2d9cfae6568b81e126:refs/remotes/origin/task/V030-046-firefox-diagnostic
2026-10-07T06:49:44.9107305Z From https://github.com/Hubujiu/WeaveOS
2026-10-07T06:49:44.9108810Z  * [new ref]         c0d5d442a470d8f86ebbad2d9cfae6568b81e126 -> origin/task/V030-046-firefox-diagnostic
2026-10-07T06:49:44.9111141Z ##[endgroup]
2026-10-07T06:49:44.9111979Z ##[group]Determining the checkout info
2026-10-07T06:49:44.9114256Z ##[endgroup]
2026-10-07T06:49:44.9120881Z [command]/usr/bin/git sparse-checkout disable
2026-10-07T06:49:44.9181882Z [command]/usr/bin/git config --local --unset-all extensions.worktreeConfig
2026-10-07T06:49:44.9212903Z ##[group]Checking out the ref
2026-10-07T06:49:44.9217805Z [command]/usr/bin/git checkout --progress --force -B task/V030-046-firefox-diagnostic refs/remotes/origin/task/V030-046-firefox-diagnostic
2026-10-07T06:49:45.7495946Z Switched to a new branch 'task/V030-046-firefox-diagnostic'
2026-10-07T06:49:45.7500380Z branch 'task/V030-046-firefox-diagnostic' set up to track 'origin/task/V030-046-firefox-diagnostic'.
2026-10-07T06:49:45.7539816Z ##[endgroup]
2026-10-07T06:49:45.7588283Z [command]/usr/bin/git log -1 --format=%H
2026-10-07T06:49:45.7617151Z c0d5d442a470d8f86ebbad2d9cfae6568b81e126
2026-10-07T06:49:45.7627664Z ##[group]Removing auth
2026-10-07T06:49:45.7632366Z [command]/usr/bin/git config --local --name-only --get-regexp core\.sshCommand
2026-10-07T06:49:45.7669024Z [command]/usr/bin/git submodule foreach --recursive sh -c "git config --local --name-only --get-regexp 'core\.sshCommand' && git config --local --unset-all 'core.sshCommand' || :"
2026-10-07T06:49:45.7911610Z [command]/usr/bin/git config --local --name-only --get-regexp http\.https\:\/\/github\.com\/\.extraheader
2026-10-07T06:49:45.7942846Z http.https://github.com/.extraheader
2026-10-07T06:49:45.7951444Z [command]/usr/bin/git config --local --unset-all http.https://github.com/.extraheader
2026-10-07T06:49:45.7987400Z [command]/usr/bin/git submodule foreach --recursive sh -c "git config --local --name-only --get-regexp 'http\.https\:\/\/github\.com\/\.extraheader' && git config --local --unset-all 'http.https://github.com/.extraheader' || :"
2026-10-07T06:49:45.8223204Z [command]/usr/bin/git config --local --name-only --get-regexp ^includeIf\.gitdir:
2026-10-07T06:49:45.8257677Z [command]/usr/bin/git submodule foreach --recursive git config --local --show-origin --name-only --get-regexp remote.origin.url
2026-10-07T06:49:45.8493262Z ##[endgroup]
2026-10-07T06:49:45.8759926Z ##[group]Run actions/setup-node@49933ea5288caeca8642d1e84afbd3f7d6820020
2026-10-07T06:49:45.8760359Z with:
2026-10-07T06:49:45.8760575Z   node-version-file: .node-version
2026-10-07T06:49:45.8760847Z   always-auth: false
2026-10-07T06:49:45.8829243Z   check-latest: false
2026-10-07T06:49:45.8832270Z   token: ***
2026-10-07T06:49:45.8832527Z ##[endgroup]
2026-10-07T06:49:46.0230735Z Node version file is not JSON file
2026-10-07T06:49:46.0232830Z Resolved .node-version as 24.14.0
2026-10-07T06:49:46.0296228Z Attempting to download 24.14.0...
2026-10-07T06:49:46.0402677Z (node:2360) [DEP0040] DeprecationWarning: The `punycode` module is deprecated. Please use a userland alternative instead.
2026-10-07T06:49:46.0404593Z (Use `node --trace-deprecation ...` to show where the warning was created)
2026-10-07T06:49:46.5254804Z Acquiring 24.14.0 - x64 from https://github.com/actions/node-versions/releases/download/24.14.0-22380502845/node-24.14.0-linux-x64.tar.gz
2026-10-07T06:49:46.8967192Z Extracting ...
2026-10-07T06:49:46.9086389Z [command]/usr/bin/tar xz --strip 1 --warning=no-unknown-keyword --overwrite -C /home/runner/work/_temp/8951ad69-f3e3-45c2-8ac9-62e136f96341 -f /home/runner/work/_temp/9bf04488-9b69-424d-a2d0-c161bc2ec59b
2026-10-07T06:49:48.0826454Z Adding to the cache ...
2026-10-07T06:49:50.0910512Z ##[group]Environment details
2026-10-07T06:49:50.4348841Z node: v24.14.0
2026-10-07T06:49:50.4349368Z npm: 11.9.0
2026-10-07T06:49:50.4351184Z yarn: 1.22.22
2026-10-07T06:49:50.4356299Z ##[endgroup]
2026-10-07T06:49:50.4557531Z ##[group]Run npm install --global pnpm@10.28.2 --ignore-scripts
2026-10-07T06:49:50.4558040Z [36;1mnpm install --global pnpm@10.28.2 --ignore-scripts[0m
2026-10-07T06:49:50.4558445Z [36;1mpnpm install --frozen-lockfile --ignore-scripts[0m
2026-10-07T06:49:50.4558888Z [36;1mpnpm exec playwright install --with-deps chromium firefox webkit[0m
2026-10-07T06:49:50.4861952Z shell: /usr/bin/bash -e {0}
2026-10-07T06:49:50.4862276Z ##[endgroup]
2026-10-07T06:49:51.8378950Z 
2026-10-07T06:49:51.8387262Z added 1 package in 1s
2026-10-07T06:49:51.8387537Z 
2026-10-07T06:49:51.8387775Z 1 package is looking for funding
2026-10-07T06:49:51.8388144Z   run `npm fund` for details
2026-10-07T06:49:52.2659116Z Scope: all 2 workspace projects
2026-10-07T06:49:52.3126698Z Lockfile is up to date, resolution step is skipped
2026-10-07T06:49:52.3412252Z Progress: resolved 1, reused 0, downloaded 0, added 0
2026-10-07T06:49:52.3708630Z Packages: +71
2026-10-07T06:49:52.3727810Z +++++++++++++++++++++++++++++++++++++++++++++++++++++++++++++++++++++++
2026-10-07T06:49:53.3438424Z Progress: resolved 71, reused 0, downloaded 22, added 7
2026-10-07T06:49:54.3425957Z Progress: resolved 71, reused 0, downloaded 47, added 15
2026-10-07T06:49:55.2499792Z Progress: resolved 71, reused 0, downloaded 71, added 71, done
2026-10-07T06:49:55.3533610Z 
2026-10-07T06:49:55.3534382Z devDependencies:
2026-10-07T06:49:55.3534731Z + @playwright/test 1.63.0
2026-10-07T06:49:55.3535371Z + @redocly/cli 2.54.2
2026-10-07T06:49:55.3535761Z + @types/node 24.0.0
2026-10-07T06:49:55.3536127Z + typescript 5.9.3
2026-10-07T06:49:55.3536338Z 
2026-10-07T06:49:55.3593631Z Done in 3.4s using pnpm v10.28.2
2026-10-07T06:49:56.1643234Z Installing dependencies...
2026-10-07T06:49:56.1730960Z Switching to root user to install dependencies...
2026-10-07T06:49:56.3053879Z Get:1 file:/etc/apt/apt-mirrors.txt Mirrorlist [144 B]
2026-10-07T06:49:56.3347997Z Get:6 https://packages.microsoft.com/ubuntu/24.04/prod noble InRelease [3600 B]
2026-10-07T06:49:56.3450300Z Hit:2 http://azure.archive.ubuntu.com/ubuntu noble InRelease
2026-10-07T06:49:56.3478937Z Get:3 http://azure.archive.ubuntu.com/ubuntu noble-updates InRelease [126 kB]
2026-10-07T06:49:56.3517077Z Get:4 http://azure.archive.ubuntu.com/ubuntu noble-backports InRelease [126 kB]
2026-10-07T06:49:56.3542413Z Get:5 http://azure.archive.ubuntu.com/ubuntu noble-security InRelease [126 kB]
2026-10-07T06:49:56.4518796Z Get:7 https://packages.microsoft.com/ubuntu/24.04/prod noble/main arm64 Packages [463 kB]
2026-10-07T06:49:56.4741907Z Get:8 https://packages.microsoft.com/ubuntu/24.04/prod noble/main armhf Packages [12.6 kB]
2026-10-07T06:49:56.4761163Z Get:9 https://packages.microsoft.com/ubuntu/24.04/prod noble/main amd64 Packages [519 kB]
2026-10-07T06:49:56.5777264Z Get:10 http://azure.archive.ubuntu.com/ubuntu noble-updates/main amd64 Packages [1375 kB]
2026-10-07T06:49:56.5887657Z Get:11 http://azure.archive.ubuntu.com/ubuntu noble-updates/main Translation-en [306 kB]
2026-10-07T06:49:56.5906660Z Get:12 http://azure.archive.ubuntu.com/ubuntu noble-updates/main amd64 Components [181 kB]
2026-10-07T06:49:56.5910607Z Get:13 http://azure.archive.ubuntu.com/ubuntu noble-updates/universe amd64 Packages [1701 kB]
2026-10-07T06:49:56.6071947Z Get:14 http://azure.archive.ubuntu.com/ubuntu noble-updates/universe Translation-en [341 kB]
2026-10-07T06:49:56.6093261Z Get:15 http://azure.archive.ubuntu.com/ubuntu noble-updates/universe amd64 Components [388 kB]
2026-10-07T06:49:56.6123143Z Get:16 http://azure.archive.ubuntu.com/ubuntu noble-updates/restricted amd64 Packages [1730 kB]
2026-10-07T06:49:56.6222347Z Get:17 http://azure.archive.ubuntu.com/ubuntu noble-updates/restricted Translation-en [396 kB]
2026-10-07T06:49:56.6228994Z Get:18 http://azure.archive.ubuntu.com/ubuntu noble-updates/multiverse Translation-en [13.3 kB]
2026-10-07T06:49:56.6239813Z Get:19 http://azure.archive.ubuntu.com/ubuntu noble-updates/multiverse amd64 Components [940 B]
2026-10-07T06:49:56.6736313Z Get:20 http://azure.archive.ubuntu.com/ubuntu noble-backports/main amd64 Components [5752 B]
2026-10-07T06:49:56.6752499Z Get:21 http://azure.archive.ubuntu.com/ubuntu noble-backports/universe amd64 Components [12.6 kB]
2026-10-07T06:49:56.6817389Z Get:22 http://azure.archive.ubuntu.com/ubuntu noble-security/main amd64 Packages [1073 kB]
2026-10-07T06:49:56.6876060Z Get:23 http://azure.archive.ubuntu.com/ubuntu noble-security/main Translation-en [223 kB]
2026-10-07T06:49:56.6894289Z Get:24 http://azure.archive.ubuntu.com/ubuntu noble-security/main amd64 Components [46.4 kB]
2026-10-07T06:49:56.6926072Z Get:25 http://azure.archive.ubuntu.com/ubuntu noble-security/universe amd64 Packages [1218 kB]
2026-10-07T06:49:56.6977945Z Get:26 http://azure.archive.ubuntu.com/ubuntu noble-security/universe Translation-en [245 kB]
2026-10-07T06:49:56.6996464Z Get:27 http://azure.archive.ubuntu.com/ubuntu noble-security/universe amd64 Components [76.3 kB]
2026-10-07T06:49:56.7057073Z Get:28 http://azure.archive.ubuntu.com/ubuntu noble-security/restricted amd64 Packages [1566 kB]
2026-10-07T06:49:56.7103385Z Get:29 http://azure.archive.ubuntu.com/ubuntu noble-security/restricted Translation-en [361 kB]
2026-10-07T06:49:56.7126170Z Get:30 http://azure.archive.ubuntu.com/ubuntu noble-security/multiverse Translation-en [11.6 kB]
2026-10-07T06:50:01.4011799Z Fetched 12.6 MB in 1s (8920 kB/s)
2026-10-07T06:50:02.2339857Z Reading package lists...
2026-10-07T06:50:02.2586565Z Reading package lists...
2026-10-07T06:50:02.4660818Z Building dependency tree...
2026-10-07T06:50:02.4668724Z Reading state information...
2026-10-07T06:50:02.4816334Z libasound2t64 is already the newest version (1.2.11-1ubuntu0.3).
2026-10-07T06:50:02.4816945Z libasound2t64 set to manually installed.
2026-10-07T06:50:02.4817860Z libatk-bridge2.0-0t64 is already the newest version (2.52.0-1build1).
2026-10-07T06:50:02.4818854Z libatk-bridge2.0-0t64 set to manually installed.
2026-10-07T06:50:02.4819788Z libatk1.0-0t64 is already the newest version (2.52.0-1build1).
2026-10-07T06:50:02.4820662Z libatk1.0-0t64 set to manually installed.
2026-10-07T06:50:02.4821552Z libatspi2.0-0t64 is already the newest version (2.52.0-1build1).
2026-10-07T06:50:02.4822383Z libatspi2.0-0t64 set to manually installed.
2026-10-07T06:50:02.4823298Z libcairo2 is already the newest version (1.18.0-3build1).
2026-10-07T06:50:02.4824098Z libcairo2 set to manually installed.
2026-10-07T06:50:02.4825222Z libcups2t64 is already the newest version (2.4.7-1.2ubuntu7.14).
2026-10-07T06:50:02.4826098Z libcups2t64 set to manually installed.
2026-10-07T06:50:02.4826958Z libdbus-1-3 is already the newest version (1.14.10-4ubuntu4.1).
2026-10-07T06:50:02.4827821Z libdbus-1-3 set to manually installed.
2026-10-07T06:50:02.4828695Z libdrm2 is already the newest version (2.4.125-1ubuntu0.1~24.04.2).
2026-10-07T06:50:02.4829525Z libdrm2 set to manually installed.
2026-10-07T06:50:02.4830374Z libglib2.0-0t64 is already the newest version (2.80.0-6ubuntu3.9).
2026-10-07T06:50:02.4831074Z libglib2.0-0t64 set to manually installed.
2026-10-07T06:50:02.4831629Z libnspr4 is already the newest version (2:4.35-1.1build1).
2026-10-07T06:50:02.4832130Z libnspr4 set to manually installed.
2026-10-07T06:50:02.4832633Z libnss3 is already the newest version (2:3.98-1ubuntu0.2).
2026-10-07T06:50:02.4833113Z libnss3 set to manually installed.
2026-10-07T06:50:02.4833643Z libpango-1.0-0 is already the newest version (1.52.1+ds-1build1).
2026-10-07T06:50:02.4834177Z libpango-1.0-0 set to manually installed.
2026-10-07T06:50:02.4834708Z libx11-6 is already the newest version (2:1.8.7-1build1).
2026-10-07T06:50:02.4835359Z libx11-6 set to manually installed.
2026-10-07T06:50:02.4835714Z libxcb1 is already the newest version (1.15-1ubuntu2).
2026-10-07T06:50:02.4836064Z libxcb1 set to manually installed.
2026-10-07T06:50:02.4836453Z libxcomposite1 is already the newest version (1:0.4.5-1build3).
2026-10-07T06:50:02.4836887Z libxcomposite1 set to manually installed.
2026-10-07T06:50:02.4837312Z libxdamage1 is already the newest version (1:1.1.6-1build1).
2026-10-07T06:50:02.4838065Z libxdamage1 set to manually installed.
2026-10-07T06:50:02.4838460Z libxext6 is already the newest version (2:1.3.4-1build2).
2026-10-07T06:50:02.4838815Z libxext6 set to manually installed.
2026-10-07T06:50:02.4839190Z libxfixes3 is already the newest version (1:6.0.0-2build1).
2026-10-07T06:50:02.4839567Z libxfixes3 set to manually installed.
2026-10-07T06:50:02.4839947Z libxkbcommon0 is already the newest version (1.6.0-1build1).
2026-10-07T06:50:02.4840329Z libxkbcommon0 set to manually installed.
2026-10-07T06:50:02.4840715Z libxrandr2 is already the newest version (2:1.5.2-2build1).
2026-10-07T06:50:02.4841080Z libxrandr2 set to manually installed.
2026-10-07T06:50:02.4841451Z xvfb is already the newest version (2:21.1.12-1ubuntu1.8).
2026-10-07T06:50:02.4841972Z fonts-noto-color-emoji is already the newest version (2.047-0ubuntu0.24.04.1).
2026-10-07T06:50:02.4842513Z libfontconfig1 is already the newest version (2.15.0-1.1ubuntu2).
2026-10-07T06:50:02.4842924Z libfontconfig1 set to manually installed.
2026-10-07T06:50:02.4843314Z fonts-liberation is already the newest version (1:2.1.5-3).
2026-10-07T06:50:02.4843700Z fonts-liberation set to manually installed.
2026-10-07T06:50:02.4844126Z libcairo-gobject2 is already the newest version (1.18.0-3build1).
2026-10-07T06:50:02.4844716Z libcairo-gobject2 set to manually installed.
2026-10-07T06:50:02.4845553Z libgdk-pixbuf-2.0-0 is already the newest version (2.42.10+dfsg-3ubuntu3.3).
2026-10-07T06:50:02.4846027Z libgdk-pixbuf-2.0-0 set to manually installed.
2026-10-07T06:50:02.4846456Z libgtk-3-0t64 is already the newest version (3.24.41-4ubuntu1.3).
2026-10-07T06:50:02.4846845Z libgtk-3-0t64 set to manually installed.
2026-10-07T06:50:02.4847279Z libpangocairo-1.0-0 is already the newest version (1.52.1+ds-1build1).
2026-10-07T06:50:02.4847722Z libpangocairo-1.0-0 set to manually installed.
2026-10-07T06:50:02.4848132Z libx11-xcb1 is already the newest version (2:1.8.7-1build1).
2026-10-07T06:50:02.4848511Z libx11-xcb1 set to manually installed.
2026-10-07T06:50:02.4848882Z libxcb-shm0 is already the newest version (1.15-1ubuntu2).
2026-10-07T06:50:02.4849245Z libxcb-shm0 set to manually installed.
2026-10-07T06:50:02.4849631Z libxcursor1 is already the newest version (1:1.2.1-1build1).
2026-10-07T06:50:02.4850001Z libxcursor1 set to manually installed.
2026-10-07T06:50:02.4850368Z libxi6 is already the newest version (2:1.8.1-1build1).
2026-10-07T06:50:02.4850721Z libxi6 set to manually installed.
2026-10-07T06:50:02.4851103Z libxrender1 is already the newest version (1:0.9.10-1.1build1).
2026-10-07T06:50:02.4851509Z libxrender1 set to manually installed.
2026-10-07T06:50:02.4851949Z libicu74 is already the newest version (74.2-1ubuntu3.1).
2026-10-07T06:50:02.4852410Z libatomic1 is already the newest version (14.2.0-4ubuntu2~24.04.1).
2026-10-07T06:50:02.4852806Z libatomic1 set to manually installed.
2026-10-07T06:50:02.4853194Z libenchant-2-2 is already the newest version (2.3.3-2build2).
2026-10-07T06:50:02.4853594Z libenchant-2-2 set to manually installed.
2026-10-07T06:50:02.4853970Z libepoxy0 is already the newest version (1.5.10-1build1).
2026-10-07T06:50:02.4854327Z libepoxy0 set to manually installed.
2026-10-07T06:50:02.4854740Z libgstreamer1.0-0 is already the newest version (1.24.2-1ubuntu0.1).
2026-10-07T06:50:02.4855476Z libgstreamer1.0-0 set to manually installed.
2026-10-07T06:50:02.4855901Z libharfbuzz0b is already the newest version (8.3.0-2build2).
2026-10-07T06:50:02.4856281Z libharfbuzz0b set to manually installed.
2026-10-07T06:50:02.4856685Z libjpeg-turbo8 is already the newest version (2.1.5-2ubuntu2).
2026-10-07T06:50:02.4857088Z libjpeg-turbo8 set to manually installed.
2026-10-07T06:50:02.4857475Z liblcms2-2 is already the newest version (2.14-2ubuntu0.1).
2026-10-07T06:50:02.6226979Z liblcms2-2 set to manually installed.
2026-10-07T06:50:02.6227824Z libpng16-16t64 is already the newest version (1.6.43-5ubuntu0.6).
2026-10-07T06:50:02.6228730Z libpng16-16t64 set to manually installed.
2026-10-07T06:50:02.6230567Z libwayland-client0 is already the newest version (1.22.0-2.1build1).
2026-10-07T06:50:02.6231425Z libwayland-client0 set to manually installed.
2026-10-07T06:50:02.6232231Z libwayland-egl1 is already the newest version (1.22.0-2.1build1).
2026-10-07T06:50:02.6232983Z libwayland-egl1 set to manually installed.
2026-10-07T06:50:02.6233693Z libwebp7 is already the newest version (1.3.2-0.4build3).
2026-10-07T06:50:02.6234336Z libwebp7 set to manually installed.
2026-10-07T06:50:02.6235398Z libwebpdemux2 is already the newest version (1.3.2-0.4build3).
2026-10-07T06:50:02.6236153Z libwebpdemux2 set to manually installed.
2026-10-07T06:50:02.6236943Z libxml2 is already the newest version (2.9.14+dfsg-1.3ubuntu3.9).
2026-10-07T06:50:02.6237611Z libxml2 set to manually installed.
2026-10-07T06:50:02.6238305Z libxslt1.1 is already the newest version (1.1.39-0exp1ubuntu0.24.04.3).
2026-10-07T06:50:02.6238988Z libxslt1.1 set to manually installed.
2026-10-07T06:50:02.6239644Z The following additional packages will be installed:
2026-10-07T06:50:02.6240383Z   glib-networking glib-networking-common glib-networking-services
2026-10-07T06:50:02.6241352Z   gsettings-desktop-schemas libaa1 libabsl20220623t64 libass9 libasyncns0
2026-10-07T06:50:02.6242333Z   libavc1394-0 libavfilter9 libavformat60 libavtp0 libavutil58 libblas3
2026-10-07T06:50:02.6243467Z   libbluray2 libbs2b0 libcaca0 libcairo-script-interpreter2 libcdparanoia0
2026-10-07T06:50:02.6244431Z   libchromaprint1 libcjson1 libcodec2-1.2 libdav1d7 libdc1394-25 libdca0
2026-10-07T06:50:02.6245501Z   libde265-0 libdecor-0-0 libdirectfb-1.7-7t64 libdv4t64 libdvdnav4
2026-10-07T06:50:02.6246324Z   libdvdread8t64 libegl-mesa0 libegl1 libevent-core-2.1-7t64
2026-10-07T06:50:02.6247184Z   libevent-pthreads-2.1-7t64 libfaad2 libflac12t64 libfluidsynth3 libfreeaptx0
2026-10-07T06:50:02.6248092Z   libgav1-1 libgl1-mesa-dri libglx-mesa0 libgme0 libgraphene-1.0-0 libgsm1
2026-10-07T06:50:02.6248692Z   libgssdp-1.6-0 libgstreamer-plugins-good1.0-0 libgtk-4-common libgupnp-1.6-0
2026-10-07T06:50:02.6249238Z   libgupnp-igd-1.6-0 libhwy1t64 libiec61883-0 libimath-3-1-29t64
2026-10-07T06:50:02.6249706Z   libinstpatch-1.0-2 libjack-jackd2-0 libjxl0.7 liblapack3 liblc3-1
2026-10-07T06:50:02.6250231Z   libldacbt-enc2 liblilv-0-0 liblrdf0 libltc11 libmbedcrypto7t64 libmfx1
2026-10-07T06:50:02.6250720Z   libmjpegutils-2.1-0t64 libmodplug1 libmp3lame0 libmpcdec6
2026-10-07T06:50:02.6251619Z   libmpeg2encpp-2.1-0t64 libmpg123-0t64 libmplex2-2.1-0t64 libmysofa1
2026-10-07T06:50:02.6252124Z   libneon27t64 libnice10 libopenal-data libopenal1 libopenexr-3-1-30
2026-10-07T06:50:02.6252577Z   libopenh264-7 libopenmpt0t64 libopenni2-0 liborc-0.4-0t64
2026-10-07T06:50:02.6253019Z   libpipewire-0.3-0t64 libplacebo338 libpocketsphinx3 libpostproc57
2026-10-07T06:50:02.6253516Z   libproxy1v5 libpulse0 libqrencode4 libraptor2-0 librav1e0 libraw1394-11
2026-10-07T06:50:02.6254037Z   librist4 librsvg2-2 librubberband2 libsamplerate0 libsbc1 libsdl2-2.0-0
2026-10-07T06:50:02.6254775Z   libsecret-common libserd-0-0 libshine3 libshout3 libsndfile1 libsndio7.0
2026-10-07T06:50:02.6256092Z   libsord-0-0 libsoundtouch1 libsoup-3.0-0 libsoup-3.0-common libsoxr0
2026-10-07T06:50:02.6257039Z   libspa-0.2-modules libspandsp2t64 libspeex1 libsphinxbase3t64 libsratom-0-0
2026-10-07T06:50:02.6258033Z   libsrt1.5-gnutls libsrtp2-1 libssh-gcrypt-4 libsvtav1enc1d1 libswresample4
2026-10-07T06:50:02.6259025Z   libswscale7 libtag1v5 libtag1v5-vanilla libtheora0 libtwolame0 libudfread0
2026-10-07T06:50:02.6259946Z   libunibreak5 libv4l-0t64 libv4lconvert0t64 libva-drm2 libva-x11-2 libva2
2026-10-07T06:50:02.6260807Z   libvdpau1 libvidstab1.1 libvisual-0.4-0 libvo-aacenc0 libvo-amrwbenc0
2026-10-07T06:50:02.6261431Z   libvorbisenc2 libvpl2 libwavpack1 libwebrtc-audio-processing1 libwildmidi2
2026-10-07T06:50:02.6261994Z   libx265-199 libxcb-xkb1 libxkbcommon-x11-0 libxvidcore4 libyuv0 libzbar0t64
2026-10-07T06:50:02.6262559Z   libzimg2 libzix-0-0 libzvbi-common libzvbi0t64 libzxing3 mesa-libgallium
2026-10-07T06:50:02.6263476Z   ocl-icd-libopencl1 session-migration timgm6mb-soundfont xfonts-encodings
2026-10-07T06:50:02.6263905Z   xfonts-utils
2026-10-07T06:50:02.6264125Z Suggested packages:
2026-10-07T06:50:02.6264495Z   frei0r-plugins gvfs libcuda1 libnvcuvid1 libnvidia-encode1 libbluray-bdj
2026-10-07T06:50:02.6265382Z   libdirectfb-extra libdv-bin oss-compat libdvdcss2 libvisual-0.4-plugins
2026-10-07T06:50:02.6265981Z   jackd2 liblrdf0-dev libportaudio2 opus-tools pipewire pulseaudio
2026-10-07T06:50:02.6266472Z   raptor2-utils libraw1394-doc librsvg2-bin serdi sndiod sordi speex
2026-10-07T06:50:02.6266907Z   libwildmidi-config opencl-icd fluid-soundfont-gm
2026-10-07T06:50:02.6267238Z Recommended packages:
2026-10-07T06:50:02.6267736Z   fonts-ipafont-mincho fonts-tlwg-loma gstreamer1.0-x libaacs0
2026-10-07T06:50:02.6268242Z   default-libdecor-0-plugin-1 | libdecor-0-plugin-1 gstreamer1.0-gl
2026-10-07T06:50:02.6268789Z   libgtk-4-bin librsvg2-common libgtk-4-media-gstreamer libpipewire-0.3-common
2026-10-07T06:50:02.6269367Z   pocketsphinx-en-us va-driver-all | va-driver vdpau-driver-all | vdpau-driver
2026-10-07T06:50:02.6269779Z   libmagickcore-6.q16-7-extra
2026-10-07T06:50:02.7056601Z The following NEW packages will be installed:
2026-10-07T06:50:02.7057758Z   fonts-freefont-ttf fonts-ipafont-gothic fonts-tlwg-loma-otf fonts-unifont
2026-10-07T06:50:02.7059458Z   fonts-wqy-zenhei glib-networking glib-networking-common
2026-10-07T06:50:02.7060640Z   glib-networking-services gsettings-desktop-schemas gstreamer1.0-libav
2026-10-07T06:50:02.7061996Z   gstreamer1.0-plugins-bad gstreamer1.0-plugins-base gstreamer1.0-plugins-good
2026-10-07T06:50:02.7063302Z   libaa1 libabsl20220623t64 libass9 libasyncns0 libavc1394-0 libavcodec60
2026-10-07T06:50:02.7064490Z   libavfilter9 libavformat60 libavif16 libavtp0 libavutil58 libblas3
2026-10-07T06:50:02.7065997Z   libbluray2 libbs2b0 libcaca0 libcairo-script-interpreter2 libcdparanoia0
2026-10-07T06:50:02.7067231Z   libchromaprint1 libcjson1 libcodec2-1.2 libdav1d7 libdc1394-25 libdca0
2026-10-07T06:50:02.7068428Z   libde265-0 libdecor-0-0 libdirectfb-1.7-7t64 libdv4t64 libdvdnav4
2026-10-07T06:50:02.7069453Z   libdvdread8t64 libegl-mesa0 libegl1 libevent-2.1-7t64 libfaad2 libflac12t64
2026-10-07T06:50:02.7070344Z   libflite1 libfluidsynth3 libfreeaptx0 libgav1-1 libgles2 libgme0
2026-10-07T06:50:02.7071154Z   libgraphene-1.0-0 libgsm1 libgssdp-1.6-0 libgstreamer-gl1.0-0
2026-10-07T06:50:02.7071959Z   libgstreamer-plugins-bad1.0-0 libgstreamer-plugins-base1.0-0
2026-10-07T06:50:02.7072859Z   libgstreamer-plugins-good1.0-0 libgtk-4-1 libgtk-4-common libgupnp-1.6-0
2026-10-07T06:50:02.7073798Z   libgupnp-igd-1.6-0 libharfbuzz-icu0 libhwy1t64 libhyphen0 libiec61883-0
2026-10-07T06:50:02.7074727Z   libimath-3-1-29t64 libinstpatch-1.0-2 libjack-jackd2-0 libjxl0.7 liblapack3
2026-10-07T06:50:02.7075806Z   liblc3-1 libldacbt-enc2 liblilv-0-0 liblrdf0 libltc11 libmanette-0.2-0
2026-10-07T06:50:02.7076662Z   libmbedcrypto7t64 libmfx1 libmjpegutils-2.1-0t64 libmodplug1 libmp3lame0
2026-10-07T06:50:02.7077204Z   libmpcdec6 libmpeg2encpp-2.1-0t64 libmpg123-0t64 libmplex2-2.1-0t64
2026-10-07T06:50:02.7077681Z   libmysofa1 libneon27t64 libnice10 libopenal-data libopenal1
2026-10-07T06:50:02.7078156Z   libopenexr-3-1-30 libopenh264-7 libopenmpt0t64 libopenni2-0 libopus0
2026-10-07T06:50:02.7078652Z   liborc-0.4-0t64 libpipewire-0.3-0t64 libplacebo338 libpocketsphinx3
2026-10-07T06:50:02.7079188Z   libpostproc57 libproxy1v5 libpulse0 libqrencode4 libraptor2-0 librav1e0
2026-10-07T06:50:02.7080179Z   libraw1394-11 librist4 librsvg2-2 librubberband2 libsamplerate0 libsbc1
2026-10-07T06:50:02.7081117Z   libsdl2-2.0-0 libsecret-1-0 libsecret-common libserd-0-0 libshine3 libshout3
2026-10-07T06:50:02.7082004Z   libsndfile1 libsndio7.0 libsord-0-0 libsoundtouch1 libsoup-3.0-0
2026-10-07T06:50:02.7082863Z   libsoup-3.0-common libsoxr0 libspa-0.2-modules libspandsp2t64 libspeex1
2026-10-07T06:50:02.7083773Z   libsphinxbase3t64 libsratom-0-0 libsrt1.5-gnutls libsrtp2-1 libssh-gcrypt-4
2026-10-07T06:50:02.7084528Z   libsvtav1enc1d1 libswresample4 libswscale7 libtag1v5 libtag1v5-vanilla
2026-10-07T06:50:02.7085411Z   libtheora0 libtwolame0 libudfread0 libunibreak5 libv4l-0t64
2026-10-07T06:50:02.7086293Z   libv4lconvert0t64 libva-drm2 libva-x11-2 libva2 libvdpau1 libvidstab1.1
2026-10-07T06:50:02.7086874Z   libvisual-0.4-0 libvo-aacenc0 libvo-amrwbenc0 libvorbisenc2 libvpl2 libvpx9
2026-10-07T06:50:02.7087425Z   libwavpack1 libwayland-server0 libwebrtc-audio-processing1 libwildmidi2
2026-10-07T06:50:02.7087961Z   libwoff1 libx264-164 libx265-199 libxcb-xkb1 libxkbcommon-x11-0 libxvidcore4
2026-10-07T06:50:02.7088494Z   libyuv0 libzbar0t64 libzimg2 libzix-0-0 libzvbi-common libzvbi0t64 libzxing3
2026-10-07T06:50:02.7089026Z   ocl-icd-libopencl1 session-migration timgm6mb-soundfont xfonts-cyrillic
2026-10-07T06:50:02.7089464Z   xfonts-encodings xfonts-scalable xfonts-utils
2026-10-07T06:50:02.7089841Z The following packages will be upgraded:
2026-10-07T06:50:02.7090276Z   libevent-core-2.1-7t64 libevent-pthreads-2.1-7t64 libfreetype6 libgbm1
2026-10-07T06:50:02.7090718Z   libgl1-mesa-dri libglx-mesa0 mesa-libgallium
2026-10-07T06:50:02.7306918Z 7 upgraded, 181 newly installed, 0 to remove and 22 not upgraded.
2026-10-07T06:50:02.7307585Z Need to get 126 MB of archives.
2026-10-07T06:50:02.7308014Z After this operation, 364 MB of additional disk space will be used.
2026-10-07T06:50:02.7308804Z Get:1 file:/etc/apt/apt-mirrors.txt Mirrorlist [144 B]
2026-10-07T06:50:02.7909116Z Get:2 http://azure.archive.ubuntu.com/ubuntu noble/universe amd64 fonts-ipafont-gothic all 00303-21ubuntu1 [3513 kB]
2026-10-07T06:50:02.9189767Z Get:3 http://azure.archive.ubuntu.com/ubuntu noble/main amd64 fonts-freefont-ttf all 20211204+svn4273-2 [5641 kB]
2026-10-07T06:50:02.9630734Z Get:4 http://azure.archive.ubuntu.com/ubuntu noble/universe amd64 fonts-tlwg-loma-otf all 1:0.7.3-1 [107 kB]
2026-10-07T06:50:02.9878291Z Get:5 http://azure.archive.ubuntu.com/ubuntu noble/universe amd64 fonts-unifont all 1:15.1.01-1build1 [2993 kB]
2026-10-07T06:50:03.0185643Z Get:6 http://azure.archive.ubuntu.com/ubuntu noble/universe amd64 fonts-wqy-zenhei all 0.9.45-8 [7472 kB]
2026-10-07T06:50:03.0730997Z Get:7 http://azure.archive.ubuntu.com/ubuntu noble/main amd64 libproxy1v5 amd64 0.5.4-4build1 [26.5 kB]
2026-10-07T06:50:03.0874031Z Get:8 http://azure.archive.ubuntu.com/ubuntu noble/main amd64 glib-networking-common all 2.80.0-1build1 [6702 B]
2026-10-07T06:50:03.1015780Z Get:9 http://azure.archive.ubuntu.com/ubuntu noble/main amd64 glib-networking-services amd64 2.80.0-1build1 [12.8 kB]
2026-10-07T06:50:03.1158423Z Get:10 http://azure.archive.ubuntu.com/ubuntu noble/main amd64 session-migration amd64 0.3.9build1 [9034 B]
2026-10-07T06:50:03.1301152Z Get:11 http://azure.archive.ubuntu.com/ubuntu noble-updates/main amd64 gsettings-desktop-schemas all 46.1-0ubuntu1 [35.6 kB]
2026-10-07T06:50:03.1445805Z Get:12 http://azure.archive.ubuntu.com/ubuntu noble/main amd64 glib-networking amd64 2.80.0-1build1 [64.1 kB]
2026-10-07T06:50:03.1593059Z Get:13 http://azure.archive.ubuntu.com/ubuntu noble-updates/universe amd64 libva2 amd64 2.20.0-2ubuntu0.2 [66.4 kB]
2026-10-07T06:50:03.1740925Z Get:14 http://azure.archive.ubuntu.com/ubuntu noble-updates/universe amd64 libva-drm2 amd64 2.20.0-2ubuntu0.2 [7124 B]
2026-10-07T06:50:03.1883141Z Get:15 http://azure.archive.ubuntu.com/ubuntu noble-updates/universe amd64 libva-x11-2 amd64 2.20.0-2ubuntu0.2 [12.0 kB]
2026-10-07T06:50:03.2026660Z Get:16 http://azure.archive.ubuntu.com/ubuntu noble/main amd64 libvdpau1 amd64 1.5-2build1 [27.8 kB]
2026-10-07T06:50:03.2169149Z Get:17 http://azure.archive.ubuntu.com/ubuntu noble/universe amd64 libvpl2 amd64 2023.3.0-1build1 [99.8 kB]
2026-10-07T06:50:03.2316412Z Get:18 http://azure.archive.ubuntu.com/ubuntu noble/universe amd64 ocl-icd-libopencl1 amd64 2.3.2-1build1 [38.5 kB]
2026-10-07T06:50:03.2460925Z Get:19 http://azure.archive.ubuntu.com/ubuntu noble/universe amd64 libavutil58 amd64 7:6.1.1-3ubuntu5 [401 kB]
2026-10-07T06:50:03.3040461Z Get:20 http://azure.archive.ubuntu.com/ubuntu noble/universe amd64 libcodec2-1.2 amd64 1.2.0-2build1 [8998 kB]
2026-10-07T06:50:03.3667639Z Get:21 http://azure.archive.ubuntu.com/ubuntu noble/universe amd64 libdav1d7 amd64 1.4.1-1build1 [604 kB]
2026-10-07T06:50:03.3844648Z Get:22 http://azure.archive.ubuntu.com/ubuntu noble/universe amd64 libgsm1 amd64 1.0.22-1build1 [27.8 kB]
2026-10-07T06:50:03.3991972Z Get:23 http://azure.archive.ubuntu.com/ubuntu noble/universe amd64 libhwy1t64 amd64 1.0.7-8.1build1 [584 kB]
2026-10-07T06:50:03.4193348Z Get:24 http://azure.archive.ubuntu.com/ubuntu noble-updates/universe amd64 libjxl0.7 amd64 0.7.0-10.2ubuntu6.1 [1001 kB]
2026-10-07T06:50:03.4390471Z Get:25 http://azure.archive.ubuntu.com/ubuntu noble/main amd64 libmp3lame0 amd64 3.100-6build1 [142 kB]
2026-10-07T06:50:03.4541789Z Get:26 http://azure.archive.ubuntu.com/ubuntu noble/main amd64 libopus0 amd64 1.4-1build1 [208 kB]
2026-10-07T06:50:03.4694043Z Get:27 http://azure.archive.ubuntu.com/ubuntu noble/universe amd64 librav1e0 amd64 0.7.1-2 [1022 kB]
2026-10-07T06:50:03.4892066Z Get:28 http://azure.archive.ubuntu.com/ubuntu noble-updates/main amd64 librsvg2-2 amd64 2.58.0+dfsg-1ubuntu0.1 [2141 kB]
2026-10-07T06:50:03.5150329Z Get:29 http://azure.archive.ubuntu.com/ubuntu noble/universe amd64 libshine3 amd64 3.1.1-2build1 [23.2 kB]
2026-10-07T06:50:03.5294826Z Get:30 http://azure.archive.ubuntu.com/ubuntu noble-updates/main amd64 libspeex1 amd64 1.2.1-2ubuntu2.24.04.1 [59.6 kB]
2026-10-07T06:50:03.5446702Z Get:31 http://azure.archive.ubuntu.com/ubuntu noble/universe amd64 libsvtav1enc1d1 amd64 1.7.0+dfsg-2build1 [2425 kB]
2026-10-07T06:50:03.5723326Z Get:32 http://azure.archive.ubuntu.com/ubuntu noble/universe amd64 libsoxr0 amd64 0.1.3-4build3 [80.0 kB]
2026-10-07T06:50:03.5871858Z Get:33 http://azure.archive.ubuntu.com/ubuntu noble/universe amd64 libswresample4 amd64 7:6.1.1-3ubuntu5 [63.8 kB]
2026-10-07T06:50:03.6021346Z Get:34 http://azure.archive.ubuntu.com/ubuntu noble/main amd64 libtheora0 amd64 1.1.1+dfsg.1-16.1build3 [211 kB]
2026-10-07T06:50:03.6178857Z Get:35 http://azure.archive.ubuntu.com/ubuntu noble/main amd64 libtwolame0 amd64 0.4.0-2build3 [52.3 kB]
2026-10-07T06:50:03.6328943Z Get:36 http://azure.archive.ubuntu.com/ubuntu noble/main amd64 libvorbisenc2 amd64 1.3.7-1build3 [80.8 kB]
2026-10-07T06:50:03.6483424Z Get:37 http://azure.archive.ubuntu.com/ubuntu noble-updates/main amd64 libvpx9 amd64 1.14.0-1ubuntu2.3 [1143 kB]
2026-10-07T06:50:03.6693701Z Get:38 http://azure.archive.ubuntu.com/ubuntu noble/universe amd64 libx264-164 amd64 2:0.164.3108+git31e19f9-1 [604 kB]
2026-10-07T06:50:03.7281982Z Get:39 http://azure.archive.ubuntu.com/ubuntu noble/universe amd64 libx265-199 amd64 3.5-2build1 [1226 kB]
2026-10-07T06:50:03.7496476Z Get:40 http://azure.archive.ubuntu.com/ubuntu noble/universe amd64 libxvidcore4 amd64 2:1.3.7-1build1 [219 kB]
2026-10-07T06:50:03.7651464Z Get:41 http://azure.archive.ubuntu.com/ubuntu noble/universe amd64 libzvbi-common all 0.2.42-2 [42.4 kB]
2026-10-07T06:50:03.7800550Z Get:42 http://azure.archive.ubuntu.com/ubuntu noble/universe amd64 libzvbi0t64 amd64 0.2.42-2 [261 kB]
2026-10-07T06:50:03.7961563Z Get:43 http://azure.archive.ubuntu.com/ubuntu noble/universe amd64 libavcodec60 amd64 7:6.1.1-3ubuntu5 [5851 kB]
2026-10-07T06:50:03.8422267Z Get:44 http://azure.archive.ubuntu.com/ubuntu noble-updates/main amd64 libfreetype6 amd64 2.13.2+dfsg-1ubuntu0.2 [403 kB]
2026-10-07T06:50:03.8668177Z Get:45 http://azure.archive.ubuntu.com/ubuntu noble/universe amd64 libunibreak5 amd64 5.1-2build1 [25.0 kB]
2026-10-07T06:50:03.8824665Z Get:46 http://azure.archive.ubuntu.com/ubuntu noble/universe amd64 libass9 amd64 1:0.17.1-2build1 [104 kB]
2026-10-07T06:50:03.8983517Z Get:47 http://azure.archive.ubuntu.com/ubuntu noble/universe amd64 libudfread0 amd64 1.1.2-1build1 [19.0 kB]
2026-10-07T06:50:03.9131206Z Get:48 http://azure.archive.ubuntu.com/ubuntu noble/universe amd64 libbluray2 amd64 1:1.3.4-1build1 [159 kB]
2026-10-07T06:50:03.9286306Z Get:49 http://azure.archive.ubuntu.com/ubuntu noble/universe amd64 libchromaprint1 amd64 1.5.1-5 [30.5 kB]
2026-10-07T06:50:03.9436123Z Get:50 http://azure.archive.ubuntu.com/ubuntu noble/universe amd64 libgme0 amd64 0.6.3-7build1 [134 kB]
2026-10-07T06:50:03.9593667Z Get:51 http://azure.archive.ubuntu.com/ubuntu noble-updates/main amd64 libmpg123-0t64 amd64 1.32.5-1ubuntu1.1 [169 kB]
2026-10-07T06:50:03.9750358Z Get:52 http://azure.archive.ubuntu.com/ubuntu noble/universe amd64 libopenmpt0t64 amd64 0.7.3-1.1build3 [647 kB]
2026-10-07T06:50:03.9933587Z Get:53 http://azure.archive.ubuntu.com/ubuntu noble/universe amd64 libcjson1 amd64 1.7.17-1 [24.8 kB]
2026-10-07T06:50:04.0085900Z Get:54 http://azure.archive.ubuntu.com/ubuntu noble/universe amd64 libmbedcrypto7t64 amd64 2.28.8-1 [209 kB]
2026-10-07T06:50:04.0244126Z Get:55 http://azure.archive.ubuntu.com/ubuntu noble/universe amd64 librist4 amd64 0.2.10+dfsg-2 [74.9 kB]
2026-10-07T06:50:04.0399552Z Get:56 http://azure.archive.ubuntu.com/ubuntu noble/universe amd64 libsrt1.5-gnutls amd64 1.5.3-1build2 [316 kB]
2026-10-07T06:50:04.0564158Z Get:57 http://azure.archive.ubuntu.com/ubuntu noble-updates/main amd64 libssh-gcrypt-4 amd64 0.10.6-2ubuntu0.5 [226 kB]
2026-10-07T06:50:04.1160534Z Get:58 http://azure.archive.ubuntu.com/ubuntu noble/universe amd64 libavformat60 amd64 7:6.1.1-3ubuntu5 [1153 kB]
2026-10-07T06:50:04.1366070Z Get:59 http://azure.archive.ubuntu.com/ubuntu noble/universe amd64 libbs2b0 amd64 3.1.0+dfsg-7build1 [10.6 kB]
2026-10-07T06:50:04.1512911Z Get:60 http://azure.archive.ubuntu.com/ubuntu noble/universe amd64 libflite1 amd64 2.2-6build3 [13.6 MB]
2026-10-07T06:50:04.2381308Z Get:61 http://azure.archive.ubuntu.com/ubuntu noble/universe amd64 libserd-0-0 amd64 0.32.2-1 [43.6 kB]
2026-10-07T06:50:04.2533958Z Get:62 http://azure.archive.ubuntu.com/ubuntu noble/universe amd64 libzix-0-0 amd64 0.4.2-2build1 [23.6 kB]
2026-10-07T06:50:04.2680826Z Get:63 http://azure.archive.ubuntu.com/ubuntu noble/universe amd64 libsord-0-0 amd64 0.16.16-2build1 [15.8 kB]
2026-10-07T06:50:04.2825111Z Get:64 http://azure.archive.ubuntu.com/ubuntu noble/universe amd64 libsratom-0-0 amd64 0.6.16-1build1 [17.3 kB]
2026-10-07T06:50:04.2970749Z Get:65 http://azure.archive.ubuntu.com/ubuntu noble/universe amd64 liblilv-0-0 amd64 0.24.22-1build1 [41.0 kB]
2026-10-07T06:50:04.3184197Z Get:66 http://azure.archive.ubuntu.com/ubuntu noble/universe amd64 libmysofa1 amd64 1.3.2+dfsg-2ubuntu2 [1158 kB]
2026-10-07T06:50:04.3388570Z Get:67 http://azure.archive.ubuntu.com/ubuntu noble/universe amd64 libplacebo338 amd64 6.338.2-2build1 [2654 kB]
2026-10-07T06:50:04.3689531Z Get:68 http://azure.archive.ubuntu.com/ubuntu noble-updates/main amd64 libblas3 amd64 3.12.0-3build1.1 [238 kB]
2026-10-07T06:50:04.3857784Z Get:69 http://azure.archive.ubuntu.com/ubuntu noble-updates/main amd64 liblapack3 amd64 3.12.0-3build1.1 [2646 kB]
2026-10-07T06:50:04.4162258Z Get:70 http://azure.archive.ubuntu.com/ubuntu noble/main amd64 libasyncns0 amd64 0.8-6build4 [11.3 kB]
2026-10-07T06:50:04.4308824Z Get:71 http://azure.archive.ubuntu.com/ubuntu noble/main amd64 libflac12t64 amd64 1.4.3+ds-2.1ubuntu2 [197 kB]
2026-10-07T06:50:04.4465914Z Get:72 http://azure.archive.ubuntu.com/ubuntu noble-updates/main amd64 libsndfile1 amd64 1.2.2-1ubuntu5.24.04.1 [209 kB]
2026-10-07T06:50:04.4622553Z Get:73 http://azure.archive.ubuntu.com/ubuntu noble-updates/main amd64 libpulse0 amd64 1:16.1+dfsg1-2ubuntu10.1 [292 kB]
2026-10-07T06:50:04.4789595Z Get:74 http://azure.archive.ubuntu.com/ubuntu noble/universe amd64 libsphinxbase3t64 amd64 0.8+5prealpha+1-17build2 [126 kB]
2026-10-07T06:50:04.4938845Z Get:75 http://azure.archive.ubuntu.com/ubuntu noble/universe amd64 libpocketsphinx3 amd64 0.8.0+real5prealpha+1-15ubuntu5 [133 kB]
2026-10-07T06:50:04.5522794Z Get:76 http://azure.archive.ubuntu.com/ubuntu noble/universe amd64 libpostproc57 amd64 7:6.1.1-3ubuntu5 [49.9 kB]
2026-10-07T06:50:04.5668950Z Get:77 http://azure.archive.ubuntu.com/ubuntu noble/main amd64 libsamplerate0 amd64 0.2.2-4build1 [1344 kB]
2026-10-07T06:50:04.5969940Z Get:78 http://azure.archive.ubuntu.com/ubuntu noble/universe amd64 librubberband2 amd64 3.3.0+dfsg-2build1 [130 kB]
2026-10-07T06:50:04.6123822Z Get:79 http://azure.archive.ubuntu.com/ubuntu noble/universe amd64 libswscale7 amd64 7:6.1.1-3ubuntu5 [193 kB]
2026-10-07T06:50:04.6277174Z Get:80 http://azure.archive.ubuntu.com/ubuntu noble/universe amd64 libvidstab1.1 amd64 1.1.0-2build1 [38.5 kB]
2026-10-07T06:50:04.6422351Z Get:81 http://azure.archive.ubuntu.com/ubuntu noble/universe amd64 libzimg2 amd64 3.0.5+ds1-1build1 [254 kB]
2026-10-07T06:50:04.6580857Z Get:82 http://azure.archive.ubuntu.com/ubuntu noble/universe amd64 libavfilter9 amd64 7:6.1.1-3ubuntu5 [4235 kB]
2026-10-07T06:50:04.6968748Z Get:83 http://azure.archive.ubuntu.com/ubuntu noble-updates/main amd64 liborc-0.4-0t64 amd64 1:0.4.38-1ubuntu0.1 [207 kB]
2026-10-07T06:50:04.7131726Z Get:84 http://azure.archive.ubuntu.com/ubuntu noble-updates/main amd64 libgstreamer-plugins-base1.0-0 amd64 1.24.2-1ubuntu0.5 [862 kB]
2026-10-07T06:50:04.7324231Z Get:85 http://azure.archive.ubuntu.com/ubuntu noble/universe amd64 gstreamer1.0-libav amd64 1.24.1-1build1 [103 kB]
2026-10-07T06:50:04.7472617Z Get:86 http://azure.archive.ubuntu.com/ubuntu noble/main amd64 libcdparanoia0 amd64 3.10.2+debian-14build3 [48.5 kB]
2026-10-07T06:50:04.7620048Z Get:87 http://azure.archive.ubuntu.com/ubuntu noble/main amd64 libvisual-0.4-0 amd64 0.4.2-2build1 [115 kB]
2026-10-07T06:50:04.7771392Z Get:88 http://azure.archive.ubuntu.com/ubuntu noble-updates/main amd64 gstreamer1.0-plugins-base amd64 1.24.2-1ubuntu0.5 [721 kB]
2026-10-07T06:50:04.7953556Z Get:89 http://azure.archive.ubuntu.com/ubuntu noble/main amd64 libaa1 amd64 1.4p5-51.1 [49.9 kB]
2026-10-07T06:50:04.8102756Z Get:90 http://azure.archive.ubuntu.com/ubuntu noble/main amd64 libraw1394-11 amd64 2.1.2-2build3 [26.2 kB]
2026-10-07T06:50:04.8247324Z Get:91 http://azure.archive.ubuntu.com/ubuntu noble/main amd64 libavc1394-0 amd64 0.5.4-5build3 [15.4 kB]
2026-10-07T06:50:04.8390286Z Get:92 http://azure.archive.ubuntu.com/ubuntu noble-updates/main amd64 libcaca0 amd64 0.99.beta20-4ubuntu0.2 [209 kB]
2026-10-07T06:50:04.8547650Z Get:93 http://azure.archive.ubuntu.com/ubuntu noble/main amd64 libdv4t64 amd64 1.0.0-17.1build1 [63.2 kB]
2026-10-07T06:50:04.9121633Z Get:94 http://azure.archive.ubuntu.com/ubuntu noble-updates/main amd64 libgstreamer-plugins-good1.0-0 amd64 1.24.2-1ubuntu1.8 [34.3 kB]
2026-10-07T06:50:04.9264420Z Get:95 http://azure.archive.ubuntu.com/ubuntu noble/main amd64 libiec61883-0 amd64 1.2.0-6build1 [24.5 kB]
2026-10-07T06:50:04.9411877Z Get:96 http://azure.archive.ubuntu.com/ubuntu noble/main amd64 libshout3 amd64 2.4.6-1build2 [50.3 kB]
2026-10-07T06:50:04.9567143Z Get:97 http://azure.archive.ubuntu.com/ubuntu noble/main amd64 libtag1v5-vanilla amd64 1.13.1-1build1 [326 kB]
2026-10-07T06:50:04.9728331Z Get:98 http://azure.archive.ubuntu.com/ubuntu noble/main amd64 libtag1v5 amd64 1.13.1-1build1 [11.7 kB]
2026-10-07T06:50:04.9872747Z Get:99 http://azure.archive.ubuntu.com/ubuntu noble/main amd64 libv4lconvert0t64 amd64 1.26.1-4build3 [87.6 kB]
2026-10-07T06:50:05.0023025Z Get:100 http://azure.archive.ubuntu.com/ubuntu noble/main amd64 libv4l-0t64 amd64 1.26.1-4build3 [46.9 kB]
2026-10-07T06:50:05.0170069Z Get:101 http://azure.archive.ubuntu.com/ubuntu noble/main amd64 libwavpack1 amd64 5.6.0-1build1 [84.6 kB]
2026-10-07T06:50:05.0318347Z Get:102 http://azure.archive.ubuntu.com/ubuntu noble-updates/main amd64 libsoup-3.0-common all 3.4.4-5ubuntu0.9 [12.3 kB]
2026-10-07T06:50:05.1501483Z Get:103 http://azure.archive.ubuntu.com/ubuntu noble-updates/main amd64 libsoup-3.0-0 amd64 3.4.4-5ubuntu0.9 [291 kB]
2026-10-07T06:50:05.2676551Z Get:104 http://azure.archive.ubuntu.com/ubuntu noble-updates/main amd64 gstreamer1.0-plugins-good amd64 1.24.2-1ubuntu1.8 [2236 kB]
2026-10-07T06:50:05.4203332Z Get:105 http://azure.archive.ubuntu.com/ubuntu noble-updates/main amd64 libabsl20220623t64 amd64 20220623.1-3.1ubuntu3.2 [423 kB]
2026-10-07T06:50:05.5677922Z Get:106 http://azure.archive.ubuntu.com/ubuntu noble/universe amd64 libgav1-1 amd64 0.18.0-1build3 [357 kB]
2026-10-07T06:50:05.7115809Z Get:107 http://azure.archive.ubuntu.com/ubuntu noble/universe amd64 libyuv0 amd64 0.0~git202401110.af6ac82-1 [178 kB]
2026-10-07T06:50:05.8458859Z Get:108 http://azure.archive.ubuntu.com/ubuntu noble/universe amd64 libavif16 amd64 1.0.4-1ubuntu3 [91.2 kB]
2026-10-07T06:50:05.9750969Z Get:109 http://azure.archive.ubuntu.com/ubuntu noble/universe amd64 libavtp0 amd64 0.2.0-1build1 [6414 B]
2026-10-07T06:50:06.1011792Z Get:110 http://azure.archive.ubuntu.com/ubuntu noble/main amd64 libcairo-script-interpreter2 amd64 1.18.0-3build1 [60.3 kB]
2026-10-07T06:50:06.2289704Z Get:111 http://azure.archive.ubuntu.com/ubuntu noble/universe amd64 libdc1394-25 amd64 2.2.6-4build1 [90.1 kB]
2026-10-07T06:50:06.3585273Z Get:112 http://azure.archive.ubuntu.com/ubuntu noble-updates/main amd64 libde265-0 amd64 1.0.15-1ubuntu0.1 [167 kB]
2026-10-07T06:50:06.4922757Z Get:113 http://azure.archive.ubuntu.com/ubuntu noble/main amd64 libdecor-0-0 amd64 0.2.2-1build2 [16.5 kB]
2026-10-07T06:50:06.6183041Z Get:114 http://azure.archive.ubuntu.com/ubuntu noble/main amd64 libgles2 amd64 1.7.0-1build1 [17.1 kB]
2026-10-07T06:50:06.7443891Z Get:115 http://azure.archive.ubuntu.com/ubuntu noble/universe amd64 libdirectfb-1.7-7t64 amd64 1.7.7-11.1ubuntu2 [1035 kB]
2026-10-07T06:50:06.9244486Z Get:116 http://azure.archive.ubuntu.com/ubuntu noble/universe amd64 libdvdread8t64 amd64 6.1.3-1.1build1 [54.7 kB]
2026-10-07T06:50:07.0522354Z Get:117 http://azure.archive.ubuntu.com/ubuntu noble/universe amd64 libdvdnav4 amd64 6.1.1-3build1 [39.5 kB]
2026-10-07T06:50:07.1794250Z Get:118 http://azure.archive.ubuntu.com/ubuntu noble-updates/main amd64 libgl1-mesa-dri amd64 25.2.8-0ubuntu0.24.04.4 [38.0 kB]
2026-10-07T06:50:07.3063761Z Get:119 http://azure.archive.ubuntu.com/ubuntu noble-updates/main amd64 libglx-mesa0 amd64 25.2.8-0ubuntu0.24.04.4 [110 kB]
2026-10-07T06:50:07.4368534Z Get:120 http://azure.archive.ubuntu.com/ubuntu noble-updates/main amd64 libgbm1 amd64 25.2.8-0ubuntu0.24.04.4 [34.2 kB]
2026-10-07T06:50:07.5641985Z Get:121 http://azure.archive.ubuntu.com/ubuntu noble-updates/main amd64 mesa-libgallium amd64 25.2.8-0ubuntu0.24.04.4 [10.8 MB]
2026-10-07T06:50:08.1756387Z Get:122 http://azure.archive.ubuntu.com/ubuntu noble-updates/main amd64 libegl-mesa0 amd64 25.2.8-0ubuntu0.24.04.4 [117 kB]
2026-10-07T06:50:08.3021532Z Get:123 http://azure.archive.ubuntu.com/ubuntu noble-updates/main amd64 libevent-2.1-7t64 amd64 2.1.12-stable-9ubuntu2.2 [146 kB]
2026-10-07T06:50:08.4289985Z Get:124 http://azure.archive.ubuntu.com/ubuntu noble-updates/main amd64 libevent-pthreads-2.1-7t64 amd64 2.1.12-stable-9ubuntu2.2 [7988 B]
2026-10-07T06:50:08.5546928Z Get:125 http://azure.archive.ubuntu.com/ubuntu noble-updates/main amd64 libevent-core-2.1-7t64 amd64 2.1.12-stable-9ubuntu2.2 [91.9 kB]
2026-10-07T06:50:08.6809354Z Get:126 http://azure.archive.ubuntu.com/ubuntu noble/universe amd64 libfaad2 amd64 2.11.1-1build1 [207 kB]
2026-10-07T06:50:08.8083754Z Get:127 http://azure.archive.ubuntu.com/ubuntu noble/universe amd64 libinstpatch-1.0-2 amd64 1.1.6-1build2 [251 kB]
2026-10-07T06:50:08.9364721Z Get:128 http://azure.archive.ubuntu.com/ubuntu noble/main amd64 libjack-jackd2-0 amd64 1.9.21~dfsg-3ubuntu3 [289 kB]
2026-10-07T06:50:09.0650910Z Get:129 http://azure.archive.ubuntu.com/ubuntu noble/main amd64 libwebrtc-audio-processing1 amd64 0.3.1-0ubuntu6 [290 kB]
2026-10-07T06:50:09.1936509Z Get:130 http://azure.archive.ubuntu.com/ubuntu noble-updates/main amd64 libspa-0.2-modules amd64 1.0.5-1ubuntu3.3 [628 kB]
2026-10-07T06:50:09.3305678Z Get:131 http://azure.archive.ubuntu.com/ubuntu noble-updates/main amd64 libpipewire-0.3-0t64 amd64 1.0.5-1ubuntu3.3 [252 kB]
2026-10-07T06:50:09.4584812Z Get:132 http://azure.archive.ubuntu.com/ubuntu noble-updates/main amd64 libsdl2-2.0-0 amd64 2.30.0+dfsg-1ubuntu3.1 [686 kB]
2026-10-07T06:50:09.5926644Z Get:133 http://azure.archive.ubuntu.com/ubuntu noble/universe amd64 timgm6mb-soundfont all 1.3-5 [5427 kB]
2026-10-07T06:50:09.8777423Z Get:134 http://azure.archive.ubuntu.com/ubuntu noble/universe amd64 libfluidsynth3 amd64 2.3.4-1build3 [249 kB]
2026-10-07T06:50:10.0056290Z Get:135 http://azure.archive.ubuntu.com/ubuntu noble/main amd64 libfreeaptx0 amd64 0.1.1-2build1 [13.5 kB]
2026-10-07T06:50:10.1314655Z Get:136 http://azure.archive.ubuntu.com/ubuntu noble/main amd64 libgraphene-1.0-0 amd64 1.10.8-3build2 [46.2 kB]
2026-10-07T06:50:10.2576555Z Get:137 http://azure.archive.ubuntu.com/ubuntu noble/main amd64 libgssdp-1.6-0 amd64 1.6.3-1build3 [40.4 kB]
2026-10-07T06:50:10.3611705Z Get:138 http://azure.archive.ubuntu.com/ubuntu noble/main amd64 libegl1 amd64 1.7.0-1build1 [28.7 kB]
2026-10-07T06:50:10.4896125Z Get:139 http://azure.archive.ubuntu.com/ubuntu noble-updates/main amd64 libgstreamer-gl1.0-0 amd64 1.24.2-1ubuntu0.5 [214 kB]
2026-10-07T06:50:10.6236952Z Get:140 http://azure.archive.ubuntu.com/ubuntu noble-updates/main amd64 libgtk-4-common all 4.14.5+ds-0ubuntu0.10 [1497 kB]
2026-10-07T06:50:10.8088747Z Get:141 http://azure.archive.ubuntu.com/ubuntu noble-updates/main amd64 libgtk-4-1 amd64 4.14.5+ds-0ubuntu0.10 [3295 kB]
2026-10-07T06:50:11.0665740Z Get:142 http://azure.archive.ubuntu.com/ubuntu noble/main amd64 libgupnp-1.6-0 amd64 1.6.6-1build3 [92.7 kB]
2026-10-07T06:50:11.1962439Z Get:143 http://azure.archive.ubuntu.com/ubuntu noble/universe amd64 libgupnp-igd-1.6-0 amd64 1.6.0-3build3 [16.5 kB]
2026-10-07T06:50:11.3226102Z Get:144 http://azure.archive.ubuntu.com/ubuntu noble/main amd64 libharfbuzz-icu0 amd64 8.3.0-2build2 [13.3 kB]
2026-10-07T06:50:11.4492797Z Get:145 http://azure.archive.ubuntu.com/ubuntu noble/main amd64 libhyphen0 amd64 2.8.8-7build3 [26.5 kB]
2026-10-07T06:50:11.5756415Z Get:146 http://azure.archive.ubuntu.com/ubuntu noble/universe amd64 libimath-3-1-29t64 amd64 3.1.9-3.1ubuntu2 [72.2 kB]
2026-10-07T06:50:11.7041770Z Get:147 http://azure.archive.ubuntu.com/ubuntu noble/main amd64 liblc3-1 amd64 1.0.4-3build1 [69.7 kB]
2026-10-07T06:50:11.8321918Z Get:148 http://azure.archive.ubuntu.com/ubuntu noble/main amd64 libldacbt-enc2 amd64 2.0.2.3+git20200429+ed310a0-4ubuntu2 [27.1 kB]
2026-10-07T06:50:11.9585783Z Get:149 http://azure.archive.ubuntu.com/ubuntu noble-updates/main amd64 libraptor2-0 amd64 2.0.16-3ubuntu0.1 [165 kB]
2026-10-07T06:50:12.0910064Z Get:150 http://azure.archive.ubuntu.com/ubuntu noble/universe amd64 liblrdf0 amd64 0.6.1-4build1 [18.5 kB]
2026-10-07T06:50:12.2175491Z Get:151 http://azure.archive.ubuntu.com/ubuntu noble/universe amd64 libltc11 amd64 1.3.2-1build1 [13.0 kB]
2026-10-07T06:50:12.3442371Z Get:152 http://azure.archive.ubuntu.com/ubuntu noble/main amd64 libmanette-0.2-0 amd64 0.2.7-1build2 [30.6 kB]
2026-10-07T06:50:12.4706246Z Get:153 http://azure.archive.ubuntu.com/ubuntu noble/universe amd64 libmfx1 amd64 22.5.4-1 [3124 kB]
2026-10-07T06:50:12.7222178Z Get:154 http://azure.archive.ubuntu.com/ubuntu noble/universe amd64 libmjpegutils-2.1-0t64 amd64 1:2.1.0+debian-8.1build1 [25.5 kB]
2026-10-07T06:50:12.8489624Z Get:155 http://azure.archive.ubuntu.com/ubuntu noble/universe amd64 libmodplug1 amd64 1:0.8.9.0-3build1 [166 kB]
2026-10-07T06:50:12.9809993Z Get:156 http://azure.archive.ubuntu.com/ubuntu noble/universe amd64 libmpcdec6 amd64 2:0.1~r495-2build1 [32.7 kB]
2026-10-07T06:50:13.1084836Z Get:157 http://azure.archive.ubuntu.com/ubuntu noble/universe amd64 libmpeg2encpp-2.1-0t64 amd64 1:2.1.0+debian-8.1build1 [75.6 kB]
2026-10-07T06:50:13.2370363Z Get:158 http://azure.archive.ubuntu.com/ubuntu noble/universe amd64 libmplex2-2.1-0t64 amd64 1:2.1.0+debian-8.1build1 [46.1 kB]
2026-10-07T06:50:13.3645661Z Get:159 http://azure.archive.ubuntu.com/ubuntu noble/universe amd64 libneon27t64 amd64 0.33.0-1.1build3 [102 kB]
2026-10-07T06:50:13.4941737Z Get:160 http://azure.archive.ubuntu.com/ubuntu noble/universe amd64 libnice10 amd64 0.1.21-2build3 [157 kB]
2026-10-07T06:50:13.6261077Z Get:161 http://azure.archive.ubuntu.com/ubuntu noble/universe amd64 libopenal-data all 1:1.23.1-4build1 [161 kB]
2026-10-07T06:50:13.7578852Z Get:162 http://azure.archive.ubuntu.com/ubuntu noble/universe amd64 libopenexr-3-1-30 amd64 3.1.5-5.1build3 [1004 kB]
2026-10-07T06:50:13.9240934Z Get:163 http://azure.archive.ubuntu.com/ubuntu noble/universe amd64 libopenh264-7 amd64 2.4.1+dfsg-1 [409 kB]
2026-10-07T06:50:14.0653502Z Get:164 http://azure.archive.ubuntu.com/ubuntu noble/universe amd64 libopenni2-0 amd64 2.2.0.33+dfsg-18 [370 kB]
2026-10-07T06:50:14.2075635Z Get:165 http://azure.archive.ubuntu.com/ubuntu noble/universe amd64 libqrencode4 amd64 4.1.1-1build2 [25.0 kB]
2026-10-07T06:50:14.3322215Z Get:166 http://azure.archive.ubuntu.com/ubuntu noble/main amd64 libsecret-common all 0.21.4-1build3 [4962 B]
2026-10-07T06:50:14.4586927Z Get:167 http://azure.archive.ubuntu.com/ubuntu noble/main amd64 libsecret-1-0 amd64 0.21.4-1build3 [116 kB]
2026-10-07T06:50:14.5885361Z Get:168 http://azure.archive.ubuntu.com/ubuntu noble/universe amd64 libsndio7.0 amd64 1.9.0-0.3build3 [29.6 kB]
2026-10-07T06:50:14.7152019Z Get:169 http://azure.archive.ubuntu.com/ubuntu noble/universe amd64 libsoundtouch1 amd64 2.3.2+ds1-1build1 [60.5 kB]
2026-10-07T06:50:14.8388826Z Get:170 http://azure.archive.ubuntu.com/ubuntu noble/universe amd64 libspandsp2t64 amd64 0.0.6+dfsg-2.1build1 [311 kB]
2026-10-07T06:50:14.9638380Z Get:171 http://azure.archive.ubuntu.com/ubuntu noble/universe amd64 libsrtp2-1 amd64 2.5.0-3build1 [41.9 kB]
2026-10-07T06:50:15.0863283Z Get:172 http://azure.archive.ubuntu.com/ubuntu noble/main amd64 libwayland-server0 amd64 1.22.0-2.1build1 [33.9 kB]
2026-10-07T06:50:15.2085939Z Get:173 http://azure.archive.ubuntu.com/ubuntu noble/universe amd64 libwildmidi2 amd64 0.4.3-1build3 [68.5 kB]
2026-10-07T06:50:15.3321740Z Get:174 http://azure.archive.ubuntu.com/ubuntu noble/main amd64 libwoff1 amd64 1.0.2-2build1 [45.3 kB]
2026-10-07T06:50:15.4544375Z Get:175 http://azure.archive.ubuntu.com/ubuntu noble/main amd64 libxcb-xkb1 amd64 1.15-1ubuntu2 [32.3 kB]
2026-10-07T06:50:15.5770356Z Get:176 http://azure.archive.ubuntu.com/ubuntu noble/main amd64 libxkbcommon-x11-0 amd64 1.6.0-1build1 [14.5 kB]
2026-10-07T06:50:15.6993224Z Get:177 http://azure.archive.ubuntu.com/ubuntu noble/universe amd64 libzbar0t64 amd64 0.23.93-4build3 [123 kB]
2026-10-07T06:50:15.8222410Z Get:178 http://azure.archive.ubuntu.com/ubuntu noble/universe amd64 libzxing3 amd64 2.2.1-3 [583 kB]
2026-10-07T06:50:15.9544681Z Get:179 http://azure.archive.ubuntu.com/ubuntu noble/main amd64 xfonts-encodings all 1:1.0.5-0ubuntu2 [578 kB]
2026-10-07T06:50:16.0833130Z Get:180 http://azure.archive.ubuntu.com/ubuntu noble/main amd64 xfonts-utils amd64 1:7.7+6build3 [94.4 kB]
2026-10-07T06:50:16.2058335Z Get:181 http://azure.archive.ubuntu.com/ubuntu noble/universe amd64 xfonts-cyrillic all 1:1.0.5+nmu1 [384 kB]
2026-10-07T06:50:16.3318123Z Get:182 http://azure.archive.ubuntu.com/ubuntu noble/main amd64 xfonts-scalable all 1:1.0.3-1.3 [304 kB]
2026-10-07T06:50:16.4570212Z Get:183 http://azure.archive.ubuntu.com/ubuntu noble/universe amd64 libgstreamer-plugins-bad1.0-0 amd64 1.24.2-1ubuntu4 [797 kB]
2026-10-07T06:50:16.5888155Z Get:184 http://azure.archive.ubuntu.com/ubuntu noble/universe amd64 libdca0 amd64 0.0.7-2build1 [93.8 kB]
2026-10-07T06:50:16.7114431Z Get:185 http://azure.archive.ubuntu.com/ubuntu noble/universe amd64 libopenal1 amd64 1:1.23.1-4build1 [540 kB]
2026-10-07T06:50:16.8395410Z Get:186 http://azure.archive.ubuntu.com/ubuntu noble/main amd64 libsbc1 amd64 2.0-1build1 [33.9 kB]
2026-10-07T06:50:16.9622095Z Get:187 http://azure.archive.ubuntu.com/ubuntu noble/universe amd64 libvo-aacenc0 amd64 0.1.3-2build1 [67.8 kB]
2026-10-07T06:50:17.0846750Z Get:188 http://azure.archive.ubuntu.com/ubuntu noble/universe amd64 libvo-amrwbenc0 amd64 0.1.3-2build1 [76.7 kB]
2026-10-07T06:50:17.2072172Z Get:189 http://azure.archive.ubuntu.com/ubuntu noble/universe amd64 gstreamer1.0-plugins-bad amd64 1.24.2-1ubuntu4 [3081 kB]
2026-10-07T06:50:17.6608733Z Fetched 126 MB in 15s (8647 kB/s)
2026-10-07T06:50:17.8986819Z Selecting previously unselected package fonts-ipafont-gothic.
2026-10-07T06:50:17.9333099Z (Reading database ... 
2026-10-07T06:50:17.9333769Z (Reading database ... 5%
2026-10-07T06:50:17.9334137Z (Reading database ... 10%
2026-10-07T06:50:17.9334493Z (Reading database ... 15%
2026-10-07T06:50:17.9334847Z (Reading database ... 20%
2026-10-07T06:50:17.9335809Z (Reading database ... 25%
2026-10-07T06:50:17.9336168Z (Reading database ... 30%
2026-10-07T06:50:17.9336519Z (Reading database ... 35%
2026-10-07T06:50:17.9336859Z (Reading database ... 40%
2026-10-07T06:50:17.9337191Z (Reading database ... 45%
2026-10-07T06:50:17.9337520Z (Reading database ... 50%
2026-10-07T06:50:17.9398261Z (Reading database ... 55%
2026-10-07T06:50:18.0965680Z (Reading database ... 60%
2026-10-07T06:50:18.3003752Z (Reading database ... 65%
2026-10-07T06:50:18.4895534Z (Reading database ... 70%
2026-10-07T06:50:18.6930033Z (Reading database ... 75%
2026-10-07T06:50:18.8521206Z (Reading database ... 80%
2026-10-07T06:50:19.0971914Z (Reading database ... 85%
2026-10-07T06:50:19.2924468Z (Reading database ... 90%
2026-10-07T06:50:19.4596703Z (Reading database ... 95%
2026-10-07T06:50:19.4597322Z (Reading database ... 100%
2026-10-07T06:50:19.4598225Z (Reading database ... 202296 files and directories currently installed.)
2026-10-07T06:50:19.4640791Z Preparing to unpack .../000-fonts-ipafont-gothic_00303-21ubuntu1_all.deb ...
2026-10-07T06:50:19.4728899Z Unpacking fonts-ipafont-gothic (00303-21ubuntu1) ...
2026-10-07T06:50:19.6959482Z Selecting previously unselected package fonts-freefont-ttf.
2026-10-07T06:50:19.7083917Z Preparing to unpack .../001-fonts-freefont-ttf_20211204+svn4273-2_all.deb ...
2026-10-07T06:50:19.7091053Z Unpacking fonts-freefont-ttf (20211204+svn4273-2) ...
2026-10-07T06:50:19.7869762Z Selecting previously unselected package fonts-tlwg-loma-otf.
2026-10-07T06:50:19.8000894Z Preparing to unpack .../002-fonts-tlwg-loma-otf_1%3a0.7.3-1_all.deb ...
2026-10-07T06:50:19.8008535Z Unpacking fonts-tlwg-loma-otf (1:0.7.3-1) ...
2026-10-07T06:50:19.8217992Z Selecting previously unselected package fonts-unifont.
2026-10-07T06:50:19.8342281Z Preparing to unpack .../003-fonts-unifont_1%3a15.1.01-1build1_all.deb ...
2026-10-07T06:50:19.8349248Z Unpacking fonts-unifont (1:15.1.01-1build1) ...
2026-10-07T06:50:19.9425868Z Selecting previously unselected package fonts-wqy-zenhei.
2026-10-07T06:50:19.9552768Z Preparing to unpack .../004-fonts-wqy-zenhei_0.9.45-8_all.deb ...
2026-10-07T06:50:19.9654736Z Unpacking fonts-wqy-zenhei (0.9.45-8) ...
2026-10-07T06:50:20.4339268Z Selecting previously unselected package libproxy1v5:amd64.
2026-10-07T06:50:20.4462878Z Preparing to unpack .../005-libproxy1v5_0.5.4-4build1_amd64.deb ...
2026-10-07T06:50:20.4480162Z Unpacking libproxy1v5:amd64 (0.5.4-4build1) ...
2026-10-07T06:50:20.4731957Z Selecting previously unselected package glib-networking-common.
2026-10-07T06:50:20.4858647Z Preparing to unpack .../006-glib-networking-common_2.80.0-1build1_all.deb ...
2026-10-07T06:50:20.4865938Z Unpacking glib-networking-common (2.80.0-1build1) ...
2026-10-07T06:50:20.5050671Z Selecting previously unselected package glib-networking-services.
2026-10-07T06:50:20.5175211Z Preparing to unpack .../007-glib-networking-services_2.80.0-1build1_amd64.deb ...
2026-10-07T06:50:20.5182020Z Unpacking glib-networking-services (2.80.0-1build1) ...
2026-10-07T06:50:20.5408951Z Selecting previously unselected package session-migration.
2026-10-07T06:50:20.5533118Z Preparing to unpack .../008-session-migration_0.3.9build1_amd64.deb ...
2026-10-07T06:50:20.5540275Z Unpacking session-migration (0.3.9build1) ...
2026-10-07T06:50:20.5769301Z Selecting previously unselected package gsettings-desktop-schemas.
2026-10-07T06:50:20.5893489Z Preparing to unpack .../009-gsettings-desktop-schemas_46.1-0ubuntu1_all.deb ...
2026-10-07T06:50:20.5900576Z Unpacking gsettings-desktop-schemas (46.1-0ubuntu1) ...
2026-10-07T06:50:20.6284738Z Selecting previously unselected package glib-networking:amd64.
2026-10-07T06:50:20.6411263Z Preparing to unpack .../010-glib-networking_2.80.0-1build1_amd64.deb ...
2026-10-07T06:50:20.6419706Z Unpacking glib-networking:amd64 (2.80.0-1build1) ...
2026-10-07T06:50:20.6653290Z Selecting previously unselected package libva2:amd64.
2026-10-07T06:50:20.6779230Z Preparing to unpack .../011-libva2_2.20.0-2ubuntu0.2_amd64.deb ...
2026-10-07T06:50:20.6789358Z Unpacking libva2:amd64 (2.20.0-2ubuntu0.2) ...
2026-10-07T06:50:20.6997653Z Selecting previously unselected package libva-drm2:amd64.
2026-10-07T06:50:20.7121706Z Preparing to unpack .../012-libva-drm2_2.20.0-2ubuntu0.2_amd64.deb ...
2026-10-07T06:50:20.7128566Z Unpacking libva-drm2:amd64 (2.20.0-2ubuntu0.2) ...
2026-10-07T06:50:20.7321972Z Selecting previously unselected package libva-x11-2:amd64.
2026-10-07T06:50:20.7445422Z Preparing to unpack .../013-libva-x11-2_2.20.0-2ubuntu0.2_amd64.deb ...
2026-10-07T06:50:20.7452897Z Unpacking libva-x11-2:amd64 (2.20.0-2ubuntu0.2) ...
2026-10-07T06:50:20.7650526Z Selecting previously unselected package libvdpau1:amd64.
2026-10-07T06:50:20.7775791Z Preparing to unpack .../014-libvdpau1_1.5-2build1_amd64.deb ...
2026-10-07T06:50:20.7784215Z Unpacking libvdpau1:amd64 (1.5-2build1) ...
2026-10-07T06:50:20.7987978Z Selecting previously unselected package libvpl2.
2026-10-07T06:50:20.8110083Z Preparing to unpack .../015-libvpl2_2023.3.0-1build1_amd64.deb ...
2026-10-07T06:50:20.8117427Z Unpacking libvpl2 (2023.3.0-1build1) ...
2026-10-07T06:50:20.8324898Z Selecting previously unselected package ocl-icd-libopencl1:amd64.
2026-10-07T06:50:20.8447872Z Preparing to unpack .../016-ocl-icd-libopencl1_2.3.2-1build1_amd64.deb ...
2026-10-07T06:50:20.8455622Z Unpacking ocl-icd-libopencl1:amd64 (2.3.2-1build1) ...
2026-10-07T06:50:20.8721000Z Selecting previously unselected package libavutil58:amd64.
2026-10-07T06:50:20.8844416Z Preparing to unpack .../017-libavutil58_7%3a6.1.1-3ubuntu5_amd64.deb ...
2026-10-07T06:50:20.8852310Z Unpacking libavutil58:amd64 (7:6.1.1-3ubuntu5) ...
2026-10-07T06:50:20.9093523Z Selecting previously unselected package libcodec2-1.2:amd64.
2026-10-07T06:50:20.9216766Z Preparing to unpack .../018-libcodec2-1.2_1.2.0-2build1_amd64.deb ...
2026-10-07T06:50:20.9225306Z Unpacking libcodec2-1.2:amd64 (1.2.0-2build1) ...
2026-10-07T06:50:20.9939729Z Selecting previously unselected package libdav1d7:amd64.
2026-10-07T06:50:21.0064721Z Preparing to unpack .../019-libdav1d7_1.4.1-1build1_amd64.deb ...
2026-10-07T06:50:21.0072364Z Unpacking libdav1d7:amd64 (1.4.1-1build1) ...
2026-10-07T06:50:21.0338527Z Selecting previously unselected package libgsm1:amd64.
2026-10-07T06:50:21.0463715Z Preparing to unpack .../020-libgsm1_1.0.22-1build1_amd64.deb ...
2026-10-07T06:50:21.0471005Z Unpacking libgsm1:amd64 (1.0.22-1build1) ...
2026-10-07T06:50:21.0673997Z Selecting previously unselected package libhwy1t64:amd64.
2026-10-07T06:50:21.0800599Z Preparing to unpack .../021-libhwy1t64_1.0.7-8.1build1_amd64.deb ...
2026-10-07T06:50:21.0809277Z Unpacking libhwy1t64:amd64 (1.0.7-8.1build1) ...
2026-10-07T06:50:21.1112768Z Selecting previously unselected package libjxl0.7:amd64.
2026-10-07T06:50:21.1238699Z Preparing to unpack .../022-libjxl0.7_0.7.0-10.2ubuntu6.1_amd64.deb ...
2026-10-07T06:50:21.1246627Z Unpacking libjxl0.7:amd64 (0.7.0-10.2ubuntu6.1) ...
2026-10-07T06:50:21.1575913Z Selecting previously unselected package libmp3lame0:amd64.
2026-10-07T06:50:21.1701490Z Preparing to unpack .../023-libmp3lame0_3.100-6build1_amd64.deb ...
2026-10-07T06:50:21.1709478Z Unpacking libmp3lame0:amd64 (3.100-6build1) ...
2026-10-07T06:50:21.1920491Z Selecting previously unselected package libopus0:amd64.
2026-10-07T06:50:21.2045452Z Preparing to unpack .../024-libopus0_1.4-1build1_amd64.deb ...
2026-10-07T06:50:21.2054639Z Unpacking libopus0:amd64 (1.4-1build1) ...
2026-10-07T06:50:21.2272025Z Selecting previously unselected package librav1e0:amd64.
2026-10-07T06:50:21.2397082Z Preparing to unpack .../025-librav1e0_0.7.1-2_amd64.deb ...
2026-10-07T06:50:21.2404155Z Unpacking librav1e0:amd64 (0.7.1-2) ...
2026-10-07T06:50:21.2727683Z Selecting previously unselected package librsvg2-2:amd64.
2026-10-07T06:50:21.2853662Z Preparing to unpack .../026-librsvg2-2_2.58.0+dfsg-1ubuntu0.1_amd64.deb ...
2026-10-07T06:50:21.2861547Z Unpacking librsvg2-2:amd64 (2.58.0+dfsg-1ubuntu0.1) ...
2026-10-07T06:50:21.3335325Z Selecting previously unselected package libshine3:amd64.
2026-10-07T06:50:21.3460265Z Preparing to unpack .../027-libshine3_3.1.1-2build1_amd64.deb ...
2026-10-07T06:50:21.3468055Z Unpacking libshine3:amd64 (3.1.1-2build1) ...
2026-10-07T06:50:21.3664331Z Selecting previously unselected package libspeex1:amd64.
2026-10-07T06:50:21.3789325Z Preparing to unpack .../028-libspeex1_1.2.1-2ubuntu2.24.04.1_amd64.deb ...
2026-10-07T06:50:21.3797445Z Unpacking libspeex1:amd64 (1.2.1-2ubuntu2.24.04.1) ...
2026-10-07T06:50:21.4004491Z Selecting previously unselected package libsvtav1enc1d1:amd64.
2026-10-07T06:50:21.4130186Z Preparing to unpack .../029-libsvtav1enc1d1_1.7.0+dfsg-2build1_amd64.deb ...
2026-10-07T06:50:21.4138296Z Unpacking libsvtav1enc1d1:amd64 (1.7.0+dfsg-2build1) ...
2026-10-07T06:50:21.4618206Z Selecting previously unselected package libsoxr0:amd64.
2026-10-07T06:50:21.4742815Z Preparing to unpack .../030-libsoxr0_0.1.3-4build3_amd64.deb ...
2026-10-07T06:50:21.4752041Z Unpacking libsoxr0:amd64 (0.1.3-4build3) ...
2026-10-07T06:50:21.4955827Z Selecting previously unselected package libswresample4:amd64.
2026-10-07T06:50:21.5079826Z Preparing to unpack .../031-libswresample4_7%3a6.1.1-3ubuntu5_amd64.deb ...
2026-10-07T06:50:21.5089984Z Unpacking libswresample4:amd64 (7:6.1.1-3ubuntu5) ...
2026-10-07T06:50:21.5296688Z Selecting previously unselected package libtheora0:amd64.
2026-10-07T06:50:21.5419972Z Preparing to unpack .../032-libtheora0_1.1.1+dfsg.1-16.1build3_amd64.deb ...
2026-10-07T06:50:21.5429033Z Unpacking libtheora0:amd64 (1.1.1+dfsg.1-16.1build3) ...
2026-10-07T06:50:21.5656052Z Selecting previously unselected package libtwolame0:amd64.
2026-10-07T06:50:21.5781502Z Preparing to unpack .../033-libtwolame0_0.4.0-2build3_amd64.deb ...
2026-10-07T06:50:21.5791247Z Unpacking libtwolame0:amd64 (0.4.0-2build3) ...
2026-10-07T06:50:21.6724189Z Selecting previously unselected package libvorbisenc2:amd64.
2026-10-07T06:50:21.6851330Z Preparing to unpack .../034-libvorbisenc2_1.3.7-1build3_amd64.deb ...
2026-10-07T06:50:21.6858890Z Unpacking libvorbisenc2:amd64 (1.3.7-1build3) ...
2026-10-07T06:50:21.7083130Z Selecting previously unselected package libvpx9:amd64.
2026-10-07T06:50:21.7209283Z Preparing to unpack .../035-libvpx9_1.14.0-1ubuntu2.3_amd64.deb ...
2026-10-07T06:50:21.7217431Z Unpacking libvpx9:amd64 (1.14.0-1ubuntu2.3) ...
2026-10-07T06:50:21.7544583Z Selecting previously unselected package libx264-164:amd64.
2026-10-07T06:50:21.7670932Z Preparing to unpack .../036-libx264-164_2%3a0.164.3108+git31e19f9-1_amd64.deb ...
2026-10-07T06:50:21.7679912Z Unpacking libx264-164:amd64 (2:0.164.3108+git31e19f9-1) ...
2026-10-07T06:50:21.7982123Z Selecting previously unselected package libx265-199:amd64.
2026-10-07T06:50:21.8110588Z Preparing to unpack .../037-libx265-199_3.5-2build1_amd64.deb ...
2026-10-07T06:50:21.8120041Z Unpacking libx265-199:amd64 (3.5-2build1) ...
2026-10-07T06:50:21.8767753Z Selecting previously unselected package libxvidcore4:amd64.
2026-10-07T06:50:21.8895288Z Preparing to unpack .../038-libxvidcore4_2%3a1.3.7-1build1_amd64.deb ...
2026-10-07T06:50:21.8902932Z Unpacking libxvidcore4:amd64 (2:1.3.7-1build1) ...
2026-10-07T06:50:21.9142893Z Selecting previously unselected package libzvbi-common.
2026-10-07T06:50:21.9270217Z Preparing to unpack .../039-libzvbi-common_0.2.42-2_all.deb ...
2026-10-07T06:50:21.9277991Z Unpacking libzvbi-common (0.2.42-2) ...
2026-10-07T06:50:21.9890706Z Selecting previously unselected package libzvbi0t64:amd64.
2026-10-07T06:50:22.0014796Z Preparing to unpack .../040-libzvbi0t64_0.2.42-2_amd64.deb ...
2026-10-07T06:50:22.0022937Z Unpacking libzvbi0t64:amd64 (0.2.42-2) ...
2026-10-07T06:50:22.0256890Z Selecting previously unselected package libavcodec60:amd64.
2026-10-07T06:50:22.0383594Z Preparing to unpack .../041-libavcodec60_7%3a6.1.1-3ubuntu5_amd64.deb ...
2026-10-07T06:50:22.0399761Z Unpacking libavcodec60:amd64 (7:6.1.1-3ubuntu5) ...
2026-10-07T06:50:22.1348793Z Preparing to unpack .../042-libfreetype6_2.13.2+dfsg-1ubuntu0.2_amd64.deb ...
2026-10-07T06:50:22.1375649Z Unpacking libfreetype6:amd64 (2.13.2+dfsg-1ubuntu0.2) over (2.13.2+dfsg-1ubuntu0.1) ...
2026-10-07T06:50:22.1641136Z Selecting previously unselected package libunibreak5:amd64.
2026-10-07T06:50:22.1769932Z Preparing to unpack .../043-libunibreak5_5.1-2build1_amd64.deb ...
2026-10-07T06:50:22.1777240Z Unpacking libunibreak5:amd64 (5.1-2build1) ...
2026-10-07T06:50:22.1982249Z Selecting previously unselected package libass9:amd64.
2026-10-07T06:50:22.2106967Z Preparing to unpack .../044-libass9_1%3a0.17.1-2build1_amd64.deb ...
2026-10-07T06:50:22.2116878Z Unpacking libass9:amd64 (1:0.17.1-2build1) ...
2026-10-07T06:50:22.2318176Z Selecting previously unselected package libudfread0:amd64.
2026-10-07T06:50:22.2442389Z Preparing to unpack .../045-libudfread0_1.1.2-1build1_amd64.deb ...
2026-10-07T06:50:22.2449889Z Unpacking libudfread0:amd64 (1.1.2-1build1) ...
2026-10-07T06:50:22.2640326Z Selecting previously unselected package libbluray2:amd64.
2026-10-07T06:50:22.2766391Z Preparing to unpack .../046-libbluray2_1%3a1.3.4-1build1_amd64.deb ...
2026-10-07T06:50:22.2774841Z Unpacking libbluray2:amd64 (1:1.3.4-1build1) ...
2026-10-07T06:50:22.3004691Z Selecting previously unselected package libchromaprint1:amd64.
2026-10-07T06:50:22.3130976Z Preparing to unpack .../047-libchromaprint1_1.5.1-5_amd64.deb ...
2026-10-07T06:50:22.3139111Z Unpacking libchromaprint1:amd64 (1.5.1-5) ...
2026-10-07T06:50:22.3340014Z Selecting previously unselected package libgme0:amd64.
2026-10-07T06:50:22.3464412Z Preparing to unpack .../048-libgme0_0.6.3-7build1_amd64.deb ...
2026-10-07T06:50:22.3471743Z Unpacking libgme0:amd64 (0.6.3-7build1) ...
2026-10-07T06:50:22.3681312Z Selecting previously unselected package libmpg123-0t64:amd64.
2026-10-07T06:50:22.3806126Z Preparing to unpack .../049-libmpg123-0t64_1.32.5-1ubuntu1.1_amd64.deb ...
2026-10-07T06:50:22.3813333Z Unpacking libmpg123-0t64:amd64 (1.32.5-1ubuntu1.1) ...
2026-10-07T06:50:22.4028952Z Selecting previously unselected package libopenmpt0t64:amd64.
2026-10-07T06:50:22.4153154Z Preparing to unpack .../050-libopenmpt0t64_0.7.3-1.1build3_amd64.deb ...
2026-10-07T06:50:22.4160408Z Unpacking libopenmpt0t64:amd64 (0.7.3-1.1build3) ...
2026-10-07T06:50:22.4420577Z Selecting previously unselected package libcjson1:amd64.
2026-10-07T06:50:22.4545298Z Preparing to unpack .../051-libcjson1_1.7.17-1_amd64.deb ...
2026-10-07T06:50:22.4552602Z Unpacking libcjson1:amd64 (1.7.17-1) ...
2026-10-07T06:50:22.4752207Z Selecting previously unselected package libmbedcrypto7t64:amd64.
2026-10-07T06:50:22.4876942Z Preparing to unpack .../052-libmbedcrypto7t64_2.28.8-1_amd64.deb ...
2026-10-07T06:50:22.4883537Z Unpacking libmbedcrypto7t64:amd64 (2.28.8-1) ...
2026-10-07T06:50:22.5099432Z Selecting previously unselected package librist4:amd64.
2026-10-07T06:50:22.5222058Z Preparing to unpack .../053-librist4_0.2.10+dfsg-2_amd64.deb ...
2026-10-07T06:50:22.5228937Z Unpacking librist4:amd64 (0.2.10+dfsg-2) ...
2026-10-07T06:50:22.5424014Z Selecting previously unselected package libsrt1.5-gnutls:amd64.
2026-10-07T06:50:22.5547191Z Preparing to unpack .../054-libsrt1.5-gnutls_1.5.3-1build2_amd64.deb ...
2026-10-07T06:50:22.5554437Z Unpacking libsrt1.5-gnutls:amd64 (1.5.3-1build2) ...
2026-10-07T06:50:22.5784518Z Selecting previously unselected package libssh-gcrypt-4:amd64.
2026-10-07T06:50:22.5907578Z Preparing to unpack .../055-libssh-gcrypt-4_0.10.6-2ubuntu0.5_amd64.deb ...
2026-10-07T06:50:22.5915336Z Unpacking libssh-gcrypt-4:amd64 (0.10.6-2ubuntu0.5) ...
2026-10-07T06:50:22.6139172Z Selecting previously unselected package libavformat60:amd64.
2026-10-07T06:50:22.6263150Z Preparing to unpack .../056-libavformat60_7%3a6.1.1-3ubuntu5_amd64.deb ...
2026-10-07T06:50:22.6270933Z Unpacking libavformat60:amd64 (7:6.1.1-3ubuntu5) ...
2026-10-07T06:50:22.6581204Z Selecting previously unselected package libbs2b0:amd64.
2026-10-07T06:50:22.6710855Z Preparing to unpack .../057-libbs2b0_3.1.0+dfsg-7build1_amd64.deb ...
2026-10-07T06:50:22.6718563Z Unpacking libbs2b0:amd64 (3.1.0+dfsg-7build1) ...
2026-10-07T06:50:22.6935754Z Selecting previously unselected package libflite1:amd64.
2026-10-07T06:50:22.7060413Z Preparing to unpack .../058-libflite1_2.2-6build3_amd64.deb ...
2026-10-07T06:50:22.7067581Z Unpacking libflite1:amd64 (2.2-6build3) ...
2026-10-07T06:50:22.8135152Z Selecting previously unselected package libserd-0-0:amd64.
2026-10-07T06:50:22.8262056Z Preparing to unpack .../059-libserd-0-0_0.32.2-1_amd64.deb ...
2026-10-07T06:50:22.8271689Z Unpacking libserd-0-0:amd64 (0.32.2-1) ...
2026-10-07T06:50:22.8470377Z Selecting previously unselected package libzix-0-0:amd64.
2026-10-07T06:50:22.8594097Z Preparing to unpack .../060-libzix-0-0_0.4.2-2build1_amd64.deb ...
2026-10-07T06:50:22.8601742Z Unpacking libzix-0-0:amd64 (0.4.2-2build1) ...
2026-10-07T06:50:22.8798217Z Selecting previously unselected package libsord-0-0:amd64.
2026-10-07T06:50:22.8922521Z Preparing to unpack .../061-libsord-0-0_0.16.16-2build1_amd64.deb ...
2026-10-07T06:50:22.8929777Z Unpacking libsord-0-0:amd64 (0.16.16-2build1) ...
2026-10-07T06:50:22.9124571Z Selecting previously unselected package libsratom-0-0:amd64.
2026-10-07T06:50:22.9250423Z Preparing to unpack .../062-libsratom-0-0_0.6.16-1build1_amd64.deb ...
2026-10-07T06:50:22.9258289Z Unpacking libsratom-0-0:amd64 (0.6.16-1build1) ...
2026-10-07T06:50:22.9453650Z Selecting previously unselected package liblilv-0-0:amd64.
2026-10-07T06:50:22.9578298Z Preparing to unpack .../063-liblilv-0-0_0.24.22-1build1_amd64.deb ...
2026-10-07T06:50:22.9585089Z Unpacking liblilv-0-0:amd64 (0.24.22-1build1) ...
2026-10-07T06:50:22.9780151Z Selecting previously unselected package libmysofa1:amd64.
2026-10-07T06:50:22.9902460Z Preparing to unpack .../064-libmysofa1_1.3.2+dfsg-2ubuntu2_amd64.deb ...
2026-10-07T06:50:22.9910727Z Unpacking libmysofa1:amd64 (1.3.2+dfsg-2ubuntu2) ...
2026-10-07T06:50:23.0144229Z Selecting previously unselected package libplacebo338:amd64.
2026-10-07T06:50:23.0268601Z Preparing to unpack .../065-libplacebo338_6.338.2-2build1_amd64.deb ...
2026-10-07T06:50:23.0276262Z Unpacking libplacebo338:amd64 (6.338.2-2build1) ...
2026-10-07T06:50:23.0855731Z Selecting previously unselected package libblas3:amd64.
2026-10-07T06:50:23.0980527Z Preparing to unpack .../066-libblas3_3.12.0-3build1.1_amd64.deb ...
2026-10-07T06:50:23.1008659Z Unpacking libblas3:amd64 (3.12.0-3build1.1) ...
2026-10-07T06:50:23.1239033Z Selecting previously unselected package liblapack3:amd64.
2026-10-07T06:50:23.1363073Z Preparing to unpack .../067-liblapack3_3.12.0-3build1.1_amd64.deb ...
2026-10-07T06:50:23.1391250Z Unpacking liblapack3:amd64 (3.12.0-3build1.1) ...
2026-10-07T06:50:23.1886246Z Selecting previously unselected package libasyncns0:amd64.
2026-10-07T06:50:23.2011577Z Preparing to unpack .../068-libasyncns0_0.8-6build4_amd64.deb ...
2026-10-07T06:50:23.2019265Z Unpacking libasyncns0:amd64 (0.8-6build4) ...
2026-10-07T06:50:23.2221494Z Selecting previously unselected package libflac12t64:amd64.
2026-10-07T06:50:23.2346387Z Preparing to unpack .../069-libflac12t64_1.4.3+ds-2.1ubuntu2_amd64.deb ...
2026-10-07T06:50:23.2354610Z Unpacking libflac12t64:amd64 (1.4.3+ds-2.1ubuntu2) ...
2026-10-07T06:50:23.2571491Z Selecting previously unselected package libsndfile1:amd64.
2026-10-07T06:50:23.2696297Z Preparing to unpack .../070-libsndfile1_1.2.2-1ubuntu5.24.04.1_amd64.deb ...
2026-10-07T06:50:23.2703831Z Unpacking libsndfile1:amd64 (1.2.2-1ubuntu5.24.04.1) ...
2026-10-07T06:50:23.2984765Z Selecting previously unselected package libpulse0:amd64.
2026-10-07T06:50:23.3113203Z Preparing to unpack .../071-libpulse0_1%3a16.1+dfsg1-2ubuntu10.1_amd64.deb ...
2026-10-07T06:50:23.3179366Z Unpacking libpulse0:amd64 (1:16.1+dfsg1-2ubuntu10.1) ...
2026-10-07T06:50:23.3492237Z Selecting previously unselected package libsphinxbase3t64:amd64.
2026-10-07T06:50:23.3618929Z Preparing to unpack .../072-libsphinxbase3t64_0.8+5prealpha+1-17build2_amd64.deb ...
2026-10-07T06:50:23.3627676Z Unpacking libsphinxbase3t64:amd64 (0.8+5prealpha+1-17build2) ...
2026-10-07T06:50:23.3837374Z Selecting previously unselected package libpocketsphinx3:amd64.
2026-10-07T06:50:23.3963767Z Preparing to unpack .../073-libpocketsphinx3_0.8.0+real5prealpha+1-15ubuntu5_amd64.deb ...
2026-10-07T06:50:23.3971610Z Unpacking libpocketsphinx3:amd64 (0.8.0+real5prealpha+1-15ubuntu5) ...
2026-10-07T06:50:23.4179746Z Selecting previously unselected package libpostproc57:amd64.
2026-10-07T06:50:23.4305969Z Preparing to unpack .../074-libpostproc57_7%3a6.1.1-3ubuntu5_amd64.deb ...
2026-10-07T06:50:23.4314442Z Unpacking libpostproc57:amd64 (7:6.1.1-3ubuntu5) ...
2026-10-07T06:50:23.4519554Z Selecting previously unselected package libsamplerate0:amd64.
2026-10-07T06:50:23.4644316Z Preparing to unpack .../075-libsamplerate0_0.2.2-4build1_amd64.deb ...
2026-10-07T06:50:23.4651148Z Unpacking libsamplerate0:amd64 (0.2.2-4build1) ...
2026-10-07T06:50:23.4907471Z Selecting previously unselected package librubberband2:amd64.
2026-10-07T06:50:23.5032258Z Preparing to unpack .../076-librubberband2_3.3.0+dfsg-2build1_amd64.deb ...
2026-10-07T06:50:23.5043083Z Unpacking librubberband2:amd64 (3.3.0+dfsg-2build1) ...
2026-10-07T06:50:23.5258659Z Selecting previously unselected package libswscale7:amd64.
2026-10-07T06:50:23.5383956Z Preparing to unpack .../077-libswscale7_7%3a6.1.1-3ubuntu5_amd64.deb ...
2026-10-07T06:50:23.5392063Z Unpacking libswscale7:amd64 (7:6.1.1-3ubuntu5) ...
2026-10-07T06:50:23.5649127Z Selecting previously unselected package libvidstab1.1:amd64.
2026-10-07T06:50:23.5774028Z Preparing to unpack .../078-libvidstab1.1_1.1.0-2build1_amd64.deb ...
2026-10-07T06:50:23.5781808Z Unpacking libvidstab1.1:amd64 (1.1.0-2build1) ...
2026-10-07T06:50:23.5982304Z Selecting previously unselected package libzimg2:amd64.
2026-10-07T06:50:23.6106026Z Preparing to unpack .../079-libzimg2_3.0.5+ds1-1build1_amd64.deb ...
2026-10-07T06:50:23.6113602Z Unpacking libzimg2:amd64 (3.0.5+ds1-1build1) ...
2026-10-07T06:50:23.6336265Z Selecting previously unselected package libavfilter9:amd64.
2026-10-07T06:50:23.6460718Z Preparing to unpack .../080-libavfilter9_7%3a6.1.1-3ubuntu5_amd64.deb ...
2026-10-07T06:50:23.6468737Z Unpacking libavfilter9:amd64 (7:6.1.1-3ubuntu5) ...
2026-10-07T06:50:23.7371739Z Selecting previously unselected package liborc-0.4-0t64:amd64.
2026-10-07T06:50:23.7497014Z Preparing to unpack .../081-liborc-0.4-0t64_1%3a0.4.38-1ubuntu0.1_amd64.deb ...
2026-10-07T06:50:23.7503840Z Unpacking liborc-0.4-0t64:amd64 (1:0.4.38-1ubuntu0.1) ...
2026-10-07T06:50:23.7802136Z Selecting previously unselected package libgstreamer-plugins-base1.0-0:amd64.
2026-10-07T06:50:23.7929898Z Preparing to unpack .../082-libgstreamer-plugins-base1.0-0_1.24.2-1ubuntu0.5_amd64.deb ...
2026-10-07T06:50:23.7940594Z Unpacking libgstreamer-plugins-base1.0-0:amd64 (1.24.2-1ubuntu0.5) ...
2026-10-07T06:50:23.8253635Z Selecting previously unselected package gstreamer1.0-libav:amd64.
2026-10-07T06:50:23.8378188Z Preparing to unpack .../083-gstreamer1.0-libav_1.24.1-1build1_amd64.deb ...
2026-10-07T06:50:23.8384749Z Unpacking gstreamer1.0-libav:amd64 (1.24.1-1build1) ...
2026-10-07T06:50:23.8590406Z Selecting previously unselected package libcdparanoia0:amd64.
2026-10-07T06:50:23.8717672Z Preparing to unpack .../084-libcdparanoia0_3.10.2+debian-14build3_amd64.deb ...
2026-10-07T06:50:23.8724563Z Unpacking libcdparanoia0:amd64 (3.10.2+debian-14build3) ...
2026-10-07T06:50:23.8935194Z Selecting previously unselected package libvisual-0.4-0:amd64.
2026-10-07T06:50:23.9061226Z Preparing to unpack .../085-libvisual-0.4-0_0.4.2-2build1_amd64.deb ...
2026-10-07T06:50:23.9069384Z Unpacking libvisual-0.4-0:amd64 (0.4.2-2build1) ...
2026-10-07T06:50:23.9303188Z Selecting previously unselected package gstreamer1.0-plugins-base:amd64.
2026-10-07T06:50:23.9429551Z Preparing to unpack .../086-gstreamer1.0-plugins-base_1.24.2-1ubuntu0.5_amd64.deb ...
2026-10-07T06:50:23.9442391Z Unpacking gstreamer1.0-plugins-base:amd64 (1.24.2-1ubuntu0.5) ...
2026-10-07T06:50:23.9767135Z Selecting previously unselected package libaa1:amd64.
2026-10-07T06:50:23.9892390Z Preparing to unpack .../087-libaa1_1.4p5-51.1_amd64.deb ...
2026-10-07T06:50:23.9900838Z Unpacking libaa1:amd64 (1.4p5-51.1) ...
2026-10-07T06:50:24.0107205Z Selecting previously unselected package libraw1394-11:amd64.
2026-10-07T06:50:24.0232787Z Preparing to unpack .../088-libraw1394-11_2.1.2-2build3_amd64.deb ...
2026-10-07T06:50:24.0242427Z Unpacking libraw1394-11:amd64 (2.1.2-2build3) ...
2026-10-07T06:50:24.0452055Z Selecting previously unselected package libavc1394-0:amd64.
2026-10-07T06:50:24.0581913Z Preparing to unpack .../089-libavc1394-0_0.5.4-5build3_amd64.deb ...
2026-10-07T06:50:24.0597538Z Unpacking libavc1394-0:amd64 (0.5.4-5build3) ...
2026-10-07T06:50:24.0810480Z Selecting previously unselected package libcaca0:amd64.
2026-10-07T06:50:24.0936221Z Preparing to unpack .../090-libcaca0_0.99.beta20-4ubuntu0.2_amd64.deb ...
2026-10-07T06:50:24.0943836Z Unpacking libcaca0:amd64 (0.99.beta20-4ubuntu0.2) ...
2026-10-07T06:50:24.1191130Z Selecting previously unselected package libdv4t64:amd64.
2026-10-07T06:50:24.1315833Z Preparing to unpack .../091-libdv4t64_1.0.0-17.1build1_amd64.deb ...
2026-10-07T06:50:24.1325901Z Unpacking libdv4t64:amd64 (1.0.0-17.1build1) ...
2026-10-07T06:50:24.1537719Z Selecting previously unselected package libgstreamer-plugins-good1.0-0:amd64.
2026-10-07T06:50:24.1661564Z Preparing to unpack .../092-libgstreamer-plugins-good1.0-0_1.24.2-1ubuntu1.8_amd64.deb ...
2026-10-07T06:50:24.1669443Z Unpacking libgstreamer-plugins-good1.0-0:amd64 (1.24.2-1ubuntu1.8) ...
2026-10-07T06:50:24.1880463Z Selecting previously unselected package libiec61883-0:amd64.
2026-10-07T06:50:24.2006281Z Preparing to unpack .../093-libiec61883-0_1.2.0-6build1_amd64.deb ...
2026-10-07T06:50:24.2013428Z Unpacking libiec61883-0:amd64 (1.2.0-6build1) ...
2026-10-07T06:50:24.2218005Z Selecting previously unselected package libshout3:amd64.
2026-10-07T06:50:24.2341184Z Preparing to unpack .../094-libshout3_2.4.6-1build2_amd64.deb ...
2026-10-07T06:50:24.2351244Z Unpacking libshout3:amd64 (2.4.6-1build2) ...
2026-10-07T06:50:24.2563483Z Selecting previously unselected package libtag1v5-vanilla:amd64.
2026-10-07T06:50:24.2689619Z Preparing to unpack .../095-libtag1v5-vanilla_1.13.1-1build1_amd64.deb ...
2026-10-07T06:50:24.2697257Z Unpacking libtag1v5-vanilla:amd64 (1.13.1-1build1) ...
2026-10-07T06:50:24.2929020Z Selecting previously unselected package libtag1v5:amd64.
2026-10-07T06:50:24.3054438Z Preparing to unpack .../096-libtag1v5_1.13.1-1build1_amd64.deb ...
2026-10-07T06:50:24.3096523Z Unpacking libtag1v5:amd64 (1.13.1-1build1) ...
2026-10-07T06:50:24.3291287Z Selecting previously unselected package libv4lconvert0t64:amd64.
2026-10-07T06:50:24.3416505Z Preparing to unpack .../097-libv4lconvert0t64_1.26.1-4build3_amd64.deb ...
2026-10-07T06:50:24.3423371Z Unpacking libv4lconvert0t64:amd64 (1.26.1-4build3) ...
2026-10-07T06:50:24.3634551Z Selecting previously unselected package libv4l-0t64:amd64.
2026-10-07T06:50:24.3759137Z Preparing to unpack .../098-libv4l-0t64_1.26.1-4build3_amd64.deb ...
2026-10-07T06:50:24.3766434Z Unpacking libv4l-0t64:amd64 (1.26.1-4build3) ...
2026-10-07T06:50:24.3992039Z Selecting previously unselected package libwavpack1:amd64.
2026-10-07T06:50:24.4114760Z Preparing to unpack .../099-libwavpack1_5.6.0-1build1_amd64.deb ...
2026-10-07T06:50:24.4121260Z Unpacking libwavpack1:amd64 (5.6.0-1build1) ...
2026-10-07T06:50:24.4313026Z Selecting previously unselected package libsoup-3.0-common.
2026-10-07T06:50:24.4436807Z Preparing to unpack .../100-libsoup-3.0-common_3.4.4-5ubuntu0.9_all.deb ...
2026-10-07T06:50:24.4443655Z Unpacking libsoup-3.0-common (3.4.4-5ubuntu0.9) ...
2026-10-07T06:50:24.4649464Z Selecting previously unselected package libsoup-3.0-0:amd64.
2026-10-07T06:50:24.4774320Z Preparing to unpack .../101-libsoup-3.0-0_3.4.4-5ubuntu0.9_amd64.deb ...
2026-10-07T06:50:24.4781416Z Unpacking libsoup-3.0-0:amd64 (3.4.4-5ubuntu0.9) ...
2026-10-07T06:50:24.5001649Z Selecting previously unselected package gstreamer1.0-plugins-good:amd64.
2026-10-07T06:50:24.5127660Z Preparing to unpack .../102-gstreamer1.0-plugins-good_1.24.2-1ubuntu1.8_amd64.deb ...
2026-10-07T06:50:24.5134571Z Unpacking gstreamer1.0-plugins-good:amd64 (1.24.2-1ubuntu1.8) ...
2026-10-07T06:50:24.5708558Z Selecting previously unselected package libabsl20220623t64:amd64.
2026-10-07T06:50:24.5836669Z Preparing to unpack .../103-libabsl20220623t64_20220623.1-3.1ubuntu3.2_amd64.deb ...
2026-10-07T06:50:24.5844833Z Unpacking libabsl20220623t64:amd64 (20220623.1-3.1ubuntu3.2) ...
2026-10-07T06:50:24.6270975Z Selecting previously unselected package libgav1-1:amd64.
2026-10-07T06:50:24.6397817Z Preparing to unpack .../104-libgav1-1_0.18.0-1build3_amd64.deb ...
2026-10-07T06:50:24.6405340Z Unpacking libgav1-1:amd64 (0.18.0-1build3) ...
2026-10-07T06:50:24.6636280Z Selecting previously unselected package libyuv0:amd64.
2026-10-07T06:50:24.6761958Z Preparing to unpack .../105-libyuv0_0.0~git202401110.af6ac82-1_amd64.deb ...
2026-10-07T06:50:24.6769276Z Unpacking libyuv0:amd64 (0.0~git202401110.af6ac82-1) ...
2026-10-07T06:50:24.7139925Z Selecting previously unselected package libavif16:amd64.
2026-10-07T06:50:24.7266439Z Preparing to unpack .../106-libavif16_1.0.4-1ubuntu3_amd64.deb ...
2026-10-07T06:50:24.7273894Z Unpacking libavif16:amd64 (1.0.4-1ubuntu3) ...
2026-10-07T06:50:24.7478357Z Selecting previously unselected package libavtp0:amd64.
2026-10-07T06:50:24.7602848Z Preparing to unpack .../107-libavtp0_0.2.0-1build1_amd64.deb ...
2026-10-07T06:50:24.7610421Z Unpacking libavtp0:amd64 (0.2.0-1build1) ...
2026-10-07T06:50:24.7811425Z Selecting previously unselected package libcairo-script-interpreter2:amd64.
2026-10-07T06:50:24.7937262Z Preparing to unpack .../108-libcairo-script-interpreter2_1.18.0-3build1_amd64.deb ...
2026-10-07T06:50:24.7944568Z Unpacking libcairo-script-interpreter2:amd64 (1.18.0-3build1) ...
2026-10-07T06:50:24.8161265Z Selecting previously unselected package libdc1394-25:amd64.
2026-10-07T06:50:24.8287927Z Preparing to unpack .../109-libdc1394-25_2.2.6-4build1_amd64.deb ...
2026-10-07T06:50:24.8295802Z Unpacking libdc1394-25:amd64 (2.2.6-4build1) ...
2026-10-07T06:50:24.8512421Z Selecting previously unselected package libde265-0:amd64.
2026-10-07T06:50:24.8639304Z Preparing to unpack .../110-libde265-0_1.0.15-1ubuntu0.1_amd64.deb ...
2026-10-07T06:50:24.8645949Z Unpacking libde265-0:amd64 (1.0.15-1ubuntu0.1) ...
2026-10-07T06:50:24.8865773Z Selecting previously unselected package libdecor-0-0:amd64.
2026-10-07T06:50:24.8991387Z Preparing to unpack .../111-libdecor-0-0_0.2.2-1build2_amd64.deb ...
2026-10-07T06:50:24.8998619Z Unpacking libdecor-0-0:amd64 (0.2.2-1build2) ...
2026-10-07T06:50:24.9205201Z Selecting previously unselected package libgles2:amd64.
2026-10-07T06:50:24.9330594Z Preparing to unpack .../112-libgles2_1.7.0-1build1_amd64.deb ...
2026-10-07T06:50:24.9337871Z Unpacking libgles2:amd64 (1.7.0-1build1) ...
2026-10-07T06:50:24.9556594Z Selecting previously unselected package libdirectfb-1.7-7t64:amd64.
2026-10-07T06:50:24.9681226Z Preparing to unpack .../113-libdirectfb-1.7-7t64_1.7.7-11.1ubuntu2_amd64.deb ...
2026-10-07T06:50:24.9688636Z Unpacking libdirectfb-1.7-7t64:amd64 (1.7.7-11.1ubuntu2) ...
2026-10-07T06:50:25.0080142Z Selecting previously unselected package libdvdread8t64:amd64.
2026-10-07T06:50:25.0205273Z Preparing to unpack .../114-libdvdread8t64_6.1.3-1.1build1_amd64.deb ...
2026-10-07T06:50:25.0215600Z Unpacking libdvdread8t64:amd64 (6.1.3-1.1build1) ...
2026-10-07T06:50:25.0425305Z Selecting previously unselected package libdvdnav4:amd64.
2026-10-07T06:50:25.0549736Z Preparing to unpack .../115-libdvdnav4_6.1.1-3build1_amd64.deb ...
2026-10-07T06:50:25.0557049Z Unpacking libdvdnav4:amd64 (6.1.1-3build1) ...
2026-10-07T06:50:25.0947369Z Preparing to unpack .../116-libgl1-mesa-dri_25.2.8-0ubuntu0.24.04.4_amd64.deb ...
2026-10-07T06:50:25.1089763Z Unpacking libgl1-mesa-dri:amd64 (25.2.8-0ubuntu0.24.04.4) over (25.2.8-0ubuntu0.24.04.2) ...
2026-10-07T06:50:25.1704536Z Preparing to unpack .../117-libglx-mesa0_25.2.8-0ubuntu0.24.04.4_amd64.deb ...
2026-10-07T06:50:25.1727975Z Unpacking libglx-mesa0:amd64 (25.2.8-0ubuntu0.24.04.4) over (25.2.8-0ubuntu0.24.04.2) ...
2026-10-07T06:50:25.2305912Z Preparing to unpack .../118-libgbm1_25.2.8-0ubuntu0.24.04.4_amd64.deb ...
2026-10-07T06:50:25.2376251Z Unpacking libgbm1:amd64 (25.2.8-0ubuntu0.24.04.4) over (25.2.8-0ubuntu0.24.04.2) ...
2026-10-07T06:50:25.2753631Z Preparing to unpack .../119-mesa-libgallium_25.2.8-0ubuntu0.24.04.4_amd64.deb ...
2026-10-07T06:50:25.2777505Z Unpacking mesa-libgallium:amd64 (25.2.8-0ubuntu0.24.04.4) over (25.2.8-0ubuntu0.24.04.2) ...
2026-10-07T06:50:25.4666643Z Selecting previously unselected package libegl-mesa0:amd64.
2026-10-07T06:50:25.4803207Z Preparing to unpack .../120-libegl-mesa0_25.2.8-0ubuntu0.24.04.4_amd64.deb ...
2026-10-07T06:50:25.4819373Z Unpacking libegl-mesa0:amd64 (25.2.8-0ubuntu0.24.04.4) ...
2026-10-07T06:50:25.5109064Z Selecting previously unselected package libevent-2.1-7t64:amd64.
2026-10-07T06:50:25.5247649Z Preparing to unpack .../121-libevent-2.1-7t64_2.1.12-stable-9ubuntu2.2_amd64.deb ...
2026-10-07T06:50:25.5274856Z Unpacking libevent-2.1-7t64:amd64 (2.1.12-stable-9ubuntu2.2) ...
2026-10-07T06:50:25.5766306Z Preparing to unpack .../122-libevent-pthreads-2.1-7t64_2.1.12-stable-9ubuntu2.2_amd64.deb ...
2026-10-07T06:50:25.5874190Z Unpacking libevent-pthreads-2.1-7t64:amd64 (2.1.12-stable-9ubuntu2.2) over (2.1.12-stable-9ubuntu2.1) ...
2026-10-07T06:50:25.6348034Z Preparing to unpack .../123-libevent-core-2.1-7t64_2.1.12-stable-9ubuntu2.2_amd64.deb ...
2026-10-07T06:50:25.6425466Z Unpacking libevent-core-2.1-7t64:amd64 (2.1.12-stable-9ubuntu2.2) over (2.1.12-stable-9ubuntu2.1) ...
2026-10-07T06:50:25.7064694Z Selecting previously unselected package libfaad2:amd64.
2026-10-07T06:50:25.7194246Z Preparing to unpack .../124-libfaad2_2.11.1-1build1_amd64.deb ...
2026-10-07T06:50:25.7434215Z Unpacking libfaad2:amd64 (2.11.1-1build1) ...
2026-10-07T06:50:25.7667777Z Selecting previously unselected package libinstpatch-1.0-2:amd64.
2026-10-07T06:50:25.7792011Z Preparing to unpack .../125-libinstpatch-1.0-2_1.1.6-1build2_amd64.deb ...
2026-10-07T06:50:25.7799599Z Unpacking libinstpatch-1.0-2:amd64 (1.1.6-1build2) ...
2026-10-07T06:50:25.8029495Z Selecting previously unselected package libjack-jackd2-0:amd64.
2026-10-07T06:50:25.8161381Z Preparing to unpack .../126-libjack-jackd2-0_1.9.21~dfsg-3ubuntu3_amd64.deb ...
2026-10-07T06:50:25.8167804Z Unpacking libjack-jackd2-0:amd64 (1.9.21~dfsg-3ubuntu3) ...
2026-10-07T06:50:25.8410320Z Selecting previously unselected package libwebrtc-audio-processing1:amd64.
2026-10-07T06:50:25.8537399Z Preparing to unpack .../127-libwebrtc-audio-processing1_0.3.1-0ubuntu6_amd64.deb ...
2026-10-07T06:50:25.8546061Z Unpacking libwebrtc-audio-processing1:amd64 (0.3.1-0ubuntu6) ...
2026-10-07T06:50:25.8780209Z Selecting previously unselected package libspa-0.2-modules:amd64.
2026-10-07T06:50:25.8908371Z Preparing to unpack .../128-libspa-0.2-modules_1.0.5-1ubuntu3.3_amd64.deb ...
2026-10-07T06:50:25.8916380Z Unpacking libspa-0.2-modules:amd64 (1.0.5-1ubuntu3.3) ...
2026-10-07T06:50:25.9226453Z Selecting previously unselected package libpipewire-0.3-0t64:amd64.
2026-10-07T06:50:25.9352248Z Preparing to unpack .../129-libpipewire-0.3-0t64_1.0.5-1ubuntu3.3_amd64.deb ...
2026-10-07T06:50:25.9361697Z Unpacking libpipewire-0.3-0t64:amd64 (1.0.5-1ubuntu3.3) ...
2026-10-07T06:50:25.9614902Z Selecting previously unselected package libsdl2-2.0-0:amd64.
2026-10-07T06:50:25.9740609Z Preparing to unpack .../130-libsdl2-2.0-0_2.30.0+dfsg-1ubuntu3.1_amd64.deb ...
2026-10-07T06:50:25.9749294Z Unpacking libsdl2-2.0-0:amd64 (2.30.0+dfsg-1ubuntu3.1) ...
2026-10-07T06:50:26.0026677Z Selecting previously unselected package timgm6mb-soundfont.
2026-10-07T06:50:26.0151856Z Preparing to unpack .../131-timgm6mb-soundfont_1.3-5_all.deb ...
2026-10-07T06:50:26.0159083Z Unpacking timgm6mb-soundfont (1.3-5) ...
2026-10-07T06:50:26.3553596Z Selecting previously unselected package libfluidsynth3:amd64.
2026-10-07T06:50:26.3681260Z Preparing to unpack .../132-libfluidsynth3_2.3.4-1build3_amd64.deb ...
2026-10-07T06:50:26.3692101Z Unpacking libfluidsynth3:amd64 (2.3.4-1build3) ...
2026-10-07T06:50:26.3931967Z Selecting previously unselected package libfreeaptx0:amd64.
2026-10-07T06:50:26.4059314Z Preparing to unpack .../133-libfreeaptx0_0.1.1-2build1_amd64.deb ...
2026-10-07T06:50:26.4068034Z Unpacking libfreeaptx0:amd64 (0.1.1-2build1) ...
2026-10-07T06:50:26.4275279Z Selecting previously unselected package libgraphene-1.0-0:amd64.
2026-10-07T06:50:26.4400373Z Preparing to unpack .../134-libgraphene-1.0-0_1.10.8-3build2_amd64.deb ...
2026-10-07T06:50:26.4411241Z Unpacking libgraphene-1.0-0:amd64 (1.10.8-3build2) ...
2026-10-07T06:50:26.4627880Z Selecting previously unselected package libgssdp-1.6-0:amd64.
2026-10-07T06:50:26.4760348Z Preparing to unpack .../135-libgssdp-1.6-0_1.6.3-1build3_amd64.deb ...
2026-10-07T06:50:26.4773807Z Unpacking libgssdp-1.6-0:amd64 (1.6.3-1build3) ...
2026-10-07T06:50:26.5019674Z Selecting previously unselected package libegl1:amd64.
2026-10-07T06:50:26.5144784Z Preparing to unpack .../136-libegl1_1.7.0-1build1_amd64.deb ...
2026-10-07T06:50:26.5154447Z Unpacking libegl1:amd64 (1.7.0-1build1) ...
2026-10-07T06:50:26.5361716Z Selecting previously unselected package libgstreamer-gl1.0-0:amd64.
2026-10-07T06:50:26.5486200Z Preparing to unpack .../137-libgstreamer-gl1.0-0_1.24.2-1ubuntu0.5_amd64.deb ...
2026-10-07T06:50:26.5494720Z Unpacking libgstreamer-gl1.0-0:amd64 (1.24.2-1ubuntu0.5) ...
2026-10-07T06:50:26.5709078Z Selecting previously unselected package libgtk-4-common.
2026-10-07T06:50:26.5837115Z Preparing to unpack .../138-libgtk-4-common_4.14.5+ds-0ubuntu0.10_all.deb ...
2026-10-07T06:50:26.5849862Z Unpacking libgtk-4-common (4.14.5+ds-0ubuntu0.10) ...
2026-10-07T06:50:26.6316062Z Selecting previously unselected package libgtk-4-1:amd64.
2026-10-07T06:50:26.6442563Z Preparing to unpack .../139-libgtk-4-1_4.14.5+ds-0ubuntu0.10_amd64.deb ...
2026-10-07T06:50:26.6450857Z Unpacking libgtk-4-1:amd64 (4.14.5+ds-0ubuntu0.10) ...
2026-10-07T06:50:26.7116328Z Selecting previously unselected package libgupnp-1.6-0:amd64.
2026-10-07T06:50:26.7242969Z Preparing to unpack .../140-libgupnp-1.6-0_1.6.6-1build3_amd64.deb ...
2026-10-07T06:50:26.7250671Z Unpacking libgupnp-1.6-0:amd64 (1.6.6-1build3) ...
2026-10-07T06:50:26.7472370Z Selecting previously unselected package libgupnp-igd-1.6-0:amd64.
2026-10-07T06:50:26.7598320Z Preparing to unpack .../141-libgupnp-igd-1.6-0_1.6.0-3build3_amd64.deb ...
2026-10-07T06:50:26.7605788Z Unpacking libgupnp-igd-1.6-0:amd64 (1.6.0-3build3) ...
2026-10-07T06:50:26.7808561Z Selecting previously unselected package libharfbuzz-icu0:amd64.
2026-10-07T06:50:26.7934413Z Preparing to unpack .../142-libharfbuzz-icu0_8.3.0-2build2_amd64.deb ...
2026-10-07T06:50:26.7941993Z Unpacking libharfbuzz-icu0:amd64 (8.3.0-2build2) ...
2026-10-07T06:50:26.8153518Z Selecting previously unselected package libhyphen0:amd64.
2026-10-07T06:50:26.8282541Z Preparing to unpack .../143-libhyphen0_2.8.8-7build3_amd64.deb ...
2026-10-07T06:50:26.8366902Z Unpacking libhyphen0:amd64 (2.8.8-7build3) ...
2026-10-07T06:50:26.8588503Z Selecting previously unselected package libimath-3-1-29t64:amd64.
2026-10-07T06:50:26.8716073Z Preparing to unpack .../144-libimath-3-1-29t64_3.1.9-3.1ubuntu2_amd64.deb ...
2026-10-07T06:50:26.8725936Z Unpacking libimath-3-1-29t64:amd64 (3.1.9-3.1ubuntu2) ...
2026-10-07T06:50:26.8943992Z Selecting previously unselected package liblc3-1:amd64.
2026-10-07T06:50:26.9069532Z Preparing to unpack .../145-liblc3-1_1.0.4-3build1_amd64.deb ...
2026-10-07T06:50:26.9076671Z Unpacking liblc3-1:amd64 (1.0.4-3build1) ...
2026-10-07T06:50:26.9280964Z Selecting previously unselected package libldacbt-enc2:amd64.
2026-10-07T06:50:26.9406100Z Preparing to unpack .../146-libldacbt-enc2_2.0.2.3+git20200429+ed310a0-4ubuntu2_amd64.deb ...
2026-10-07T06:50:26.9413793Z Unpacking libldacbt-enc2:amd64 (2.0.2.3+git20200429+ed310a0-4ubuntu2) ...
2026-10-07T06:50:26.9611751Z Selecting previously unselected package libraptor2-0:amd64.
2026-10-07T06:50:26.9736570Z Preparing to unpack .../147-libraptor2-0_2.0.16-3ubuntu0.1_amd64.deb ...
2026-10-07T06:50:26.9746412Z Unpacking libraptor2-0:amd64 (2.0.16-3ubuntu0.1) ...
2026-10-07T06:50:26.9964609Z Selecting previously unselected package liblrdf0:amd64.
2026-10-07T06:50:27.0090264Z Preparing to unpack .../148-liblrdf0_0.6.1-4build1_amd64.deb ...
2026-10-07T06:50:27.0097802Z Unpacking liblrdf0:amd64 (0.6.1-4build1) ...
2026-10-07T06:50:27.0305203Z Selecting previously unselected package libltc11:amd64.
2026-10-07T06:50:27.0430573Z Preparing to unpack .../149-libltc11_1.3.2-1build1_amd64.deb ...
2026-10-07T06:50:27.0441079Z Unpacking libltc11:amd64 (1.3.2-1build1) ...
2026-10-07T06:50:27.0653052Z Selecting previously unselected package libmanette-0.2-0:amd64.
2026-10-07T06:50:27.0778314Z Preparing to unpack .../150-libmanette-0.2-0_0.2.7-1build2_amd64.deb ...
2026-10-07T06:50:27.0863167Z Unpacking libmanette-0.2-0:amd64 (0.2.7-1build2) ...
2026-10-07T06:50:27.1077256Z Selecting previously unselected package libmfx1:amd64.
2026-10-07T06:50:27.1202097Z Preparing to unpack .../151-libmfx1_22.5.4-1_amd64.deb ...
2026-10-07T06:50:27.1210581Z Unpacking libmfx1:amd64 (22.5.4-1) ...
2026-10-07T06:50:27.2095382Z Selecting previously unselected package libmjpegutils-2.1-0t64:amd64.
2026-10-07T06:50:27.2222373Z Preparing to unpack .../152-libmjpegutils-2.1-0t64_1%3a2.1.0+debian-8.1build1_amd64.deb ...
2026-10-07T06:50:27.2229469Z Unpacking libmjpegutils-2.1-0t64:amd64 (1:2.1.0+debian-8.1build1) ...
2026-10-07T06:50:27.2429922Z Selecting previously unselected package libmodplug1:amd64.
2026-10-07T06:50:27.2555813Z Preparing to unpack .../153-libmodplug1_1%3a0.8.9.0-3build1_amd64.deb ...
2026-10-07T06:50:27.2563369Z Unpacking libmodplug1:amd64 (1:0.8.9.0-3build1) ...
2026-10-07T06:50:27.2775417Z Selecting previously unselected package libmpcdec6:amd64.
2026-10-07T06:50:27.2900919Z Preparing to unpack .../154-libmpcdec6_2%3a0.1~r495-2build1_amd64.deb ...
2026-10-07T06:50:27.2908878Z Unpacking libmpcdec6:amd64 (2:0.1~r495-2build1) ...
2026-10-07T06:50:27.3108438Z Selecting previously unselected package libmpeg2encpp-2.1-0t64:amd64.
2026-10-07T06:50:27.3234671Z Preparing to unpack .../155-libmpeg2encpp-2.1-0t64_1%3a2.1.0+debian-8.1build1_amd64.deb ...
2026-10-07T06:50:27.3242332Z Unpacking libmpeg2encpp-2.1-0t64:amd64 (1:2.1.0+debian-8.1build1) ...
2026-10-07T06:50:27.3461528Z Selecting previously unselected package libmplex2-2.1-0t64:amd64.
2026-10-07T06:50:27.3587891Z Preparing to unpack .../156-libmplex2-2.1-0t64_1%3a2.1.0+debian-8.1build1_amd64.deb ...
2026-10-07T06:50:27.3594869Z Unpacking libmplex2-2.1-0t64:amd64 (1:2.1.0+debian-8.1build1) ...
2026-10-07T06:50:27.3801451Z Selecting previously unselected package libneon27t64:amd64.
2026-10-07T06:50:27.3926550Z Preparing to unpack .../157-libneon27t64_0.33.0-1.1build3_amd64.deb ...
2026-10-07T06:50:27.3933719Z Unpacking libneon27t64:amd64 (0.33.0-1.1build3) ...
2026-10-07T06:50:27.4387605Z Selecting previously unselected package libnice10:amd64.
2026-10-07T06:50:27.4513382Z Preparing to unpack .../158-libnice10_0.1.21-2build3_amd64.deb ...
2026-10-07T06:50:27.4520725Z Unpacking libnice10:amd64 (0.1.21-2build3) ...
2026-10-07T06:50:27.4738294Z Selecting previously unselected package libopenal-data.
2026-10-07T06:50:27.4863522Z Preparing to unpack .../159-libopenal-data_1%3a1.23.1-4build1_all.deb ...
2026-10-07T06:50:27.4871251Z Unpacking libopenal-data (1:1.23.1-4build1) ...
2026-10-07T06:50:27.5088524Z Selecting previously unselected package libopenexr-3-1-30:amd64.
2026-10-07T06:50:27.5212408Z Preparing to unpack .../160-libopenexr-3-1-30_3.1.5-5.1build3_amd64.deb ...
2026-10-07T06:50:27.5221427Z Unpacking libopenexr-3-1-30:amd64 (3.1.5-5.1build3) ...
2026-10-07T06:50:27.5569474Z Selecting previously unselected package libopenh264-7:amd64.
2026-10-07T06:50:27.5694872Z Preparing to unpack .../161-libopenh264-7_2.4.1+dfsg-1_amd64.deb ...
2026-10-07T06:50:27.5701474Z Unpacking libopenh264-7:amd64 (2.4.1+dfsg-1) ...
2026-10-07T06:50:27.5967862Z Selecting previously unselected package libopenni2-0:amd64.
2026-10-07T06:50:27.6095349Z Preparing to unpack .../162-libopenni2-0_2.2.0.33+dfsg-18_amd64.deb ...
2026-10-07T06:50:27.6127697Z Unpacking libopenni2-0:amd64 (2.2.0.33+dfsg-18) ...
2026-10-07T06:50:27.6389204Z Selecting previously unselected package libqrencode4:amd64.
2026-10-07T06:50:27.6517691Z Preparing to unpack .../163-libqrencode4_4.1.1-1build2_amd64.deb ...
2026-10-07T06:50:27.6525950Z Unpacking libqrencode4:amd64 (4.1.1-1build2) ...
2026-10-07T06:50:27.6732615Z Selecting previously unselected package libsecret-common.
2026-10-07T06:50:27.6864431Z Preparing to unpack .../164-libsecret-common_0.21.4-1build3_all.deb ...
2026-10-07T06:50:27.6873845Z Unpacking libsecret-common (0.21.4-1build3) ...
2026-10-07T06:50:27.7087260Z Selecting previously unselected package libsecret-1-0:amd64.
2026-10-07T06:50:27.7220770Z Preparing to unpack .../165-libsecret-1-0_0.21.4-1build3_amd64.deb ...
2026-10-07T06:50:27.7229005Z Unpacking libsecret-1-0:amd64 (0.21.4-1build3) ...
2026-10-07T06:50:27.7462115Z Selecting previously unselected package libsndio7.0:amd64.
2026-10-07T06:50:27.7589695Z Preparing to unpack .../166-libsndio7.0_1.9.0-0.3build3_amd64.deb ...
2026-10-07T06:50:27.7598002Z Unpacking libsndio7.0:amd64 (1.9.0-0.3build3) ...
2026-10-07T06:50:27.7805132Z Selecting previously unselected package libsoundtouch1:amd64.
2026-10-07T06:50:27.7931285Z Preparing to unpack .../167-libsoundtouch1_2.3.2+ds1-1build1_amd64.deb ...
2026-10-07T06:50:27.7938926Z Unpacking libsoundtouch1:amd64 (2.3.2+ds1-1build1) ...
2026-10-07T06:50:27.8148013Z Selecting previously unselected package libspandsp2t64:amd64.
2026-10-07T06:50:27.8275435Z Preparing to unpack .../168-libspandsp2t64_0.0.6+dfsg-2.1build1_amd64.deb ...
2026-10-07T06:50:27.8283067Z Unpacking libspandsp2t64:amd64 (0.0.6+dfsg-2.1build1) ...
2026-10-07T06:50:27.8549851Z Selecting previously unselected package libsrtp2-1:amd64.
2026-10-07T06:50:27.8675122Z Preparing to unpack .../169-libsrtp2-1_2.5.0-3build1_amd64.deb ...
2026-10-07T06:50:27.8682685Z Unpacking libsrtp2-1:amd64 (2.5.0-3build1) ...
2026-10-07T06:50:27.8882699Z Selecting previously unselected package libwayland-server0:amd64.
2026-10-07T06:50:27.9007440Z Preparing to unpack .../170-libwayland-server0_1.22.0-2.1build1_amd64.deb ...
2026-10-07T06:50:27.9015680Z Unpacking libwayland-server0:amd64 (1.22.0-2.1build1) ...
2026-10-07T06:50:27.9232722Z Selecting previously unselected package libwildmidi2:amd64.
2026-10-07T06:50:27.9357234Z Preparing to unpack .../171-libwildmidi2_0.4.3-1build3_amd64.deb ...
2026-10-07T06:50:27.9364495Z Unpacking libwildmidi2:amd64 (0.4.3-1build3) ...
2026-10-07T06:50:27.9564118Z Selecting previously unselected package libwoff1:amd64.
2026-10-07T06:50:27.9689728Z Preparing to unpack .../172-libwoff1_1.0.2-2build1_amd64.deb ...
2026-10-07T06:50:27.9698170Z Unpacking libwoff1:amd64 (1.0.2-2build1) ...
2026-10-07T06:50:27.9907636Z Selecting previously unselected package libxcb-xkb1:amd64.
2026-10-07T06:50:28.0032045Z Preparing to unpack .../173-libxcb-xkb1_1.15-1ubuntu2_amd64.deb ...
2026-10-07T06:50:28.0040381Z Unpacking libxcb-xkb1:amd64 (1.15-1ubuntu2) ...
2026-10-07T06:50:28.0238712Z Selecting previously unselected package libxkbcommon-x11-0:amd64.
2026-10-07T06:50:28.0363433Z Preparing to unpack .../174-libxkbcommon-x11-0_1.6.0-1build1_amd64.deb ...
2026-10-07T06:50:28.0370700Z Unpacking libxkbcommon-x11-0:amd64 (1.6.0-1build1) ...
2026-10-07T06:50:28.0571688Z Selecting previously unselected package libzbar0t64:amd64.
2026-10-07T06:50:28.0701314Z Preparing to unpack .../175-libzbar0t64_0.23.93-4build3_amd64.deb ...
2026-10-07T06:50:28.0709511Z Unpacking libzbar0t64:amd64 (0.23.93-4build3) ...
2026-10-07T06:50:28.0940971Z Selecting previously unselected package libzxing3:amd64.
2026-10-07T06:50:28.1074048Z Preparing to unpack .../176-libzxing3_2.2.1-3_amd64.deb ...
2026-10-07T06:50:28.1083664Z Unpacking libzxing3:amd64 (2.2.1-3) ...
2026-10-07T06:50:28.1340594Z Selecting previously unselected package xfonts-encodings.
2026-10-07T06:50:28.1467694Z Preparing to unpack .../177-xfonts-encodings_1%3a1.0.5-0ubuntu2_all.deb ...
2026-10-07T06:50:28.1474599Z Unpacking xfonts-encodings (1:1.0.5-0ubuntu2) ...
2026-10-07T06:50:28.1754576Z Selecting previously unselected package xfonts-utils.
2026-10-07T06:50:28.1879931Z Preparing to unpack .../178-xfonts-utils_1%3a7.7+6build3_amd64.deb ...
2026-10-07T06:50:28.1888017Z Unpacking xfonts-utils (1:7.7+6build3) ...
2026-10-07T06:50:28.2428142Z Selecting previously unselected package xfonts-cyrillic.
2026-10-07T06:50:28.2556164Z Preparing to unpack .../179-xfonts-cyrillic_1%3a1.0.5+nmu1_all.deb ...
2026-10-07T06:50:28.2562988Z Unpacking xfonts-cyrillic (1:1.0.5+nmu1) ...
2026-10-07T06:50:28.2902310Z Selecting previously unselected package xfonts-scalable.
2026-10-07T06:50:28.3027508Z Preparing to unpack .../180-xfonts-scalable_1%3a1.0.3-1.3_all.deb ...
2026-10-07T06:50:28.3034756Z Unpacking xfonts-scalable (1:1.0.3-1.3) ...
2026-10-07T06:50:28.3268204Z Selecting previously unselected package libgstreamer-plugins-bad1.0-0:amd64.
2026-10-07T06:50:28.3392824Z Preparing to unpack .../181-libgstreamer-plugins-bad1.0-0_1.24.2-1ubuntu4_amd64.deb ...
2026-10-07T06:50:28.3399602Z Unpacking libgstreamer-plugins-bad1.0-0:amd64 (1.24.2-1ubuntu4) ...
2026-10-07T06:50:28.3760155Z Selecting previously unselected package libdca0:amd64.
2026-10-07T06:50:28.3886415Z Preparing to unpack .../182-libdca0_0.0.7-2build1_amd64.deb ...
2026-10-07T06:50:28.3893056Z Unpacking libdca0:amd64 (0.0.7-2build1) ...
2026-10-07T06:50:28.4101343Z Selecting previously unselected package libopenal1:amd64.
2026-10-07T06:50:28.4237481Z Preparing to unpack .../183-libopenal1_1%3a1.23.1-4build1_amd64.deb ...
2026-10-07T06:50:28.4245208Z Unpacking libopenal1:amd64 (1:1.23.1-4build1) ...
2026-10-07T06:50:28.4504428Z Selecting previously unselected package libsbc1:amd64.
2026-10-07T06:50:28.4632096Z Preparing to unpack .../184-libsbc1_2.0-1build1_amd64.deb ...
2026-10-07T06:50:28.4639710Z Unpacking libsbc1:amd64 (2.0-1build1) ...
2026-10-07T06:50:28.4851138Z Selecting previously unselected package libvo-aacenc0:amd64.
2026-10-07T06:50:28.4976613Z Preparing to unpack .../185-libvo-aacenc0_0.1.3-2build1_amd64.deb ...
2026-10-07T06:50:28.4984192Z Unpacking libvo-aacenc0:amd64 (0.1.3-2build1) ...
2026-10-07T06:50:28.5187437Z Selecting previously unselected package libvo-amrwbenc0:amd64.
2026-10-07T06:50:28.5314047Z Preparing to unpack .../186-libvo-amrwbenc0_0.1.3-2build1_amd64.deb ...
2026-10-07T06:50:28.5323616Z Unpacking libvo-amrwbenc0:amd64 (0.1.3-2build1) ...
2026-10-07T06:50:28.5527587Z Selecting previously unselected package gstreamer1.0-plugins-bad:amd64.
2026-10-07T06:50:28.5652191Z Preparing to unpack .../187-gstreamer1.0-plugins-bad_1.24.2-1ubuntu4_amd64.deb ...
2026-10-07T06:50:28.5660552Z Unpacking gstreamer1.0-plugins-bad:amd64 (1.24.2-1ubuntu4) ...
2026-10-07T06:50:28.7616984Z Setting up libgme0:amd64 (0.6.3-7build1) ...
2026-10-07T06:50:28.7638347Z Setting up libchromaprint1:amd64 (1.5.1-5) ...
2026-10-07T06:50:28.7657033Z Setting up libssh-gcrypt-4:amd64 (0.10.6-2ubuntu0.5) ...
2026-10-07T06:50:28.7676456Z Setting up libhwy1t64:amd64 (1.0.7-8.1build1) ...
2026-10-07T06:50:28.7698330Z Setting up libfreeaptx0:amd64 (0.1.1-2build1) ...
2026-10-07T06:50:28.7716231Z Setting up libdvdread8t64:amd64 (6.1.3-1.1build1) ...
2026-10-07T06:50:28.7734249Z Setting up libudfread0:amd64 (1.1.2-1build1) ...
2026-10-07T06:50:28.7752972Z Setting up libmodplug1:amd64 (1:0.8.9.0-3build1) ...
2026-10-07T06:50:28.7772019Z Setting up libcdparanoia0:amd64 (3.10.2+debian-14build3) ...
2026-10-07T06:50:28.7790090Z Setting up libwayland-server0:amd64 (1.22.0-2.1build1) ...
2026-10-07T06:50:28.7810298Z Setting up libvo-amrwbenc0:amd64 (0.1.3-2build1) ...
2026-10-07T06:50:28.7828381Z Setting up mesa-libgallium:amd64 (25.2.8-0ubuntu0.24.04.4) ...
2026-10-07T06:50:28.7848917Z Setting up session-migration (0.3.9build1) ...
2026-10-07T06:50:28.9156469Z Created symlink /etc/systemd/user/graphical-session-pre.target.wants/session-migration.service → /usr/lib/systemd/user/session-migration.service.
2026-10-07T06:50:28.9157442Z 
2026-10-07T06:50:28.9184491Z Setting up libraw1394-11:amd64 (2.1.2-2build3) ...
2026-10-07T06:50:28.9201738Z Setting up libsbc1:amd64 (2.0-1build1) ...
2026-10-07T06:50:28.9219132Z Setting up libproxy1v5:amd64 (0.5.4-4build1) ...
2026-10-07T06:50:28.9236892Z Setting up libneon27t64:amd64 (0.33.0-1.1build3) ...
2026-10-07T06:50:28.9253721Z Setting up libtag1v5-vanilla:amd64 (1.13.1-1build1) ...
2026-10-07T06:50:28.9272893Z Setting up libharfbuzz-icu0:amd64 (8.3.0-2build2) ...
2026-10-07T06:50:28.9289938Z Setting up libopenni2-0:amd64 (2.2.0.33+dfsg-18) ...
2026-10-07T06:50:28.9529533Z Setting up libspeex1:amd64 (1.2.1-2ubuntu2.24.04.1) ...
2026-10-07T06:50:28.9548854Z Setting up libshine3:amd64 (3.1.1-2build1) ...
2026-10-07T06:50:28.9567461Z Setting up libcaca0:amd64 (0.99.beta20-4ubuntu0.2) ...
2026-10-07T06:50:28.9586934Z Setting up libvpl2 (2023.3.0-1build1) ...
2026-10-07T06:50:28.9606771Z Setting up libv4lconvert0t64:amd64 (1.26.1-4build3) ...
2026-10-07T06:50:28.9624545Z Setting up libx264-164:amd64 (2:0.164.3108+git31e19f9-1) ...
2026-10-07T06:50:28.9644252Z Setting up libtwolame0:amd64 (0.4.0-2build3) ...
2026-10-07T06:50:28.9661915Z Setting up libmbedcrypto7t64:amd64 (2.28.8-1) ...
2026-10-07T06:50:28.9679581Z Setting up libwoff1:amd64 (1.0.2-2build1) ...
2026-10-07T06:50:28.9697418Z Setting up liblc3-1:amd64 (1.0.4-3build1) ...
2026-10-07T06:50:28.9714697Z Setting up libqrencode4:amd64 (4.1.1-1build2) ...
2026-10-07T06:50:28.9732534Z Setting up libhyphen0:amd64 (2.8.8-7build3) ...
2026-10-07T06:50:28.9774242Z Setting up libgbm1:amd64 (25.2.8-0ubuntu0.24.04.4) ...
2026-10-07T06:50:28.9792661Z Setting up libgsm1:amd64 (1.0.22-1build1) ...
2026-10-07T06:50:28.9809825Z Setting up libvisual-0.4-0:amd64 (0.4.2-2build1) ...
2026-10-07T06:50:28.9828209Z Setting up libsoxr0:amd64 (0.1.3-4build3) ...
2026-10-07T06:50:28.9845810Z Setting up libzix-0-0:amd64 (0.4.2-2build1) ...
2026-10-07T06:50:28.9864100Z Setting up libcodec2-1.2:amd64 (1.2.0-2build1) ...
2026-10-07T06:50:28.9882686Z Setting up libmanette-0.2-0:amd64 (0.2.7-1build2) ...
2026-10-07T06:50:28.9903130Z Setting up libsrtp2-1:amd64 (2.5.0-3build1) ...
2026-10-07T06:50:28.9923021Z Setting up libgl1-mesa-dri:amd64 (25.2.8-0ubuntu0.24.04.4) ...
2026-10-07T06:50:28.9994760Z Setting up libmysofa1:amd64 (1.3.2+dfsg-2ubuntu2) ...
2026-10-07T06:50:29.0014567Z Setting up libraptor2-0:amd64 (2.0.16-3ubuntu0.1) ...
2026-10-07T06:50:29.0032961Z Setting up libldacbt-enc2:amd64 (2.0.2.3+git20200429+ed310a0-4ubuntu2) ...
2026-10-07T06:50:29.0050399Z Setting up fonts-wqy-zenhei (0.9.45-8) ...
2026-10-07T06:50:29.0164629Z Setting up libwebrtc-audio-processing1:amd64 (0.3.1-0ubuntu6) ...
2026-10-07T06:50:29.0183098Z Setting up fonts-freefont-ttf (20211204+svn4273-2) ...
2026-10-07T06:50:29.0202631Z Setting up libevent-2.1-7t64:amd64 (2.1.12-stable-9ubuntu2.2) ...
2026-10-07T06:50:29.0226720Z Setting up libsvtav1enc1d1:amd64 (1.7.0+dfsg-2build1) ...
2026-10-07T06:50:29.0245603Z Setting up libsoup-3.0-common (3.4.4-5ubuntu0.9) ...
2026-10-07T06:50:29.0263049Z Setting up libmpg123-0t64:amd64 (1.32.5-1ubuntu1.1) ...
2026-10-07T06:50:29.0280279Z Setting up libcjson1:amd64 (1.7.17-1) ...
2026-10-07T06:50:29.0299731Z Setting up libxvidcore4:amd64 (2:1.3.7-1build1) ...
2026-10-07T06:50:29.0319713Z Setting up libmpcdec6:amd64 (2:0.1~r495-2build1) ...
2026-10-07T06:50:29.0338908Z Setting up libmjpegutils-2.1-0t64:amd64 (1:2.1.0+debian-8.1build1) ...
2026-10-07T06:50:29.0357075Z Setting up librav1e0:amd64 (0.7.1-2) ...
2026-10-07T06:50:29.0377192Z Setting up liborc-0.4-0t64:amd64 (1:0.4.38-1ubuntu0.1) ...
2026-10-07T06:50:29.0397054Z Setting up libxcb-xkb1:amd64 (1.15-1ubuntu2) ...
2026-10-07T06:50:29.0415789Z Setting up libvo-aacenc0:amd64 (0.1.3-2build1) ...
2026-10-07T06:50:29.0435787Z Setting up librist4:amd64 (0.2.10+dfsg-2) ...
2026-10-07T06:50:29.0455703Z Setting up librsvg2-2:amd64 (2.58.0+dfsg-1ubuntu0.1) ...
2026-10-07T06:50:29.0475802Z Setting up libblas3:amd64 (3.12.0-3build1.1) ...
2026-10-07T06:50:29.0535742Z update-alternatives: using /usr/lib/x86_64-linux-gnu/blas/libblas.so.3 to provide /usr/lib/x86_64-linux-gnu/libblas.so.3 (libblas.so.3-x86_64-linux-gnu) in auto mode
2026-10-07T06:50:29.0562117Z Setting up libegl-mesa0:amd64 (25.2.8-0ubuntu0.24.04.4) ...
2026-10-07T06:50:29.0585515Z Setting up libsoundtouch1:amd64 (2.3.2+ds1-1build1) ...
2026-10-07T06:50:29.0606829Z Setting up libplacebo338:amd64 (6.338.2-2build1) ...
2026-10-07T06:50:29.0628833Z Setting up libgles2:amd64 (1.7.0-1build1) ...
2026-10-07T06:50:29.0648945Z Setting up fonts-tlwg-loma-otf (1:0.7.3-1) ...
2026-10-07T06:50:29.0667544Z Setting up libva2:amd64 (2.20.0-2ubuntu0.2) ...
2026-10-07T06:50:29.0689599Z Setting up libfreetype6:amd64 (2.13.2+dfsg-1ubuntu0.2) ...
2026-10-07T06:50:29.0710489Z Setting up libspa-0.2-modules:amd64 (1.0.5-1ubuntu3.3) ...
2026-10-07T06:50:29.0730018Z Setting up libzxing3:amd64 (2.2.1-3) ...
2026-10-07T06:50:29.0750030Z Setting up xfonts-encodings (1:1.0.5-0ubuntu2) ...
2026-10-07T06:50:29.0767118Z Setting up libopus0:amd64 (1.4-1build1) ...
2026-10-07T06:50:29.0786340Z Setting up libfaad2:amd64 (2.11.1-1build1) ...
2026-10-07T06:50:29.0804908Z Setting up libxkbcommon-x11-0:amd64 (1.6.0-1build1) ...
2026-10-07T06:50:29.0822951Z Setting up libdc1394-25:amd64 (2.2.6-4build1) ...
2026-10-07T06:50:29.0840847Z Setting up libimath-3-1-29t64:amd64 (3.1.9-3.1ubuntu2) ...
2026-10-07T06:50:29.0869727Z Setting up libunibreak5:amd64 (5.1-2build1) ...
2026-10-07T06:50:29.0890510Z Setting up libdv4t64:amd64 (1.0.0-17.1build1) ...
2026-10-07T06:50:29.0908966Z Setting up libjxl0.7:amd64 (0.7.0-10.2ubuntu6.1) ...
2026-10-07T06:50:29.0931981Z Setting up libopenh264-7:amd64 (2.4.1+dfsg-1) ...
2026-10-07T06:50:29.0950478Z Setting up libltc11:amd64 (1.3.2-1build1) ...
2026-10-07T06:50:29.0974785Z Setting up libx265-199:amd64 (3.5-2build1) ...
2026-10-07T06:50:29.1259681Z Setting up libv4l-0t64:amd64 (1.26.1-4build3) ...
2026-10-07T06:50:29.1279622Z Setting up libavtp0:amd64 (0.2.0-1build1) ...
2026-10-07T06:50:29.1298761Z Setting up libsndio7.0:amd64 (1.9.0-0.3build3) ...
2026-10-07T06:50:29.1320930Z Setting up libdirectfb-1.7-7t64:amd64 (1.7.7-11.1ubuntu2) ...
2026-10-07T06:50:29.1342340Z Setting up libspandsp2t64:amd64 (0.0.6+dfsg-2.1build1) ...
2026-10-07T06:50:29.1359928Z Setting up libvidstab1.1:amd64 (1.1.0-2build1) ...
2026-10-07T06:50:29.1380151Z Setting up libvpx9:amd64 (1.14.0-1ubuntu2.3) ...
2026-10-07T06:50:29.1400323Z Setting up libsrt1.5-gnutls:amd64 (1.5.3-1build2) ...
2026-10-07T06:50:29.1420334Z Setting up libtag1v5:amd64 (1.13.1-1build1) ...
2026-10-07T06:50:29.1438780Z Setting up libflite1:amd64 (2.2-6build3) ...
2026-10-07T06:50:29.1459863Z Setting up libdav1d7:amd64 (1.4.1-1build1) ...
2026-10-07T06:50:29.1480987Z Setting up libva-drm2:amd64 (2.20.0-2ubuntu0.2) ...
2026-10-07T06:50:29.1499682Z Setting up fonts-ipafont-gothic (00303-21ubuntu1) ...
2026-10-07T06:50:29.1570633Z update-alternatives: using /usr/share/fonts/opentype/ipafont-gothic/ipag.ttf to provide /usr/share/fonts/truetype/fonts-japanese-gothic.ttf (fonts-japanese-gothic.ttf) in auto mode
2026-10-07T06:50:29.1588292Z Setting up ocl-icd-libopencl1:amd64 (2.3.2-1build1) ...
2026-10-07T06:50:29.1605686Z Setting up libasyncns0:amd64 (0.8-6build4) ...
2026-10-07T06:50:29.1625349Z Setting up libwildmidi2:amd64 (0.4.3-1build3) ...
2026-10-07T06:50:29.1646969Z Setting up libvdpau1:amd64 (1.5-2build1) ...
2026-10-07T06:50:29.1673475Z Setting up libwavpack1:amd64 (5.6.0-1build1) ...
2026-10-07T06:50:29.1692952Z Setting up libbs2b0:amd64 (3.1.0+dfsg-7build1) ...
2026-10-07T06:50:29.1712178Z Setting up libtheora0:amd64 (1.1.1+dfsg.1-16.1build3) ...
2026-10-07T06:50:29.1732938Z Setting up libegl1:amd64 (1.7.0-1build1) ...
2026-10-07T06:50:29.1752741Z Setting up libdecor-0-0:amd64 (0.2.2-1build2) ...
2026-10-07T06:50:29.1773722Z Setting up libdca0:amd64 (0.0.7-2build1) ...
2026-10-07T06:50:29.1791940Z Setting up libzimg2:amd64 (3.0.5+ds1-1build1) ...
2026-10-07T06:50:29.1814800Z Setting up libopenal-data (1:1.23.1-4build1) ...
2026-10-07T06:50:29.1841209Z Setting up libevent-core-2.1-7t64:amd64 (2.1.12-stable-9ubuntu2.2) ...
2026-10-07T06:50:29.1863540Z Setting up libabsl20220623t64:amd64 (20220623.1-3.1ubuntu3.2) ...
2026-10-07T06:50:29.1882678Z Setting up libflac12t64:amd64 (1.4.3+ds-2.1ubuntu2) ...
2026-10-07T06:50:29.1900230Z Setting up libgtk-4-common (4.14.5+ds-0ubuntu0.10) ...
2026-10-07T06:50:29.1919238Z Setting up libmpeg2encpp-2.1-0t64:amd64 (1:2.1.0+debian-8.1build1) ...
2026-10-07T06:50:29.1935955Z Setting up glib-networking-common (2.80.0-1build1) ...
2026-10-07T06:50:29.1958144Z Setting up libmfx1:amd64 (22.5.4-1) ...
2026-10-07T06:50:29.1980020Z Setting up libbluray2:amd64 (1:1.3.4-1build1) ...
2026-10-07T06:50:29.1997821Z Setting up libde265-0:amd64 (1.0.15-1ubuntu0.1) ...
2026-10-07T06:50:29.2019281Z Setting up libsamplerate0:amd64 (0.2.2-4build1) ...
2026-10-07T06:50:29.2037862Z Setting up timgm6mb-soundfont (1.3-5) ...
2026-10-07T06:50:29.2118935Z update-alternatives: using /usr/share/sounds/sf2/TimGM6mb.sf2 to provide /usr/share/sounds/sf2/default-GM.sf2 (default-GM.sf2) in auto mode
2026-10-07T06:50:29.2163479Z update-alternatives: using /usr/share/sounds/sf2/TimGM6mb.sf2 to provide /usr/share/sounds/sf3/default-GM.sf3 (default-GM.sf3) in auto mode
2026-10-07T06:50:29.2180580Z Setting up libva-x11-2:amd64 (2.20.0-2ubuntu0.2) ...
2026-10-07T06:50:29.2200719Z Setting up libyuv0:amd64 (0.0~git202401110.af6ac82-1) ...
2026-10-07T06:50:29.2224151Z Setting up libmplex2-2.1-0t64:amd64 (1:2.1.0+debian-8.1build1) ...
2026-10-07T06:50:29.2243585Z Setting up libpipewire-0.3-0t64:amd64 (1.0.5-1ubuntu3.3) ...
2026-10-07T06:50:29.2263810Z Setting up libopenmpt0t64:amd64 (0.7.3-1.1build3) ...
2026-10-07T06:50:29.2357517Z Setting up libzvbi-common (0.2.42-2) ...
2026-10-07T06:50:29.2378127Z Setting up libsecret-common (0.21.4-1build3) ...
2026-10-07T06:50:29.2397147Z Setting up libmp3lame0:amd64 (3.100-6build1) ...
2026-10-07T06:50:29.2414511Z Setting up libgraphene-1.0-0:amd64 (1.10.8-3build2) ...
2026-10-07T06:50:29.2437554Z Setting up libvorbisenc2:amd64 (1.3.7-1build3) ...
2026-10-07T06:50:29.2458700Z Setting up libdvdnav4:amd64 (6.1.1-3build1) ...
2026-10-07T06:50:29.2480031Z Setting up fonts-unifont (1:15.1.01-1build1) ...
2026-10-07T06:50:29.2499122Z Setting up libaa1:amd64 (1.4p5-51.1) ...
2026-10-07T06:50:29.2520201Z Setting up libiec61883-0:amd64 (1.2.0-6build1) ...
2026-10-07T06:50:29.2542012Z Setting up libserd-0-0:amd64 (0.32.2-1) ...
2026-10-07T06:50:29.2562081Z Setting up libavc1394-0:amd64 (0.5.4-5build3) ...
2026-10-07T06:50:29.2583028Z Setting up libcairo-script-interpreter2:amd64 (1.18.0-3build1) ...
2026-10-07T06:50:29.2604506Z Setting up gsettings-desktop-schemas (46.1-0ubuntu1) ...
2026-10-07T06:50:29.2624497Z Setting up glib-networking-services (2.80.0-1build1) ...
2026-10-07T06:50:29.2645203Z Setting up liblapack3:amd64 (3.12.0-3build1.1) ...
2026-10-07T06:50:29.2702539Z update-alternatives: using /usr/lib/x86_64-linux-gnu/lapack/liblapack.so.3 to provide /usr/lib/x86_64-linux-gnu/liblapack.so.3 (liblapack.so.3-x86_64-linux-gnu) in auto mode
2026-10-07T06:50:29.2719166Z Setting up libglx-mesa0:amd64 (25.2.8-0ubuntu0.24.04.4) ...
2026-10-07T06:50:29.2740580Z Setting up libzvbi0t64:amd64 (0.2.42-2) ...
2026-10-07T06:50:29.2761444Z Setting up libevent-pthreads-2.1-7t64:amd64 (2.1.12-stable-9ubuntu2.2) ...
2026-10-07T06:50:29.2783709Z Setting up liblrdf0:amd64 (0.6.1-4build1) ...
2026-10-07T06:50:29.2803791Z Setting up libzbar0t64:amd64 (0.23.93-4build3) ...
2026-10-07T06:50:29.2822001Z Setting up libgstreamer-plugins-base1.0-0:amd64 (1.24.2-1ubuntu0.5) ...
2026-10-07T06:50:29.2840739Z Setting up libavutil58:amd64 (7:6.1.1-3ubuntu5) ...
2026-10-07T06:50:29.2862681Z Setting up libopenal1:amd64 (1:1.23.1-4build1) ...
2026-10-07T06:50:29.2883389Z Setting up xfonts-utils (1:7.7+6build3) ...
2026-10-07T06:50:29.2922486Z Setting up libsecret-1-0:amd64 (0.21.4-1build3) ...
2026-10-07T06:50:29.2944467Z Setting up libgstreamer-plugins-good1.0-0:amd64 (1.24.2-1ubuntu1.8) ...
2026-10-07T06:50:29.2962822Z Setting up libgstreamer-gl1.0-0:amd64 (1.24.2-1ubuntu0.5) ...
2026-10-07T06:50:29.2983517Z Setting up gstreamer1.0-plugins-base:amd64 (1.24.2-1ubuntu0.5) ...
2026-10-07T06:50:29.3006860Z Setting up libass9:amd64 (1:0.17.1-2build1) ...
2026-10-07T06:50:29.3027417Z Setting up libswresample4:amd64 (7:6.1.1-3ubuntu5) ...
2026-10-07T06:50:29.3048976Z Setting up libopenexr-3-1-30:amd64 (3.1.5-5.1build3) ...
2026-10-07T06:50:29.3069549Z Setting up libshout3:amd64 (2.4.6-1build2) ...
2026-10-07T06:50:29.3089562Z Setting up libgav1-1:amd64 (0.18.0-1build3) ...
2026-10-07T06:50:29.3113084Z Setting up libavcodec60:amd64 (7:6.1.1-3ubuntu5) ...
2026-10-07T06:50:29.3132707Z Setting up librubberband2:amd64 (3.3.0+dfsg-2build1) ...
2026-10-07T06:50:29.3152791Z Setting up libjack-jackd2-0:amd64 (1.9.21~dfsg-3ubuntu3) ...
2026-10-07T06:50:29.3173981Z Setting up libsord-0-0:amd64 (0.16.16-2build1) ...
2026-10-07T06:50:29.3192489Z Setting up xfonts-cyrillic (1:1.0.5+nmu1) ...
2026-10-07T06:50:29.3513500Z Setting up libpostproc57:amd64 (7:6.1.1-3ubuntu5) ...
2026-10-07T06:50:29.3557756Z Setting up libsratom-0-0:amd64 (0.6.16-1build1) ...
2026-10-07T06:50:29.3586078Z Setting up libsndfile1:amd64 (1.2.2-1ubuntu5.24.04.1) ...
2026-10-07T06:50:29.3871161Z Setting up liblilv-0-0:amd64 (0.24.22-1build1) ...
2026-10-07T06:50:29.3891768Z Setting up libinstpatch-1.0-2:amd64 (1.1.6-1build2) ...
2026-10-07T06:50:29.3917268Z Setting up xfonts-scalable (1:1.0.3-1.3) ...
2026-10-07T06:50:29.4224100Z Setting up libswscale7:amd64 (7:6.1.1-3ubuntu5) ...
2026-10-07T06:50:29.4246791Z Setting up libavif16:amd64 (1.0.4-1ubuntu3) ...
2026-10-07T06:50:29.4265882Z Setting up libpulse0:amd64 (1:16.1+dfsg1-2ubuntu10.1) ...
2026-10-07T06:50:29.4336242Z Setting up libavformat60:amd64 (7:6.1.1-3ubuntu5) ...
2026-10-07T06:50:29.4353815Z Setting up libsphinxbase3t64:amd64 (0.8+5prealpha+1-17build2) ...
2026-10-07T06:50:29.4374545Z Setting up libsdl2-2.0-0:amd64 (2.30.0+dfsg-1ubuntu3.1) ...
2026-10-07T06:50:29.4394226Z Setting up libfluidsynth3:amd64 (2.3.4-1build3) ...
2026-10-07T06:50:29.4415299Z Setting up libpocketsphinx3:amd64 (0.8.0+real5prealpha+1-15ubuntu5) ...
2026-10-07T06:50:29.4434445Z Setting up libavfilter9:amd64 (7:6.1.1-3ubuntu5) ...
2026-10-07T06:50:29.4451798Z Setting up gstreamer1.0-libav:amd64 (1.24.1-1build1) ...
2026-10-07T06:50:29.4754442Z Processing triggers for fontconfig (2.15.0-1.1ubuntu2) ...
2026-10-07T06:50:29.7123540Z Processing triggers for libc-bin (2.39-0ubuntu8.9) ...
2026-10-07T06:50:29.7942427Z Processing triggers for man-db (2.12.0-4build2) ...
2026-10-07T06:50:29.7964799Z Not building database; man-db/auto-update is not 'true'.
2026-10-07T06:50:29.7992275Z Processing triggers for libglib2.0-0t64:amd64 (2.80.0-6ubuntu3.9) ...
2026-10-07T06:50:29.8493024Z Setting up libgtk-4-1:amd64 (4.14.5+ds-0ubuntu0.10) ...
2026-10-07T06:50:30.2062911Z Setting up glib-networking:amd64 (2.80.0-1build1) ...
2026-10-07T06:50:30.2105670Z Setting up libsoup-3.0-0:amd64 (3.4.4-5ubuntu0.9) ...
2026-10-07T06:50:30.2138368Z Setting up libgssdp-1.6-0:amd64 (1.6.3-1build3) ...
2026-10-07T06:50:30.2209979Z Setting up gstreamer1.0-plugins-good:amd64 (1.24.2-1ubuntu1.8) ...
2026-10-07T06:50:30.2246934Z Setting up libgupnp-1.6-0:amd64 (1.6.6-1build3) ...
2026-10-07T06:50:30.2310816Z Setting up libgupnp-igd-1.6-0:amd64 (1.6.0-3build3) ...
2026-10-07T06:50:30.2354595Z Setting up libnice10:amd64 (0.1.21-2build3) ...
2026-10-07T06:50:30.2405224Z Setting up libgstreamer-plugins-bad1.0-0:amd64 (1.24.2-1ubuntu4) ...
2026-10-07T06:50:30.2505613Z Setting up gstreamer1.0-plugins-bad:amd64 (1.24.2-1ubuntu4) ...
2026-10-07T06:50:30.2540907Z Processing triggers for libc-bin (2.39-0ubuntu8.9) ...
2026-10-07T06:50:30.9361599Z 
2026-10-07T06:50:30.9362781Z Running kernel seems to be up-to-date.
2026-10-07T06:50:30.9363380Z 
2026-10-07T06:50:30.9363796Z Restarting services...
2026-10-07T06:50:30.9442581Z  systemctl restart php8.3-fpm.service
2026-10-07T06:50:31.0643850Z 
2026-10-07T06:50:31.0645518Z No containers need to be restarted.
2026-10-07T06:50:31.0646037Z 
2026-10-07T06:50:31.0646545Z No user sessions are running outdated binaries.
2026-10-07T06:50:31.0647113Z 
2026-10-07T06:50:31.0647906Z No VM guests are running outdated hypervisor (qemu) binaries on this host.
2026-10-07T06:50:31.9581590Z Downloading Chrome for Testing 153.0.8010.12 (playwright chromium v1243) from https://cdn.playwright.dev/builds/cft/153.0.8010.12/linux64/chrome-linux64.zip
2026-10-07T06:50:32.3289909Z |                                                                                |   0% of 186.8 MiB
2026-10-07T06:50:32.5062123Z |■■■■■■■■                                                                        |  10% of 186.8 MiB
2026-10-07T06:50:32.5977680Z |■■■■■■■■■■■■■■■■                                                                |  20% of 186.8 MiB
2026-10-07T06:50:32.6971747Z |■■■■■■■■■■■■■■■■■■■■■■■■                                                        |  30% of 186.8 MiB
2026-10-07T06:50:32.7674314Z |■■■■■■■■■■■■■■■■■■■■■■■■■■■■■■■■                                                |  40% of 186.8 MiB
2026-10-07T06:50:32.8479156Z |■■■■■■■■■■■■■■■■■■■■■■■■■■■■■■■■■■■■■■■■                                        |  50% of 186.8 MiB
2026-10-07T06:50:32.9118003Z |■■■■■■■■■■■■■■■■■■■■■■■■■■■■■■■■■■■■■■■■■■■■■■■■                                |  60% of 186.8 MiB
2026-10-07T06:50:32.9941536Z |■■■■■■■■■■■■■■■■■■■■■■■■■■■■■■■■■■■■■■■■■■■■■■■■■■■■■■■■                        |  70% of 186.8 MiB
2026-10-07T06:50:33.0795952Z |■■■■■■■■■■■■■■■■■■■■■■■■■■■■■■■■■■■■■■■■■■■■■■■■■■■■■■■■■■■■■■■■                |  80% of 186.8 MiB
2026-10-07T06:50:33.1693512Z |■■■■■■■■■■■■■■■■■■■■■■■■■■■■■■■■■■■■■■■■■■■■■■■■■■■■■■■■■■■■■■■■■■■■■■■■        |  90% of 186.8 MiB
2026-10-07T06:50:33.2639302Z |■■■■■■■■■■■■■■■■■■■■■■■■■■■■■■■■■■■■■■■■■■■■■■■■■■■■■■■■■■■■■■■■■■■■■■■■■■■■■■■■| 100% of 186.8 MiB
2026-10-07T06:50:36.4027515Z Chrome for Testing 153.0.8010.12 (playwright chromium v1243) downloaded to /home/runner/.cache/ms-playwright/chromium-1243
2026-10-07T06:50:36.4031902Z Downloading FFmpeg (playwright ffmpeg v1011) from https://cdn.playwright.dev/dbazure/download/playwright/builds/ffmpeg/1011/ffmpeg-linux.zip
2026-10-07T06:50:36.7367884Z |                                                                                |   0% of 2.3 MiB
2026-10-07T06:50:36.7408526Z |■■■■■■■■                                                                        |  10% of 2.3 MiB
2026-10-07T06:50:36.7431204Z |■■■■■■■■■■■■■■■■                                                                |  20% of 2.3 MiB
2026-10-07T06:50:36.7455181Z |■■■■■■■■■■■■■■■■■■■■■■■■                                                        |  30% of 2.3 MiB
2026-10-07T06:50:36.7468607Z |■■■■■■■■■■■■■■■■■■■■■■■■■■■■■■■■                                                |  40% of 2.3 MiB
2026-10-07T06:50:36.7486765Z |■■■■■■■■■■■■■■■■■■■■■■■■■■■■■■■■■■■■■■■■                                        |  50% of 2.3 MiB
2026-10-07T06:50:36.7498114Z |■■■■■■■■■■■■■■■■■■■■■■■■■■■■■■■■■■■■■■■■■■■■■■■■                                |  60% of 2.3 MiB
2026-10-07T06:50:36.7513530Z |■■■■■■■■■■■■■■■■■■■■■■■■■■■■■■■■■■■■■■■■■■■■■■■■■■■■■■■■                        |  70% of 2.3 MiB
2026-10-07T06:50:36.7530803Z |■■■■■■■■■■■■■■■■■■■■■■■■■■■■■■■■■■■■■■■■■■■■■■■■■■■■■■■■■■■■■■■■                |  80% of 2.3 MiB
2026-10-07T06:50:36.7553384Z |■■■■■■■■■■■■■■■■■■■■■■■■■■■■■■■■■■■■■■■■■■■■■■■■■■■■■■■■■■■■■■■■■■■■■■■■        |  90% of 2.3 MiB
2026-10-07T06:50:36.7563011Z |■■■■■■■■■■■■■■■■■■■■■■■■■■■■■■■■■■■■■■■■■■■■■■■■■■■■■■■■■■■■■■■■■■■■■■■■■■■■■■■■| 100% of 2.3 MiB
2026-10-07T06:50:36.8172932Z FFmpeg (playwright ffmpeg v1011) downloaded to /home/runner/.cache/ms-playwright/ffmpeg-1011
2026-10-07T06:50:36.8176137Z Downloading Chrome Headless Shell 153.0.8010.12 (playwright chromium-headless-shell v1243) from https://cdn.playwright.dev/builds/cft/153.0.8010.12/linux64/chrome-headless-shell-linux64.zip
2026-10-07T06:50:37.1771975Z |                                                                                |   0% of 114.3 MiB
2026-10-07T06:50:37.2931602Z |■■■■■■■■                                                                        |  10% of 114.3 MiB
2026-10-07T06:50:37.3698355Z |■■■■■■■■■■■■■■■■                                                                |  20% of 114.3 MiB
2026-10-07T06:50:37.4276574Z |■■■■■■■■■■■■■■■■■■■■■■■■                                                        |  30% of 114.3 MiB
2026-10-07T06:50:37.4938542Z |■■■■■■■■■■■■■■■■■■■■■■■■■■■■■■■■                                                |  40% of 114.3 MiB
2026-10-07T06:50:37.5646428Z |■■■■■■■■■■■■■■■■■■■■■■■■■■■■■■■■■■■■■■■■                                        |  50% of 114.3 MiB
2026-10-07T06:50:37.6147359Z |■■■■■■■■■■■■■■■■■■■■■■■■■■■■■■■■■■■■■■■■■■■■■■■■                                |  60% of 114.3 MiB
2026-10-07T06:50:37.6746409Z |■■■■■■■■■■■■■■■■■■■■■■■■■■■■■■■■■■■■■■■■■■■■■■■■■■■■■■■■                        |  70% of 114.3 MiB
2026-10-07T06:50:37.7244749Z |■■■■■■■■■■■■■■■■■■■■■■■■■■■■■■■■■■■■■■■■■■■■■■■■■■■■■■■■■■■■■■■■                |  80% of 114.3 MiB
2026-10-07T06:50:37.7676947Z |■■■■■■■■■■■■■■■■■■■■■■■■■■■■■■■■■■■■■■■■■■■■■■■■■■■■■■■■■■■■■■■■■■■■■■■■        |  90% of 114.3 MiB
2026-10-07T06:50:37.8221683Z |■■■■■■■■■■■■■■■■■■■■■■■■■■■■■■■■■■■■■■■■■■■■■■■■■■■■■■■■■■■■■■■■■■■■■■■■■■■■■■■■| 100% of 114.3 MiB
2026-10-07T06:50:40.4271072Z Chrome Headless Shell 153.0.8010.12 (playwright chromium-headless-shell v1243) downloaded to /home/runner/.cache/ms-playwright/chromium_headless_shell-1243
2026-10-07T06:50:40.4274106Z Downloading Firefox 155.0 (playwright firefox v1543) from https://cdn.playwright.dev/dbazure/download/playwright/builds/firefox/1543/firefox-ubuntu-24.04.zip
2026-10-07T06:50:40.8182688Z |                                                                                |   0% of 109.5 MiB
2026-10-07T06:50:40.8944135Z |■■■■■■■■                                                                        |  10% of 109.5 MiB
2026-10-07T06:50:40.9794359Z |■■■■■■■■■■■■■■■■                                                                |  20% of 109.5 MiB
2026-10-07T06:50:41.0354142Z |■■■■■■■■■■■■■■■■■■■■■■■■                                                        |  30% of 109.5 MiB
2026-10-07T06:50:41.0929248Z |■■■■■■■■■■■■■■■■■■■■■■■■■■■■■■■■                                                |  40% of 109.5 MiB
2026-10-07T06:50:41.1646254Z |■■■■■■■■■■■■■■■■■■■■■■■■■■■■■■■■■■■■■■■■                                        |  50% of 109.5 MiB
2026-10-07T06:50:41.2090385Z |■■■■■■■■■■■■■■■■■■■■■■■■■■■■■■■■■■■■■■■■■■■■■■■■                                |  60% of 109.5 MiB
2026-10-07T06:50:41.2495347Z |■■■■■■■■■■■■■■■■■■■■■■■■■■■■■■■■■■■■■■■■■■■■■■■■■■■■■■■■                        |  70% of 109.5 MiB
2026-10-07T06:50:41.3126948Z |■■■■■■■■■■■■■■■■■■■■■■■■■■■■■■■■■■■■■■■■■■■■■■■■■■■■■■■■■■■■■■■■                |  80% of 109.5 MiB
2026-10-07T06:50:41.3510982Z |■■■■■■■■■■■■■■■■■■■■■■■■■■■■■■■■■■■■■■■■■■■■■■■■■■■■■■■■■■■■■■■■■■■■■■■■        |  90% of 109.5 MiB
2026-10-07T06:50:41.3990481Z |■■■■■■■■■■■■■■■■■■■■■■■■■■■■■■■■■■■■■■■■■■■■■■■■■■■■■■■■■■■■■■■■■■■■■■■■■■■■■■■■| 100% of 109.5 MiB
2026-10-07T06:50:43.7156282Z Firefox 155.0 (playwright firefox v1543) downloaded to /home/runner/.cache/ms-playwright/firefox-1543
2026-10-07T06:50:43.7159639Z Downloading WebKit 26.6 (playwright webkit v2359) from https://cdn.playwright.dev/dbazure/download/playwright/builds/webkit/2359/webkit-ubuntu-24.04.zip
2026-10-07T06:50:44.0559673Z |                                                                                |   0% of 102.3 MiB
2026-10-07T06:50:44.1241168Z |■■■■■■■■                                                                        |  10% of 102.3 MiB
2026-10-07T06:50:44.1887644Z |■■■■■■■■■■■■■■■■                                                                |  20% of 102.3 MiB
2026-10-07T06:50:44.2336622Z |■■■■■■■■■■■■■■■■■■■■■■■■                                                        |  30% of 102.3 MiB
2026-10-07T06:50:44.2858270Z |■■■■■■■■■■■■■■■■■■■■■■■■■■■■■■■■                                                |  40% of 102.3 MiB
2026-10-07T06:50:44.3514378Z |■■■■■■■■■■■■■■■■■■■■■■■■■■■■■■■■■■■■■■■■                                        |  50% of 102.3 MiB
2026-10-07T06:50:44.3945163Z |■■■■■■■■■■■■■■■■■■■■■■■■■■■■■■■■■■■■■■■■■■■■■■■■                                |  60% of 102.3 MiB
2026-10-07T06:50:44.4369797Z |■■■■■■■■■■■■■■■■■■■■■■■■■■■■■■■■■■■■■■■■■■■■■■■■■■■■■■■■                        |  70% of 102.3 MiB
2026-10-07T06:50:44.4895401Z |■■■■■■■■■■■■■■■■■■■■■■■■■■■■■■■■■■■■■■■■■■■■■■■■■■■■■■■■■■■■■■■■                |  80% of 102.3 MiB
2026-10-07T06:50:44.5267416Z |■■■■■■■■■■■■■■■■■■■■■■■■■■■■■■■■■■■■■■■■■■■■■■■■■■■■■■■■■■■■■■■■■■■■■■■■        |  90% of 102.3 MiB
2026-10-07T06:50:44.5630229Z |■■■■■■■■■■■■■■■■■■■■■■■■■■■■■■■■■■■■■■■■■■■■■■■■■■■■■■■■■■■■■■■■■■■■■■■■■■■■■■■■| 100% of 102.3 MiB
2026-10-07T06:50:46.6222879Z WebKit 26.6 (playwright webkit v2359) downloaded to /home/runner/.cache/ms-playwright/webkit-2359
2026-10-07T06:50:46.9766678Z ##[group]Run pnpm typecheck
2026-10-07T06:50:46.9767024Z [36;1mpnpm typecheck[0m
2026-10-07T06:50:46.9767254Z [36;1mpnpm build[0m
2026-10-07T06:50:46.9831930Z shell: /usr/bin/bash -e {0}
2026-10-07T06:50:46.9832192Z ##[endgroup]
2026-10-07T06:50:47.2670495Z 
2026-10-07T06:50:47.2671097Z > weaveos@0.1.0 typecheck /home/runner/work/WeaveOS/WeaveOS
2026-10-07T06:50:47.2671793Z > pnpm --filter @weaveos/web typecheck && tsc -p tsconfig.tests.json
2026-10-07T06:50:47.2672143Z 
2026-10-07T06:50:47.5680337Z 
2026-10-07T06:50:47.5681217Z > @weaveos/web@0.1.0 typecheck /home/runner/work/WeaveOS/WeaveOS/apps/web
2026-10-07T06:50:47.5681803Z > tsc --noEmit
2026-10-07T06:50:47.5681961Z 
2026-10-07T06:50:56.5690867Z 
2026-10-07T06:50:56.5691718Z > weaveos@0.1.0 build /home/runner/work/WeaveOS/WeaveOS
2026-10-07T06:50:56.5692360Z > pnpm --filter @weaveos/web build
2026-10-07T06:50:56.5692581Z 
2026-10-07T06:50:56.8559435Z 
2026-10-07T06:50:56.8560393Z > @weaveos/web@0.1.0 build /home/runner/work/WeaveOS/WeaveOS/apps/web
2026-10-07T06:50:56.8560878Z > vite build
2026-10-07T06:50:56.8561024Z 
2026-10-07T06:50:57.1399244Z [36mvite v8.0.16 [32mbuilding client environment for production...[36m[39m
2026-10-07T06:50:57.1544344Z [2K
2026-10-07T06:50:57.8403876Z transforming...✓ 7095 modules transformed.
2026-10-07T06:50:57.9499861Z rendering chunks...
2026-10-07T06:50:58.2244212Z computing gzip size...
2026-10-07T06:50:58.2397350Z dist/index.html                                                0.35 kB │ gzip:   0.26 kB
2026-10-07T06:50:58.2398750Z dist/assets/geist-cyrillic-ext-wght-normal-DjL33-gN.woff2      7.42 kB
2026-10-07T06:50:58.2399733Z dist/assets/geist-vietnamese-wght-normal-6IgcOCM7.woff2        8.00 kB
2026-10-07T06:50:58.2400638Z dist/assets/geist-cyrillic-wght-normal-BEAKL7Jp.woff2         15.08 kB
2026-10-07T06:50:58.2401434Z dist/assets/geist-latin-ext-wght-normal-DC-KSUi6.woff2        16.51 kB
2026-10-07T06:50:58.2402245Z dist/assets/geist-latin-wght-normal-BgDaEnEv.woff2            29.40 kB
2026-10-07T06:50:58.2403258Z dist/assets/index-DEPku8A-.css                               118.30 kB │ gzip:  21.23 kB
2026-10-07T06:50:58.2404101Z dist/assets/index-CLntU3AM.js                              1,008.09 kB │ gzip: 317.25 kB
2026-10-07T06:50:58.2404484Z 
2026-10-07T06:50:58.2404687Z [32m✓ built in 1.10s[39m
2026-10-07T06:50:58.2409445Z [33m[plugin builtin:vite-reporter] 
2026-10-07T06:50:58.2410328Z (!) Some chunks are larger than 500 kB after minification. Consider:
2026-10-07T06:50:58.2411098Z - Using dynamic import() to code-split the application
2026-10-07T06:50:58.2412005Z - Use build.rolldownOptions.output.codeSplitting to improve chunking: https://rolldown.rs/reference/OutputOptions.codeSplitting
2026-10-07T06:50:58.2412916Z - Adjust chunk size limit for this warning via build.chunkSizeWarningLimit.[39m
2026-10-07T06:50:58.3044116Z ##[group]Run pnpm exec playwright test --config docs/evidence/V010-020/q36-b2/components.config.ts 'q36-front-|q36-b2' --workers=1 --reporter=list,json --output test-results/root-q36-regression
2026-10-07T06:50:58.3046241Z [36;1mpnpm exec playwright test --config docs/evidence/V010-020/q36-b2/components.config.ts 'q36-front-|q36-b2' --workers=1 --reporter=list,json --output test-results/root-q36-regression[0m
2026-10-07T06:50:58.3109977Z shell: /usr/bin/bash -e {0}
2026-10-07T06:50:58.3110229Z env:
2026-10-07T06:50:58.3110532Z   PLAYWRIGHT_JSON_OUTPUT_FILE: test-results/root-q36-regression.json
2026-10-07T06:50:58.3110902Z ##[endgroup]
2026-10-07T06:51:00.3295722Z 
2026-10-07T06:51:00.3296419Z Running 177 tests using 1 worker
2026-10-07T06:51:00.3296840Z 
2026-10-07T06:51:06.8241171Z   ✓    1 [chromium] › apps/web/src/q36-b2.component.spec.ts:52:1 › Q36 B2 real member page uses POST typed filter and old context without text sorting (4.4s)
2026-10-07T06:51:11.7145801Z   ✓    2 [chromium] › apps/web/src/q36-b2.component.spec.ts:63:1 › Q36 B2 event page uses server display and only occurredAt server ordering (4.9s)
2026-10-07T06:51:14.8041832Z   ✓    3 [chromium] › apps/web/src/q36-b2.component.spec.ts:80:1 › Q36 B2 restored invalid identity reference remains editable until explicitly resolved (3.1s)
2026-10-07T06:51:17.7280342Z   ✓    4 [chromium] › apps/web/src/q36-b2.component.spec.ts:90:1 › Q36 B2 modal query refresh preserves unsaved member input and original object version (2.9s)
2026-10-07T06:51:20.7829532Z   ✓    5 [chromium] › apps/web/src/q36-b2.component.spec.ts:95:75 › Q36 B2 COMMON_QUERY_CHANGED requires explicit page-one refresh and clears selection (3.0s)
2026-10-07T06:51:24.3775645Z   ✓    6 [chromium] › apps/web/src/q36-b2.component.spec.ts:95:75 › Q36 B2 COMMON_QUERY_CONTEXT_EXPIRED requires explicit page-one refresh and clears selection (3.6s)
2026-10-07T06:51:27.5641192Z   ✓    7 [chromium] › apps/web/src/q36-b2.component.spec.ts:106:1 › Q36 B2 late responses cannot overwrite the newest search (3.1s)
2026-10-07T06:51:31.0437009Z   ✓    8 [chromium] › apps/web/src/q36-b2.component.spec.ts:114:1 › Q36 B2 unused template card save keeps member page and validates its existing context on return (3.5s)
2026-10-07T06:51:36.5173954Z   ✓    9 [chromium] › apps/web/src/q36-b2.component.spec.ts:126:1 › Q36 B2 definition explicitly saves durable draft and restores original version with conflict (5.5s)
2026-10-07T06:51:39.5962775Z   ✓   10 [chromium] › apps/web/src/q36-b2.component.spec.ts:145:1 › Q36 B2 explicit member draft does not save automatically or bypass query guard (3.1s)
2026-10-07T06:51:43.4795778Z   ✓   11 [chromium] › apps/web/src/q36-b2.component.spec.ts:154:1 › Q36 B2 real-page animation closes on navigation and leaves no root blocker (3.9s)
2026-10-07T06:51:48.9243117Z   ✓   12 [chromium] › apps/web/src/q36-b2.component.spec.ts:162:1 › Q36 B2 applied preset manager close then trigger press honors reopen intent (5.4s)
2026-10-07T06:51:54.5912454Z   ✓   13 [chromium] › apps/web/src/q36-b2.component.spec.ts:169:1 › Q36 B2 twenty AND conditions keep the save footer inside the narrow viewport (5.7s)
2026-10-07T06:51:59.9133694Z   ✓   14 [chromium] › apps/web/src/q36-b2.component.spec.ts:178:1 › Q36 B2 select-current-page cannot resurrect a member hidden by custom filtering (5.3s)
2026-10-07T06:52:05.3430863Z   ✓   15 [chromium] › apps/web/src/q36-b2.component.spec.ts:190:1 › Q36 B2 a trusted press spanning the exiting selection mark still selects current rows (5.4s)
2026-10-07T06:52:11.4558008Z   ✓   16 [chromium] › apps/web/src/q36-b2.component.spec.ts:210:1 › Q36 B2 trusted select-all clicks while loading or empty cannot persist into restored or next-page rows (6.1s)
2026-10-07T06:52:14.5556379Z   ✓   17 [chromium] › apps/web/src/q36-b2.component.spec.ts:227:1 › Q36 B2 completed filter exit preserves a newer deliberate checkbox focus (3.1s)
2026-10-07T06:52:18.9245903Z   ✓   18 [chromium] › apps/web/src/q36-b2.component.spec.ts:322:108 › Q36 B2 engine button restores focus once after an ordinary close (4.4s)
2026-10-07T06:52:22.2059349Z   ✓   19 [chromium] › apps/web/src/q36-b2.component.spec.ts:322:108 › Q36 B2 engine Escape restores focus once after an ordinary close (3.3s)
2026-10-07T06:52:25.1477382Z   ✓   20 [chromium] › apps/web/src/q36-b2.component.spec.ts:322:108 › Q36 B2 fallback button restores focus once after an ordinary close (2.9s)
2026-10-07T06:52:28.1081811Z   ✓   21 [chromium] › apps/web/src/q36-b2.component.spec.ts:322:108 › Q36 B2 fallback Escape restores focus once after an ordinary close (3.0s)
2026-10-07T06:52:30.6920662Z   ✓   22 [chromium] › apps/web/src/q36-b2.component.spec.ts:322:108 › Q36 B2 reduced button restores focus once after an ordinary close (2.6s)
2026-10-07T06:52:33.2890397Z   ✓   23 [chromium] › apps/web/src/q36-b2.component.spec.ts:322:108 › Q36 B2 reduced Escape restores focus once after an ordinary close (2.6s)
2026-10-07T06:52:37.7988139Z   ✓   24 [chromium] › apps/web/src/q36-b2.component.spec.ts:336:50 › Q36 B2 engine late close honors newer focus even after that target is removed (4.5s)
2026-10-07T06:52:40.9025226Z   ✓   25 [chromium] › apps/web/src/q36-b2.component.spec.ts:336:50 › Q36 B2 fallback late close honors newer focus even after that target is removed (3.1s)
2026-10-07T06:52:43.8059499Z   ✓   26 [chromium] › apps/web/src/q36-b2.component.spec.ts:347:1 › Q36 B2 removal-induced body focus still restores after Escape (2.9s)
2026-10-07T06:52:48.4968504Z   ✓   27 [chromium] › apps/web/src/q36-b2.component.spec.ts:354:50 › Q36 B2 engine stale exit cannot focus the trigger after reopen or unmount (4.7s)
2026-10-07T06:52:51.7763156Z   ✓   28 [chromium] › apps/web/src/q36-b2.component.spec.ts:354:50 › Q36 B2 fallback stale exit cannot focus the trigger after reopen or unmount (3.3s)
2026-10-07T06:52:54.8259011Z   ✓   29 [chromium] › apps/web/src/q36-b2.component.spec.ts:362:50 › Q36 B2 engine outside pointer and keyboard navigation keep their new focus (3.0s)
2026-10-07T06:52:57.8866916Z   ✓   30 [chromium] › apps/web/src/q36-b2.component.spec.ts:362:50 › Q36 B2 fallback outside pointer and keyboard navigation keep their new focus (3.0s)
2026-10-07T06:53:02.6144119Z   ✓   31 [chromium] › apps/web/src/q36-b2.component.spec.ts:375:50 › Q36 B2 engine completion delivered after unmount cannot move focus (4.7s)
2026-10-07T06:53:05.9769172Z   ✓   32 [chromium] › apps/web/src/q36-b2.component.spec.ts:375:50 › Q36 B2 fallback completion delivered after unmount cannot move focus (3.4s)
2026-10-07T06:53:10.9372599Z   ✓   33 [chromium] › apps/web/src/q36-b2.component.spec.ts:386:2 › Q36 B2 focus review evidence › manager, editor and closed keyboard focus remain accessible (4.9s)
2026-10-07T06:53:15.7012816Z   ✓   34 [chromium] › apps/web/src/q36-b2.component.spec.ts:398:40 › Root Q36 outside tab click after reopening records native event delivery 0ms (4.8s)
2026-10-07T06:53:20.5007269Z   ✓   35 [chromium] › apps/web/src/q36-b2.component.spec.ts:398:40 › Root Q36 outside tab click after reopening records native event delivery 100ms (4.8s)
2026-10-07T06:53:25.5092404Z   ✓   36 [chromium] › apps/web/src/q36-b2.component.spec.ts:398:40 › Root Q36 outside tab click after reopening records native event delivery 300ms (5.0s)
2026-10-07T06:53:29.1810432Z   ✓   37 [chromium] › apps/web/src/q36-front-filter.component.spec.ts:3:1 › Q36 filter opens beside search, returns focus on Esc and applies no filter for empty root (3.6s)
2026-10-07T06:53:32.4370713Z   ✓   38 [chromium] › apps/web/src/q36-front-filter.component.spec.ts:11:1 › Q36 builds nested AND/OR with exact case-sensitive text and relation NOT EXISTS DTO (3.2s)
2026-10-07T06:53:35.5508275Z   ✓   39 [chromium] › apps/web/src/q36-front-filter.component.spec.ts:25:1 › Q36 empty nested group is blocked visibly and removable without discarding other input (3.1s)
2026-10-07T06:53:38.6491560Z   ✓   40 [chromium] › apps/web/src/q36-front-filter.component.spec.ts:32:1 › Q36 global 20-leaf limit prevents adding leaves; removing one restores capacity (3.1s)
2026-10-07T06:53:41.9644120Z   ✓   41 [chromium] › apps/web/src/q36-front-filter.component.spec.ts:38:1 › Q36 groups stop at third level; time accepts explicit zone and only text eq/neq (3.3s)
2026-10-07T06:53:44.2151596Z   ✓   42 [chromium] › apps/web/src/q36-front-filter.component.spec.ts:52:1 › Q36 rapid reversal, outside close and reduced motion leave no popup or focus blocker (2.2s)
2026-10-07T06:53:47.2163959Z   ✓   43 [chromium] › apps/web/src/q36-front-motion.component.spec.ts:3:1 › Q36 supported browser uses React native shared ViewTransition for open and close (3.0s)
2026-10-07T06:53:49.4969193Z   ✓   44 [chromium] › apps/web/src/q36-front-motion.component.spec.ts:23:1 › Q36 unsupported native transition uses popup motion and restores trigger focus (2.3s)
2026-10-07T06:53:52.4380748Z   ✓   45 [chromium] › apps/web/src/q36-front-motion.component.spec.ts:42:1 › Q36 quick native reversal preserves last close intent and trigger focus (2.9s)
2026-10-07T06:53:54.4433104Z   ✓   46 [chromium] › apps/web/src/q36-front-motion.component.spec.ts:56:36 › Q36 delayed native opening commit  cannot undo a later trusted Escape close (2.0s)
2026-10-07T06:53:57.1247594Z   ✓   47 [chromium] › apps/web/src/q36-front-motion.component.spec.ts:56:36 › Q36 delayed native opening commit after fallback expiry cannot undo a later trusted Escape close (2.7s)
2026-10-07T06:53:57.3551313Z   -   48 [chromium] › apps/web/src/q36-front-motion.component.spec.ts:86:1 › Q36 WebKit edits nested groups through the safe animated fallback
2026-10-07T06:54:00.4438760Z   ✓   49 [chromium] › apps/web/src/q36-front-table.component.spec.ts:4:1 › Q36 Table directly controls 1-based page, arbitrary jump and size reset (3.1s)
2026-10-07T06:54:04.3095866Z   ✓   50 [chromium] › apps/web/src/q36-front-table.component.spec.ts:16:1 › Q36 typed text has no sort icon; time/number sorting requests preserve received rows (3.9s)
2026-10-07T06:54:06.3880809Z   ✓   51 [chromium] › apps/web/src/q36-front-table.component.spec.ts:27:1 › Q36 external column width/order controls survive loading; empty grid remains inert (2.1s)
2026-10-07T06:54:09.0420171Z   ✓   52 [chromium] › apps/web/src/q36-front-table.component.spec.ts:40:1 › Q36 original selection, drag and resize remain interactive (2.6s)
2026-10-07T06:54:14.7014207Z   ✓   53 [chromium] › apps/web/src/q36-front-trigger-visual.component.spec.ts:13:3 › Q36 native close restores trigger pixels, visible text/icon and reopen (5.6s)
2026-10-07T06:54:19.4967365Z   ✓   54 [chromium] › apps/web/src/q36-front-trigger-visual.component.spec.ts:13:3 › Q36 fallback close restores trigger pixels, visible text/icon and reopen (4.8s)
2026-10-07T06:54:24.0958168Z   ✓   55 [chromium] › apps/web/src/q36-front-trigger-visual.component.spec.ts:13:3 › Q36 reduced close restores trigger pixels, visible text/icon and reopen (4.6s)
2026-10-07T06:54:30.4858506Z   ✓   56 [chromium] › apps/web/src/q36-front-trigger-visual.component.spec.ts:13:3 › Q36 quick close restores trigger pixels, visible text/icon and reopen (6.4s)
2026-10-07T06:54:35.3663720Z   ✓   57 [chromium] › apps/web/src/q36-front-trigger-visual.component.spec.ts:13:3 › Q36 fallback-quick close restores trigger pixels, visible text/icon and reopen (4.9s)
2026-10-07T06:54:40.0037102Z   ✓   58 [chromium] › apps/web/src/q36-front-trigger-visual.component.spec.ts:13:3 › Q36 reduced-quick close restores trigger pixels, visible text/icon and reopen (4.6s)
2026-10-07T06:54:42.3906231Z   ✓   59 [chromium] › apps/web/src/q36-front-trigger-visual.component.spec.ts:65:1 › Q36 native shell shares geometry with 300ms open and 220ms close (2.4s)
2026-10-07T06:54:49.8947449Z   ✓   60 [firefox] › apps/web/src/q36-b2.component.spec.ts:52:1 › Q36 B2 real member page uses POST typed filter and old context without text sorting (5.1s)
2026-10-07T06:54:54.6962513Z   ✓   61 [firefox] › apps/web/src/q36-b2.component.spec.ts:63:1 › Q36 B2 event page uses server display and only occurredAt server ordering (4.8s)
2026-10-07T06:54:58.5356601Z   ✓   62 [firefox] › apps/web/src/q36-b2.component.spec.ts:80:1 › Q36 B2 restored invalid identity reference remains editable until explicitly resolved (3.8s)
2026-10-07T06:55:01.9779940Z   ✓   63 [firefox] › apps/web/src/q36-b2.component.spec.ts:90:1 › Q36 B2 modal query refresh preserves unsaved member input and original object version (3.4s)
2026-10-07T06:55:05.6193623Z   ✓   64 [firefox] › apps/web/src/q36-b2.component.spec.ts:95:75 › Q36 B2 COMMON_QUERY_CHANGED requires explicit page-one refresh and clears selection (3.6s)
2026-10-07T06:55:09.1913134Z   ✓   65 [firefox] › apps/web/src/q36-b2.component.spec.ts:95:75 › Q36 B2 COMMON_QUERY_CONTEXT_EXPIRED requires explicit page-one refresh and clears selection (3.6s)
2026-10-07T06:55:12.5608508Z   ✓   66 [firefox] › apps/web/src/q36-b2.component.spec.ts:106:1 › Q36 B2 late responses cannot overwrite the newest search (3.4s)
2026-10-07T06:55:16.7808943Z   ✓   67 [firefox] › apps/web/src/q36-b2.component.spec.ts:114:1 › Q36 B2 unused template card save keeps member page and validates its existing context on return (4.2s)
2026-10-07T06:55:24.8694654Z   ✓   68 [firefox] › apps/web/src/q36-b2.component.spec.ts:126:1 › Q36 B2 definition explicitly saves durable draft and restores original version with conflict (8.1s)
2026-10-07T06:55:28.6636103Z   ✓   69 [firefox] › apps/web/src/q36-b2.component.spec.ts:145:1 › Q36 B2 explicit member draft does not save automatically or bypass query guard (3.8s)
2026-10-07T06:55:33.4519242Z   ✓   70 [firefox] › apps/web/src/q36-b2.component.spec.ts:154:1 › Q36 B2 real-page animation closes on navigation and leaves no root blocker (4.8s)
2026-10-07T06:55:39.9286208Z   ✓   71 [firefox] › apps/web/src/q36-b2.component.spec.ts:162:1 › Q36 B2 applied preset manager close then trigger press honors reopen intent (6.5s)
2026-10-07T06:55:46.7335474Z   ✓   72 [firefox] › apps/web/src/q36-b2.component.spec.ts:169:1 › Q36 B2 twenty AND conditions keep the save footer inside the narrow viewport (6.8s)
2026-10-07T06:55:52.8138178Z   ✓   73 [firefox] › apps/web/src/q36-b2.component.spec.ts:178:1 › Q36 B2 select-current-page cannot resurrect a member hidden by custom filtering (6.1s)
2026-10-07T06:55:59.7454877Z   ✓   74 [firefox] › apps/web/src/q36-b2.component.spec.ts:190:1 › Q36 B2 a trusted press spanning the exiting selection mark still selects current rows (6.9s)
2026-10-07T06:56:06.1941961Z   ✓   75 [firefox] › apps/web/src/q36-b2.component.spec.ts:210:1 › Q36 B2 trusted select-all clicks while loading or empty cannot persist into restored or next-page rows (6.4s)
2026-10-07T06:56:10.1007718Z   ✓   76 [firefox] › apps/web/src/q36-b2.component.spec.ts:227:1 › Q36 B2 completed filter exit preserves a newer deliberate checkbox focus (3.9s)
2026-10-07T06:56:15.2404773Z   ✓   77 [firefox] › apps/web/src/q36-b2.component.spec.ts:322:108 › Q36 B2 engine button restores focus once after an ordinary close (5.1s)
2026-10-07T06:56:20.6857614Z   ✓   78 [firefox] › apps/web/src/q36-b2.component.spec.ts:322:108 › Q36 B2 engine Escape restores focus once after an ordinary close (5.4s)
2026-10-07T06:56:24.3172264Z   ✓   79 [firefox] › apps/web/src/q36-b2.component.spec.ts:322:108 › Q36 B2 fallback button restores focus once after an ordinary close (3.6s)
2026-10-07T06:56:27.8511636Z   ✓   80 [firefox] › apps/web/src/q36-b2.component.spec.ts:322:108 › Q36 B2 fallback Escape restores focus once after an ordinary close (3.5s)
2026-10-07T06:56:31.1574298Z   ✓   81 [firefox] › apps/web/src/q36-b2.component.spec.ts:322:108 › Q36 B2 reduced button restores focus once after an ordinary close (3.3s)
2026-10-07T06:56:34.4288532Z   ✓   82 [firefox] › apps/web/src/q36-b2.component.spec.ts:322:108 › Q36 B2 reduced Escape restores focus once after an ordinary close (3.3s)
2026-10-07T06:56:39.8018254Z   ✓   83 [firefox] › apps/web/src/q36-b2.component.spec.ts:336:50 › Q36 B2 engine late close honors newer focus even after that target is removed (5.4s)
2026-10-07T06:56:43.5665626Z   ✓   84 [firefox] › apps/web/src/q36-b2.component.spec.ts:336:50 › Q36 B2 fallback late close honors newer focus even after that target is removed (3.8s)
2026-10-07T06:56:47.2669344Z   ✓   85 [firefox] › apps/web/src/q36-b2.component.spec.ts:347:1 › Q36 B2 removal-induced body focus still restores after Escape (3.7s)
2026-10-07T06:56:52.4687355Z   ✓   86 [firefox] › apps/web/src/q36-b2.component.spec.ts:354:50 › Q36 B2 engine stale exit cannot focus the trigger after reopen or unmount (5.2s)
2026-10-07T06:56:56.3967303Z   ✓   87 [firefox] › apps/web/src/q36-b2.component.spec.ts:354:50 › Q36 B2 fallback stale exit cannot focus the trigger after reopen or unmount (3.9s)
2026-10-07T06:57:02.6088175Z   ✓   88 [firefox] › apps/web/src/q36-b2.component.spec.ts:362:50 › Q36 B2 engine outside pointer and keyboard navigation keep their new focus (6.2s)
2026-10-07T06:57:06.4949613Z   ✓   89 [firefox] › apps/web/src/q36-b2.component.spec.ts:362:50 › Q36 B2 fallback outside pointer and keyboard navigation keep their new focus (3.9s)
2026-10-07T06:57:12.1973111Z   ✓   90 [firefox] › apps/web/src/q36-b2.component.spec.ts:375:50 › Q36 B2 engine completion delivered after unmount cannot move focus (5.7s)
2026-10-07T06:57:16.4686331Z   ✓   91 [firefox] › apps/web/src/q36-b2.component.spec.ts:375:50 › Q36 B2 fallback completion delivered after unmount cannot move focus (4.3s)
2026-10-07T06:57:22.2346379Z   ✓   92 [firefox] › apps/web/src/q36-b2.component.spec.ts:386:2 › Q36 B2 focus review evidence › manager, editor and closed keyboard focus remain accessible (5.8s)
2026-10-07T06:57:27.8597823Z   ✓   93 [firefox] › apps/web/src/q36-b2.component.spec.ts:398:40 › Root Q36 outside tab click after reopening records native event delivery 0ms (5.6s)
2026-10-07T06:57:33.5310585Z   ✓   94 [firefox] › apps/web/src/q36-b2.component.spec.ts:398:40 › Root Q36 outside tab click after reopening records native event delivery 100ms (5.7s)
2026-10-07T06:57:39.4417482Z   ✓   95 [firefox] › apps/web/src/q36-b2.component.spec.ts:398:40 › Root Q36 outside tab click after reopening records native event delivery 300ms (5.9s)
2026-10-07T06:57:44.1531004Z   ✓   96 [firefox] › apps/web/src/q36-front-filter.component.spec.ts:3:1 › Q36 filter opens beside search, returns focus on Esc and applies no filter for empty root (4.7s)
2026-10-07T06:57:48.1988081Z   ✓   97 [firefox] › apps/web/src/q36-front-filter.component.spec.ts:11:1 › Q36 builds nested AND/OR with exact case-sensitive text and relation NOT EXISTS DTO (4.0s)
2026-10-07T06:57:53.9929965Z   ✓   98 [firefox] › apps/web/src/q36-front-filter.component.spec.ts:25:1 › Q36 empty nested group is blocked visibly and removable without discarding other input (5.8s)
2026-10-07T06:57:57.8043912Z   ✓   99 [firefox] › apps/web/src/q36-front-filter.component.spec.ts:32:1 › Q36 global 20-leaf limit prevents adding leaves; removing one restores capacity (3.8s)
2026-10-07T06:58:01.8346285Z   ✓  100 [firefox] › apps/web/src/q36-front-filter.component.spec.ts:38:1 › Q36 groups stop at third level; time accepts explicit zone and only text eq/neq (4.0s)
2026-10-07T06:58:04.7898259Z   ✓  101 [firefox] › apps/web/src/q36-front-filter.component.spec.ts:52:1 › Q36 rapid reversal, outside close and reduced motion leave no popup or focus blocker (2.9s)
2026-10-07T06:58:08.5091015Z   ✓  102 [firefox] › apps/web/src/q36-front-motion.component.spec.ts:3:1 › Q36 supported browser uses React native shared ViewTransition for open and close (3.7s)
2026-10-07T06:58:11.3117193Z   ✓  103 [firefox] › apps/web/src/q36-front-motion.component.spec.ts:23:1 › Q36 unsupported native transition uses popup motion and restores trigger focus (2.8s)
2026-10-07T06:58:15.6257946Z   ✓  104 [firefox] › apps/web/src/q36-front-motion.component.spec.ts:42:1 › Q36 quick native reversal preserves last close intent and trigger focus (4.3s)
2026-10-07T06:58:18.2829740Z   ✓  105 [firefox] › apps/web/src/q36-front-motion.component.spec.ts:56:36 › Q36 delayed native opening commit  cannot undo a later trusted Escape close (2.6s)
2026-10-07T06:58:21.4980794Z   ✓  106 [firefox] › apps/web/src/q36-front-motion.component.spec.ts:56:36 › Q36 delayed native opening commit after fallback expiry cannot undo a later trusted Escape close (3.2s)
2026-10-07T06:58:21.8223707Z   -  107 [firefox] › apps/web/src/q36-front-motion.component.spec.ts:86:1 › Q36 WebKit edits nested groups through the safe animated fallback
2026-10-07T06:58:27.1444231Z   ✓  108 [firefox] › apps/web/src/q36-front-table.component.spec.ts:4:1 › Q36 Table directly controls 1-based page, arbitrary jump and size reset (5.3s)
2026-10-07T06:58:31.7397842Z   ✓  109 [firefox] › apps/web/src/q36-front-table.component.spec.ts:16:1 › Q36 typed text has no sort icon; time/number sorting requests preserve received rows (4.6s)
2026-10-07T06:58:34.4377009Z   ✓  110 [firefox] › apps/web/src/q36-front-table.component.spec.ts:27:1 › Q36 external column width/order controls survive loading; empty grid remains inert (2.7s)
2026-10-07T06:58:37.4819885Z   ✓  111 [firefox] › apps/web/src/q36-front-table.component.spec.ts:40:1 › Q36 original selection, drag and resize remain interactive (3.0s)
2026-10-07T06:58:43.9996119Z   ✓  112 [firefox] › apps/web/src/q36-front-trigger-visual.component.spec.ts:13:3 › Q36 native close restores trigger pixels, visible text/icon and reopen (6.5s)
2026-10-07T06:58:49.2955486Z   ✓  113 [firefox] › apps/web/src/q36-front-trigger-visual.component.spec.ts:13:3 › Q36 fallback close restores trigger pixels, visible text/icon and reopen (5.3s)
2026-10-07T06:58:54.3940702Z   ✓  114 [firefox] › apps/web/src/q36-front-trigger-visual.component.spec.ts:13:3 › Q36 reduced close restores trigger pixels, visible text/icon and reopen (5.1s)
2026-10-07T06:59:02.0593253Z   ✓  115 [firefox] › apps/web/src/q36-front-trigger-visual.component.spec.ts:13:3 › Q36 quick close restores trigger pixels, visible text/icon and reopen (7.7s)
2026-10-07T06:59:07.4800340Z   ✓  116 [firefox] › apps/web/src/q36-front-trigger-visual.component.spec.ts:13:3 › Q36 fallback-quick close restores trigger pixels, visible text/icon and reopen (5.4s)
2026-10-07T06:59:12.6695977Z   ✓  117 [firefox] › apps/web/src/q36-front-trigger-visual.component.spec.ts:13:3 › Q36 reduced-quick close restores trigger pixels, visible text/icon and reopen (5.2s)
2026-10-07T06:59:17.2508857Z   ✓  118 [firefox] › apps/web/src/q36-front-trigger-visual.component.spec.ts:65:1 › Q36 native shell shares geometry with 300ms open and 220ms close (4.6s)
2026-10-07T06:59:31.2958282Z   ✓  119 [webkit] › apps/web/src/q36-b2.component.spec.ts:52:1 › Q36 B2 real member page uses POST typed filter and old context without text sorting (9.0s)
2026-10-07T06:59:39.9531091Z   ✓  120 [webkit] › apps/web/src/q36-b2.component.spec.ts:63:1 › Q36 B2 event page uses server display and only occurredAt server ordering (8.6s)
2026-10-07T06:59:44.6581461Z   ✓  121 [webkit] › apps/web/src/q36-b2.component.spec.ts:80:1 › Q36 B2 restored invalid identity reference remains editable until explicitly resolved (4.7s)
2026-10-07T06:59:49.4511162Z   ✓  122 [webkit] › apps/web/src/q36-b2.component.spec.ts:90:1 › Q36 B2 modal query refresh preserves unsaved member input and original object version (4.8s)
2026-10-07T06:59:53.6547253Z   ✓  123 [webkit] › apps/web/src/q36-b2.component.spec.ts:95:75 › Q36 B2 COMMON_QUERY_CHANGED requires explicit page-one refresh and clears selection (4.2s)
2026-10-07T06:59:57.6429998Z   ✓  124 [webkit] › apps/web/src/q36-b2.component.spec.ts:95:75 › Q36 B2 COMMON_QUERY_CONTEXT_EXPIRED requires explicit page-one refresh and clears selection (4.0s)
2026-10-07T07:00:01.2550331Z   ✓  125 [webkit] › apps/web/src/q36-b2.component.spec.ts:106:1 › Q36 B2 late responses cannot overwrite the newest search (3.6s)
2026-10-07T07:00:07.4047102Z   ✓  126 [webkit] › apps/web/src/q36-b2.component.spec.ts:114:1 › Q36 B2 unused template card save keeps member page and validates its existing context on return (6.1s)
2026-10-07T07:00:15.3606036Z   ✓  127 [webkit] › apps/web/src/q36-b2.component.spec.ts:126:1 › Q36 B2 definition explicitly saves durable draft and restores original version with conflict (7.9s)
2026-10-07T07:00:20.5688197Z [WebServer] 7:00:20 AM [vite] http proxy error: /api/v1/personnel/drafts
2026-10-07T07:00:20.5690632Z   ✓  128 [webkit] › apps/web/src/q36-b2.component.spec.ts:145:1 › Q36 B2 explicit member draft does not save automatically or bypass query guard (5.2s)
2026-10-07T07:00:20.5717804Z [WebServer] Error: connect ECONNREFUSED 127.0.0.1:8080
2026-10-07T07:00:20.5742440Z [WebServer]     at TCPConnectWrap.afterConnect [as oncomplete] (node:net:1645:16)
2026-10-07T07:00:26.3098445Z   ✓  129 [webkit] › apps/web/src/q36-b2.component.spec.ts:154:1 › Q36 B2 real-page animation closes on navigation and leaves no root blocker (5.7s)
2026-10-07T07:00:32.3890755Z   ✓  130 [webkit] › apps/web/src/q36-b2.component.spec.ts:162:1 › Q36 B2 applied preset manager close then trigger press honors reopen intent (6.1s)
2026-10-07T07:00:41.9598651Z   ✓  131 [webkit] › apps/web/src/q36-b2.component.spec.ts:169:1 › Q36 B2 twenty AND conditions keep the save footer inside the narrow viewport (9.6s)
2026-10-07T07:00:50.9063134Z   ✓  132 [webkit] › apps/web/src/q36-b2.component.spec.ts:178:1 › Q36 B2 select-current-page cannot resurrect a member hidden by custom filtering (8.9s)
2026-10-07T07:01:01.1157519Z   ✓  133 [webkit] › apps/web/src/q36-b2.component.spec.ts:190:1 › Q36 B2 a trusted press spanning the exiting selection mark still selects current rows (10.2s)
2026-10-07T07:01:10.3981463Z   ✓  134 [webkit] › apps/web/src/q36-b2.component.spec.ts:210:1 › Q36 B2 trusted select-all clicks while loading or empty cannot persist into restored or next-page rows (9.3s)
2026-10-07T07:01:14.8671050Z   ✓  135 [webkit] › apps/web/src/q36-b2.component.spec.ts:227:1 › Q36 B2 completed filter exit preserves a newer deliberate checkbox focus (4.5s)
2026-10-07T07:01:18.7318738Z   ✓  136 [webkit] › apps/web/src/q36-b2.component.spec.ts:322:108 › Q36 B2 engine button restores focus once after an ordinary close (3.8s)
2026-10-07T07:01:22.7162980Z   ✓  137 [webkit] › apps/web/src/q36-b2.component.spec.ts:322:108 › Q36 B2 engine Escape restores focus once after an ordinary close (4.0s)
2026-10-07T07:01:26.7899687Z   ✓  138 [webkit] › apps/web/src/q36-b2.component.spec.ts:322:108 › Q36 B2 fallback button restores focus once after an ordinary close (4.1s)
2026-10-07T07:01:30.6200665Z   ✓  139 [webkit] › apps/web/src/q36-b2.component.spec.ts:322:108 › Q36 B2 fallback Escape restores focus once after an ordinary close (3.8s)
2026-10-07T07:01:34.5197408Z   ✓  140 [webkit] › apps/web/src/q36-b2.component.spec.ts:322:108 › Q36 B2 reduced button restores focus once after an ordinary close (3.9s)
2026-10-07T07:01:38.4118807Z   ✓  141 [webkit] › apps/web/src/q36-b2.component.spec.ts:322:108 › Q36 B2 reduced Escape restores focus once after an ordinary close (3.9s)
2026-10-07T07:01:42.9107418Z   ✓  142 [webkit] › apps/web/src/q36-b2.component.spec.ts:336:50 › Q36 B2 engine late close honors newer focus even after that target is removed (4.5s)
2026-10-07T07:01:47.3847503Z   ✓  143 [webkit] › apps/web/src/q36-b2.component.spec.ts:336:50 › Q36 B2 fallback late close honors newer focus even after that target is removed (4.5s)
2026-10-07T07:01:51.3726329Z   ✓  144 [webkit] › apps/web/src/q36-b2.component.spec.ts:347:1 › Q36 B2 removal-induced body focus still restores after Escape (4.0s)
2026-10-07T07:01:56.1103590Z   ✓  145 [webkit] › apps/web/src/q36-b2.component.spec.ts:354:50 › Q36 B2 engine stale exit cannot focus the trigger after reopen or unmount (4.7s)
2026-10-07T07:02:00.8092842Z   ✓  146 [webkit] › apps/web/src/q36-b2.component.spec.ts:354:50 › Q36 B2 fallback stale exit cannot focus the trigger after reopen or unmount (4.7s)
2026-10-07T07:02:05.1644671Z   ✓  147 [webkit] › apps/web/src/q36-b2.component.spec.ts:362:50 › Q36 B2 engine outside pointer and keyboard navigation keep their new focus (4.3s)
2026-10-07T07:02:09.5737268Z   ✓  148 [webkit] › apps/web/src/q36-b2.component.spec.ts:362:50 › Q36 B2 fallback outside pointer and keyboard navigation keep their new focus (4.4s)
2026-10-07T07:02:14.4435362Z   ✓  149 [webkit] › apps/web/src/q36-b2.component.spec.ts:375:50 › Q36 B2 engine completion delivered after unmount cannot move focus (4.9s)
2026-10-07T07:02:19.4789336Z   ✓  150 [webkit] › apps/web/src/q36-b2.component.spec.ts:375:50 › Q36 B2 fallback completion delivered after unmount cannot move focus (5.0s)
2026-10-07T07:02:26.9137253Z   ✓  151 [webkit] › apps/web/src/q36-b2.component.spec.ts:386:2 › Q36 B2 focus review evidence › manager, editor and closed keyboard focus remain accessible (7.4s)
2026-10-07T07:02:31.7213821Z   ✓  152 [webkit] › apps/web/src/q36-b2.component.spec.ts:398:40 › Root Q36 outside tab click after reopening records native event delivery 0ms (4.8s)
2026-10-07T07:02:36.1280515Z   ✓  153 [webkit] › apps/web/src/q36-b2.component.spec.ts:398:40 › Root Q36 outside tab click after reopening records native event delivery 100ms (4.4s)
2026-10-07T07:02:41.1185904Z   ✓  154 [webkit] › apps/web/src/q36-b2.component.spec.ts:398:40 › Root Q36 outside tab click after reopening records native event delivery 300ms (5.0s)
2026-10-07T07:02:43.4759939Z   ✓  155 [webkit] › apps/web/src/q36-front-filter.component.spec.ts:3:1 › Q36 filter opens beside search, returns focus on Esc and applies no filter for empty root (2.3s)
2026-10-07T07:02:45.9105947Z   ✓  156 [webkit] › apps/web/src/q36-front-filter.component.spec.ts:11:1 › Q36 builds nested AND/OR with exact case-sensitive text and relation NOT EXISTS DTO (2.4s)
2026-10-07T07:02:48.0262216Z   ✓  157 [webkit] › apps/web/src/q36-front-filter.component.spec.ts:25:1 › Q36 empty nested group is blocked visibly and removable without discarding other input (2.1s)
2026-10-07T07:02:50.2866934Z   ✓  158 [webkit] › apps/web/src/q36-front-filter.component.spec.ts:32:1 › Q36 global 20-leaf limit prevents adding leaves; removing one restores capacity (2.3s)
2026-10-07T07:02:52.8908007Z   ✓  159 [webkit] › apps/web/src/q36-front-filter.component.spec.ts:38:1 › Q36 groups stop at third level; time accepts explicit zone and only text eq/neq (2.6s)
2026-10-07T07:02:55.0515981Z   ✓  160 [webkit] › apps/web/src/q36-front-filter.component.spec.ts:52:1 › Q36 rapid reversal, outside close and reduced motion leave no popup or focus blocker (2.1s)
2026-10-07T07:02:56.2363759Z   -  161 [webkit] › apps/web/src/q36-front-motion.component.spec.ts:3:1 › Q36 supported browser uses React native shared ViewTransition for open and close
2026-10-07T07:02:58.1681828Z   ✓  162 [webkit] › apps/web/src/q36-front-motion.component.spec.ts:23:1 › Q36 unsupported native transition uses popup motion and restores trigger focus (1.9s)
2026-10-07T07:02:59.3810553Z   -  163 [webkit] › apps/web/src/q36-front-motion.component.spec.ts:42:1 › Q36 quick native reversal preserves last close intent and trigger focus
2026-10-07T07:03:00.5599690Z   -  164 [webkit] › apps/web/src/q36-front-motion.component.spec.ts:56:36 › Q36 delayed native opening commit  cannot undo a later trusted Escape close
2026-10-07T07:03:01.7493169Z   -  165 [webkit] › apps/web/src/q36-front-motion.component.spec.ts:56:36 › Q36 delayed native opening commit after fallback expiry cannot undo a later trusted Escape close
2026-10-07T07:03:03.7048484Z   ✓  166 [webkit] › apps/web/src/q36-front-motion.component.spec.ts:86:1 › Q36 WebKit edits nested groups through the safe animated fallback (1.9s)
2026-10-07T07:03:06.6872044Z   ✓  167 [webkit] › apps/web/src/q36-front-table.component.spec.ts:4:1 › Q36 Table directly controls 1-based page, arbitrary jump and size reset (3.0s)
2026-10-07T07:03:09.9719710Z   ✓  168 [webkit] › apps/web/src/q36-front-table.component.spec.ts:16:1 › Q36 typed text has no sort icon; time/number sorting requests preserve received rows (3.3s)
2026-10-07T07:03:11.8551079Z   ✓  169 [webkit] › apps/web/src/q36-front-table.component.spec.ts:27:1 › Q36 external column width/order controls survive loading; empty grid remains inert (1.9s)
2026-10-07T07:03:14.2777801Z   ✓  170 [webkit] › apps/web/src/q36-front-table.component.spec.ts:40:1 › Q36 original selection, drag and resize remain interactive (2.4s)
2026-10-07T07:03:15.4851485Z   -  171 [webkit] › apps/web/src/q36-front-trigger-visual.component.spec.ts:13:3 › Q36 native close restores trigger pixels, visible text/icon and reopen
2026-10-07T07:03:19.5688124Z   ✓  172 [webkit] › apps/web/src/q36-front-trigger-visual.component.spec.ts:13:3 › Q36 fallback close restores trigger pixels, visible text/icon and reopen (4.1s)
2026-10-07T07:03:23.6008093Z   ✓  173 [webkit] › apps/web/src/q36-front-trigger-visual.component.spec.ts:13:3 › Q36 reduced close restores trigger pixels, visible text/icon and reopen (4.0s)
2026-10-07T07:03:24.7945866Z   -  174 [webkit] › apps/web/src/q36-front-trigger-visual.component.spec.ts:13:3 › Q36 quick close restores trigger pixels, visible text/icon and reopen
2026-10-07T07:03:29.6713480Z   ✓  175 [webkit] › apps/web/src/q36-front-trigger-visual.component.spec.ts:13:3 › Q36 fallback-quick close restores trigger pixels, visible text/icon and reopen (4.9s)
2026-10-07T07:03:33.8843904Z   ✓  176 [webkit] › apps/web/src/q36-front-trigger-visual.component.spec.ts:13:3 › Q36 reduced-quick close restores trigger pixels, visible text/icon and reopen (4.2s)
2026-10-07T07:03:35.0679364Z   -  177 [webkit] › apps/web/src/q36-front-trigger-visual.component.spec.ts:65:1 › Q36 native shell shares geometry with 300ms open and 220ms close
2026-10-07T07:03:35.2202529Z 
2026-10-07T07:03:35.2203019Z   9 skipped
2026-10-07T07:03:35.2203818Z   168 passed (12.6m)
2026-10-07T07:03:35.2544820Z ##[group]Run actions/upload-artifact@330a01c490aca151604b8cf639adc76d48f6c5d4
2026-10-07T07:03:35.2545727Z with:
2026-10-07T07:03:35.2545935Z   name: root-native-events
2026-10-07T07:03:35.2546167Z   path: test-results/
2026-10-07T07:03:35.2546397Z   retention-days: 14
2026-10-07T07:03:35.2546610Z   if-no-files-found: error
2026-10-07T07:03:35.2546829Z   compression-level: 6
2026-10-07T07:03:35.2547038Z   overwrite: false
2026-10-07T07:03:35.2547241Z   include-hidden-files: false
2026-10-07T07:03:35.2547470Z ##[endgroup]
2026-10-07T07:03:35.4163440Z (node:13790) [DEP0040] DeprecationWarning: The `punycode` module is deprecated. Please use a userland alternative instead.
2026-10-07T07:03:35.4164765Z (Use `node --trace-deprecation ...` to show where the warning was created)
2026-10-07T07:03:35.4455512Z With the provided path, there will be 43 files uploaded
2026-10-07T07:03:35.4465263Z Artifact name is valid!
2026-10-07T07:03:35.4465828Z Root directory input is valid!
2026-10-07T07:03:35.6412922Z Beginning upload of artifact content to blob storage
2026-10-07T07:03:35.8123929Z (node:13790) [DEP0169] DeprecationWarning: `url.parse()` behavior is not standardized and prone to errors that have security implications. Use the WHATWG URL API instead. CVEs are not issued for `url.parse()` vulnerabilities.
2026-10-07T07:03:35.9797835Z Uploaded bytes 2629659
2026-10-07T07:03:35.9977272Z Finished uploading artifact content to blob storage!
2026-10-07T07:03:35.9978691Z SHA256 digest of uploaded artifact zip is 71c2d888e0a3c42423e32d9c4194037a4ca41fa70df42577bfe095fa697a5a21
2026-10-07T07:03:35.9980390Z Finalizing artifact upload
2026-10-07T07:03:36.2118286Z Artifact root-native-events.zip successfully finalized. Artifact ID 11465839532
2026-10-07T07:03:36.2119908Z Artifact root-native-events has been successfully uploaded! Final size is 2629659 bytes. Artifact ID is 11465839532
2026-10-07T07:03:36.2126947Z Artifact download URL: https://github.com/Hubujiu/WeaveOS/actions/runs/37583672188/artifacts/11465839532
2026-10-07T07:03:36.2339082Z Post job cleanup.
2026-10-07T07:03:36.3547672Z (node:13803) [DEP0040] DeprecationWarning: The `punycode` module is deprecated. Please use a userland alternative instead.
2026-10-07T07:03:36.3549074Z (Use `node --trace-deprecation ...` to show where the warning was created)
2026-10-07T07:03:36.3727917Z Post job cleanup.
2026-10-07T07:03:36.4716874Z [command]/usr/bin/git version
2026-10-07T07:03:36.4745891Z git version 2.55.0
2026-10-07T07:03:36.4846209Z Temporarily overriding HOME='/home/runner/work/_temp/5570688a-cfd5-432e-aa65-f47ea895663c' before making global git config changes
2026-10-07T07:03:36.4856576Z Adding repository directory to the temporary git global config as a safe directory
2026-10-07T07:03:36.4857970Z [command]/usr/bin/git config --global --add safe.directory /home/runner/work/WeaveOS/WeaveOS
2026-10-07T07:03:36.4860384Z [command]/usr/bin/git config --local --name-only --get-regexp core\.sshCommand
2026-10-07T07:03:36.4888233Z [command]/usr/bin/git submodule foreach --recursive sh -c "git config --local --name-only --get-regexp 'core\.sshCommand' && git config --local --unset-all 'core.sshCommand' || :"
2026-10-07T07:03:36.5161156Z [command]/usr/bin/git config --local --name-only --get-regexp http\.https\:\/\/github\.com\/\.extraheader
2026-10-07T07:03:36.5202624Z [command]/usr/bin/git submodule foreach --recursive sh -c "git config --local --name-only --get-regexp 'http\.https\:\/\/github\.com\/\.extraheader' && git config --local --unset-all 'http.https://github.com/.extraheader' || :"
2026-10-07T07:03:36.5546498Z [command]/usr/bin/git config --local --name-only --get-regexp ^includeIf\.gitdir:
2026-10-07T07:03:36.5591465Z [command]/usr/bin/git submodule foreach --recursive git config --local --show-origin --name-only --get-regexp remote.origin.url
2026-10-07T07:03:36.6054343Z Cleaning up orphan processes
2026-10-07T07:03:36.6503087Z ##[warning]Node.js 20 is deprecated. The following actions target Node.js 20 but are being forced to run on Node.js 24: actions/checkout@11d5960a326750d5838078e36cf38b85af677262, actions/setup-node@49933ea5288caeca8642d1e84afbd3f7d6820020, actions/upload-artifact@330a01c490aca151604b8cf639adc76d48f6c5d4. For more information see: https://github.blog/changelog/2025-09-19-deprecation-of-node-20-on-github-actions-runners/

